ISO-10303-21;
HEADER;
FILE_DESCRIPTION(('ViewDefinition [CoordinationView]'),'2;1');
FILE_NAME('','2025-07-05T11:53:12',(''),(''),'IfcOpenShell 0.8.0','IfcOpenShell 0.8.0','');
FILE_SCHEMA(('IFC4'));
ENDSEC;
DATA;
#1=IFCPROJECT('3I0X7XwFDE5xgc9TiCwtyU',$,'IfcProjectName',$,$,$,$,(#13,#17,#23),#8);
#2=IFCSITE('1aK_fJ0oHF_ud$kN7vNWEI',$,'SiteName',$,$,$,$,$,$,$,$,$,$,$);
#3=IFCRELAGGREGATES('0Mnh$dHKrBkfbi00yloPSB',$,$,$,#1,(#2));
#4=IFCBUILDING('1WgZd2CM5ByRn54huw_QqY',$,'BuildingName',$,$,$,$,$,$,$,$,$);
#5=IFCRELAGGREGATES('0coxifQjzF79QArc5s5SUD',$,$,$,#2,(#4));
#6=IFCSIUNIT(*,.LENGTHUNIT.,$,.METRE.);
#7=IFCSIUNIT(*,.AREAUNIT.,$,.SQUARE_METRE.);
#8=IFCUNITASSIGNMENT((#7,#6));
#9=IFCCARTESIANPOINT((0.,0.,0.));
#10=IFCDIRECTION((0.,0.,1.));
#11=IFCDIRECTION((1.,0.,0.));
#12=IFCAXIS2PLACEMENT3D(#9,#10,#11);
#13=IFCGEOMETRICREPRESENTATIONCONTEXT($,'Model',3,1.E-05,#12,$);
#14=IFCCARTESIANPOINT((0.,0.));
#15=IFCDIRECTION((1.,0.));
#16=IFCAXIS2PLACEMENT2D(#14,#15);
#17=IFCGEOMETRICREPRESENTATIONCONTEXT($,'Plan',2,1.E-05,#16,$);
#18=IFCGEOMETRICREPRESENTATIONSUBCONTEXT('Body','Model',*,*,*,*,#13,$,.MODEL_VIEW.,$);
#19=IFCCARTESIANPOINT((0.,0.,0.));
#20=IFCDIRECTION((0.,0.,1.));
#21=IFCDIRECTION((1.,0.,0.));
#22=IFCAXIS2PLACEMENT3D(#19,#20,#21);
#23=IFCGEOMETRICREPRESENTATIONCONTEXT($,'Model',3,1.E-05,#22,$);
#24=IFCGEOMETRICREPRESENTATIONSUBCONTEXT('Body','Model',*,*,*,*,#23,$,.MODEL_VIEW.,$);
#25=IFCBUILDINGELEMENTPROXY('2g$dYw2mP3FAHIFPP1sbdP',$,'DEHHALKA6Ie000J0',$,$,$,#121,$,$);
#26=IFCBUILDINGELEMENTPROXY('1d4__nEy154QR8IiyVRl1c',$,'DEHHALKAP0000pft',$,$,$,#144,$,$);
#27=IFCBUILDINGELEMENTPROXY('1bCsJ6wq12zRGLsjVkSYEU',$,'DEHHALKA1jn0005l',$,$,$,#163,$,$);
#28=IFCBUILDINGELEMENTPROXY('0ncu8YNr17KxLP21Zt5RON',$,'DEHHALKA1Bm00000',$,$,$,#193,$,$);
#29=IFCBUILDINGELEMENTPROXY('1nHRxE8JX6ofc1O_eE4L24',$,'DEHHALKA7fs0004j',$,$,$,#212,$,$);
#30=IFCBUILDINGELEMENTPROXY('1WBlleZAj6E8eKegJ88GbI',$,'DEHHALKAP0000pjn',$,$,$,#231,$,$);
#31=IFCBUILDINGELEMENTPROXY('2np0yMIjz06ATODnmbm6eD',$,'DEHHALKAP0000pnV',$,$,$,#250,$,$);
#32=IFCBUILDINGELEMENTPROXY('0c5INq7FD15vl5scZJAaAB',$,'DEHHALKA1jn0005j',$,$,$,#269,$,$);
#33=IFCBUILDINGELEMENTPROXY('3dqsGpd999UhtAM5cnVCxq',$,'DEHHALKA6Ie000J5',$,$,$,#288,$,$);
#34=IFCBUILDINGELEMENTPROXY('37jc7RfB1A0v$pDybp5Qn1',$,'DEHHALKA7fs0004n',$,$,$,#310,$,$);
#35=IFCBUILDINGELEMENTPROXY('2fivJ5y$zBhxqLp_BhqjCm',$,'DEHHALKA2sd000UU',$,$,$,#329,$,$);
#36=IFCBUILDINGELEMENTPROXY('1UwNNs5eD9iei_ze$CuGAf',$,'DEHHALKAP0000pdm',$,$,$,#351,$,$);
#37=IFCBUILDINGELEMENTPROXY('2cl1zv3zrBihibmVWkqshV',$,'DEHHALKAP0000pnD',$,$,$,#371,$,$);
#38=IFCBUILDINGELEMENTPROXY('1O8890si1AuB9pVT8OVeAc',$,'DEHHALKAP0000pnH',$,$,$,#400,$,$);
#39=IFCBUILDINGELEMENTPROXY('3vn8cTxmjBofYioAZYjaEP',$,'DEHHALKAP0000pbG',$,$,$,#427,$,$);
#40=IFCBUILDINGELEMENTPROXY('0JI0MsGYr71AWaxIm1UVcE',$,'DEHHALKAP0000pdv',$,$,$,#446,$,$);
#41=IFCBUILDINGELEMENTPROXY('2iphjJU2j35eF5o0KnDybH',$,'DEHHALKAP0000pho',$,$,$,#473,$,$);
#42=IFCBUILDINGELEMENTPROXY('0mxXHM5pXA7uxgrCXJiqB0',$,'DEHHALKAP0000pYd',$,$,$,#497,$,$);
#43=IFCBUILDINGELEMENTPROXY('2IDvlXIX957frXgL_eOB2x',$,'DEHHALKAP0000qU1',$,$,$,#516,$,$);
#44=IFCBUILDINGELEMENTPROXY('3VIyy7xz98vuXTTRW3bPbY',$,'DEHHALKAP0000q1t',$,$,$,#539,$,$);
#45=IFCBUILDINGELEMENTPROXY('3QXirX4u10a9zWoKytt2O4',$,'DEHHALKAP0000puS',$,$,$,#558,$,$);
#46=IFCBUILDINGELEMENTPROXY('23Hul3IRPAYe2$gofghHeW',$,'DEHHALKAP0000pWR',$,$,$,#581,$,$);
#47=IFCBUILDINGELEMENTPROXY('1Wc9ECOf5AEBtocm6MKeGz',$,'DEHHALKAP0000pOi',$,$,$,#600,$,$);
#48=IFCBUILDINGELEMENTPROXY('3nFHgveiTFjBdHSnBRjq8L',$,'DEHHALKAP0000pl1',$,$,$,#619,$,$);
#49=IFCBUILDINGELEMENTPROXY('0Vm5FEa8r26uxM0hYDQNhh',$,'DEHHALKAP0000phK',$,$,$,#654,$,$);
#50=IFCBUILDINGELEMENTPROXY('1Ibo1EbCLD$BxSWDEAd8YW',$,'DEHHALKAP0000q9o',$,$,$,#673,$,$);
#51=IFCBUILDINGELEMENTPROXY('0nkhG3AIP5uBS11RuQQv1r',$,'DEHHALKAP0000paJ',$,$,$,#692,$,$);
#52=IFCBUILDINGELEMENTPROXY('3vxgoCCjT9Khg7AkSmr866',$,'DEHHALKAP0000qGR',$,$,$,#711,$,$);
#53=IFCBUILDINGELEMENTPROXY('1S9$vYCAz22QjFq1gnPF00',$,'DEHHALKAP0000q1H',$,$,$,#734,$,$);
#54=IFCBUILDINGELEMENTPROXY('3hBXtrEgv088AlxYyNjYI2',$,'DEHHALKAP0000qGa',$,$,$,#753,$,$);
#55=IFCBUILDINGELEMENTPROXY('0vmmLw0aLCI9qyCeaIiGdx',$,'DEHHALKAP0000qFo',$,$,$,#774,$,$);
#56=IFCBUILDINGELEMENTPROXY('0DljbKw6j7wxHRZ$5tr_Je',$,'DEHHALKAP0000qEy',$,$,$,#801,$,$);
#57=IFCBUILDINGELEMENTPROXY('2sgvDUY3bCHwRcZe2I7HN4',$,'DEHHALKAP0000pb4',$,$,$,#820,$,$);
#58=IFCBUILDINGELEMENTPROXY('0ui$YmTKL0jQYGLceAxvmT',$,'DEHHALKAP0000qCX',$,$,$,#843,$,$);
#59=IFCBUILDINGELEMENTPROXY('2QV6T1LC13vxU7sY4eucbE',$,'DEHHALKAP0000qTJ',$,$,$,#873,$,$);
#60=IFCBUILDINGELEMENTPROXY('0wkl7NL3z0vOOzwtQ$EyVc',$,'DEHHALKAP0000pOs',$,$,$,#902,$,$);
#61=IFCBUILDINGELEMENTPROXY('3qbYTN8wL1BhEYwuIr7HjN',$,'DEHHALKAP0000pxL',$,$,$,#928,$,$);
#62=IFCBUILDINGELEMENTPROXY('0PAssuJev5UB_J$XbysIPU',$,'DEHHALKAP0000pu6',$,$,$,#952,$,$);
#63=IFCBUILDINGELEMENTPROXY('24yPjTwYrB6hrJYMLq$RBo',$,'DEHHALKAP0000pve',$,$,$,#973,$,$);
#64=IFCBUILDINGELEMENTPROXY('1X$5jGebj5_Od_98KPPdDZ',$,'DEHHALKAP0000q78',$,$,$,#994,$,$);
#65=IFCBUILDINGELEMENTPROXY('22ElAN0Ij02hXm$M8LOnj7',$,'DEHHALKAP0000qF2',$,$,$,#1016,$,$);
#66=IFCBUILDINGELEMENTPROXY('2si_uBk$XAdOMRZ0AJIfpp',$,'DEHHALKAP0000qM9',$,$,$,#1045,$,$);
#67=IFCBUILDINGELEMENTPROXY('3813dWAYL9cRBaRMViNCQA',$,'DEHHALKAP0000qTt',$,$,$,#1071,$,$);
#68=IFCBUILDINGELEMENTPROXY('1HRnwh$2zAP9E_$vFhXryV',$,'DEHHALKAP0000q7R',$,$,$,#1094,$,$);
#69=IFCBUILDINGELEMENTPROXY('0qcnR2d4979gmtdnabPGHk',$,'DEHHALKAP0000qBr',$,$,$,#1113,$,$);
#70=IFCBUILDINGELEMENTPROXY('2swp7gTen14OG7aY$aErAg',$,'DEHHALKAP0000qO8',$,$,$,#1140,$,$);
#71=IFCBUILDINGELEMENTPROXY('1V7F5wLdfDFvhvbODKp4ak',$,'DEHHALKAP0000qIA',$,$,$,#1163,$,$);
#72=IFCBUILDINGELEMENTPROXY('1WVz0e_DP7Zxsqn$TzxBmH',$,'DEHHALKAP0000qRl',$,$,$,#1182,$,$);
#73=IFCBUILDINGELEMENTPROXY('3UgO54hv58duapvugUoxCD',$,'DEHHALKAP0000qsw',$,$,$,#1208,$,$);
#74=IFCBUILDINGELEMENTPROXY('27S$7Lfv54Iez2IM9g1lMR',$,'DEHHALKAP0000pwi',$,$,$,#1227,$,$);
#75=IFCBUILDINGELEMENTPROXY('1EzExVnbfBk9MvBamYzToE',$,'DEHHALKAP0000qjB',$,$,$,#1255,$,$);
#76=IFCBUILDINGELEMENTPROXY('07PqvEI8jDBBQVsrYuGwWK',$,'DEHHALKAP0000q17',$,$,$,#1281,$,$);
#77=IFCBUILDINGELEMENTPROXY('2NXW$7H_P2WQuow3Ep53uV',$,'DEHHALKAP0000pwI',$,$,$,#1300,$,$);
#78=IFCBUILDINGELEMENTPROXY('2Gxc9VEFX1uBDBgoqdfK5N',$,'DEHHALKAP0000qf0',$,$,$,#1319,$,$);
#79=IFCBUILDINGELEMENTPROXY('0$qHTF_81D3ww4s0$VXmNB',$,'DEHHALKAP0000qVr',$,$,$,#1342,$,$);
#80=IFCBUILDINGELEMENTPROXY('0XuAyoGM934gVDHoWpKH1T',$,'DEHHALKAP0000qb3',$,$,$,#1365,$,$);
#81=IFCBUILDINGELEMENTPROXY('3Sj55wme9CHQEReJKT$$ZW',$,'DEHHALKAP0000q9H',$,$,$,#1384,$,$);
#82=IFCBUILDINGELEMENTPROXY('1T8gYxCtn85xEzYx83Xusp',$,'DEHHALKAP0000qTV',$,$,$,#1407,$,$);
#83=IFCBUILDINGELEMENTPROXY('238zRKRyb9_f9irwWB1037',$,'DEHHALKAP0000qrQ',$,$,$,#1434,$,$);
#84=IFCBUILDINGELEMENTPROXY('2RhIVox0n4SBqSVKjw2zG4',$,'DEHHALKAP0000qkv',$,$,$,#1453,$,$);
#85=IFCBUILDINGELEMENTPROXY('1Cg2g$A4j2IutlmWM2aPVQ',$,'DEHHALKAP0000qo2',$,$,$,#1476,$,$);
#86=IFCBUILDINGELEMENTPROXY('19qEvdIZ1CQ90Jjyagky2$',$,'DEHHALKAP0000qpp',$,$,$,#1497,$,$);
#87=IFCBUILDINGELEMENTPROXY('1ta6UYUMX4lx7Rb9OdmM33',$,'DEHHALKAP0000quQ',$,$,$,#1516,$,$);
#88=IFCBUILDINGELEMENTPROXY('2e0TlFE5z2090Q08yN4Ejk',$,'DEHHALKAP0000qYK',$,$,$,#1535,$,$);
#89=IFCBUILDINGELEMENTPROXY('1IfIY8Zsn1dxwnIOBIh78y',$,'DEHHALKAP0000qrO',$,$,$,#1558,$,$);
#90=IFCBUILDINGELEMENTPROXY('0mOvEww$D0c8cNOqvgiEHk',$,'DEHHALKAP0000qrm',$,$,$,#1581,$,$);
#91=IFCBUILDINGELEMENTPROXY('3$pSjdjdXARxzGIMK6HU1R',$,'DEHHALKAP0000q3a',$,$,$,#1600,$,$);
#92=IFCBUILDINGELEMENTPROXY('1D6RMr_QD6igQVKdVCgxhj',$,'DEHHALKAP0000qWb',$,$,$,#1621,$,$);
#93=IFCBUILDINGELEMENTPROXY('1_315cZkzF2A24ABQndFAj',$,'DEHHALKAP0000qT4',$,$,$,#1644,$,$);
#94=IFCBUILDINGELEMENTPROXY('2NlXKV2VP2xvFv7Ovwo7jb',$,'DEHHALKAP0000qr3',$,$,$,#1667,$,$);
#95=IFCBUILDINGELEMENTPROXY('1YHagpF_D208O3LFXq6I4z',$,'DEHHALKAP0000qfg',$,$,$,#1688,$,$);
#96=IFCBUILDINGELEMENTPROXY('22nHsciyP6DvAG2M9$iYvP',$,'DEHHALKAP0001JIr',$,$,$,#1707,$,$);
#97=IFCBUILDINGELEMENTPROXY('2n44iVDsz6wBpqvxv13rdn',$,'DEHHALKAP0000qjY',$,$,$,#1735,$,$);
#98=IFCBUILDINGELEMENTPROXY('2m$JZI$Jn45ea28zTjSwLH',$,'DEHHALKAP0001JEB',$,$,$,#1754,$,$);
#99=IFCBUILDINGELEMENTPROXY('2j4rU77GD0YQ0VDkiXTMBz',$,'DEHHALKAP0001JNU',$,$,$,#1777,$,$);
#100=IFCBUILDINGELEMENTPROXY('3A3wWZyTHD1vrBM2Lip$TZ',$,'DEHHALKAP0001Jel',$,$,$,#1796,$,$);
#101=IFCBUILDINGELEMENTPROXY('073lKrDO1DyO3RbzpKwX$r',$,'DEHHALKAP0001Jbz',$,$,$,#1820,$,$);
#102=IFCBUILDINGELEMENTPROXY('3d1RzB94fEXfIsMouGBPHi',$,'DEHHALKAP0000rAh',$,$,$,#1848,$,$);
#103=IFCPROPERTYSET('0T_x0Izbn1dAAZtggUdjfM',$,'Pset_Objektinformation',$,(#105,#106,#107,#108,#109,#110,#111));
#104=IFCRELDEFINESBYPROPERTIES('0fXn6FVNP6Pfl8R8m0Zbt$',$,$,$,(#25),#103);
#105=IFCPROPERTYSINGLEVALUE('_IDEbene1',$,IFCLABEL('Gebaeude'),$);
#106=IFCPROPERTYSINGLEVALUE('_IDEbene2',$,IFCLABEL('Gebaeude'),$);
#107=IFCPROPERTYSINGLEVALUE('_IDEbene3',$,IFCLABEL('Gebaeude'),$);
#108=IFCPROPERTYSINGLEVALUE('_GebaeudeID',$,IFCLABEL('DEHHALKA6Ie000J0'),$);
#109=IFCPROPERTYSINGLEVALUE('_GebaeudeHoehe',$,IFCREAL(10.043),$);
#110=IFCPROPERTYSINGLEVALUE('_AnzahlDerGeschosse',$,IFCINTEGER(1),$);
#111=IFCPROPERTYSINGLEVALUE('_Postleitzahl',$,IFCLABEL('22559'),$);
#112=IFCCARTESIANPOINTLIST3D(((77.9825371045154,454.225111276843,12.711),(83.8335371045396,466.706111276522,12.711),(90.0585371045163,463.792111276649,12.711),(84.204537104466,451.311111276969,12.711),(77.9825371045154,454.225111276843,19.671),(84.204537104466,451.311111276969,19.671),(90.0585371045163,463.792111276649,19.671),(83.8335371045396,466.706111276522,19.671)));
#113=IFCINDEXEDPOLYGONALFACE((1,2,3,4,1));
#114=IFCINDEXEDPOLYGONALFACE((5,6,7,8,5));
#115=IFCINDEXEDPOLYGONALFACE((1,4,6,5,1));
#116=IFCINDEXEDPOLYGONALFACE((4,3,7,6,4));
#117=IFCINDEXEDPOLYGONALFACE((3,2,8,7,3));
#118=IFCINDEXEDPOLYGONALFACE((2,1,5,8,2));
#119=IFCPOLYGONALFACESET(#112,$,(#113,#114,#115,#116,#117,#118),$);
#120=IFCSHAPEREPRESENTATION(#24,'Body','Tessellation',(#119));
#121=IFCPRODUCTDEFINITIONSHAPE($,$,(#120));
#122=IFCRELCONTAINEDINSPATIALSTRUCTURE('19huh3JM5BDfsMF5j7OE4m',$,$,$,(#26,#48,#81,#28,#50,#61,#94,#83,#32,#65,#76,#43,#98,#63,#56,#89,#67,#78,#45,#34,#100,#27,#60,#93,#25,#1915,#29,#40,#84,#95,#62,#73,#55,#77,#42,#75,#35,#68,#57,#46,#90,#101,#79,#88,#39,#72,#37,#59,#70,#92,#30,#41,#74,#85,#52,#96,#54,#87,#36,#47,#91,#102,#58,#69,#80,#51,#38,#49,#71,#82,#31,#53,#64,#86,#97,#44,#33,#66,#99),#2);
#123=IFCPROPERTYSET('0h$eQ0$nvCG9Y4GKWXnWfu',$,'Pset_Objektinformation',$,(#125,#126,#127,#128,#129,#130,#131));
#124=IFCRELDEFINESBYPROPERTIES('37cQTNCmT2hgVVPk4pb3oY',$,$,$,(#26),#123);
#125=IFCPROPERTYSINGLEVALUE('_IDEbene1',$,IFCLABEL('Gebaeude'),$);
#126=IFCPROPERTYSINGLEVALUE('_IDEbene2',$,IFCLABEL('Gebaeude'),$);
#127=IFCPROPERTYSINGLEVALUE('_IDEbene3',$,IFCLABEL('Gebaeude'),$);
#128=IFCPROPERTYSINGLEVALUE('_GebaeudeID',$,IFCLABEL('DEHHALKAP0000pft'),$);
#129=IFCPROPERTYSINGLEVALUE('_GebaeudeHoehe',$,IFCREAL(10.764),$);
#130=IFCPROPERTYSINGLEVALUE('_AnzahlDerGeschosse',$,IFCINTEGER(2),$);
#131=IFCPROPERTYSINGLEVALUE('_Postleitzahl',$,IFCLABEL('22559'),$);
#132=IFCCARTESIANPOINTLIST3D(((5.77853710448835,-1.47488872334361,13.901),(5.74353710445575,-1.60488872323185,13.901),(-1.98446289554704,0.455111276358366,13.901),(-2.01846289553214,0.325111276470125,13.901),(-4.53146289545111,0.988111277110875,13.901),(-2.91846289555542,6.65611127670854,13.901),(7.22153710445855,3.95111127663404,13.901),(5.77853710448835,-1.47488872334361,22.131),(7.22153710445855,3.95111127663404,22.131),(-2.91846289555542,6.65611127670854,22.131),(-4.53146289545111,0.988111277110875,22.131),(-2.01846289553214,0.325111276470125,22.131),(-1.98446289554704,0.455111276358366,22.131),(5.74353710445575,-1.60488872323185,22.131)));
#133=IFCINDEXEDPOLYGONALFACE((1,2,3,4,5,6,7,1));
#134=IFCINDEXEDPOLYGONALFACE((8,9,10,11,12,13,14,8));
#135=IFCINDEXEDPOLYGONALFACE((1,7,9,8,1));
#136=IFCINDEXEDPOLYGONALFACE((7,6,10,9,7));
#137=IFCINDEXEDPOLYGONALFACE((6,5,11,10,6));
#138=IFCINDEXEDPOLYGONALFACE((5,4,12,11,5));
#139=IFCINDEXEDPOLYGONALFACE((4,3,13,12,4));
#140=IFCINDEXEDPOLYGONALFACE((3,2,14,13,3));
#141=IFCINDEXEDPOLYGONALFACE((2,1,8,14,2));
#142=IFCPOLYGONALFACESET(#132,$,(#133,#134,#135,#136,#137,#138,#139,#140,#141),$);
#143=IFCSHAPEREPRESENTATION(#24,'Body','Tessellation',(#142));
#144=IFCPRODUCTDEFINITIONSHAPE($,$,(#143));
#145=IFCPROPERTYSET('3gI$2sQYjFRRh4vJpA9mRN',$,'Pset_Objektinformation',$,(#147,#148,#149,#150,#151,#152,#153));
#146=IFCRELDEFINESBYPROPERTIES('00vjWSDVXBmhxCrLKsJCEF',$,$,$,(#27),#145);
#147=IFCPROPERTYSINGLEVALUE('_IDEbene1',$,IFCLABEL('Gebaeude'),$);
#148=IFCPROPERTYSINGLEVALUE('_IDEbene2',$,IFCLABEL('Gebaeude'),$);
#149=IFCPROPERTYSINGLEVALUE('_IDEbene3',$,IFCLABEL('Gebaeude'),$);
#150=IFCPROPERTYSINGLEVALUE('_GebaeudeID',$,IFCLABEL('DEHHALKA1jn0005l'),$);
#151=IFCPROPERTYSINGLEVALUE('_GebaeudeHoehe',$,IFCREAL(8.728),$);
#152=IFCPROPERTYSINGLEVALUE('_AnzahlDerGeschosse',$,IFCINTEGER(1),$);
#153=IFCPROPERTYSINGLEVALUE('_Postleitzahl',$,IFCLABEL('22559'),$);
#154=IFCCARTESIANPOINTLIST3D(((114.014537104522,47.4481112770736,13.573),(117.893537104479,56.7251112768427,13.573),(124.308537104516,54.0431112768129,13.573),(120.423537104507,44.7661112770438,13.573),(114.014537104522,47.4481112770736,20.044),(120.423537104507,44.7661112770438,20.044),(124.308537104516,54.0431112768129,20.044),(117.893537104479,56.7251112768427,20.044)));
#155=IFCINDEXEDPOLYGONALFACE((1,2,3,4,1));
#156=IFCINDEXEDPOLYGONALFACE((5,6,7,8,5));
#157=IFCINDEXEDPOLYGONALFACE((1,4,6,5,1));
#158=IFCINDEXEDPOLYGONALFACE((4,3,7,6,4));
#159=IFCINDEXEDPOLYGONALFACE((3,2,8,7,3));
#160=IFCINDEXEDPOLYGONALFACE((2,1,5,8,2));
#161=IFCPOLYGONALFACESET(#154,$,(#155,#156,#157,#158,#159,#160),$);
#162=IFCSHAPEREPRESENTATION(#24,'Body','Tessellation',(#161));
#163=IFCPRODUCTDEFINITIONSHAPE($,$,(#162));
#164=IFCPROPERTYSET('2hTKowK_n3pA49EpzGeLrY',$,'Pset_Objektinformation',$,(#166,#167,#168,#169,#170,#171,#172));
#165=IFCRELDEFINESBYPROPERTIES('0c1k2XLyTBpO$VUvfCD_qF',$,$,$,(#28),#164);
#166=IFCPROPERTYSINGLEVALUE('_IDEbene1',$,IFCLABEL('Gebaeude'),$);
#167=IFCPROPERTYSINGLEVALUE('_IDEbene2',$,IFCLABEL('Gebaeude'),$);
#168=IFCPROPERTYSINGLEVALUE('_IDEbene3',$,IFCLABEL('Gebaeude'),$);
#169=IFCPROPERTYSINGLEVALUE('_GebaeudeID',$,IFCLABEL('DEHHALKA1Bm00000'),$);
#170=IFCPROPERTYSINGLEVALUE('_GebaeudeHoehe',$,IFCREAL(13.682),$);
#171=IFCPROPERTYSINGLEVALUE('_AnzahlDerGeschosse',$,IFCINTEGER(2),$);
#172=IFCPROPERTYSINGLEVALUE('_Postleitzahl',$,IFCLABEL('22559'),$);
#173=IFCCARTESIANPOINTLIST3D(((126.939537104452,12.361111276783,11.118),(126.329537104466,9.17211127653718,11.118),(129.518537104479,8.55211127642542,11.118),(127.439537104452,-2.18288872297853,11.118),(116.703537104535,-0.103888723067939,11.118),(117.393537104479,3.49411127716303,11.118),(117.730537104537,5.21311127673835,11.118),(118.782537104446,10.5911112762988,11.118),(119.762537104543,10.4011112768203,11.118),(119.942537104478,11.2811112767085,11.118),(115.763537104474,12.0811112765223,11.118),(117.832537104492,22.8071112763137,11.118),(118.892537104548,22.6071112770587,11.118),(129.548537104507,20.5571112763137,11.118),(127.908537104493,12.1711112763733,11.118),(126.939537104452,12.361111276783,23.367),(127.908537104493,12.1711112763733,23.367),(129.548537104507,20.5571112763137,23.367),(118.892537104548,22.6071112770587,23.367),(117.832537104492,22.8071112763137,23.367),(115.763537104474,12.0811112765223,23.367),(119.942537104478,11.2811112767085,23.367),(119.762537104543,10.4011112768203,23.367),(118.782537104446,10.5911112762988,23.367),(117.730537104537,5.21311127673835,23.367),(117.393537104479,3.49411127716303,23.367),(116.703537104535,-0.103888723067939,23.367),(127.439537104452,-2.18288872297853,23.367),(129.518537104479,8.55211127642542,23.367),(126.329537104466,9.17211127653718,23.367)));
#174=IFCINDEXEDPOLYGONALFACE((1,2,3,4,5,6,7,8,9,10,11,12,13,14,15,1));
#175=IFCINDEXEDPOLYGONALFACE((16,17,18,19,20,21,22,23,24,25,26,27,28,29,30,16));
#176=IFCINDEXEDPOLYGONALFACE((1,15,17,16,1));
#177=IFCINDEXEDPOLYGONALFACE((15,14,18,17,15));
#178=IFCINDEXEDPOLYGONALFACE((14,13,19,18,14));
#179=IFCINDEXEDPOLYGONALFACE((13,12,20,19,13));
#180=IFCINDEXEDPOLYGONALFACE((12,11,21,20,12));
#181=IFCINDEXEDPOLYGONALFACE((11,10,22,21,11));
#182=IFCINDEXEDPOLYGONALFACE((10,9,23,22,10));
#183=IFCINDEXEDPOLYGONALFACE((9,8,24,23,9));
#184=IFCINDEXEDPOLYGONALFACE((8,7,25,24,8));
#185=IFCINDEXEDPOLYGONALFACE((7,6,26,25,7));
#186=IFCINDEXEDPOLYGONALFACE((6,5,27,26,6));
#187=IFCINDEXEDPOLYGONALFACE((5,4,28,27,5));
#188=IFCINDEXEDPOLYGONALFACE((4,3,29,28,4));
#189=IFCINDEXEDPOLYGONALFACE((3,2,30,29,3));
#190=IFCINDEXEDPOLYGONALFACE((2,1,16,30,2));
#191=IFCPOLYGONALFACESET(#173,$,(#174,#175,#176,#177,#178,#179,#180,#181,#182,#183,#184,#185,#186,#187,#188,#189,#190),$);
#192=IFCSHAPEREPRESENTATION(#24,'Body','Tessellation',(#191));
#193=IFCPRODUCTDEFINITIONSHAPE($,$,(#192));
#194=IFCPROPERTYSET('21jt1b1EH37xFuAvldNvT5',$,'Pset_Objektinformation',$,(#196,#197,#198,#199,#200,#201,#202));
#195=IFCRELDEFINESBYPROPERTIES('0tfiqE1V99V8hC9S3KFZwc',$,$,$,(#29),#194);
#196=IFCPROPERTYSINGLEVALUE('_IDEbene1',$,IFCLABEL('Gebaeude'),$);
#197=IFCPROPERTYSINGLEVALUE('_IDEbene2',$,IFCLABEL('Gebaeude'),$);
#198=IFCPROPERTYSINGLEVALUE('_IDEbene3',$,IFCLABEL('Gebaeude'),$);
#199=IFCPROPERTYSINGLEVALUE('_GebaeudeID',$,IFCLABEL('DEHHALKA7fs0004j'),$);
#200=IFCPROPERTYSINGLEVALUE('_GebaeudeHoehe',$,IFCREAL(2.252),$);
#201=IFCPROPERTYSINGLEVALUE('_AnzahlDerGeschosse',$,IFCINTEGER(1),$);
#202=IFCPROPERTYSINGLEVALUE('_Postleitzahl',$,IFCLABEL('22559'),$);
#203=IFCCARTESIANPOINTLIST3D(((84.283537104493,0.0311112767085433,13.89),(83.5095371045172,-3.63388872332871,13.89),(80.5395371045452,-2.98888872284442,13.89),(81.3225371044828,0.667111276648939,13.89),(84.283537104493,0.0311112767085433,16.141),(81.3225371044828,0.667111276648939,16.141),(80.5395371045452,-2.98888872284442,16.141),(83.5095371045172,-3.63388872332871,16.141)));
#204=IFCINDEXEDPOLYGONALFACE((1,2,3,4,1));
#205=IFCINDEXEDPOLYGONALFACE((5,6,7,8,5));
#206=IFCINDEXEDPOLYGONALFACE((1,4,6,5,1));
#207=IFCINDEXEDPOLYGONALFACE((4,3,7,6,4));
#208=IFCINDEXEDPOLYGONALFACE((3,2,8,7,3));
#209=IFCINDEXEDPOLYGONALFACE((2,1,5,8,2));
#210=IFCPOLYGONALFACESET(#203,$,(#204,#205,#206,#207,#208,#209),$);
#211=IFCSHAPEREPRESENTATION(#24,'Body','Tessellation',(#210));
#212=IFCPRODUCTDEFINITIONSHAPE($,$,(#211));
#213=IFCPROPERTYSET('1dvtfMO0P87vqHxlcDB9NJ',$,'Pset_Objektinformation',$,(#215,#216,#217,#218,#219,#220,#221));
#214=IFCRELDEFINESBYPROPERTIES('3Jx5ku4jPAsxC1PrR0qFCb',$,$,$,(#30),#213);
#215=IFCPROPERTYSINGLEVALUE('_IDEbene1',$,IFCLABEL('Gebaeude'),$);
#216=IFCPROPERTYSINGLEVALUE('_IDEbene2',$,IFCLABEL('Gebaeude'),$);
#217=IFCPROPERTYSINGLEVALUE('_IDEbene3',$,IFCLABEL('Gebaeude'),$);
#218=IFCPROPERTYSINGLEVALUE('_GebaeudeID',$,IFCLABEL('DEHHALKAP0000pjn'),$);
#219=IFCPROPERTYSINGLEVALUE('_GebaeudeHoehe',$,IFCREAL(2.446),$);
#220=IFCPROPERTYSINGLEVALUE('_AnzahlDerGeschosse',$,IFCINTEGER(1),$);
#221=IFCPROPERTYSINGLEVALUE('_Postleitzahl',$,IFCLABEL('22559'),$);
#222=IFCCARTESIANPOINTLIST3D(((73.8835371044697,168.69711127691,13.493),(67.4155371044762,168.158111277036,13.493),(67.0655371044995,172.356111276895,13.493),(73.643537104479,171.581111276522,13.493),(73.8835371044697,168.69711127691,15.939),(73.643537104479,171.581111276522,15.939),(67.0655371044995,172.356111276895,15.939),(67.4155371044762,168.158111277036,15.939)));
#223=IFCINDEXEDPOLYGONALFACE((1,2,3,4,1));
#224=IFCINDEXEDPOLYGONALFACE((5,6,7,8,5));
#225=IFCINDEXEDPOLYGONALFACE((1,4,6,5,1));
#226=IFCINDEXEDPOLYGONALFACE((4,3,7,6,4));
#227=IFCINDEXEDPOLYGONALFACE((3,2,8,7,3));
#228=IFCINDEXEDPOLYGONALFACE((2,1,5,8,2));
#229=IFCPOLYGONALFACESET(#222,$,(#223,#224,#225,#226,#227,#228),$);
#230=IFCSHAPEREPRESENTATION(#24,'Body','Tessellation',(#229));
#231=IFCPRODUCTDEFINITIONSHAPE($,$,(#230));
#232=IFCPROPERTYSET('0INoi6UkL3ShM3WaxGdxOf',$,'Pset_Objektinformation',$,(#234,#235,#236,#237,#238,#239,#240));
#233=IFCRELDEFINESBYPROPERTIES('3VLFcCqzzAixdHd8WdHNIE',$,$,$,(#31),#232);
#234=IFCPROPERTYSINGLEVALUE('_IDEbene1',$,IFCLABEL('Gebaeude'),$);
#235=IFCPROPERTYSINGLEVALUE('_IDEbene2',$,IFCLABEL('Gebaeude'),$);
#236=IFCPROPERTYSINGLEVALUE('_IDEbene3',$,IFCLABEL('Gebaeude'),$);
#237=IFCPROPERTYSINGLEVALUE('_GebaeudeID',$,IFCLABEL('DEHHALKAP0000pnV'),$);
#238=IFCPROPERTYSINGLEVALUE('_GebaeudeHoehe',$,IFCREAL(9.157),$);
#239=IFCPROPERTYSINGLEVALUE('_AnzahlDerGeschosse',$,IFCINTEGER(1),$);
#240=IFCPROPERTYSINGLEVALUE('_Postleitzahl',$,IFCLABEL('22559'),$);
#241=IFCCARTESIANPOINTLIST3D(((26.502537104534,82.8451112769544,13.472),(17.6465371045051,86.2751112766564,13.472),(23.1335371044697,100.444111276418,13.472),(31.9895371044986,97.014111276716,13.472),(26.502537104534,82.8451112769544,20.572),(31.9895371044986,97.014111276716,20.572),(23.1335371044697,100.444111276418,20.572),(17.6465371045051,86.2751112766564,20.572)));
#242=IFCINDEXEDPOLYGONALFACE((1,2,3,4,1));
#243=IFCINDEXEDPOLYGONALFACE((5,6,7,8,5));
#244=IFCINDEXEDPOLYGONALFACE((1,4,6,5,1));
#245=IFCINDEXEDPOLYGONALFACE((4,3,7,6,4));
#246=IFCINDEXEDPOLYGONALFACE((3,2,8,7,3));
#247=IFCINDEXEDPOLYGONALFACE((2,1,5,8,2));
#248=IFCPOLYGONALFACESET(#241,$,(#242,#243,#244,#245,#246,#247),$);
#249=IFCSHAPEREPRESENTATION(#24,'Body','Tessellation',(#248));
#250=IFCPRODUCTDEFINITIONSHAPE($,$,(#249));
#251=IFCPROPERTYSET('2yyzbg0Lf73QRwzNgaRdUB',$,'Pset_Objektinformation',$,(#253,#254,#255,#256,#257,#258,#259));
#252=IFCRELDEFINESBYPROPERTIES('0fJKMLmiP3iAR6LCnH8sWw',$,$,$,(#32),#251);
#253=IFCPROPERTYSINGLEVALUE('_IDEbene1',$,IFCLABEL('Gebaeude'),$);
#254=IFCPROPERTYSINGLEVALUE('_IDEbene2',$,IFCLABEL('Gebaeude'),$);
#255=IFCPROPERTYSINGLEVALUE('_IDEbene3',$,IFCLABEL('Gebaeude'),$);
#256=IFCPROPERTYSINGLEVALUE('_GebaeudeID',$,IFCLABEL('DEHHALKA1jn0005j'),$);
#257=IFCPROPERTYSINGLEVALUE('_GebaeudeHoehe',$,IFCREAL(8.769),$);
#258=IFCPROPERTYSINGLEVALUE('_AnzahlDerGeschosse',$,IFCINTEGER(1),$);
#259=IFCPROPERTYSINGLEVALUE('_Postleitzahl',$,IFCLABEL('22559'),$);
#260=IFCCARTESIANPOINTLIST3D(((107.596537104459,50.1341112768278,13.583),(111.474537104485,59.4091112772003,13.583),(117.893537104479,56.7251112768427,13.583),(114.014537104522,47.4481112770736,13.583),(107.596537104459,50.1341112768278,19.986),(114.014537104522,47.4481112770736,19.986),(117.893537104479,56.7251112768427,19.986),(111.474537104485,59.4091112772003,19.986)));
#261=IFCINDEXEDPOLYGONALFACE((1,2,3,4,1));
#262=IFCINDEXEDPOLYGONALFACE((5,6,7,8,5));
#263=IFCINDEXEDPOLYGONALFACE((1,4,6,5,1));
#264=IFCINDEXEDPOLYGONALFACE((4,3,7,6,4));
#265=IFCINDEXEDPOLYGONALFACE((3,2,8,7,3));
#266=IFCINDEXEDPOLYGONALFACE((2,1,5,8,2));
#267=IFCPOLYGONALFACESET(#260,$,(#261,#262,#263,#264,#265,#266),$);
#268=IFCSHAPEREPRESENTATION(#24,'Body','Tessellation',(#267));
#269=IFCPRODUCTDEFINITIONSHAPE($,$,(#268));
#270=IFCPROPERTYSET('3PxGUQYsr2yv1fdWKheMf0',$,'Pset_Objektinformation',$,(#272,#273,#274,#275,#276,#277,#278));
#271=IFCRELDEFINESBYPROPERTIES('3fU2Zac5z0ChFDUz7VrbJb',$,$,$,(#33),#270);
#272=IFCPROPERTYSINGLEVALUE('_IDEbene1',$,IFCLABEL('Gebaeude'),$);
#273=IFCPROPERTYSINGLEVALUE('_IDEbene2',$,IFCLABEL('Gebaeude'),$);
#274=IFCPROPERTYSINGLEVALUE('_IDEbene3',$,IFCLABEL('Gebaeude'),$);
#275=IFCPROPERTYSINGLEVALUE('_GebaeudeID',$,IFCLABEL('DEHHALKA6Ie000J5'),$);
#276=IFCPROPERTYSINGLEVALUE('_GebaeudeHoehe',$,IFCREAL(10.135),$);
#277=IFCPROPERTYSINGLEVALUE('_AnzahlDerGeschosse',$,IFCINTEGER(1),$);
#278=IFCPROPERTYSINGLEVALUE('_Postleitzahl',$,IFCLABEL('22559'),$);
#279=IFCCARTESIANPOINTLIST3D(((71.7565371044911,457.14011127688,12.626),(77.6235371044604,469.625111276284,12.626),(83.8335371045396,466.706111276522,12.626),(77.9825371045154,454.225111276843,12.626),(71.7565371044911,457.14011127688,19.665),(77.9825371045154,454.225111276843,19.665),(83.8335371045396,466.706111276522,19.665),(77.6235371044604,469.625111276284,19.665)));
#280=IFCINDEXEDPOLYGONALFACE((1,2,3,4,1));
#281=IFCINDEXEDPOLYGONALFACE((5,6,7,8,5));
#282=IFCINDEXEDPOLYGONALFACE((1,4,6,5,1));
#283=IFCINDEXEDPOLYGONALFACE((4,3,7,6,4));
#284=IFCINDEXEDPOLYGONALFACE((3,2,8,7,3));
#285=IFCINDEXEDPOLYGONALFACE((2,1,5,8,2));
#286=IFCPOLYGONALFACESET(#279,$,(#280,#281,#282,#283,#284,#285),$);
#287=IFCSHAPEREPRESENTATION(#24,'Body','Tessellation',(#286));
#288=IFCPRODUCTDEFINITIONSHAPE($,$,(#287));
#289=IFCPROPERTYSET('190V4iA59DnfQBSq1LVE_t',$,'Pset_Objektinformation',$,(#291,#292,#293,#294,#295,#296,#297));
#290=IFCRELDEFINESBYPROPERTIES('0MVLXnrer4d8EQ_pPrlSzx',$,$,$,(#34),#289);
#291=IFCPROPERTYSINGLEVALUE('_IDEbene1',$,IFCLABEL('Gebaeude'),$);
#292=IFCPROPERTYSINGLEVALUE('_IDEbene2',$,IFCLABEL('Gebaeude'),$);
#293=IFCPROPERTYSINGLEVALUE('_IDEbene3',$,IFCLABEL('Gebaeude'),$);
#294=IFCPROPERTYSINGLEVALUE('_GebaeudeID',$,IFCLABEL('DEHHALKA7fs0004n'),$);
#295=IFCPROPERTYSINGLEVALUE('_GebaeudeHoehe',$,IFCREAL(9.944),$);
#296=IFCPROPERTYSINGLEVALUE('_AnzahlDerGeschosse',$,IFCINTEGER(2),$);
#297=IFCPROPERTYSINGLEVALUE('_Postleitzahl',$,IFCLABEL('22559'),$);
#298=IFCCARTESIANPOINTLIST3D(((91.7465371044818,12.147111277096,14.087),(91.34453710448,10.2061112765223,14.087),(86.9115371045191,11.131111276336,14.087),(87.3315371044446,13.0831112768501,14.087),(89.4385371045209,22.8671112768352,14.087),(98.2315371044679,21.0101112769917,14.087),(96.142537104548,11.2151112770662,14.087),(91.7465371044818,12.147111277096,22.407),(96.142537104548,11.2151112770662,22.407),(98.2315371044679,21.0101112769917,22.407),(89.4385371045209,22.8671112768352,22.407),(87.3315371044446,13.0831112768501,22.407),(86.9115371045191,11.131111276336,22.407),(91.34453710448,10.2061112765223,22.407)));
#299=IFCINDEXEDPOLYGONALFACE((1,2,3,4,5,6,7,1));
#300=IFCINDEXEDPOLYGONALFACE((8,9,10,11,12,13,14,8));
#301=IFCINDEXEDPOLYGONALFACE((1,7,9,8,1));
#302=IFCINDEXEDPOLYGONALFACE((7,6,10,9,7));
#303=IFCINDEXEDPOLYGONALFACE((6,5,11,10,6));
#304=IFCINDEXEDPOLYGONALFACE((5,4,12,11,5));
#305=IFCINDEXEDPOLYGONALFACE((4,3,13,12,4));
#306=IFCINDEXEDPOLYGONALFACE((3,2,14,13,3));
#307=IFCINDEXEDPOLYGONALFACE((2,1,8,14,2));
#308=IFCPOLYGONALFACESET(#298,$,(#299,#300,#301,#302,#303,#304,#305,#306,#307),$);
#309=IFCSHAPEREPRESENTATION(#24,'Body','Tessellation',(#308));
#310=IFCPRODUCTDEFINITIONSHAPE($,$,(#309));
#311=IFCPROPERTYSET('0AAXc9kWz7YxXG9WLnXUju',$,'Pset_Objektinformation',$,(#313,#314,#315,#316,#317,#318,#319));
#312=IFCRELDEFINESBYPROPERTIES('1uGJ45UzH03ertD26pOdLc',$,$,$,(#35),#311);
#313=IFCPROPERTYSINGLEVALUE('_IDEbene1',$,IFCLABEL('Gebaeude'),$);
#314=IFCPROPERTYSINGLEVALUE('_IDEbene2',$,IFCLABEL('Gebaeude'),$);
#315=IFCPROPERTYSINGLEVALUE('_IDEbene3',$,IFCLABEL('Gebaeude'),$);
#316=IFCPROPERTYSINGLEVALUE('_GebaeudeID',$,IFCLABEL('DEHHALKA2sd000UU'),$);
#317=IFCPROPERTYSINGLEVALUE('_GebaeudeHoehe',$,IFCREAL(9.122),$);
#318=IFCPROPERTYSINGLEVALUE('_AnzahlDerGeschosse',$,IFCINTEGER(1),$);
#319=IFCPROPERTYSINGLEVALUE('_Postleitzahl',$,IFCLABEL('22559'),$);
#320=IFCCARTESIANPOINTLIST3D(((81.5235371044837,363.58311127685,13.247),(90.7745371045312,360.26511127688,13.247),(87.9445371044567,352.381111276336,13.247),(78.7085371045396,355.705111276358,13.247),(81.5235371044837,363.58311127685,19.911),(78.7085371045396,355.705111276358,19.911),(87.9445371044567,352.381111276336,19.911),(90.7745371045312,360.26511127688,19.911)));
#321=IFCINDEXEDPOLYGONALFACE((1,2,3,4,1));
#322=IFCINDEXEDPOLYGONALFACE((5,6,7,8,5));
#323=IFCINDEXEDPOLYGONALFACE((1,4,6,5,1));
#324=IFCINDEXEDPOLYGONALFACE((4,3,7,6,4));
#325=IFCINDEXEDPOLYGONALFACE((3,2,8,7,3));
#326=IFCINDEXEDPOLYGONALFACE((2,1,5,8,2));
#327=IFCPOLYGONALFACESET(#320,$,(#321,#322,#323,#324,#325,#326),$);
#328=IFCSHAPEREPRESENTATION(#24,'Body','Tessellation',(#327));
#329=IFCPRODUCTDEFINITIONSHAPE($,$,(#328));
#330=IFCPROPERTYSET('3OgAxTJvvD$Pbi8jzUORpA',$,'Pset_Objektinformation',$,(#332,#333,#334,#335,#336,#337,#338));
#331=IFCRELDEFINESBYPROPERTIES('2shAz79TPAhAf3zu33zTNo',$,$,$,(#36),#330);
#332=IFCPROPERTYSINGLEVALUE('_IDEbene1',$,IFCLABEL('Gebaeude'),$);
#333=IFCPROPERTYSINGLEVALUE('_IDEbene2',$,IFCLABEL('Gebaeude'),$);
#334=IFCPROPERTYSINGLEVALUE('_IDEbene3',$,IFCLABEL('Gebaeude'),$);
#335=IFCPROPERTYSINGLEVALUE('_GebaeudeID',$,IFCLABEL('DEHHALKAP0000pdm'),$);
#336=IFCPROPERTYSINGLEVALUE('_GebaeudeHoehe',$,IFCREAL(9.27),$);
#337=IFCPROPERTYSINGLEVALUE('_AnzahlDerGeschosse',$,IFCINTEGER(1),$);
#338=IFCPROPERTYSINGLEVALUE('_Postleitzahl',$,IFCLABEL('22559'),$);
#339=IFCCARTESIANPOINTLIST3D(((42.7275371045107,469.24611127656,12.714),(46.7535371044651,479.49611127656,12.714),(46.9685371045489,479.414111277089,12.714),(53.1415371045005,476.952111276798,12.714),(48.4055371044669,464.867111276835,12.714),(41.7895371045452,467.487111276947,12.714),(42.5125371045433,469.328111276962,12.714),(42.7275371045107,469.24611127656,19.62),(42.5125371045433,469.328111276962,19.62),(41.7895371045452,467.487111276947,19.62),(48.4055371044669,464.867111276835,19.62),(53.1415371045005,476.952111276798,19.62),(46.9685371045489,479.414111277089,19.62),(46.7535371044651,479.49611127656,19.62)));
#340=IFCINDEXEDPOLYGONALFACE((1,2,3,4,5,6,7,1));
#341=IFCINDEXEDPOLYGONALFACE((8,9,10,11,12,13,14,8));
#342=IFCINDEXEDPOLYGONALFACE((1,7,9,8,1));
#343=IFCINDEXEDPOLYGONALFACE((7,6,10,9,7));
#344=IFCINDEXEDPOLYGONALFACE((6,5,11,10,6));
#345=IFCINDEXEDPOLYGONALFACE((5,4,12,11,5));
#346=IFCINDEXEDPOLYGONALFACE((4,3,13,12,4));
#347=IFCINDEXEDPOLYGONALFACE((3,2,14,13,3));
#348=IFCINDEXEDPOLYGONALFACE((2,1,8,14,2));
#349=IFCPOLYGONALFACESET(#339,$,(#340,#341,#342,#343,#344,#345,#346,#347,#348),$);
#350=IFCSHAPEREPRESENTATION(#24,'Body','Tessellation',(#349));
#351=IFCPRODUCTDEFINITIONSHAPE($,$,(#350));
#352=IFCPROPERTYSET('3HFwUE7oj5qPklDoIdd$y2',$,'Pset_Objektinformation',$,(#354,#355,#356,#357,#358,#359,#360));
#353=IFCRELDEFINESBYPROPERTIES('2cYGRYO5T8Cfrt8nOMEz8r',$,$,$,(#37),#352);
#354=IFCPROPERTYSINGLEVALUE('_IDEbene1',$,IFCLABEL('Gebaeude'),$);
#355=IFCPROPERTYSINGLEVALUE('_IDEbene2',$,IFCLABEL('Gebaeude'),$);
#356=IFCPROPERTYSINGLEVALUE('_IDEbene3',$,IFCLABEL('Gebaeude'),$);
#357=IFCPROPERTYSINGLEVALUE('_GebaeudeID',$,IFCLABEL('DEHHALKAP0000pnD'),$);
#358=IFCPROPERTYSINGLEVALUE('_GebaeudeHoehe',$,IFCREAL(2.398),$);
#359=IFCPROPERTYSINGLEVALUE('_AnzahlDerGeschosse',$,IFCINTEGER(1),$);
#360=IFCPROPERTYSINGLEVALUE('_Postleitzahl',$,IFCLABEL('22559'),$);
#361=IFCCARTESIANPOINTLIST3D(((93.9925371045247,111.823111277074,13.662),(96.5275371044409,118.157111276872,13.662),(96.673537104507,118.522111277096,13.662),(99.2495371045079,117.492111276835,13.662),(96.5695371044567,110.792111276649,13.662),(93.9925371045247,111.823111277074,16.06),(96.5695371044567,110.792111276649,16.06),(99.2495371045079,117.492111276835,16.06),(96.673537104507,118.522111277096,16.06),(96.5275371044409,118.157111276872,16.06)));
#362=IFCINDEXEDPOLYGONALFACE((1,2,3,4,5,1));
#363=IFCINDEXEDPOLYGONALFACE((6,7,8,9,10,6));
#364=IFCINDEXEDPOLYGONALFACE((1,5,7,6,1));
#365=IFCINDEXEDPOLYGONALFACE((5,4,8,7,5));
#366=IFCINDEXEDPOLYGONALFACE((4,3,9,8,4));
#367=IFCINDEXEDPOLYGONALFACE((3,2,10,9,3));
#368=IFCINDEXEDPOLYGONALFACE((2,1,6,10,2));
#369=IFCPOLYGONALFACESET(#361,$,(#362,#363,#364,#365,#366,#367,#368),$);
#370=IFCSHAPEREPRESENTATION(#24,'Body','Tessellation',(#369));
#371=IFCPRODUCTDEFINITIONSHAPE($,$,(#370));
#372=IFCPROPERTYSET('1WTSsBGZb0Vf0L5vdkkZOU',$,'Pset_Objektinformation',$,(#374,#375,#376,#377,#378,#379,#380));
#373=IFCRELDEFINESBYPROPERTIES('3I2CZqhJHBgQquVabagSuK',$,$,$,(#38),#372);
#374=IFCPROPERTYSINGLEVALUE('_IDEbene1',$,IFCLABEL('Gebaeude'),$);
#375=IFCPROPERTYSINGLEVALUE('_IDEbene2',$,IFCLABEL('Gebaeude'),$);
#376=IFCPROPERTYSINGLEVALUE('_IDEbene3',$,IFCLABEL('Gebaeude'),$);
#377=IFCPROPERTYSINGLEVALUE('_GebaeudeID',$,IFCLABEL('DEHHALKAP0000pnH'),$);
#378=IFCPROPERTYSINGLEVALUE('_GebaeudeHoehe',$,IFCREAL(7.178),$);
#379=IFCPROPERTYSINGLEVALUE('_AnzahlDerGeschosse',$,IFCINTEGER(1),$);
#380=IFCPROPERTYSINGLEVALUE('_Postleitzahl',$,IFCLABEL('22559'),$);
#381=IFCCARTESIANPOINTLIST3D(((125.214537104475,441.067111277021,13.328),(124.70853710454,441.365111276507,13.328),(123.286537104519,438.959111277014,13.328),(118.959537104471,441.51811127644,13.328),(117.640537104453,439.287111276761,13.328),(109.178537104512,444.294111276977,13.328),(113.017537104548,450.786111276597,13.328),(116.470537104527,448.745111276396,13.328),(116.061537104542,448.053111276589,13.328),(117.714537104475,447.077111276798,13.328),(119.481537104468,450.074111276306,13.328),(127.18053710449,445.536111276597,13.328),(126.616537104477,444.580111276358,13.328),(127.115537104546,444.286111276597,13.328),(125.214537104475,441.067111277021,17.579),(127.115537104546,444.286111276597,17.579),(126.616537104477,444.580111276358,17.579),(127.18053710449,445.536111276597,17.579),(119.481537104468,450.074111276306,17.579),(117.714537104475,447.077111276798,17.579),(116.061537104542,448.053111276589,17.579),(116.470537104527,448.745111276396,17.579),(113.017537104548,450.786111276597,17.579),(109.178537104512,444.294111276977,17.579),(117.640537104453,439.287111276761,17.579),(118.959537104471,441.51811127644,17.579),(123.286537104519,438.959111277014,17.579),(124.70853710454,441.365111276507,17.579)));
#382=IFCINDEXEDPOLYGONALFACE((1,2,3,4,5,6,7,8,9,10,11,12,13,14,1));
#383=IFCINDEXEDPOLYGONALFACE((15,16,17,18,19,20,21,22,23,24,25,26,27,28,15));
#384=IFCINDEXEDPOLYGONALFACE((1,14,16,15,1));
#385=IFCINDEXEDPOLYGONALFACE((14,13,17,16,14));
#386=IFCINDEXEDPOLYGONALFACE((13,12,18,17,13));
#387=IFCINDEXEDPOLYGONALFACE((12,11,19,18,12));
#388=IFCINDEXEDPOLYGONALFACE((11,10,20,19,11));
#389=IFCINDEXEDPOLYGONALFACE((10,9,21,20,10));
#390=IFCINDEXEDPOLYGONALFACE((9,8,22,21,9));
#391=IFCINDEXEDPOLYGONALFACE((8,7,23,22,8));
#392=IFCINDEXEDPOLYGONALFACE((7,6,24,23,7));
#393=IFCINDEXEDPOLYGONALFACE((6,5,25,24,6));
#394=IFCINDEXEDPOLYGONALFACE((5,4,26,25,5));
#395=IFCINDEXEDPOLYGONALFACE((4,3,27,26,4));
#396=IFCINDEXEDPOLYGONALFACE((3,2,28,27,3));
#397=IFCINDEXEDPOLYGONALFACE((2,1,15,28,2));
#398=IFCPOLYGONALFACESET(#381,$,(#382,#383,#384,#385,#386,#387,#388,#389,#390,#391,#392,#393,#394,#395,#396,#397),$);
#399=IFCSHAPEREPRESENTATION(#24,'Body','Tessellation',(#398));
#400=IFCPRODUCTDEFINITIONSHAPE($,$,(#399));
#401=IFCPROPERTYSET('0I$V7QHHL7tAXbaArpC5Hh',$,'Pset_Objektinformation',$,(#403,#404,#405,#406,#407,#408,#409));
#402=IFCRELDEFINESBYPROPERTIES('0E9BnWV3X3f9tH81meCcjZ',$,$,$,(#39),#401);
#403=IFCPROPERTYSINGLEVALUE('_IDEbene1',$,IFCLABEL('Gebaeude'),$);
#404=IFCPROPERTYSINGLEVALUE('_IDEbene2',$,IFCLABEL('Gebaeude'),$);
#405=IFCPROPERTYSINGLEVALUE('_IDEbene3',$,IFCLABEL('Gebaeude'),$);
#406=IFCPROPERTYSINGLEVALUE('_GebaeudeID',$,IFCLABEL('DEHHALKAP0000pbG'),$);
#407=IFCPROPERTYSINGLEVALUE('_GebaeudeHoehe',$,IFCREAL(5.92),$);
#408=IFCPROPERTYSINGLEVALUE('_AnzahlDerGeschosse',$,IFCINTEGER(1),$);
#409=IFCPROPERTYSINGLEVALUE('_Postleitzahl',$,IFCLABEL('22559'),$);
#410=IFCCARTESIANPOINTLIST3D(((81.0515371045331,173.911111276597,13.461),(79.9625371044967,181.285111276433,13.461),(78.5725371044828,181.079111277126,13.461),(77.3215371044353,189.530111276545,13.461),(77.9625371044967,189.625111276284,13.461),(77.4765371044632,192.899111276492,13.461),(81.6235371044604,193.514111276716,13.461),(82.1145371044986,190.217111276463,13.461),(86.7885371044977,190.911111276597,13.461),(88.0495371044381,182.419111276977,13.461),(89.1785371045116,182.587111276574,13.461),(90.2615371044958,175.273111276329,13.461),(81.0515371045331,173.911111276597,17.465),(90.2615371044958,175.273111276329,17.465),(89.1785371045116,182.587111276574,17.465),(88.0495371044381,182.419111276977,17.465),(86.7885371044977,190.911111276597,17.465),(82.1145371044986,190.217111276463,17.465),(81.6235371044604,193.514111276716,17.465),(77.4765371044632,192.899111276492,17.465),(77.9625371044967,189.625111276284,17.465),(77.3215371044353,189.530111276545,17.465),(78.5725371044828,181.079111277126,17.465),(79.9625371044967,181.285111276433,17.465)));
#411=IFCINDEXEDPOLYGONALFACE((1,2,3,4,5,6,7,8,9,10,11,12,1));
#412=IFCINDEXEDPOLYGONALFACE((13,14,15,16,17,18,19,20,21,22,23,24,13));
#413=IFCINDEXEDPOLYGONALFACE((1,12,14,13,1));
#414=IFCINDEXEDPOLYGONALFACE((12,11,15,14,12));
#415=IFCINDEXEDPOLYGONALFACE((11,10,16,15,11));
#416=IFCINDEXEDPOLYGONALFACE((10,9,17,16,10));
#417=IFCINDEXEDPOLYGONALFACE((9,8,18,17,9));
#418=IFCINDEXEDPOLYGONALFACE((8,7,19,18,8));
#419=IFCINDEXEDPOLYGONALFACE((7,6,20,19,7));
#420=IFCINDEXEDPOLYGONALFACE((6,5,21,20,6));
#421=IFCINDEXEDPOLYGONALFACE((5,4,22,21,5));
#422=IFCINDEXEDPOLYGONALFACE((4,3,23,22,4));
#423=IFCINDEXEDPOLYGONALFACE((3,2,24,23,3));
#424=IFCINDEXEDPOLYGONALFACE((2,1,13,24,2));
#425=IFCPOLYGONALFACESET(#410,$,(#411,#412,#413,#414,#415,#416,#417,#418,#419,#420,#421,#422,#423,#424),$);
#426=IFCSHAPEREPRESENTATION(#24,'Body','Tessellation',(#425));
#427=IFCPRODUCTDEFINITIONSHAPE($,$,(#426));
#428=IFCPROPERTYSET('2awofZOin6ygAtDdpVBdZB',$,'Pset_Objektinformation',$,(#430,#431,#432,#433,#434,#435,#436));
#429=IFCRELDEFINESBYPROPERTIES('1KUmw6_bD6XfowpeC8sXfW',$,$,$,(#40),#428);
#430=IFCPROPERTYSINGLEVALUE('_IDEbene1',$,IFCLABEL('Gebaeude'),$);
#431=IFCPROPERTYSINGLEVALUE('_IDEbene2',$,IFCLABEL('Gebaeude'),$);
#432=IFCPROPERTYSINGLEVALUE('_IDEbene3',$,IFCLABEL('Gebaeude'),$);
#433=IFCPROPERTYSINGLEVALUE('_GebaeudeID',$,IFCLABEL('DEHHALKAP0000pdv'),$);
#434=IFCPROPERTYSINGLEVALUE('_GebaeudeHoehe',$,IFCREAL(7.952),$);
#435=IFCPROPERTYSINGLEVALUE('_AnzahlDerGeschosse',$,IFCINTEGER(1),$);
#436=IFCPROPERTYSINGLEVALUE('_Postleitzahl',$,IFCLABEL('22559'),$);
#437=IFCCARTESIANPOINTLIST3D(((0.100537104532123,273.608111276291,12.636),(8.02053710445762,275.40111127682,12.636),(10.314537104452,265.260111276992,12.636),(2.3975371044362,263.467111276463,12.636),(0.100537104532123,273.608111276291,18.627),(2.3975371044362,263.467111276463,18.627),(10.314537104452,265.260111276992,18.627),(8.02053710445762,275.40111127682,18.627)));
#438=IFCINDEXEDPOLYGONALFACE((1,2,3,4,1));
#439=IFCINDEXEDPOLYGONALFACE((5,6,7,8,5));
#440=IFCINDEXEDPOLYGONALFACE((1,4,6,5,1));
#441=IFCINDEXEDPOLYGONALFACE((4,3,7,6,4));
#442=IFCINDEXEDPOLYGONALFACE((3,2,8,7,3));
#443=IFCINDEXEDPOLYGONALFACE((2,1,5,8,2));
#444=IFCPOLYGONALFACESET(#437,$,(#438,#439,#440,#441,#442,#443),$);
#445=IFCSHAPEREPRESENTATION(#24,'Body','Tessellation',(#444));
#446=IFCPRODUCTDEFINITIONSHAPE($,$,(#445));
#447=IFCPROPERTYSET('3OL94$CJDFh9puav4zjWDr',$,'Pset_Objektinformation',$,(#449,#450,#451,#452,#453,#454,#455));
#448=IFCRELDEFINESBYPROPERTIES('1prULAuWTA1um8wfieiUfd',$,$,$,(#41),#447);
#449=IFCPROPERTYSINGLEVALUE('_IDEbene1',$,IFCLABEL('Gebaeude'),$);
#450=IFCPROPERTYSINGLEVALUE('_IDEbene2',$,IFCLABEL('Gebaeude'),$);
#451=IFCPROPERTYSINGLEVALUE('_IDEbene3',$,IFCLABEL('Gebaeude'),$);
#452=IFCPROPERTYSINGLEVALUE('_GebaeudeID',$,IFCLABEL('DEHHALKAP0000pho'),$);
#453=IFCPROPERTYSINGLEVALUE('_GebaeudeHoehe',$,IFCREAL(11.691),$);
#454=IFCPROPERTYSINGLEVALUE('_AnzahlDerGeschosse',$,IFCINTEGER(2),$);
#455=IFCPROPERTYSINGLEVALUE('_Postleitzahl',$,IFCLABEL('22559'),$);
#456=IFCCARTESIANPOINTLIST3D(((12.5615371045424,162.672111276537,13.006),(-3.7274628955638,164.133111276664,13.006),(-4.12046289548744,159.76511127688,13.006),(-19.045462895534,161.112111276947,13.006),(-18.5664628954837,166.408111277036,13.006),(-19.3314628954977,166.47711127717,13.006),(-19.2334628954995,167.563111276366,13.006),(-18.374462895561,167.485111276619,13.006),(-17.6114628955256,175.961111276411,13.006),(-3.14246289548464,174.665111276321,13.006),(-2.74546289548744,179.106111276895,13.006),(13.9015371045098,177.615111276507,13.006),(12.5615371045424,162.672111276537,22.284),(13.9015371045098,177.615111276507,22.284),(-2.74546289548744,179.106111276895,22.284),(-3.14246289548464,174.665111276321,22.284),(-17.6114628955256,175.961111276411,22.284),(-18.374462895561,167.485111276619,22.284),(-19.2334628954995,167.563111276366,22.284),(-19.3314628954977,166.47711127717,22.284),(-18.5664628954837,166.408111277036,22.284),(-19.045462895534,161.112111276947,22.284),(-4.12046289548744,159.76511127688,22.284),(-3.7274628955638,164.133111276664,22.284)));
#457=IFCINDEXEDPOLYGONALFACE((1,2,3,4,5,6,7,8,9,10,11,12,1));
#458=IFCINDEXEDPOLYGONALFACE((13,14,15,16,17,18,19,20,21,22,23,24,13));
#459=IFCINDEXEDPOLYGONALFACE((1,12,14,13,1));
#460=IFCINDEXEDPOLYGONALFACE((12,11,15,14,12));
#461=IFCINDEXEDPOLYGONALFACE((11,10,16,15,11));
#462=IFCINDEXEDPOLYGONALFACE((10,9,17,16,10));
#463=IFCINDEXEDPOLYGONALFACE((9,8,18,17,9));
#464=IFCINDEXEDPOLYGONALFACE((8,7,19,18,8));
#465=IFCINDEXEDPOLYGONALFACE((7,6,20,19,7));
#466=IFCINDEXEDPOLYGONALFACE((6,5,21,20,6));
#467=IFCINDEXEDPOLYGONALFACE((5,4,22,21,5));
#468=IFCINDEXEDPOLYGONALFACE((4,3,23,22,4));
#469=IFCINDEXEDPOLYGONALFACE((3,2,24,23,3));
#470=IFCINDEXEDPOLYGONALFACE((2,1,13,24,2));
#471=IFCPOLYGONALFACESET(#456,$,(#457,#458,#459,#460,#461,#462,#463,#464,#465,#466,#467,#468,#469,#470),$);
#472=IFCSHAPEREPRESENTATION(#24,'Body','Tessellation',(#471));
#473=IFCPRODUCTDEFINITIONSHAPE($,$,(#472));
#474=IFCPROPERTYSET('2fQm3CD595ePQ0o4q$woI5',$,'Pset_Objektinformation',$,(#476,#477,#478,#479,#480,#481,#482));
#475=IFCRELDEFINESBYPROPERTIES('3YKD$G8I9A79Ee0rBU8eUO',$,$,$,(#42),#474);
#476=IFCPROPERTYSINGLEVALUE('_IDEbene1',$,IFCLABEL('Gebaeude'),$);
#477=IFCPROPERTYSINGLEVALUE('_IDEbene2',$,IFCLABEL('Gebaeude'),$);
#478=IFCPROPERTYSINGLEVALUE('_IDEbene3',$,IFCLABEL('Gebaeude'),$);
#479=IFCPROPERTYSINGLEVALUE('_GebaeudeID',$,IFCLABEL('DEHHALKAP0000pYd'),$);
#480=IFCPROPERTYSINGLEVALUE('_GebaeudeHoehe',$,IFCREAL(8.226),$);
#481=IFCPROPERTYSINGLEVALUE('_AnzahlDerGeschosse',$,IFCINTEGER(1),$);
#482=IFCPROPERTYSINGLEVALUE('_Postleitzahl',$,IFCLABEL('22559'),$);
#483=IFCCARTESIANPOINTLIST3D(((48.6485371044837,94.0971112763509,13.456),(45.5845371044707,95.3531112764031,13.456),(44.3815371044911,92.4011112768203,13.456),(42.21953710448,93.2771112769842,13.456),(41.5755371045088,91.6781112765893,13.456),(36.517537104548,93.7051112763584,13.456),(39.5105371044483,101.19711127691,13.456),(48.4835371044464,103.476111277007,13.456),(51.9315371045377,102.051111277193,13.456),(48.6485371044837,94.0971112763509,19.184),(51.9315371045377,102.051111277193,19.184),(48.4835371044464,103.476111277007,19.184),(39.5105371044483,101.19711127691,19.184),(36.517537104548,93.7051112763584,19.184),(41.5755371045088,91.6781112765893,19.184),(42.21953710448,93.2771112769842,19.184),(44.3815371044911,92.4011112768203,19.184),(45.5845371044707,95.3531112764031,19.184)));
#484=IFCINDEXEDPOLYGONALFACE((1,2,3,4,5,6,7,8,9,1));
#485=IFCINDEXEDPOLYGONALFACE((10,11,12,13,14,15,16,17,18,10));
#486=IFCINDEXEDPOLYGONALFACE((1,9,11,10,1));
#487=IFCINDEXEDPOLYGONALFACE((9,8,12,11,9));
#488=IFCINDEXEDPOLYGONALFACE((8,7,13,12,8));
#489=IFCINDEXEDPOLYGONALFACE((7,6,14,13,7));
#490=IFCINDEXEDPOLYGONALFACE((6,5,15,14,6));
#491=IFCINDEXEDPOLYGONALFACE((5,4,16,15,5));
#492=IFCINDEXEDPOLYGONALFACE((4,3,17,16,4));
#493=IFCINDEXEDPOLYGONALFACE((3,2,18,17,3));
#494=IFCINDEXEDPOLYGONALFACE((2,1,10,18,2));
#495=IFCPOLYGONALFACESET(#483,$,(#484,#485,#486,#487,#488,#489,#490,#491,#492,#493,#494),$);
#496=IFCSHAPEREPRESENTATION(#24,'Body','Tessellation',(#495));
#497=IFCPRODUCTDEFINITIONSHAPE($,$,(#496));
#498=IFCPROPERTYSET('29VX6qFSnFfhLfVlg3ZlkS',$,'Pset_Objektinformation',$,(#500,#501,#502,#503,#504,#505,#506));
#499=IFCRELDEFINESBYPROPERTIES('03pOEcASv6UgjjBkgobQxm',$,$,$,(#43),#498);
#500=IFCPROPERTYSINGLEVALUE('_IDEbene1',$,IFCLABEL('Gebaeude'),$);
#501=IFCPROPERTYSINGLEVALUE('_IDEbene2',$,IFCLABEL('Gebaeude'),$);
#502=IFCPROPERTYSINGLEVALUE('_IDEbene3',$,IFCLABEL('Gebaeude'),$);
#503=IFCPROPERTYSINGLEVALUE('_GebaeudeID',$,IFCLABEL('DEHHALKAP0000qU1'),$);
#504=IFCPROPERTYSINGLEVALUE('_GebaeudeHoehe',$,IFCREAL(2.431),$);
#505=IFCPROPERTYSINGLEVALUE('_AnzahlDerGeschosse',$,IFCINTEGER(1),$);
#506=IFCPROPERTYSINGLEVALUE('_Postleitzahl',$,IFCLABEL('22559'),$);
#507=IFCCARTESIANPOINTLIST3D(((96.5875371044967,172.030111276545,13.553),(99.2405371045461,178.506111276336,13.553),(102.246537104482,177.274111276492,13.553),(99.59453710448,170.799111276865,13.553),(96.5875371044967,172.030111276545,15.984),(99.59453710448,170.799111276865,15.984),(102.246537104482,177.274111276492,15.984),(99.2405371045461,178.506111276336,15.984)));
#508=IFCINDEXEDPOLYGONALFACE((1,2,3,4,1));
#509=IFCINDEXEDPOLYGONALFACE((5,6,7,8,5));
#510=IFCINDEXEDPOLYGONALFACE((1,4,6,5,1));
#511=IFCINDEXEDPOLYGONALFACE((4,3,7,6,4));
#512=IFCINDEXEDPOLYGONALFACE((3,2,8,7,3));
#513=IFCINDEXEDPOLYGONALFACE((2,1,5,8,2));
#514=IFCPOLYGONALFACESET(#507,$,(#508,#509,#510,#511,#512,#513),$);
#515=IFCSHAPEREPRESENTATION(#24,'Body','Tessellation',(#514));
#516=IFCPRODUCTDEFINITIONSHAPE($,$,(#515));
#517=IFCPROPERTYSET('3m$DCrXdrFcO6pSbDFAupV',$,'Pset_Objektinformation',$,(#519,#520,#521,#522,#523,#524,#525));
#518=IFCRELDEFINESBYPROPERTIES('3pXfgncA56Ou1EEHDEhIDt',$,$,$,(#44),#517);
#519=IFCPROPERTYSINGLEVALUE('_IDEbene1',$,IFCLABEL('Gebaeude'),$);
#520=IFCPROPERTYSINGLEVALUE('_IDEbene2',$,IFCLABEL('Gebaeude'),$);
#521=IFCPROPERTYSINGLEVALUE('_IDEbene3',$,IFCLABEL('Gebaeude'),$);
#522=IFCPROPERTYSINGLEVALUE('_GebaeudeID',$,IFCLABEL('DEHHALKAP0000q1t'),$);
#523=IFCPROPERTYSINGLEVALUE('_GebaeudeHoehe',$,IFCREAL(6.092),$);
#524=IFCPROPERTYSINGLEVALUE('_AnzahlDerGeschosse',$,IFCINTEGER(1),$);
#525=IFCPROPERTYSINGLEVALUE('_Postleitzahl',$,IFCLABEL('22559'),$);
#526=IFCCARTESIANPOINTLIST3D(((70.9625371044967,163.791111276485,13.606),(80.1865371045424,165.942111277021,13.606),(82.0145371045219,158.108111276291,13.606),(83.4245371044381,158.437111277133,13.606),(85.0735371045303,151.360111276619,13.606),(76.0345371045405,149.2571112765,13.606),(74.4435371045256,156.086111276411,13.606),(72.847537104506,155.714111276902,13.606),(70.9625371044967,163.791111276485,18.472),(72.847537104506,155.714111276902,18.472),(74.4435371045256,156.086111276411,18.472),(76.0345371045405,149.2571112765,18.472),(85.0735371045303,151.360111276619,18.472),(83.4245371044381,158.437111277133,18.472),(82.0145371045219,158.108111276291,18.472),(80.1865371045424,165.942111277021,18.472)));
#527=IFCINDEXEDPOLYGONALFACE((1,2,3,4,5,6,7,8,1));
#528=IFCINDEXEDPOLYGONALFACE((9,10,11,12,13,14,15,16,9));
#529=IFCINDEXEDPOLYGONALFACE((1,8,10,9,1));
#530=IFCINDEXEDPOLYGONALFACE((8,7,11,10,8));
#531=IFCINDEXEDPOLYGONALFACE((7,6,12,11,7));
#532=IFCINDEXEDPOLYGONALFACE((6,5,13,12,6));
#533=IFCINDEXEDPOLYGONALFACE((5,4,14,13,5));
#534=IFCINDEXEDPOLYGONALFACE((4,3,15,14,4));
#535=IFCINDEXEDPOLYGONALFACE((3,2,16,15,3));
#536=IFCINDEXEDPOLYGONALFACE((2,1,9,16,2));
#537=IFCPOLYGONALFACESET(#526,$,(#527,#528,#529,#530,#531,#532,#533,#534,#535,#536),$);
#538=IFCSHAPEREPRESENTATION(#24,'Body','Tessellation',(#537));
#539=IFCPRODUCTDEFINITIONSHAPE($,$,(#538));
#540=IFCPROPERTYSET('33bGSwBZL1IftiqGpUENk3',$,'Pset_Objektinformation',$,(#542,#543,#544,#545,#546,#547,#548));
#541=IFCRELDEFINESBYPROPERTIES('1vRyAumanC8fiLvhfIkWPG',$,$,$,(#45),#540);
#542=IFCPROPERTYSINGLEVALUE('_IDEbene1',$,IFCLABEL('Gebaeude'),$);
#543=IFCPROPERTYSINGLEVALUE('_IDEbene2',$,IFCLABEL('Gebaeude'),$);
#544=IFCPROPERTYSINGLEVALUE('_IDEbene3',$,IFCLABEL('Gebaeude'),$);
#545=IFCPROPERTYSINGLEVALUE('_GebaeudeID',$,IFCLABEL('DEHHALKAP0000puS'),$);
#546=IFCPROPERTYSINGLEVALUE('_GebaeudeHoehe',$,IFCREAL(2.354),$);
#547=IFCPROPERTYSINGLEVALUE('_AnzahlDerGeschosse',$,IFCINTEGER(1),$);
#548=IFCPROPERTYSINGLEVALUE('_Postleitzahl',$,IFCLABEL('22559'),$);
#549=IFCCARTESIANPOINTLIST3D(((113.273537104484,84.4221112765372,13.679),(116.410537104472,90.6771112764254,13.679),(119.425537104486,89.1651112763211,13.679),(116.289537104545,82.9101112764329,13.679),(113.273537104484,84.4221112765372,16.033),(116.289537104545,82.9101112764329,16.033),(119.425537104486,89.1651112763211,16.033),(116.410537104472,90.6771112764254,16.033)));
#550=IFCINDEXEDPOLYGONALFACE((1,2,3,4,1));
#551=IFCINDEXEDPOLYGONALFACE((5,6,7,8,5));
#552=IFCINDEXEDPOLYGONALFACE((1,4,6,5,1));
#553=IFCINDEXEDPOLYGONALFACE((4,3,7,6,4));
#554=IFCINDEXEDPOLYGONALFACE((3,2,8,7,3));
#555=IFCINDEXEDPOLYGONALFACE((2,1,5,8,2));
#556=IFCPOLYGONALFACESET(#549,$,(#550,#551,#552,#553,#554,#555),$);
#557=IFCSHAPEREPRESENTATION(#24,'Body','Tessellation',(#556));
#558=IFCPRODUCTDEFINITIONSHAPE($,$,(#557));
#559=IFCPROPERTYSET('1tcrlmkcX1xRRPRGLsORUg',$,'Pset_Objektinformation',$,(#561,#562,#563,#564,#565,#566,#567));
#560=IFCRELDEFINESBYPROPERTIES('1QOBvFk9r2JQXFdXsXivmV',$,$,$,(#46),#559);
#561=IFCPROPERTYSINGLEVALUE('_IDEbene1',$,IFCLABEL('Gebaeude'),$);
#562=IFCPROPERTYSINGLEVALUE('_IDEbene2',$,IFCLABEL('Gebaeude'),$);
#563=IFCPROPERTYSINGLEVALUE('_IDEbene3',$,IFCLABEL('Gebaeude'),$);
#564=IFCPROPERTYSINGLEVALUE('_GebaeudeID',$,IFCLABEL('DEHHALKAP0000pWR'),$);
#565=IFCPROPERTYSINGLEVALUE('_GebaeudeHoehe',$,IFCREAL(9.359),$);
#566=IFCPROPERTYSINGLEVALUE('_AnzahlDerGeschosse',$,IFCINTEGER(1),$);
#567=IFCPROPERTYSINGLEVALUE('_Postleitzahl',$,IFCLABEL('22559'),$);
#568=IFCCARTESIANPOINTLIST3D(((36.3005371044856,471.758111276664,12.645),(38.8175371044781,478.180111276917,12.645),(41.1245371045079,483.897111277096,12.645),(47.6925371044781,481.259111276828,12.645),(46.9685371045489,479.414111277089,12.645),(46.7535371044651,479.49611127656,12.645),(42.7275371045107,469.24611127656,12.645),(42.5125371045433,469.328111276962,12.645),(36.3005371044856,471.758111276664,19.606),(42.5125371045433,469.328111276962,19.606),(42.7275371045107,469.24611127656,19.606),(46.7535371044651,479.49611127656,19.606),(46.9685371045489,479.414111277089,19.606),(47.6925371044781,481.259111276828,19.606),(41.1245371045079,483.897111277096,19.606),(38.8175371044781,478.180111276917,19.606)));
#569=IFCINDEXEDPOLYGONALFACE((1,2,3,4,5,6,7,8,1));
#570=IFCINDEXEDPOLYGONALFACE((9,10,11,12,13,14,15,16,9));
#571=IFCINDEXEDPOLYGONALFACE((1,8,10,9,1));
#572=IFCINDEXEDPOLYGONALFACE((8,7,11,10,8));
#573=IFCINDEXEDPOLYGONALFACE((7,6,12,11,7));
#574=IFCINDEXEDPOLYGONALFACE((6,5,13,12,6));
#575=IFCINDEXEDPOLYGONALFACE((5,4,14,13,5));
#576=IFCINDEXEDPOLYGONALFACE((4,3,15,14,4));
#577=IFCINDEXEDPOLYGONALFACE((3,2,16,15,3));
#578=IFCINDEXEDPOLYGONALFACE((2,1,9,16,2));
#579=IFCPOLYGONALFACESET(#568,$,(#569,#570,#571,#572,#573,#574,#575,#576,#577,#578),$);
#580=IFCSHAPEREPRESENTATION(#24,'Body','Tessellation',(#579));
#581=IFCPRODUCTDEFINITIONSHAPE($,$,(#580));
#582=IFCPROPERTYSET('1qb8V$FAnCxRH7j9JI8K13',$,'Pset_Objektinformation',$,(#584,#585,#586,#587,#588,#589,#590));
#583=IFCRELDEFINESBYPROPERTIES('120baNs6LDpOGX0hxOxgON',$,$,$,(#47),#582);
#584=IFCPROPERTYSINGLEVALUE('_IDEbene1',$,IFCLABEL('Gebaeude'),$);
#585=IFCPROPERTYSINGLEVALUE('_IDEbene2',$,IFCLABEL('Gebaeude'),$);
#586=IFCPROPERTYSINGLEVALUE('_IDEbene3',$,IFCLABEL('Gebaeude'),$);
#587=IFCPROPERTYSINGLEVALUE('_GebaeudeID',$,IFCLABEL('DEHHALKAP0000pOi'),$);
#588=IFCPROPERTYSINGLEVALUE('_GebaeudeHoehe',$,IFCREAL(9.13),$);
#589=IFCPROPERTYSINGLEVALUE('_AnzahlDerGeschosse',$,IFCINTEGER(1),$);
#590=IFCPROPERTYSINGLEVALUE('_Postleitzahl',$,IFCLABEL('22559'),$);
#591=IFCCARTESIANPOINTLIST3D(((30.2995371044381,376.308111276478,12.796),(32.4575371044921,384.292111276649,12.796),(41.2795371045358,381.910111276433,12.796),(39.1235371044604,373.927111276425,12.796),(30.2995371044381,376.308111276478,19.95),(39.1235371044604,373.927111276425,19.95),(41.2795371045358,381.910111276433,19.95),(32.4575371044921,384.292111276649,19.95)));
#592=IFCINDEXEDPOLYGONALFACE((1,2,3,4,1));
#593=IFCINDEXEDPOLYGONALFACE((5,6,7,8,5));
#594=IFCINDEXEDPOLYGONALFACE((1,4,6,5,1));
#595=IFCINDEXEDPOLYGONALFACE((4,3,7,6,4));
#596=IFCINDEXEDPOLYGONALFACE((3,2,8,7,3));
#597=IFCINDEXEDPOLYGONALFACE((2,1,5,8,2));
#598=IFCPOLYGONALFACESET(#591,$,(#592,#593,#594,#595,#596,#597),$);
#599=IFCSHAPEREPRESENTATION(#24,'Body','Tessellation',(#598));
#600=IFCPRODUCTDEFINITIONSHAPE($,$,(#599));
#601=IFCPROPERTYSET('1L9_jJfp96sw2eLTrX$F6J',$,'Pset_Objektinformation',$,(#603,#604,#605,#606,#607,#608,#609));
#602=IFCRELDEFINESBYPROPERTIES('03Jx_mojHCshZG1UhuILGx',$,$,$,(#48),#601);
#603=IFCPROPERTYSINGLEVALUE('_IDEbene1',$,IFCLABEL('Gebaeude'),$);
#604=IFCPROPERTYSINGLEVALUE('_IDEbene2',$,IFCLABEL('Gebaeude'),$);
#605=IFCPROPERTYSINGLEVALUE('_IDEbene3',$,IFCLABEL('Gebaeude'),$);
#606=IFCPROPERTYSINGLEVALUE('_GebaeudeID',$,IFCLABEL('DEHHALKAP0000pl1'),$);
#607=IFCPROPERTYSINGLEVALUE('_GebaeudeHoehe',$,IFCREAL(7.251),$);
#608=IFCPROPERTYSINGLEVALUE('_AnzahlDerGeschosse',$,IFCINTEGER(1),$);
#609=IFCPROPERTYSINGLEVALUE('_Postleitzahl',$,IFCLABEL('22559'),$);
#610=IFCCARTESIANPOINTLIST3D(((114.216537104454,78.3081112764776,13.64),(120.90153710451,75.7191112767905,13.64),(117.506537104491,66.8601112766191,13.64),(110.829537104466,69.4371112771332,13.64),(114.216537104454,78.3081112764776,19.102),(110.829537104466,69.4371112771332,19.102),(117.506537104491,66.8601112766191,19.102),(120.90153710451,75.7191112767905,19.102)));
#611=IFCINDEXEDPOLYGONALFACE((1,2,3,4,1));
#612=IFCINDEXEDPOLYGONALFACE((5,6,7,8,5));
#613=IFCINDEXEDPOLYGONALFACE((1,4,6,5,1));
#614=IFCINDEXEDPOLYGONALFACE((4,3,7,6,4));
#615=IFCINDEXEDPOLYGONALFACE((3,2,8,7,3));
#616=IFCINDEXEDPOLYGONALFACE((2,1,5,8,2));
#617=IFCPOLYGONALFACESET(#610,$,(#611,#612,#613,#614,#615,#616),$);
#618=IFCSHAPEREPRESENTATION(#24,'Body','Tessellation',(#617));
#619=IFCPRODUCTDEFINITIONSHAPE($,$,(#618));
#620=IFCPROPERTYSET('3cXhErL2DAEfK0w7ZhZY9F',$,'Pset_Objektinformation',$,(#622,#623,#624,#625,#626,#627,#628));
#621=IFCRELDEFINESBYPROPERTIES('2T2lVkeT9AAPvKsJfS6ex7',$,$,$,(#49),#620);
#622=IFCPROPERTYSINGLEVALUE('_IDEbene1',$,IFCLABEL('Gebaeude'),$);
#623=IFCPROPERTYSINGLEVALUE('_IDEbene2',$,IFCLABEL('Gebaeude'),$);
#624=IFCPROPERTYSINGLEVALUE('_IDEbene3',$,IFCLABEL('Gebaeude'),$);
#625=IFCPROPERTYSINGLEVALUE('_GebaeudeID',$,IFCLABEL('DEHHALKAP0000phK'),$);
#626=IFCPROPERTYSINGLEVALUE('_GebaeudeHoehe',$,IFCREAL(14.145),$);
#627=IFCPROPERTYSINGLEVALUE('_AnzahlDerGeschosse',$,IFCINTEGER(3),$);
#628=IFCPROPERTYSINGLEVALUE('_Postleitzahl',$,IFCLABEL('22559'),$);
#629=IFCCARTESIANPOINTLIST3D(((36.8525371045107,314.391111277044,10.803),(36.6475371044362,314.872111276723,10.803),(35.7455371044343,315.39011127688,10.803),(36.1485371044837,316.092111276463,10.803),(36.0565371045377,316.531111276709,10.803),(45.7875371044502,330.995111276396,10.803),(46.2135371045442,331.01511127688,10.803),(46.5725371044828,331.597111276351,10.803),(47.2275371045107,331.193111277185,10.803),(47.627537104534,331.19711127691,10.803),(58.4035371044884,324.194111276418,10.803),(58.3635371044511,323.821111276746,10.803),(58.8855371044483,323.472111276351,10.803),(58.1525371044409,322.375111276284,10.803),(58.2105371045182,321.93911127653,10.803),(48.6905371044995,307.864111276343,10.803),(48.2665371045005,307.875111276284,10.803),(47.8615371044725,307.295111277141,10.803),(46.2755371044623,308.400111276656,10.803),(46.000537104439,308.337111276574,10.803),(36.8525371045107,314.391111277044,22.361),(46.000537104439,308.337111276574,22.361),(46.2755371044623,308.400111276656,22.361),(47.8615371044725,307.295111277141,22.361),(48.2665371045005,307.875111276284,22.361),(48.6905371044995,307.864111276343,22.361),(58.2105371045182,321.93911127653,22.361),(58.1525371044409,322.375111276284,22.361),(58.8855371044483,323.472111276351,22.361),(58.3635371044511,323.821111276746,22.361),(58.4035371044884,324.194111276418,22.361),(47.627537104534,331.19711127691,22.361),(47.2275371045107,331.193111277185,22.361),(46.5725371044828,331.597111276351,22.361),(46.2135371045442,331.01511127688,22.361),(45.7875371044502,330.995111276396,22.361),(36.0565371045377,316.531111276709,22.361),(36.1485371044837,316.092111276463,22.361),(35.7455371044343,315.39011127688,22.361),(36.6475371044362,314.872111276723,22.361)));
#630=IFCINDEXEDPOLYGONALFACE((1,2,3,4,5,6,7,8,9,10,11,12,13,14,15,16,17,18,19,20,1));
#631=IFCINDEXEDPOLYGONALFACE((21,22,23,24,25,26,27,28,29,30,31,32,33,34,35,36,37,38,39,40,21));
#632=IFCINDEXEDPOLYGONALFACE((1,20,22,21,1));
#633=IFCINDEXEDPOLYGONALFACE((20,19,23,22,20));
#634=IFCINDEXEDPOLYGONALFACE((19,18,24,23,19));
#635=IFCINDEXEDPOLYGONALFACE((18,17,25,24,18));
#636=IFCINDEXEDPOLYGONALFACE((17,16,26,25,17));
#637=IFCINDEXEDPOLYGONALFACE((16,15,27,26,16));
#638=IFCINDEXEDPOLYGONALFACE((15,14,28,27,15));
#639=IFCINDEXEDPOLYGONALFACE((14,13,29,28,14));
#640=IFCINDEXEDPOLYGONALFACE((13,12,30,29,13));
#641=IFCINDEXEDPOLYGONALFACE((12,11,31,30,12));
#642=IFCINDEXEDPOLYGONALFACE((11,10,32,31,11));
#643=IFCINDEXEDPOLYGONALFACE((10,9,33,32,10));
#644=IFCINDEXEDPOLYGONALFACE((9,8,34,33,9));
#645=IFCINDEXEDPOLYGONALFACE((8,7,35,34,8));
#646=IFCINDEXEDPOLYGONALFACE((7,6,36,35,7));
#647=IFCINDEXEDPOLYGONALFACE((6,5,37,36,6));
#648=IFCINDEXEDPOLYGONALFACE((5,4,38,37,5));
#649=IFCINDEXEDPOLYGONALFACE((4,3,39,38,4));
#650=IFCINDEXEDPOLYGONALFACE((3,2,40,39,3));
#651=IFCINDEXEDPOLYGONALFACE((2,1,21,40,2));
#652=IFCPOLYGONALFACESET(#629,$,(#630,#631,#632,#633,#634,#635,#636,#637,#638,#639,#640,#641,#642,#643,#644,#645,#646,#647,#648,#649,#650,#651),$);
#653=IFCSHAPEREPRESENTATION(#24,'Body','Tessellation',(#652));
#654=IFCPRODUCTDEFINITIONSHAPE($,$,(#653));
#655=IFCPROPERTYSET('2VOToOp7X4FvsptjTxsgzA',$,'Pset_Objektinformation',$,(#657,#658,#659,#660,#661,#662,#663));
#656=IFCRELDEFINESBYPROPERTIES('2$l8_Qkb99qezA9nvf6RcP',$,$,$,(#50),#655);
#657=IFCPROPERTYSINGLEVALUE('_IDEbene1',$,IFCLABEL('Gebaeude'),$);
#658=IFCPROPERTYSINGLEVALUE('_IDEbene2',$,IFCLABEL('Gebaeude'),$);
#659=IFCPROPERTYSINGLEVALUE('_IDEbene3',$,IFCLABEL('Gebaeude'),$);
#660=IFCPROPERTYSINGLEVALUE('_GebaeudeID',$,IFCLABEL('DEHHALKAP0000q9o'),$);
#661=IFCPROPERTYSINGLEVALUE('_GebaeudeHoehe',$,IFCREAL(11.155),$);
#662=IFCPROPERTYSINGLEVALUE('_AnzahlDerGeschosse',$,IFCINTEGER(2),$);
#663=IFCPROPERTYSINGLEVALUE('_Postleitzahl',$,IFCLABEL('22559'),$);
#664=IFCCARTESIANPOINTLIST3D(((74.0855371045182,291.803111276589,12.763),(80.7895371045452,301.745111276396,12.763),(85.752537104534,298.377111276612,12.763),(79.0495371044381,288.437111277133,12.763),(74.0855371045182,291.803111276589,21.39),(79.0495371044381,288.437111277133,21.39),(85.752537104534,298.377111276612,21.39),(80.7895371045452,301.745111276396,21.39)));
#665=IFCINDEXEDPOLYGONALFACE((1,2,3,4,1));
#666=IFCINDEXEDPOLYGONALFACE((5,6,7,8,5));
#667=IFCINDEXEDPOLYGONALFACE((1,4,6,5,1));
#668=IFCINDEXEDPOLYGONALFACE((4,3,7,6,4));
#669=IFCINDEXEDPOLYGONALFACE((3,2,8,7,3));
#670=IFCINDEXEDPOLYGONALFACE((2,1,5,8,2));
#671=IFCPOLYGONALFACESET(#664,$,(#665,#666,#667,#668,#669,#670),$);
#672=IFCSHAPEREPRESENTATION(#24,'Body','Tessellation',(#671));
#673=IFCPRODUCTDEFINITIONSHAPE($,$,(#672));
#674=IFCPROPERTYSET('1FX2J41s98SxXRIHY2htOe',$,'Pset_Objektinformation',$,(#676,#677,#678,#679,#680,#681,#682));
#675=IFCRELDEFINESBYPROPERTIES('2cAIbaxxv3ZAQnwNc2dc36',$,$,$,(#51),#674);
#676=IFCPROPERTYSINGLEVALUE('_IDEbene1',$,IFCLABEL('Gebaeude'),$);
#677=IFCPROPERTYSINGLEVALUE('_IDEbene2',$,IFCLABEL('Gebaeude'),$);
#678=IFCPROPERTYSINGLEVALUE('_IDEbene3',$,IFCLABEL('Gebaeude'),$);
#679=IFCPROPERTYSINGLEVALUE('_GebaeudeID',$,IFCLABEL('DEHHALKAP0000paJ'),$);
#680=IFCPROPERTYSINGLEVALUE('_GebaeudeHoehe',$,IFCREAL(11.038),$);
#681=IFCPROPERTYSINGLEVALUE('_AnzahlDerGeschosse',$,IFCINTEGER(2),$);
#682=IFCPROPERTYSINGLEVALUE('_Postleitzahl',$,IFCLABEL('22559'),$);
#683=IFCCARTESIANPOINTLIST3D(((84.0385371044977,285.055111276917,12.599),(90.7475371045293,294.987111276947,12.599),(95.923537104507,291.474111276679,12.599),(89.2015371044399,281.555111276917,12.599),(84.0385371044977,285.055111276917,21.33),(89.2015371044399,281.555111276917,21.33),(95.923537104507,291.474111276679,21.33),(90.7475371045293,294.987111276947,21.33)));
#684=IFCINDEXEDPOLYGONALFACE((1,2,3,4,1));
#685=IFCINDEXEDPOLYGONALFACE((5,6,7,8,5));
#686=IFCINDEXEDPOLYGONALFACE((1,4,6,5,1));
#687=IFCINDEXEDPOLYGONALFACE((4,3,7,6,4));
#688=IFCINDEXEDPOLYGONALFACE((3,2,8,7,3));
#689=IFCINDEXEDPOLYGONALFACE((2,1,5,8,2));
#690=IFCPOLYGONALFACESET(#683,$,(#684,#685,#686,#687,#688,#689),$);
#691=IFCSHAPEREPRESENTATION(#24,'Body','Tessellation',(#690));
#692=IFCPRODUCTDEFINITIONSHAPE($,$,(#691));
#693=IFCPROPERTYSET('0pZzhe2AbA9RC035iM6cNM',$,'Pset_Objektinformation',$,(#695,#696,#697,#698,#699,#700,#701));
#694=IFCRELDEFINESBYPROPERTIES('2c_felTuTAh8DBxTXKDMl5',$,$,$,(#52),#693);
#695=IFCPROPERTYSINGLEVALUE('_IDEbene1',$,IFCLABEL('Gebaeude'),$);
#696=IFCPROPERTYSINGLEVALUE('_IDEbene2',$,IFCLABEL('Gebaeude'),$);
#697=IFCPROPERTYSINGLEVALUE('_IDEbene3',$,IFCLABEL('Gebaeude'),$);
#698=IFCPROPERTYSINGLEVALUE('_GebaeudeID',$,IFCLABEL('DEHHALKAP0000qGR'),$);
#699=IFCPROPERTYSINGLEVALUE('_GebaeudeHoehe',$,IFCREAL(2.381),$);
#700=IFCPROPERTYSINGLEVALUE('_AnzahlDerGeschosse',$,IFCINTEGER(1),$);
#701=IFCPROPERTYSINGLEVALUE('_Postleitzahl',$,IFCLABEL('22559'),$);
#702=IFCCARTESIANPOINTLIST3D(((69.8185371045256,113.365111276507,13.659),(72.4975371045293,119.829111277126,13.659),(75.4975371045293,118.585111277178,13.659),(72.8195371044567,112.12111127656,13.659),(69.8185371045256,113.365111276507,16.04),(72.8195371044567,112.12111127656,16.04),(75.4975371045293,118.585111277178,16.04),(72.4975371045293,119.829111277126,16.04)));
#703=IFCINDEXEDPOLYGONALFACE((1,2,3,4,1));
#704=IFCINDEXEDPOLYGONALFACE((5,6,7,8,5));
#705=IFCINDEXEDPOLYGONALFACE((1,4,6,5,1));
#706=IFCINDEXEDPOLYGONALFACE((4,3,7,6,4));
#707=IFCINDEXEDPOLYGONALFACE((3,2,8,7,3));
#708=IFCINDEXEDPOLYGONALFACE((2,1,5,8,2));
#709=IFCPOLYGONALFACESET(#702,$,(#703,#704,#705,#706,#707,#708),$);
#710=IFCSHAPEREPRESENTATION(#24,'Body','Tessellation',(#709));
#711=IFCPRODUCTDEFINITIONSHAPE($,$,(#710));
#712=IFCPROPERTYSET('26aPYQdbXF_P7IDVLj$FJz',$,'Pset_Objektinformation',$,(#714,#715,#716,#717,#718,#719,#720));
#713=IFCRELDEFINESBYPROPERTIES('3xgZPX9tP8Zf3kerMjjX6v',$,$,$,(#53),#712);
#714=IFCPROPERTYSINGLEVALUE('_IDEbene1',$,IFCLABEL('Gebaeude'),$);
#715=IFCPROPERTYSINGLEVALUE('_IDEbene2',$,IFCLABEL('Gebaeude'),$);
#716=IFCPROPERTYSINGLEVALUE('_IDEbene3',$,IFCLABEL('Gebaeude'),$);
#717=IFCPROPERTYSINGLEVALUE('_GebaeudeID',$,IFCLABEL('DEHHALKAP0000q1H'),$);
#718=IFCPROPERTYSINGLEVALUE('_GebaeudeHoehe',$,IFCREAL(7.022),$);
#719=IFCPROPERTYSINGLEVALUE('_AnzahlDerGeschosse',$,IFCINTEGER(1),$);
#720=IFCPROPERTYSINGLEVALUE('_Postleitzahl',$,IFCLABEL('22559'),$);
#721=IFCCARTESIANPOINTLIST3D(((107.529537104536,80.8911112770438,13.691),(114.216537104454,78.3081112764776,13.691),(110.829537104466,69.4371112771332,13.691),(104.12353710446,72.0241112764925,13.691),(104.471537104459,72.9311112770811,13.691),(104.156537104514,73.764111276716,13.691),(104.850537104532,75.5421112766489,13.691),(105.627537104534,75.9391112765297,13.691),(107.529537104536,80.8911112770438,19.139),(105.627537104534,75.9391112765297,19.139),(104.850537104532,75.5421112766489,19.139),(104.156537104514,73.764111276716,19.139),(104.471537104459,72.9311112770811,19.139),(104.12353710446,72.0241112764925,19.139),(110.829537104466,69.4371112771332,19.139),(114.216537104454,78.3081112764776,19.139)));
#722=IFCINDEXEDPOLYGONALFACE((1,2,3,4,5,6,7,8,1));
#723=IFCINDEXEDPOLYGONALFACE((9,10,11,12,13,14,15,16,9));
#724=IFCINDEXEDPOLYGONALFACE((1,8,10,9,1));
#725=IFCINDEXEDPOLYGONALFACE((8,7,11,10,8));
#726=IFCINDEXEDPOLYGONALFACE((7,6,12,11,7));
#727=IFCINDEXEDPOLYGONALFACE((6,5,13,12,6));
#728=IFCINDEXEDPOLYGONALFACE((5,4,14,13,5));
#729=IFCINDEXEDPOLYGONALFACE((4,3,15,14,4));
#730=IFCINDEXEDPOLYGONALFACE((3,2,16,15,3));
#731=IFCINDEXEDPOLYGONALFACE((2,1,9,16,2));
#732=IFCPOLYGONALFACESET(#721,$,(#722,#723,#724,#725,#726,#727,#728,#729,#730,#731),$);
#733=IFCSHAPEREPRESENTATION(#24,'Body','Tessellation',(#732));
#734=IFCPRODUCTDEFINITIONSHAPE($,$,(#733));
#735=IFCPROPERTYSET('11W$5uwID0ffAWLi7K52av',$,'Pset_Objektinformation',$,(#737,#738,#739,#740,#741,#742,#743));
#736=IFCRELDEFINESBYPROPERTIES('2UgRKtWOXE3uBYq7cEODea',$,$,$,(#54),#735);
#737=IFCPROPERTYSINGLEVALUE('_IDEbene1',$,IFCLABEL('Gebaeude'),$);
#738=IFCPROPERTYSINGLEVALUE('_IDEbene2',$,IFCLABEL('Gebaeude'),$);
#739=IFCPROPERTYSINGLEVALUE('_IDEbene3',$,IFCLABEL('Gebaeude'),$);
#740=IFCPROPERTYSINGLEVALUE('_GebaeudeID',$,IFCLABEL('DEHHALKAP0000qGa'),$);
#741=IFCPROPERTYSINGLEVALUE('_GebaeudeHoehe',$,IFCREAL(2.701),$);
#742=IFCPROPERTYSINGLEVALUE('_AnzahlDerGeschosse',$,IFCINTEGER(1),$);
#743=IFCPROPERTYSINGLEVALUE('_Postleitzahl',$,IFCLABEL('22559'),$);
#744=IFCCARTESIANPOINTLIST3D(((-9.21146289550234,422.627111276612,12.313),(-7.98246289545204,428.694111276418,12.313),(8.93453710444737,425.269111276604,12.313),(7.7055371045135,419.202111276798,12.313),(-9.21146289550234,422.627111276612,14.739),(7.7055371045135,419.202111276798,14.739),(8.93453710444737,425.269111276604,14.739),(-7.98246289545204,428.694111276418,14.739)));
#745=IFCINDEXEDPOLYGONALFACE((1,2,3,4,1));
#746=IFCINDEXEDPOLYGONALFACE((5,6,7,8,5));
#747=IFCINDEXEDPOLYGONALFACE((1,4,6,5,1));
#748=IFCINDEXEDPOLYGONALFACE((4,3,7,6,4));
#749=IFCINDEXEDPOLYGONALFACE((3,2,8,7,3));
#750=IFCINDEXEDPOLYGONALFACE((2,1,5,8,2));
#751=IFCPOLYGONALFACESET(#744,$,(#745,#746,#747,#748,#749,#750),$);
#752=IFCSHAPEREPRESENTATION(#24,'Body','Tessellation',(#751));
#753=IFCPRODUCTDEFINITIONSHAPE($,$,(#752));
#754=IFCPROPERTYSET('2LTD9ku2zAi9bTDQYZtMAr',$,'Pset_Objektinformation',$,(#756,#757,#758,#759,#760,#761,#762));
#755=IFCRELDEFINESBYPROPERTIES('0GNBTkBoHFOeAC5aM5qHMy',$,$,$,(#55),#754);
#756=IFCPROPERTYSINGLEVALUE('_IDEbene1',$,IFCLABEL('Gebaeude'),$);
#757=IFCPROPERTYSINGLEVALUE('_IDEbene2',$,IFCLABEL('Gebaeude'),$);
#758=IFCPROPERTYSINGLEVALUE('_IDEbene3',$,IFCLABEL('Gebaeude'),$);
#759=IFCPROPERTYSINGLEVALUE('_GebaeudeID',$,IFCLABEL('DEHHALKAP0000qFo'),$);
#760=IFCPROPERTYSINGLEVALUE('_GebaeudeHoehe',$,IFCREAL(3.781),$);
#761=IFCPROPERTYSINGLEVALUE('_AnzahlDerGeschosse',$,IFCINTEGER(1),$);
#762=IFCPROPERTYSINGLEVALUE('_Postleitzahl',$,IFCLABEL('22559'),$);
#763=IFCCARTESIANPOINTLIST3D(((67.8955371044576,466.248111276887,12.678),(69.2475371045293,469.538111276925,12.678),(70.5635371045209,468.999111277051,12.678),(72.2885371044977,473.196111276746,12.678),(75.1725371044595,472.010111276992,12.678),(72.0935371045489,464.521111276932,12.678),(67.8955371044576,466.248111276887,15.966),(72.0935371045489,464.521111276932,15.966),(75.1725371044595,472.010111276992,15.966),(72.2885371044977,473.196111276746,15.966),(70.5635371045209,468.999111277051,15.966),(69.2475371045293,469.538111276925,15.966)));
#764=IFCINDEXEDPOLYGONALFACE((1,2,3,4,5,6,1));
#765=IFCINDEXEDPOLYGONALFACE((7,8,9,10,11,12,7));
#766=IFCINDEXEDPOLYGONALFACE((1,6,8,7,1));
#767=IFCINDEXEDPOLYGONALFACE((6,5,9,8,6));
#768=IFCINDEXEDPOLYGONALFACE((5,4,10,9,5));
#769=IFCINDEXEDPOLYGONALFACE((4,3,11,10,4));
#770=IFCINDEXEDPOLYGONALFACE((3,2,12,11,3));
#771=IFCINDEXEDPOLYGONALFACE((2,1,7,12,2));
#772=IFCPOLYGONALFACESET(#763,$,(#764,#765,#766,#767,#768,#769,#770,#771),$);
#773=IFCSHAPEREPRESENTATION(#24,'Body','Tessellation',(#772));
#774=IFCPRODUCTDEFINITIONSHAPE($,$,(#773));
#775=IFCPROPERTYSET('0UT7EuF0L1rAfjyCwL1ceL',$,'Pset_Objektinformation',$,(#777,#778,#779,#780,#781,#782,#783));
#776=IFCRELDEFINESBYPROPERTIES('3K$UFHEqL9UPJ8tciThZqi',$,$,$,(#56),#775);
#777=IFCPROPERTYSINGLEVALUE('_IDEbene1',$,IFCLABEL('Gebaeude'),$);
#778=IFCPROPERTYSINGLEVALUE('_IDEbene2',$,IFCLABEL('Gebaeude'),$);
#779=IFCPROPERTYSINGLEVALUE('_IDEbene3',$,IFCLABEL('Gebaeude'),$);
#780=IFCPROPERTYSINGLEVALUE('_GebaeudeID',$,IFCLABEL('DEHHALKAP0000qEy'),$);
#781=IFCPROPERTYSINGLEVALUE('_GebaeudeHoehe',$,IFCREAL(7.042),$);
#782=IFCPROPERTYSINGLEVALUE('_AnzahlDerGeschosse',$,IFCINTEGER(1),$);
#783=IFCPROPERTYSINGLEVALUE('_Postleitzahl',$,IFCLABEL('22559'),$);
#784=IFCCARTESIANPOINTLIST3D(((46.048537104507,368.993111276999,12.329),(50.3985371044837,384.20811127685,12.329),(54.0705371045042,383.099111276679,12.329),(54.127537104534,383.397111277096,12.329),(65.09453710448,380.424111276865,12.329),(63.6775371044641,375.301111277193,12.329),(58.8635371044511,376.681111277081,12.329),(58.9635371045442,377.032111276872,12.329),(56.0685371045256,377.861111276783,12.329),(54.4565371044446,372.31411127653,12.329),(55.3675371045247,372.049111276865,12.329),(53.8365371044492,366.774111276492,12.329),(46.048537104507,368.993111276999,19.371),(53.8365371044492,366.774111276492,19.371),(55.3675371045247,372.049111276865,19.371),(54.4565371044446,372.31411127653,19.371),(56.0685371045256,377.861111276783,19.371),(58.9635371045442,377.032111276872,19.371),(58.8635371044511,376.681111277081,19.371),(63.6775371044641,375.301111277193,19.371),(65.09453710448,380.424111276865,19.371),(54.127537104534,383.397111277096,19.371),(54.0705371045042,383.099111276679,19.371),(50.3985371044837,384.20811127685,19.371)));
#785=IFCINDEXEDPOLYGONALFACE((1,2,3,4,5,6,7,8,9,10,11,12,1));
#786=IFCINDEXEDPOLYGONALFACE((13,14,15,16,17,18,19,20,21,22,23,24,13));
#787=IFCINDEXEDPOLYGONALFACE((1,12,14,13,1));
#788=IFCINDEXEDPOLYGONALFACE((12,11,15,14,12));
#789=IFCINDEXEDPOLYGONALFACE((11,10,16,15,11));
#790=IFCINDEXEDPOLYGONALFACE((10,9,17,16,10));
#791=IFCINDEXEDPOLYGONALFACE((9,8,18,17,9));
#792=IFCINDEXEDPOLYGONALFACE((8,7,19,18,8));
#793=IFCINDEXEDPOLYGONALFACE((7,6,20,19,7));
#794=IFCINDEXEDPOLYGONALFACE((6,5,21,20,6));
#795=IFCINDEXEDPOLYGONALFACE((5,4,22,21,5));
#796=IFCINDEXEDPOLYGONALFACE((4,3,23,22,4));
#797=IFCINDEXEDPOLYGONALFACE((3,2,24,23,3));
#798=IFCINDEXEDPOLYGONALFACE((2,1,13,24,2));
#799=IFCPOLYGONALFACESET(#784,$,(#785,#786,#787,#788,#789,#790,#791,#792,#793,#794,#795,#796,#797,#798),$);
#800=IFCSHAPEREPRESENTATION(#24,'Body','Tessellation',(#799));
#801=IFCPRODUCTDEFINITIONSHAPE($,$,(#800));
#802=IFCPROPERTYSET('1iJ7DguMv2r9lEDNN6BHPB',$,'Pset_Objektinformation',$,(#804,#805,#806,#807,#808,#809,#810));
#803=IFCRELDEFINESBYPROPERTIES('0xAYCxik1AE8RgtskTdLow',$,$,$,(#57),#802);
#804=IFCPROPERTYSINGLEVALUE('_IDEbene1',$,IFCLABEL('Gebaeude'),$);
#805=IFCPROPERTYSINGLEVALUE('_IDEbene2',$,IFCLABEL('Gebaeude'),$);
#806=IFCPROPERTYSINGLEVALUE('_IDEbene3',$,IFCLABEL('Gebaeude'),$);
#807=IFCPROPERTYSINGLEVALUE('_GebaeudeID',$,IFCLABEL('DEHHALKAP0000pb4'),$);
#808=IFCPROPERTYSINGLEVALUE('_GebaeudeHoehe',$,IFCREAL(2.454),$);
#809=IFCPROPERTYSINGLEVALUE('_AnzahlDerGeschosse',$,IFCINTEGER(1),$);
#810=IFCPROPERTYSINGLEVALUE('_Postleitzahl',$,IFCLABEL('22559'),$);
#811=IFCCARTESIANPOINTLIST3D(((99.59453710448,170.799111276865,13.532),(102.246537104482,177.274111276492,13.532),(105.252537104534,176.042111276649,13.532),(102.600537104532,169.567111277021,13.532),(99.59453710448,170.799111276865,15.986),(102.600537104532,169.567111277021,15.986),(105.252537104534,176.042111276649,15.986),(102.246537104482,177.274111276492,15.986)));
#812=IFCINDEXEDPOLYGONALFACE((1,2,3,4,1));
#813=IFCINDEXEDPOLYGONALFACE((5,6,7,8,5));
#814=IFCINDEXEDPOLYGONALFACE((1,4,6,5,1));
#815=IFCINDEXEDPOLYGONALFACE((4,3,7,6,4));
#816=IFCINDEXEDPOLYGONALFACE((3,2,8,7,3));
#817=IFCINDEXEDPOLYGONALFACE((2,1,5,8,2));
#818=IFCPOLYGONALFACESET(#811,$,(#812,#813,#814,#815,#816,#817),$);
#819=IFCSHAPEREPRESENTATION(#24,'Body','Tessellation',(#818));
#820=IFCPRODUCTDEFINITIONSHAPE($,$,(#819));
#821=IFCPROPERTYSET('010bWAMKT3XuxfJNPTwoV6',$,'Pset_Objektinformation',$,(#823,#824,#825,#826,#827,#828,#829));
#822=IFCRELDEFINESBYPROPERTIES('05mPe11BX8Gfs_98xwCS4Y',$,$,$,(#58),#821);
#823=IFCPROPERTYSINGLEVALUE('_IDEbene1',$,IFCLABEL('Gebaeude'),$);
#824=IFCPROPERTYSINGLEVALUE('_IDEbene2',$,IFCLABEL('Gebaeude'),$);
#825=IFCPROPERTYSINGLEVALUE('_IDEbene3',$,IFCLABEL('Gebaeude'),$);
#826=IFCPROPERTYSINGLEVALUE('_GebaeudeID',$,IFCLABEL('DEHHALKAP0000qCX'),$);
#827=IFCPROPERTYSINGLEVALUE('_GebaeudeHoehe',$,IFCREAL(9.312),$);
#828=IFCPROPERTYSINGLEVALUE('_AnzahlDerGeschosse',$,IFCINTEGER(1),$);
#829=IFCPROPERTYSINGLEVALUE('_Postleitzahl',$,IFCLABEL('22559'),$);
#830=IFCCARTESIANPOINTLIST3D(((90.0145371045219,58.494111277163,13.84),(79.2855371044716,60.8791112769395,13.84),(79.5955371045275,62.3501112768427,13.84),(77.2665371045005,62.8401112770662,13.84),(78.1885371045209,67.2161112762988,13.84),(80.4975371045293,66.7281112764031,13.84),(80.7775371044409,68.0481112767011,13.84),(91.5565371045377,65.7591112768278,13.84),(90.0145371045219,58.494111277163,21.096),(91.5565371045377,65.7591112768278,21.096),(80.7775371044409,68.0481112767011,21.096),(80.4975371045293,66.7281112764031,21.096),(78.1885371045209,67.2161112762988,21.096),(77.2665371045005,62.8401112770662,21.096),(79.5955371045275,62.3501112768427,21.096),(79.2855371044716,60.8791112769395,21.096)));
#831=IFCINDEXEDPOLYGONALFACE((1,2,3,4,5,6,7,8,1));
#832=IFCINDEXEDPOLYGONALFACE((9,10,11,12,13,14,15,16,9));
#833=IFCINDEXEDPOLYGONALFACE((1,8,10,9,1));
#834=IFCINDEXEDPOLYGONALFACE((8,7,11,10,8));
#835=IFCINDEXEDPOLYGONALFACE((7,6,12,11,7));
#836=IFCINDEXEDPOLYGONALFACE((6,5,13,12,6));
#837=IFCINDEXEDPOLYGONALFACE((5,4,14,13,5));
#838=IFCINDEXEDPOLYGONALFACE((4,3,15,14,4));
#839=IFCINDEXEDPOLYGONALFACE((3,2,16,15,3));
#840=IFCINDEXEDPOLYGONALFACE((2,1,9,16,2));
#841=IFCPOLYGONALFACESET(#830,$,(#831,#832,#833,#834,#835,#836,#837,#838,#839,#840),$);
#842=IFCSHAPEREPRESENTATION(#24,'Body','Tessellation',(#841));
#843=IFCPRODUCTDEFINITIONSHAPE($,$,(#842));
#844=IFCPROPERTYSET('39Eg_p6pXCx9sJK4ylwTjg',$,'Pset_Objektinformation',$,(#846,#847,#848,#849,#850,#851,#852));
#845=IFCRELDEFINESBYPROPERTIES('0DNe23LWH1R8bHWkOAYSOf',$,$,$,(#59),#844);
#846=IFCPROPERTYSINGLEVALUE('_IDEbene1',$,IFCLABEL('Gebaeude'),$);
#847=IFCPROPERTYSINGLEVALUE('_IDEbene2',$,IFCLABEL('Gebaeude'),$);
#848=IFCPROPERTYSINGLEVALUE('_IDEbene3',$,IFCLABEL('Gebaeude'),$);
#849=IFCPROPERTYSINGLEVALUE('_GebaeudeID',$,IFCLABEL('DEHHALKAP0000qTJ'),$);
#850=IFCPROPERTYSINGLEVALUE('_GebaeudeHoehe',$,IFCREAL(10.348),$);
#851=IFCPROPERTYSINGLEVALUE('_AnzahlDerGeschosse',$,IFCINTEGER(1),$);
#852=IFCPROPERTYSINGLEVALUE('_Postleitzahl',$,IFCLABEL('22559'),$);
#853=IFCCARTESIANPOINTLIST3D(((111.249537104508,357.068111277185,13.771),(116.189537104452,354.724111276679,13.771),(120.004537104513,352.912111276761,13.771),(118.338537104544,349.391111277044,13.771),(119.309537104447,348.933111276478,13.771),(117.793537104502,345.70811127685,13.771),(116.497537104529,346.315111276694,13.771),(114.620537104434,342.293111276813,13.771),(111.244537104503,343.868111276999,13.771),(110.226537104463,341.686111276969,13.771),(107.034537104541,343.225111276843,13.771),(108.150537104462,345.373111276887,13.771),(107.285537104472,345.742111276835,13.771),(109.053537104512,349.454111277126,13.771),(107.886537104496,350.010111276992,13.771),(111.249537104508,357.068111277185,20.363),(107.886537104496,350.010111276992,20.363),(109.053537104512,349.454111277126,20.363),(107.285537104472,345.742111276835,20.363),(108.150537104462,345.373111276887,20.363),(107.034537104541,343.225111276843,20.363),(110.226537104463,341.686111276969,20.363),(111.244537104503,343.868111276999,20.363),(114.620537104434,342.293111276813,20.363),(116.497537104529,346.315111276694,20.363),(117.793537104502,345.70811127685,20.363),(119.309537104447,348.933111276478,20.363),(118.338537104544,349.391111277044,20.363),(120.004537104513,352.912111276761,20.363),(116.189537104452,354.724111276679,20.363)));
#854=IFCINDEXEDPOLYGONALFACE((1,2,3,4,5,6,7,8,9,10,11,12,13,14,15,1));
#855=IFCINDEXEDPOLYGONALFACE((16,17,18,19,20,21,22,23,24,25,26,27,28,29,30,16));
#856=IFCINDEXEDPOLYGONALFACE((1,15,17,16,1));
#857=IFCINDEXEDPOLYGONALFACE((15,14,18,17,15));
#858=IFCINDEXEDPOLYGONALFACE((14,13,19,18,14));
#859=IFCINDEXEDPOLYGONALFACE((13,12,20,19,13));
#860=IFCINDEXEDPOLYGONALFACE((12,11,21,20,12));
#861=IFCINDEXEDPOLYGONALFACE((11,10,22,21,11));
#862=IFCINDEXEDPOLYGONALFACE((10,9,23,22,10));
#863=IFCINDEXEDPOLYGONALFACE((9,8,24,23,9));
#864=IFCINDEXEDPOLYGONALFACE((8,7,25,24,8));
#865=IFCINDEXEDPOLYGONALFACE((7,6,26,25,7));
#866=IFCINDEXEDPOLYGONALFACE((6,5,27,26,6));
#867=IFCINDEXEDPOLYGONALFACE((5,4,28,27,5));
#868=IFCINDEXEDPOLYGONALFACE((4,3,29,28,4));
#869=IFCINDEXEDPOLYGONALFACE((3,2,30,29,3));
#870=IFCINDEXEDPOLYGONALFACE((2,1,16,30,2));
#871=IFCPOLYGONALFACESET(#853,$,(#854,#855,#856,#857,#858,#859,#860,#861,#862,#863,#864,#865,#866,#867,#868,#869,#870),$);
#872=IFCSHAPEREPRESENTATION(#24,'Body','Tessellation',(#871));
#873=IFCPRODUCTDEFINITIONSHAPE($,$,(#872));
#874=IFCPROPERTYSET('2G1FGJuwzDnw$iakXA3BNV',$,'Pset_Objektinformation',$,(#876,#877,#878,#879,#880,#881,#882));
#875=IFCRELDEFINESBYPROPERTIES('3NOaYcV3DBr81DP_98JeaV',$,$,$,(#60),#874);
#876=IFCPROPERTYSINGLEVALUE('_IDEbene1',$,IFCLABEL('Gebaeude'),$);
#877=IFCPROPERTYSINGLEVALUE('_IDEbene2',$,IFCLABEL('Gebaeude'),$);
#878=IFCPROPERTYSINGLEVALUE('_IDEbene3',$,IFCLABEL('Gebaeude'),$);
#879=IFCPROPERTYSINGLEVALUE('_GebaeudeID',$,IFCLABEL('DEHHALKAP0000pOs'),$);
#880=IFCPROPERTYSINGLEVALUE('_GebaeudeHoehe',$,IFCREAL(9.45),$);
#881=IFCPROPERTYSINGLEVALUE('_AnzahlDerGeschosse',$,IFCINTEGER(1),$);
#882=IFCPROPERTYSINGLEVALUE('_Postleitzahl',$,IFCLABEL('22559'),$);
#883=IFCCARTESIANPOINTLIST3D(((21.6025371045107,388.540111276321,12.919),(19.1005371045321,379.798111276701,12.919),(15.2205371045275,380.908111277036,12.919),(14.8745371045079,379.695111276582,12.919),(10.4355371044949,380.963111276738,12.919),(10.8175371044781,382.299111276865,12.919),(6.91653710452374,383.413111276925,12.919),(8.16853710450232,387.795111277141,12.919),(5.96953710447997,388.423111276701,12.919),(7.16153710451908,392.595111276954,12.919),(12.8275371044874,390.976111277007,12.919),(13.0675371044781,391.817111277021,12.919),(18.6025371045107,390.234111276455,12.919),(18.3815371044911,389.461111276411,12.919),(21.6025371045107,388.540111276321,19.466),(18.3815371044911,389.461111276411,19.466),(18.6025371045107,390.234111276455,19.466),(13.0675371044781,391.817111277021,19.466),(12.8275371044874,390.976111277007,19.466),(7.16153710451908,392.595111276954,19.466),(5.96953710447997,388.423111276701,19.466),(8.16853710450232,387.795111277141,19.466),(6.91653710452374,383.413111276925,19.466),(10.8175371044781,382.299111276865,19.466),(10.4355371044949,380.963111276738,19.466),(14.8745371045079,379.695111276582,19.466),(15.2205371045275,380.908111277036,19.466),(19.1005371045321,379.798111276701,19.466)));
#884=IFCINDEXEDPOLYGONALFACE((1,2,3,4,5,6,7,8,9,10,11,12,13,14,1));
#885=IFCINDEXEDPOLYGONALFACE((15,16,17,18,19,20,21,22,23,24,25,26,27,28,15));
#886=IFCINDEXEDPOLYGONALFACE((1,14,16,15,1));
#887=IFCINDEXEDPOLYGONALFACE((14,13,17,16,14));
#888=IFCINDEXEDPOLYGONALFACE((13,12,18,17,13));
#889=IFCINDEXEDPOLYGONALFACE((12,11,19,18,12));
#890=IFCINDEXEDPOLYGONALFACE((11,10,20,19,11));
#891=IFCINDEXEDPOLYGONALFACE((10,9,21,20,10));
#892=IFCINDEXEDPOLYGONALFACE((9,8,22,21,9));
#893=IFCINDEXEDPOLYGONALFACE((8,7,23,22,8));
#894=IFCINDEXEDPOLYGONALFACE((7,6,24,23,7));
#895=IFCINDEXEDPOLYGONALFACE((6,5,25,24,6));
#896=IFCINDEXEDPOLYGONALFACE((5,4,26,25,5));
#897=IFCINDEXEDPOLYGONALFACE((4,3,27,26,4));
#898=IFCINDEXEDPOLYGONALFACE((3,2,28,27,3));
#899=IFCINDEXEDPOLYGONALFACE((2,1,15,28,2));
#900=IFCPOLYGONALFACESET(#883,$,(#884,#885,#886,#887,#888,#889,#890,#891,#892,#893,#894,#895,#896,#897,#898,#899),$);
#901=IFCSHAPEREPRESENTATION(#24,'Body','Tessellation',(#900));
#902=IFCPRODUCTDEFINITIONSHAPE($,$,(#901));
#903=IFCPROPERTYSET('3FhqScXVbEqubPam2cctUn',$,'Pset_Objektinformation',$,(#905,#906,#907,#908,#909,#910,#911));
#904=IFCRELDEFINESBYPROPERTIES('1A2RGHYPrDM8l4FjWBadf9',$,$,$,(#61),#903);
#905=IFCPROPERTYSINGLEVALUE('_IDEbene1',$,IFCLABEL('Gebaeude'),$);
#906=IFCPROPERTYSINGLEVALUE('_IDEbene2',$,IFCLABEL('Gebaeude'),$);
#907=IFCPROPERTYSINGLEVALUE('_IDEbene3',$,IFCLABEL('Gebaeude'),$);
#908=IFCPROPERTYSINGLEVALUE('_GebaeudeID',$,IFCLABEL('DEHHALKAP0000pxL'),$);
#909=IFCPROPERTYSINGLEVALUE('_GebaeudeHoehe',$,IFCREAL(10.498),$);
#910=IFCPROPERTYSINGLEVALUE('_AnzahlDerGeschosse',$,IFCINTEGER(1),$);
#911=IFCPROPERTYSINGLEVALUE('_Postleitzahl',$,IFCLABEL('22559'),$);
#912=IFCCARTESIANPOINTLIST3D(((16.6365371044958,331.264111276716,12.399),(12.7645371045219,332.310111276805,12.399),(12.4805371045368,331.259111276828,12.399),(8.67253710445948,332.288111276925,12.399),(8.95753710449208,333.345111276954,12.399),(4.22553710453212,334.623111276887,12.399),(5.69753710448276,340.054111276753,12.399),(5.74053710454609,340.218111276627,12.399),(16.5085371044697,337.454111277126,12.399),(16.5595371044474,337.6321112765,12.399),(18.1085371044464,337.194111276418,12.399),(16.6365371044958,331.264111276716,20.152),(18.1085371044464,337.194111276418,20.152),(16.5595371044474,337.6321112765,20.152),(16.5085371044697,337.454111277126,20.152),(5.74053710454609,340.218111276627,20.152),(5.69753710448276,340.054111276753,20.152),(4.22553710453212,334.623111276887,20.152),(8.95753710449208,333.345111276954,20.152),(8.67253710445948,332.288111276925,20.152),(12.4805371045368,331.259111276828,20.152),(12.7645371045219,332.310111276805,20.152)));
#913=IFCINDEXEDPOLYGONALFACE((1,2,3,4,5,6,7,8,9,10,11,1));
#914=IFCINDEXEDPOLYGONALFACE((12,13,14,15,16,17,18,19,20,21,22,12));
#915=IFCINDEXEDPOLYGONALFACE((1,11,13,12,1));
#916=IFCINDEXEDPOLYGONALFACE((11,10,14,13,11));
#917=IFCINDEXEDPOLYGONALFACE((10,9,15,14,10));
#918=IFCINDEXEDPOLYGONALFACE((9,8,16,15,9));
#919=IFCINDEXEDPOLYGONALFACE((8,7,17,16,8));
#920=IFCINDEXEDPOLYGONALFACE((7,6,18,17,7));
#921=IFCINDEXEDPOLYGONALFACE((6,5,19,18,6));
#922=IFCINDEXEDPOLYGONALFACE((5,4,20,19,5));
#923=IFCINDEXEDPOLYGONALFACE((4,3,21,20,4));
#924=IFCINDEXEDPOLYGONALFACE((3,2,22,21,3));
#925=IFCINDEXEDPOLYGONALFACE((2,1,12,22,2));
#926=IFCPOLYGONALFACESET(#912,$,(#913,#914,#915,#916,#917,#918,#919,#920,#921,#922,#923,#924,#925),$);
#927=IFCSHAPEREPRESENTATION(#24,'Body','Tessellation',(#926));
#928=IFCPRODUCTDEFINITIONSHAPE($,$,(#927));
#929=IFCPROPERTYSET('07MpPtd4vBjwulU47Q$kua',$,'Pset_Objektinformation',$,(#931,#932,#933,#934,#935,#936,#937));
#930=IFCRELDEFINESBYPROPERTIES('0D8F$IwonCWBU23Yb90yks',$,$,$,(#62),#929);
#931=IFCPROPERTYSINGLEVALUE('_IDEbene1',$,IFCLABEL('Gebaeude'),$);
#932=IFCPROPERTYSINGLEVALUE('_IDEbene2',$,IFCLABEL('Gebaeude'),$);
#933=IFCPROPERTYSINGLEVALUE('_IDEbene3',$,IFCLABEL('Gebaeude'),$);
#934=IFCPROPERTYSINGLEVALUE('_GebaeudeID',$,IFCLABEL('DEHHALKAP0000pu6'),$);
#935=IFCPROPERTYSINGLEVALUE('_GebaeudeHoehe',$,IFCREAL(5.911),$);
#936=IFCPROPERTYSINGLEVALUE('_AnzahlDerGeschosse',$,IFCINTEGER(1),$);
#937=IFCPROPERTYSINGLEVALUE('_Postleitzahl',$,IFCLABEL('22559'),$);
#938=IFCCARTESIANPOINTLIST3D(((122.0655371045,128.1321112765,13.624),(112.774537104531,128.676111277193,13.624),(113.211537104449,136.160111276433,13.624),(111.626537104486,136.252111276612,13.624),(112.095537104527,144.287111276761,13.624),(119.562537104473,143.850111276843,13.624),(121.306537104538,143.747111276723,13.624),(120.821537104435,135.466111276299,13.624),(122.488537104451,135.368111276999,13.624),(122.0655371045,128.1321112765,18.568),(122.488537104451,135.368111276999,18.568),(120.821537104435,135.466111276299,18.568),(121.306537104538,143.747111276723,18.568),(119.562537104473,143.850111276843,18.568),(112.095537104527,144.287111276761,18.568),(111.626537104486,136.252111276612,18.568),(113.211537104449,136.160111276433,18.568),(112.774537104531,128.676111277193,18.568)));
#939=IFCINDEXEDPOLYGONALFACE((1,2,3,4,5,6,7,8,9,1));
#940=IFCINDEXEDPOLYGONALFACE((10,11,12,13,14,15,16,17,18,10));
#941=IFCINDEXEDPOLYGONALFACE((1,9,11,10,1));
#942=IFCINDEXEDPOLYGONALFACE((9,8,12,11,9));
#943=IFCINDEXEDPOLYGONALFACE((8,7,13,12,8));
#944=IFCINDEXEDPOLYGONALFACE((7,6,14,13,7));
#945=IFCINDEXEDPOLYGONALFACE((6,5,15,14,6));
#946=IFCINDEXEDPOLYGONALFACE((5,4,16,15,5));
#947=IFCINDEXEDPOLYGONALFACE((4,3,17,16,4));
#948=IFCINDEXEDPOLYGONALFACE((3,2,18,17,3));
#949=IFCINDEXEDPOLYGONALFACE((2,1,10,18,2));
#950=IFCPOLYGONALFACESET(#938,$,(#939,#940,#941,#942,#943,#944,#945,#946,#947,#948,#949),$);
#951=IFCSHAPEREPRESENTATION(#24,'Body','Tessellation',(#950));
#952=IFCPRODUCTDEFINITIONSHAPE($,$,(#951));
#953=IFCPROPERTYSET('1cb6TSKaT2YQf_y5F76srn',$,'Pset_Objektinformation',$,(#955,#956,#957,#958,#959,#960,#961));
#954=IFCRELDEFINESBYPROPERTIES('0KaTWmtj9C1QVTuHpea4d6',$,$,$,(#63),#953);
#955=IFCPROPERTYSINGLEVALUE('_IDEbene1',$,IFCLABEL('Gebaeude'),$);
#956=IFCPROPERTYSINGLEVALUE('_IDEbene2',$,IFCLABEL('Gebaeude'),$);
#957=IFCPROPERTYSINGLEVALUE('_IDEbene3',$,IFCLABEL('Gebaeude'),$);
#958=IFCPROPERTYSINGLEVALUE('_GebaeudeID',$,IFCLABEL('DEHHALKAP0000pve'),$);
#959=IFCPROPERTYSINGLEVALUE('_GebaeudeHoehe',$,IFCREAL(8.692),$);
#960=IFCPROPERTYSINGLEVALUE('_AnzahlDerGeschosse',$,IFCINTEGER(1),$);
#961=IFCPROPERTYSINGLEVALUE('_Postleitzahl',$,IFCLABEL('22559'),$);
#962=IFCCARTESIANPOINTLIST3D(((5.33953710447531,100.380111277103,13.872),(14.0805371045135,97.362111276947,13.872),(9.18653710454237,83.1891112765297,13.872),(-0.498462895513512,86.5331112770364,13.872),(1.2955371044809,91.7301112767309,13.872),(2.24053710454609,91.4041112763807,13.872),(5.33953710447531,100.380111277103,20.167),(2.24053710454609,91.4041112763807,20.167),(1.2955371044809,91.7301112767309,20.167),(-0.498462895513512,86.5331112770364,20.167),(9.18653710454237,83.1891112765297,20.167),(14.0805371045135,97.362111276947,20.167)));
#963=IFCINDEXEDPOLYGONALFACE((1,2,3,4,5,6,1));
#964=IFCINDEXEDPOLYGONALFACE((7,8,9,10,11,12,7));
#965=IFCINDEXEDPOLYGONALFACE((1,6,8,7,1));
#966=IFCINDEXEDPOLYGONALFACE((6,5,9,8,6));
#967=IFCINDEXEDPOLYGONALFACE((5,4,10,9,5));
#968=IFCINDEXEDPOLYGONALFACE((4,3,11,10,4));
#969=IFCINDEXEDPOLYGONALFACE((3,2,12,11,3));
#970=IFCINDEXEDPOLYGONALFACE((2,1,7,12,2));
#971=IFCPOLYGONALFACESET(#962,$,(#963,#964,#965,#966,#967,#968,#969,#970),$);
#972=IFCSHAPEREPRESENTATION(#24,'Body','Tessellation',(#971));
#973=IFCPRODUCTDEFINITIONSHAPE($,$,(#972));
#974=IFCPROPERTYSET('1J2yQEoXTCV9u_6BsO8Hej',$,'Pset_Objektinformation',$,(#976,#977,#978,#979,#980,#981,#982));
#975=IFCRELDEFINESBYPROPERTIES('2ckXkKI2T9_A9q1L01Zc3G',$,$,$,(#64),#974);
#976=IFCPROPERTYSINGLEVALUE('_IDEbene1',$,IFCLABEL('Gebaeude'),$);
#977=IFCPROPERTYSINGLEVALUE('_IDEbene2',$,IFCLABEL('Gebaeude'),$);
#978=IFCPROPERTYSINGLEVALUE('_IDEbene3',$,IFCLABEL('Gebaeude'),$);
#979=IFCPROPERTYSINGLEVALUE('_GebaeudeID',$,IFCLABEL('DEHHALKAP0000q78'),$);
#980=IFCPROPERTYSINGLEVALUE('_GebaeudeHoehe',$,IFCREAL(9.88),$);
#981=IFCPROPERTYSINGLEVALUE('_AnzahlDerGeschosse',$,IFCINTEGER(1),$);
#982=IFCPROPERTYSINGLEVALUE('_Postleitzahl',$,IFCLABEL('22559'),$);
#983=IFCCARTESIANPOINTLIST3D(((67.9425371044781,306.00411127694,12.351),(64.2095371044707,307.414111277089,12.351),(65.2015371044399,310.038111276925,12.351),(62.2925371044548,311.137111276388,12.351),(64.893537104479,318.020111276768,12.351),(71.5345371045405,315.511111277156,12.351),(67.9425371044781,306.00411127694,19.155),(71.5345371045405,315.511111277156,19.155),(64.893537104479,318.020111276768,19.155),(62.2925371044548,311.137111276388,19.155),(65.2015371044399,310.038111276925,19.155),(64.2095371044707,307.414111277089,19.155)));
#984=IFCINDEXEDPOLYGONALFACE((1,2,3,4,5,6,1));
#985=IFCINDEXEDPOLYGONALFACE((7,8,9,10,11,12,7));
#986=IFCINDEXEDPOLYGONALFACE((1,6,8,7,1));
#987=IFCINDEXEDPOLYGONALFACE((6,5,9,8,6));
#988=IFCINDEXEDPOLYGONALFACE((5,4,10,9,5));
#989=IFCINDEXEDPOLYGONALFACE((4,3,11,10,4));
#990=IFCINDEXEDPOLYGONALFACE((3,2,12,11,3));
#991=IFCINDEXEDPOLYGONALFACE((2,1,7,12,2));
#992=IFCPOLYGONALFACESET(#983,$,(#984,#985,#986,#987,#988,#989,#990,#991),$);
#993=IFCSHAPEREPRESENTATION(#24,'Body','Tessellation',(#992));
#994=IFCPRODUCTDEFINITIONSHAPE($,$,(#993));
#995=IFCPROPERTYSET('2TUGAbV890k8bnbhBktokg',$,'Pset_Objektinformation',$,(#997,#998,#999,#1000,#1001,#1002,#1003));
#996=IFCRELDEFINESBYPROPERTIES('1fG7xJwJj7cvxL5n_12yZy',$,$,$,(#65),#995);
#997=IFCPROPERTYSINGLEVALUE('_IDEbene1',$,IFCLABEL('Gebaeude'),$);
#998=IFCPROPERTYSINGLEVALUE('_IDEbene2',$,IFCLABEL('Gebaeude'),$);
#999=IFCPROPERTYSINGLEVALUE('_IDEbene3',$,IFCLABEL('Gebaeude'),$);
#1000=IFCPROPERTYSINGLEVALUE('_GebaeudeID',$,IFCLABEL('DEHHALKAP0000qF2'),$);
#1001=IFCPROPERTYSINGLEVALUE('_GebaeudeHoehe',$,IFCREAL(3.705),$);
#1002=IFCPROPERTYSINGLEVALUE('_AnzahlDerGeschosse',$,IFCINTEGER(1),$);
#1003=IFCPROPERTYSINGLEVALUE('_Postleitzahl',$,IFCLABEL('22559'),$);
#1004=IFCCARTESIANPOINTLIST3D(((114.824537104461,342.730111276731,13.97),(116.497537104529,346.315111276694,13.97),(117.793537104502,345.70811127685,13.97),(119.309537104447,348.933111276478,13.97),(120.290537104476,351.059111276641,13.97),(123.348537104437,349.648111276329,13.97),(119.214537104475,340.692111277021,13.97),(114.824537104461,342.730111276731,17.675),(119.214537104475,340.692111277021,17.675),(123.348537104437,349.648111276329,17.675),(120.290537104476,351.059111276641,17.675),(119.309537104447,348.933111276478,17.675),(117.793537104502,345.70811127685,17.675),(116.497537104529,346.315111276694,17.675)));
#1005=IFCINDEXEDPOLYGONALFACE((1,2,3,4,5,6,7,1));
#1006=IFCINDEXEDPOLYGONALFACE((8,9,10,11,12,13,14,8));
#1007=IFCINDEXEDPOLYGONALFACE((1,7,9,8,1));
#1008=IFCINDEXEDPOLYGONALFACE((7,6,10,9,7));
#1009=IFCINDEXEDPOLYGONALFACE((6,5,11,10,6));
#1010=IFCINDEXEDPOLYGONALFACE((5,4,12,11,5));
#1011=IFCINDEXEDPOLYGONALFACE((4,3,13,12,4));
#1012=IFCINDEXEDPOLYGONALFACE((3,2,14,13,3));
#1013=IFCINDEXEDPOLYGONALFACE((2,1,8,14,2));
#1014=IFCPOLYGONALFACESET(#1004,$,(#1005,#1006,#1007,#1008,#1009,#1010,#1011,#1012,#1013),$);
#1015=IFCSHAPEREPRESENTATION(#24,'Body','Tessellation',(#1014));
#1016=IFCPRODUCTDEFINITIONSHAPE($,$,(#1015));
#1017=IFCPROPERTYSET('0YeBBAaEz4Gx7KwpFWcd3h',$,'Pset_Objektinformation',$,(#1019,#1020,#1021,#1022,#1023,#1024,#1025));
#1018=IFCRELDEFINESBYPROPERTIES('2TJKsk5Iz7KOGMa95zaKhX',$,$,$,(#66),#1017);
#1019=IFCPROPERTYSINGLEVALUE('_IDEbene1',$,IFCLABEL('Gebaeude'),$);
#1020=IFCPROPERTYSINGLEVALUE('_IDEbene2',$,IFCLABEL('Gebaeude'),$);
#1021=IFCPROPERTYSINGLEVALUE('_IDEbene3',$,IFCLABEL('Gebaeude'),$);
#1022=IFCPROPERTYSINGLEVALUE('_GebaeudeID',$,IFCLABEL('DEHHALKAP0000qM9'),$);
#1023=IFCPROPERTYSINGLEVALUE('_GebaeudeHoehe',$,IFCREAL(9.),$);
#1024=IFCPROPERTYSINGLEVALUE('_AnzahlDerGeschosse',$,IFCINTEGER(1),$);
#1025=IFCPROPERTYSINGLEVALUE('_Postleitzahl',$,IFCLABEL('22559'),$);
#1026=IFCCARTESIANPOINTLIST3D(((111.249537104508,357.068111277185,13.65),(112.452537104487,359.592111276463,13.65),(111.359537104494,360.645111276768,13.65),(114.457537104492,364.245111276396,13.65),(115.317537104478,365.24611127656,13.65),(116.340537104523,364.366111276671,13.65),(117.518537104479,365.735111276619,13.65),(119.21953710448,364.274111276492,13.65),(122.774537104531,361.221111277118,13.65),(120.811537104542,358.936111276969,13.65),(119.409537104541,360.141111277044,13.65),(116.292537104455,356.378111276776,13.65),(116.782537104446,355.972111276351,13.65),(116.189537104452,354.724111276679,13.65),(111.249537104508,357.068111277185,22.65),(116.189537104452,354.724111276679,22.65),(116.782537104446,355.972111276351,22.65),(116.292537104455,356.378111276776,22.65),(119.409537104541,360.141111277044,22.65),(120.811537104542,358.936111276969,22.65),(122.774537104531,361.221111277118,22.65),(119.21953710448,364.274111276492,22.65),(117.518537104479,365.735111276619,22.65),(116.340537104523,364.366111276671,22.65),(115.317537104478,365.24611127656,22.65),(114.457537104492,364.245111276396,22.65),(111.359537104494,360.645111276768,22.65),(112.452537104487,359.592111276463,22.65)));
#1027=IFCINDEXEDPOLYGONALFACE((1,2,3,4,5,6,7,8,9,10,11,12,13,14,1));
#1028=IFCINDEXEDPOLYGONALFACE((15,16,17,18,19,20,21,22,23,24,25,26,27,28,15));
#1029=IFCINDEXEDPOLYGONALFACE((1,14,16,15,1));
#1030=IFCINDEXEDPOLYGONALFACE((14,13,17,16,14));
#1031=IFCINDEXEDPOLYGONALFACE((13,12,18,17,13));
#1032=IFCINDEXEDPOLYGONALFACE((12,11,19,18,12));
#1033=IFCINDEXEDPOLYGONALFACE((11,10,20,19,11));
#1034=IFCINDEXEDPOLYGONALFACE((10,9,21,20,10));
#1035=IFCINDEXEDPOLYGONALFACE((9,8,22,21,9));
#1036=IFCINDEXEDPOLYGONALFACE((8,7,23,22,8));
#1037=IFCINDEXEDPOLYGONALFACE((7,6,24,23,7));
#1038=IFCINDEXEDPOLYGONALFACE((6,5,25,24,6));
#1039=IFCINDEXEDPOLYGONALFACE((5,4,26,25,5));
#1040=IFCINDEXEDPOLYGONALFACE((4,3,27,26,4));
#1041=IFCINDEXEDPOLYGONALFACE((3,2,28,27,3));
#1042=IFCINDEXEDPOLYGONALFACE((2,1,15,28,2));
#1043=IFCPOLYGONALFACESET(#1026,$,(#1027,#1028,#1029,#1030,#1031,#1032,#1033,#1034,#1035,#1036,#1037,#1038,#1039,#1040,#1041,#1042),$);
#1044=IFCSHAPEREPRESENTATION(#24,'Body','Tessellation',(#1043));
#1045=IFCPRODUCTDEFINITIONSHAPE($,$,(#1044));
#1046=IFCPROPERTYSET('0NYyPLHsr2XP_vccIi995a',$,'Pset_Objektinformation',$,(#1048,#1049,#1050,#1051,#1052,#1053,#1054));
#1047=IFCRELDEFINESBYPROPERTIES('20AnqaaK59UPnLZnvKcnkd',$,$,$,(#67),#1046);
#1048=IFCPROPERTYSINGLEVALUE('_IDEbene1',$,IFCLABEL('Gebaeude'),$);
#1049=IFCPROPERTYSINGLEVALUE('_IDEbene2',$,IFCLABEL('Gebaeude'),$);
#1050=IFCPROPERTYSINGLEVALUE('_IDEbene3',$,IFCLABEL('Gebaeude'),$);
#1051=IFCPROPERTYSINGLEVALUE('_GebaeudeID',$,IFCLABEL('DEHHALKAP0000qTt'),$);
#1052=IFCPROPERTYSINGLEVALUE('_GebaeudeHoehe',$,IFCREAL(10.323),$);
#1053=IFCPROPERTYSINGLEVALUE('_AnzahlDerGeschosse',$,IFCINTEGER(1),$);
#1054=IFCPROPERTYSINGLEVALUE('_Postleitzahl',$,IFCLABEL('22559'),$);
#1055=IFCCARTESIANPOINTLIST3D(((-5.6124628954567,323.342111276463,12.258),(-4.49546289548744,329.664111277089,12.258),(0.150537104462273,328.870111276396,12.258),(0.31053710449487,329.808111276478,12.258),(4.29853710450698,329.127111276612,12.258),(4.1365371044958,328.180111276917,12.258),(8.22153710445855,327.483111276291,12.258),(7.16053710447159,321.429111276753,12.258),(7.13253710453864,321.271111276932,12.258),(-3.81946289550979,323.186111276969,12.258),(-3.84746289555915,323.028111277148,12.258),(-5.6124628954567,323.342111276463,19.826),(-3.84746289555915,323.028111277148,19.826),(-3.81946289550979,323.186111276969,19.826),(7.13253710453864,321.271111276932,19.826),(7.16053710447159,321.429111276753,19.826),(8.22153710445855,327.483111276291,19.826),(4.1365371044958,328.180111276917,19.826),(4.29853710450698,329.127111276612,19.826),(0.31053710449487,329.808111276478,19.826),(0.150537104462273,328.870111276396,19.826),(-4.49546289548744,329.664111277089,19.826)));
#1056=IFCINDEXEDPOLYGONALFACE((1,2,3,4,5,6,7,8,9,10,11,1));
#1057=IFCINDEXEDPOLYGONALFACE((12,13,14,15,16,17,18,19,20,21,22,12));
#1058=IFCINDEXEDPOLYGONALFACE((1,11,13,12,1));
#1059=IFCINDEXEDPOLYGONALFACE((11,10,14,13,11));
#1060=IFCINDEXEDPOLYGONALFACE((10,9,15,14,10));
#1061=IFCINDEXEDPOLYGONALFACE((9,8,16,15,9));
#1062=IFCINDEXEDPOLYGONALFACE((8,7,17,16,8));
#1063=IFCINDEXEDPOLYGONALFACE((7,6,18,17,7));
#1064=IFCINDEXEDPOLYGONALFACE((6,5,19,18,6));
#1065=IFCINDEXEDPOLYGONALFACE((5,4,20,19,5));
#1066=IFCINDEXEDPOLYGONALFACE((4,3,21,20,4));
#1067=IFCINDEXEDPOLYGONALFACE((3,2,22,21,3));
#1068=IFCINDEXEDPOLYGONALFACE((2,1,12,22,2));
#1069=IFCPOLYGONALFACESET(#1055,$,(#1056,#1057,#1058,#1059,#1060,#1061,#1062,#1063,#1064,#1065,#1066,#1067,#1068),$);
#1070=IFCSHAPEREPRESENTATION(#24,'Body','Tessellation',(#1069));
#1071=IFCPRODUCTDEFINITIONSHAPE($,$,(#1070));
#1072=IFCPROPERTYSET('0I0vce48D8E97fArcGfkW2',$,'Pset_Objektinformation',$,(#1074,#1075,#1076,#1077,#1078,#1079,#1080));
#1073=IFCRELDEFINESBYPROPERTIES('2xeZG7lA9BEws2CXjI2G0S',$,$,$,(#68),#1072);
#1074=IFCPROPERTYSINGLEVALUE('_IDEbene1',$,IFCLABEL('Gebaeude'),$);
#1075=IFCPROPERTYSINGLEVALUE('_IDEbene2',$,IFCLABEL('Gebaeude'),$);
#1076=IFCPROPERTYSINGLEVALUE('_IDEbene3',$,IFCLABEL('Gebaeude'),$);
#1077=IFCPROPERTYSINGLEVALUE('_GebaeudeID',$,IFCLABEL('DEHHALKAP0000q7R'),$);
#1078=IFCPROPERTYSINGLEVALUE('_GebaeudeHoehe',$,IFCREAL(5.782),$);
#1079=IFCPROPERTYSINGLEVALUE('_AnzahlDerGeschosse',$,IFCINTEGER(1),$);
#1080=IFCPROPERTYSINGLEVALUE('_Postleitzahl',$,IFCLABEL('22559'),$);
#1081=IFCCARTESIANPOINTLIST3D(((100.93053710449,102.588111276738,13.668),(105.517537104548,111.06411127653,13.668),(112.699537104461,107.176111277193,13.668),(113.585537104518,108.813111276366,13.668),(121.514537104522,104.51811127644,13.668),(116.518537104479,95.2941112769768,13.668),(108.887537104543,99.4261112771928,13.668),(108.407537104446,98.5401112763211,13.668),(100.93053710449,102.588111276738,18.338),(108.407537104446,98.5401112763211,18.338),(108.887537104543,99.4261112771928,18.338),(116.518537104479,95.2941112769768,18.338),(121.514537104522,104.51811127644,18.338),(113.585537104518,108.813111276366,18.338),(112.699537104461,107.176111277193,18.338),(105.517537104548,111.06411127653,18.338)));
#1082=IFCINDEXEDPOLYGONALFACE((1,2,3,4,5,6,7,8,1));
#1083=IFCINDEXEDPOLYGONALFACE((9,10,11,12,13,14,15,16,9));
#1084=IFCINDEXEDPOLYGONALFACE((1,8,10,9,1));
#1085=IFCINDEXEDPOLYGONALFACE((8,7,11,10,8));
#1086=IFCINDEXEDPOLYGONALFACE((7,6,12,11,7));
#1087=IFCINDEXEDPOLYGONALFACE((6,5,13,12,6));
#1088=IFCINDEXEDPOLYGONALFACE((5,4,14,13,5));
#1089=IFCINDEXEDPOLYGONALFACE((4,3,15,14,4));
#1090=IFCINDEXEDPOLYGONALFACE((3,2,16,15,3));
#1091=IFCINDEXEDPOLYGONALFACE((2,1,9,16,2));
#1092=IFCPOLYGONALFACESET(#1081,$,(#1082,#1083,#1084,#1085,#1086,#1087,#1088,#1089,#1090,#1091),$);
#1093=IFCSHAPEREPRESENTATION(#24,'Body','Tessellation',(#1092));
#1094=IFCPRODUCTDEFINITIONSHAPE($,$,(#1093));
#1095=IFCPROPERTYSET('31qA6OoVX7kvxHlfaMtodA',$,'Pset_Objektinformation',$,(#1097,#1098,#1099,#1100,#1101,#1102,#1103));
#1096=IFCRELDEFINESBYPROPERTIES('1cVqbdMgX80gmg2Icmr1wN',$,$,$,(#69),#1095);
#1097=IFCPROPERTYSINGLEVALUE('_IDEbene1',$,IFCLABEL('Gebaeude'),$);
#1098=IFCPROPERTYSINGLEVALUE('_IDEbene2',$,IFCLABEL('Gebaeude'),$);
#1099=IFCPROPERTYSINGLEVALUE('_IDEbene3',$,IFCLABEL('Gebaeude'),$);
#1100=IFCPROPERTYSINGLEVALUE('_GebaeudeID',$,IFCLABEL('DEHHALKAP0000qBr'),$);
#1101=IFCPROPERTYSINGLEVALUE('_GebaeudeHoehe',$,IFCREAL(7.167),$);
#1102=IFCPROPERTYSINGLEVALUE('_AnzahlDerGeschosse',$,IFCINTEGER(1),$);
#1103=IFCPROPERTYSINGLEVALUE('_Postleitzahl',$,IFCLABEL('22559'),$);
#1104=IFCCARTESIANPOINTLIST3D(((91.2285371044418,87.7511112764478,13.699),(97.8915371045005,85.1611112765968,13.699),(94.4575371044921,76.3181112771854,13.699),(87.7885371044977,78.889111276716,13.699),(91.2285371044418,87.7511112764478,19.094),(87.7885371044977,78.889111276716,19.094),(94.4575371044921,76.3181112771854,19.094),(97.8915371045005,85.1611112765968,19.094)));
#1105=IFCINDEXEDPOLYGONALFACE((1,2,3,4,1));
#1106=IFCINDEXEDPOLYGONALFACE((5,6,7,8,5));
#1107=IFCINDEXEDPOLYGONALFACE((1,4,6,5,1));
#1108=IFCINDEXEDPOLYGONALFACE((4,3,7,6,4));
#1109=IFCINDEXEDPOLYGONALFACE((3,2,8,7,3));
#1110=IFCINDEXEDPOLYGONALFACE((2,1,5,8,2));
#1111=IFCPOLYGONALFACESET(#1104,$,(#1105,#1106,#1107,#1108,#1109,#1110),$);
#1112=IFCSHAPEREPRESENTATION(#24,'Body','Tessellation',(#1111));
#1113=IFCPRODUCTDEFINITIONSHAPE($,$,(#1112));
#1114=IFCPROPERTYSET('1uBlYU2I189ADpxFOCc$CF',$,'Pset_Objektinformation',$,(#1116,#1117,#1118,#1119,#1120,#1121,#1122));
#1115=IFCRELDEFINESBYPROPERTIES('0zoizyLjT83w9bMO8okz2M',$,$,$,(#70),#1114);
#1116=IFCPROPERTYSINGLEVALUE('_IDEbene1',$,IFCLABEL('Gebaeude'),$);
#1117=IFCPROPERTYSINGLEVALUE('_IDEbene2',$,IFCLABEL('Gebaeude'),$);
#1118=IFCPROPERTYSINGLEVALUE('_IDEbene3',$,IFCLABEL('Gebaeude'),$);
#1119=IFCPROPERTYSINGLEVALUE('_GebaeudeID',$,IFCLABEL('DEHHALKAP0000qO8'),$);
#1120=IFCPROPERTYSINGLEVALUE('_GebaeudeHoehe',$,IFCREAL(9.912),$);
#1121=IFCPROPERTYSINGLEVALUE('_AnzahlDerGeschosse',$,IFCINTEGER(1),$);
#1122=IFCPROPERTYSINGLEVALUE('_Postleitzahl',$,IFCLABEL('22559'),$);
#1123=IFCCARTESIANPOINTLIST3D(((97.7915371045237,359.561111276969,13.564),(104.984537104494,355.936111276969,13.564),(101.342537104501,348.710111277178,13.564),(97.6605371044716,350.566111276858,13.564),(97.2095371044707,349.670111277141,13.564),(95.0915371044539,350.737111276947,13.564),(95.5435371045023,351.634111276828,13.564),(94.0425371044548,352.391111277044,13.564),(94.2025371044874,352.709111277014,13.564),(93.0345371045405,353.296111276373,13.564),(94.2875371044502,355.780111276545,13.564),(95.5605371044949,355.138111276552,13.564),(97.7915371045237,359.561111276969,21.091),(95.5605371044949,355.138111276552,21.091),(94.2875371044502,355.780111276545,21.091),(93.0345371045405,353.296111276373,21.091),(94.2025371044874,352.709111277014,21.091),(94.0425371044548,352.391111277044,21.091),(95.5435371045023,351.634111276828,21.091),(95.0915371044539,350.737111276947,21.091),(97.2095371044707,349.670111277141,21.091),(97.6605371044716,350.566111276858,21.091),(101.342537104501,348.710111277178,21.091),(104.984537104494,355.936111276969,21.091)));
#1124=IFCINDEXEDPOLYGONALFACE((1,2,3,4,5,6,7,8,9,10,11,12,1));
#1125=IFCINDEXEDPOLYGONALFACE((13,14,15,16,17,18,19,20,21,22,23,24,13));
#1126=IFCINDEXEDPOLYGONALFACE((1,12,14,13,1));
#1127=IFCINDEXEDPOLYGONALFACE((12,11,15,14,12));
#1128=IFCINDEXEDPOLYGONALFACE((11,10,16,15,11));
#1129=IFCINDEXEDPOLYGONALFACE((10,9,17,16,10));
#1130=IFCINDEXEDPOLYGONALFACE((9,8,18,17,9));
#1131=IFCINDEXEDPOLYGONALFACE((8,7,19,18,8));
#1132=IFCINDEXEDPOLYGONALFACE((7,6,20,19,7));
#1133=IFCINDEXEDPOLYGONALFACE((6,5,21,20,6));
#1134=IFCINDEXEDPOLYGONALFACE((5,4,22,21,5));
#1135=IFCINDEXEDPOLYGONALFACE((4,3,23,22,4));
#1136=IFCINDEXEDPOLYGONALFACE((3,2,24,23,3));
#1137=IFCINDEXEDPOLYGONALFACE((2,1,13,24,2));
#1138=IFCPOLYGONALFACESET(#1123,$,(#1124,#1125,#1126,#1127,#1128,#1129,#1130,#1131,#1132,#1133,#1134,#1135,#1136,#1137),$);
#1139=IFCSHAPEREPRESENTATION(#24,'Body','Tessellation',(#1138));
#1140=IFCPRODUCTDEFINITIONSHAPE($,$,(#1139));
#1141=IFCPROPERTYSET('3JIo3d01PD69I5twbeos0q',$,'Pset_Objektinformation',$,(#1143,#1144,#1145,#1146,#1147,#1148,#1149));
#1142=IFCRELDEFINESBYPROPERTIES('2UiQQ263PDWBeoEuohbhtT',$,$,$,(#71),#1141);
#1143=IFCPROPERTYSINGLEVALUE('_IDEbene1',$,IFCLABEL('Gebaeude'),$);
#1144=IFCPROPERTYSINGLEVALUE('_IDEbene2',$,IFCLABEL('Gebaeude'),$);
#1145=IFCPROPERTYSINGLEVALUE('_IDEbene3',$,IFCLABEL('Gebaeude'),$);
#1146=IFCPROPERTYSINGLEVALUE('_GebaeudeID',$,IFCLABEL('DEHHALKAP0000qIA'),$);
#1147=IFCPROPERTYSINGLEVALUE('_GebaeudeHoehe',$,IFCREAL(7.569),$);
#1148=IFCPROPERTYSINGLEVALUE('_AnzahlDerGeschosse',$,IFCINTEGER(1),$);
#1149=IFCPROPERTYSINGLEVALUE('_Postleitzahl',$,IFCLABEL('22559'),$);
#1150=IFCCARTESIANPOINTLIST3D(((111.894537104527,167.332111276686,13.731),(120.867537104525,169.195111276582,13.731),(122.542537104455,161.133111276664,13.731),(123.965537104523,161.428111276589,13.731),(125.463537104544,154.231111276895,13.731),(116.672537104459,152.404111276381,13.731),(115.20153710444,159.478111276403,13.731),(113.59453710448,159.144111276604,13.731),(111.894537104527,167.332111276686,20.195),(113.59453710448,159.144111276604,20.195),(115.20153710444,159.478111276403,20.195),(116.672537104459,152.404111276381,20.195),(125.463537104544,154.231111276895,20.195),(123.965537104523,161.428111276589,20.195),(122.542537104455,161.133111276664,20.195),(120.867537104525,169.195111276582,20.195)));
#1151=IFCINDEXEDPOLYGONALFACE((1,2,3,4,5,6,7,8,1));
#1152=IFCINDEXEDPOLYGONALFACE((9,10,11,12,13,14,15,16,9));
#1153=IFCINDEXEDPOLYGONALFACE((1,8,10,9,1));
#1154=IFCINDEXEDPOLYGONALFACE((8,7,11,10,8));
#1155=IFCINDEXEDPOLYGONALFACE((7,6,12,11,7));
#1156=IFCINDEXEDPOLYGONALFACE((6,5,13,12,6));
#1157=IFCINDEXEDPOLYGONALFACE((5,4,14,13,5));
#1158=IFCINDEXEDPOLYGONALFACE((4,3,15,14,4));
#1159=IFCINDEXEDPOLYGONALFACE((3,2,16,15,3));
#1160=IFCINDEXEDPOLYGONALFACE((2,1,9,16,2));
#1161=IFCPOLYGONALFACESET(#1150,$,(#1151,#1152,#1153,#1154,#1155,#1156,#1157,#1158,#1159,#1160),$);
#1162=IFCSHAPEREPRESENTATION(#24,'Body','Tessellation',(#1161));
#1163=IFCPRODUCTDEFINITIONSHAPE($,$,(#1162));
#1164=IFCPROPERTYSET('1fT7DYpOr2CRiV9BnK09xH',$,'Pset_Objektinformation',$,(#1166,#1167,#1168,#1169,#1170,#1171,#1172));
#1165=IFCRELDEFINESBYPROPERTIES('0SfaD1Vin0qQxJDP5R2nCP',$,$,$,(#72),#1164);
#1166=IFCPROPERTYSINGLEVALUE('_IDEbene1',$,IFCLABEL('Gebaeude'),$);
#1167=IFCPROPERTYSINGLEVALUE('_IDEbene2',$,IFCLABEL('Gebaeude'),$);
#1168=IFCPROPERTYSINGLEVALUE('_IDEbene3',$,IFCLABEL('Gebaeude'),$);
#1169=IFCPROPERTYSINGLEVALUE('_GebaeudeID',$,IFCLABEL('DEHHALKAP0000qRl'),$);
#1170=IFCPROPERTYSINGLEVALUE('_GebaeudeHoehe',$,IFCREAL(2.167),$);
#1171=IFCPROPERTYSINGLEVALUE('_AnzahlDerGeschosse',$,IFCINTEGER(1),$);
#1172=IFCPROPERTYSINGLEVALUE('_Postleitzahl',$,IFCLABEL('22559'),$);
#1173=IFCCARTESIANPOINTLIST3D(((51.9225371044595,303.128111276776,12.189),(57.2135371045442,310.926111277193,12.189),(59.7085371045396,309.235111276619,12.189),(54.4165371045237,301.436111276969,12.189),(51.9225371044595,303.128111276776,14.357),(54.4165371045237,301.436111276969,14.357),(59.7085371045396,309.235111276619,14.357),(57.2135371045442,310.926111277193,14.357)));
#1174=IFCINDEXEDPOLYGONALFACE((1,2,3,4,1));
#1175=IFCINDEXEDPOLYGONALFACE((5,6,7,8,5));
#1176=IFCINDEXEDPOLYGONALFACE((1,4,6,5,1));
#1177=IFCINDEXEDPOLYGONALFACE((4,3,7,6,4));
#1178=IFCINDEXEDPOLYGONALFACE((3,2,8,7,3));
#1179=IFCINDEXEDPOLYGONALFACE((2,1,5,8,2));
#1180=IFCPOLYGONALFACESET(#1173,$,(#1174,#1175,#1176,#1177,#1178,#1179),$);
#1181=IFCSHAPEREPRESENTATION(#24,'Body','Tessellation',(#1180));
#1182=IFCPRODUCTDEFINITIONSHAPE($,$,(#1181));
#1183=IFCPROPERTYSET('08$5A$fT572BLUKnAANDKT',$,'Pset_Objektinformation',$,(#1185,#1186,#1187,#1188,#1189,#1190,#1191));
#1184=IFCRELDEFINESBYPROPERTIES('3N403Z8Oz5Jex9eaLD7$EY',$,$,$,(#73),#1183);
#1185=IFCPROPERTYSINGLEVALUE('_IDEbene1',$,IFCLABEL('Gebaeude'),$);
#1186=IFCPROPERTYSINGLEVALUE('_IDEbene2',$,IFCLABEL('Gebaeude'),$);
#1187=IFCPROPERTYSINGLEVALUE('_IDEbene3',$,IFCLABEL('Gebaeude'),$);
#1188=IFCPROPERTYSINGLEVALUE('_GebaeudeID',$,IFCLABEL('DEHHALKAP0000qsw'),$);
#1189=IFCPROPERTYSINGLEVALUE('_GebaeudeHoehe',$,IFCREAL(10.188),$);
#1190=IFCPROPERTYSINGLEVALUE('_AnzahlDerGeschosse',$,IFCINTEGER(1),$);
#1191=IFCPROPERTYSINGLEVALUE('_Postleitzahl',$,IFCLABEL('22559'),$);
#1192=IFCCARTESIANPOINTLIST3D(((17.8345371044707,343.303111276589,12.401),(16.5595371044474,337.6321112765,12.401),(16.5085371044697,337.454111277126,12.401),(5.74053710454609,340.218111276627,12.401),(5.69753710448276,340.054111276753,12.401),(3.82353710453026,340.549111276865,12.401),(5.4555371045135,346.554111276753,12.401),(10.1905371044995,345.317111277021,12.401),(10.4645371044753,346.362111276947,12.401),(14.4525371044874,345.319111276418,12.401),(14.1745371044381,344.260111276992,12.401),(17.8345371044707,343.303111276589,20.),(14.1745371044381,344.260111276992,20.),(14.4525371044874,345.319111276418,20.),(10.4645371044753,346.362111276947,20.),(10.1905371044995,345.317111277021,20.),(5.4555371045135,346.554111276753,20.),(3.82353710453026,340.549111276865,20.),(5.69753710448276,340.054111276753,20.),(5.74053710454609,340.218111276627,20.),(16.5085371044697,337.454111277126,20.),(16.5595371044474,337.6321112765,20.)));
#1193=IFCINDEXEDPOLYGONALFACE((1,2,3,4,5,6,7,8,9,10,11,1));
#1194=IFCINDEXEDPOLYGONALFACE((12,13,14,15,16,17,18,19,20,21,22,12));
#1195=IFCINDEXEDPOLYGONALFACE((1,11,13,12,1));
#1196=IFCINDEXEDPOLYGONALFACE((11,10,14,13,11));
#1197=IFCINDEXEDPOLYGONALFACE((10,9,15,14,10));
#1198=IFCINDEXEDPOLYGONALFACE((9,8,16,15,9));
#1199=IFCINDEXEDPOLYGONALFACE((8,7,17,16,8));
#1200=IFCINDEXEDPOLYGONALFACE((7,6,18,17,7));
#1201=IFCINDEXEDPOLYGONALFACE((6,5,19,18,6));
#1202=IFCINDEXEDPOLYGONALFACE((5,4,20,19,5));
#1203=IFCINDEXEDPOLYGONALFACE((4,3,21,20,4));
#1204=IFCINDEXEDPOLYGONALFACE((3,2,22,21,3));
#1205=IFCINDEXEDPOLYGONALFACE((2,1,12,22,2));
#1206=IFCPOLYGONALFACESET(#1192,$,(#1193,#1194,#1195,#1196,#1197,#1198,#1199,#1200,#1201,#1202,#1203,#1204,#1205),$);
#1207=IFCSHAPEREPRESENTATION(#24,'Body','Tessellation',(#1206));
#1208=IFCPRODUCTDEFINITIONSHAPE($,$,(#1207));
#1209=IFCPROPERTYSET('2yri90OVnF9QF103AIOWtN',$,'Pset_Objektinformation',$,(#1211,#1212,#1213,#1214,#1215,#1216,#1217));
#1210=IFCRELDEFINESBYPROPERTIES('3CKZYCbNb9jewH5_5f18vR',$,$,$,(#74),#1209);
#1211=IFCPROPERTYSINGLEVALUE('_IDEbene1',$,IFCLABEL('Gebaeude'),$);
#1212=IFCPROPERTYSINGLEVALUE('_IDEbene2',$,IFCLABEL('Gebaeude'),$);
#1213=IFCPROPERTYSINGLEVALUE('_IDEbene3',$,IFCLABEL('Gebaeude'),$);
#1214=IFCPROPERTYSINGLEVALUE('_GebaeudeID',$,IFCLABEL('DEHHALKAP0000pwi'),$);
#1215=IFCPROPERTYSINGLEVALUE('_GebaeudeHoehe',$,IFCREAL(2.236),$);
#1216=IFCPROPERTYSINGLEVALUE('_AnzahlDerGeschosse',$,IFCINTEGER(1),$);
#1217=IFCPROPERTYSINGLEVALUE('_Postleitzahl',$,IFCLABEL('22559'),$);
#1218=IFCCARTESIANPOINTLIST3D(((101.423537104507,59.6781112765893,13.386),(103.262537104543,65.2311112768948,13.386),(106.497537104529,64.1591112772003,13.386),(104.658537104493,58.6071112770587,13.386),(101.423537104507,59.6781112765893,15.623),(104.658537104493,58.6071112770587,15.623),(106.497537104529,64.1591112772003,15.623),(103.262537104543,65.2311112768948,15.623)));
#1219=IFCINDEXEDPOLYGONALFACE((1,2,3,4,1));
#1220=IFCINDEXEDPOLYGONALFACE((5,6,7,8,5));
#1221=IFCINDEXEDPOLYGONALFACE((1,4,6,5,1));
#1222=IFCINDEXEDPOLYGONALFACE((4,3,7,6,4));
#1223=IFCINDEXEDPOLYGONALFACE((3,2,8,7,3));
#1224=IFCINDEXEDPOLYGONALFACE((2,1,5,8,2));
#1225=IFCPOLYGONALFACESET(#1218,$,(#1219,#1220,#1221,#1222,#1223,#1224),$);
#1226=IFCSHAPEREPRESENTATION(#24,'Body','Tessellation',(#1225));
#1227=IFCPRODUCTDEFINITIONSHAPE($,$,(#1226));
#1228=IFCPROPERTYSET('1M52TGF$r68O017LSduMKa',$,'Pset_Objektinformation',$,(#1230,#1231,#1232,#1233,#1234,#1235,#1236));
#1229=IFCRELDEFINESBYPROPERTIES('3h$dvuGBjBgvmn2UPJR25y',$,$,$,(#75),#1228);
#1230=IFCPROPERTYSINGLEVALUE('_IDEbene1',$,IFCLABEL('Gebaeude'),$);
#1231=IFCPROPERTYSINGLEVALUE('_IDEbene2',$,IFCLABEL('Gebaeude'),$);
#1232=IFCPROPERTYSINGLEVALUE('_IDEbene3',$,IFCLABEL('Gebaeude'),$);
#1233=IFCPROPERTYSINGLEVALUE('_GebaeudeID',$,IFCLABEL('DEHHALKAP0000qjB'),$);
#1234=IFCPROPERTYSINGLEVALUE('_GebaeudeHoehe',$,IFCREAL(9.754),$);
#1235=IFCPROPERTYSINGLEVALUE('_AnzahlDerGeschosse',$,IFCINTEGER(1),$);
#1236=IFCPROPERTYSINGLEVALUE('_Postleitzahl',$,IFCLABEL('22559'),$);
#1237=IFCCARTESIANPOINTLIST3D(((55.1195371045033,461.416111276485,12.683),(56.8835371044697,465.705111276358,12.683),(55.6345371045172,466.21911127679,12.683),(58.7705371044576,473.846111277118,12.683),(61.6815371045377,472.650111276656,12.683),(62.3465371044585,474.26811127644,12.683),(67.0595371044474,472.329111277126,12.683),(66.3945371045265,470.712111276574,12.683),(69.2475371045293,469.538111276925,12.683),(67.8955371044576,466.248111276887,12.683),(66.1085371044464,461.903111277148,12.683),(64.8695371045033,462.411111276597,12.683),(63.1095371044939,458.131111276336,12.683),(55.1195371045033,461.416111276485,21.),(63.1095371044939,458.131111276336,21.),(64.8695371045033,462.411111276597,21.),(66.1085371044464,461.903111277148,21.),(67.8955371044576,466.248111276887,21.),(69.2475371045293,469.538111276925,21.),(66.3945371045265,470.712111276574,21.),(67.0595371044474,472.329111277126,21.),(62.3465371044585,474.26811127644,21.),(61.6815371045377,472.650111276656,21.),(58.7705371044576,473.846111277118,21.),(55.6345371045172,466.21911127679,21.),(56.8835371044697,465.705111276358,21.)));
#1238=IFCINDEXEDPOLYGONALFACE((1,2,3,4,5,6,7,8,9,10,11,12,13,1));
#1239=IFCINDEXEDPOLYGONALFACE((14,15,16,17,18,19,20,21,22,23,24,25,26,14));
#1240=IFCINDEXEDPOLYGONALFACE((1,13,15,14,1));
#1241=IFCINDEXEDPOLYGONALFACE((13,12,16,15,13));
#1242=IFCINDEXEDPOLYGONALFACE((12,11,17,16,12));
#1243=IFCINDEXEDPOLYGONALFACE((11,10,18,17,11));
#1244=IFCINDEXEDPOLYGONALFACE((10,9,19,18,10));
#1245=IFCINDEXEDPOLYGONALFACE((9,8,20,19,9));
#1246=IFCINDEXEDPOLYGONALFACE((8,7,21,20,8));
#1247=IFCINDEXEDPOLYGONALFACE((7,6,22,21,7));
#1248=IFCINDEXEDPOLYGONALFACE((6,5,23,22,6));
#1249=IFCINDEXEDPOLYGONALFACE((5,4,24,23,5));
#1250=IFCINDEXEDPOLYGONALFACE((4,3,25,24,4));
#1251=IFCINDEXEDPOLYGONALFACE((3,2,26,25,3));
#1252=IFCINDEXEDPOLYGONALFACE((2,1,14,26,2));
#1253=IFCPOLYGONALFACESET(#1237,$,(#1238,#1239,#1240,#1241,#1242,#1243,#1244,#1245,#1246,#1247,#1248,#1249,#1250,#1251,#1252),$);
#1254=IFCSHAPEREPRESENTATION(#24,'Body','Tessellation',(#1253));
#1255=IFCPRODUCTDEFINITIONSHAPE($,$,(#1254));
#1256=IFCPROPERTYSET('2wojqTtDf9xAsxasZhzLUz',$,'Pset_Objektinformation',$,(#1258,#1259,#1260,#1261,#1262,#1263,#1264));
#1257=IFCRELDEFINESBYPROPERTIES('1p2NEEQNzAzhcPISKUjqFa',$,$,$,(#76),#1256);
#1258=IFCPROPERTYSINGLEVALUE('_IDEbene1',$,IFCLABEL('Gebaeude'),$);
#1259=IFCPROPERTYSINGLEVALUE('_IDEbene2',$,IFCLABEL('Gebaeude'),$);
#1260=IFCPROPERTYSINGLEVALUE('_IDEbene3',$,IFCLABEL('Gebaeude'),$);
#1261=IFCPROPERTYSINGLEVALUE('_GebaeudeID',$,IFCLABEL('DEHHALKAP0000q17'),$);
#1262=IFCPROPERTYSINGLEVALUE('_GebaeudeHoehe',$,IFCREAL(10.206),$);
#1263=IFCPROPERTYSINGLEVALUE('_AnzahlDerGeschosse',$,IFCINTEGER(1),$);
#1264=IFCPROPERTYSINGLEVALUE('_Postleitzahl',$,IFCLABEL('22559'),$);
#1265=IFCCARTESIANPOINTLIST3D(((-4.76246289547998,317.574111276306,12.334),(-3.84746289555915,323.028111277148,12.334),(-3.81946289550979,323.186111276969,12.334),(7.13253710453864,321.271111276932,12.334),(7.16053710447159,321.429111276753,12.334),(8.81653710454702,321.138111276552,12.334),(7.91553710447624,315.346111277118,12.334),(3.91553710447624,316.051111277193,12.334),(3.74653710448183,315.093111276627,12.334),(-0.24946289556101,315.798111276701,12.334),(-0.0824628955451772,316.750111276284,12.334),(-4.76246289547998,317.574111276306,20.14),(-0.0824628955451772,316.750111276284,20.14),(-0.24946289556101,315.798111276701,20.14),(3.74653710448183,315.093111276627,20.14),(3.91553710447624,316.051111277193,20.14),(7.91553710447624,315.346111277118,20.14),(8.81653710454702,321.138111276552,20.14),(7.16053710447159,321.429111276753,20.14),(7.13253710453864,321.271111276932,20.14),(-3.81946289550979,323.186111276969,20.14),(-3.84746289555915,323.028111277148,20.14)));
#1266=IFCINDEXEDPOLYGONALFACE((1,2,3,4,5,6,7,8,9,10,11,1));
#1267=IFCINDEXEDPOLYGONALFACE((12,13,14,15,16,17,18,19,20,21,22,12));
#1268=IFCINDEXEDPOLYGONALFACE((1,11,13,12,1));
#1269=IFCINDEXEDPOLYGONALFACE((11,10,14,13,11));
#1270=IFCINDEXEDPOLYGONALFACE((10,9,15,14,10));
#1271=IFCINDEXEDPOLYGONALFACE((9,8,16,15,9));
#1272=IFCINDEXEDPOLYGONALFACE((8,7,17,16,8));
#1273=IFCINDEXEDPOLYGONALFACE((7,6,18,17,7));
#1274=IFCINDEXEDPOLYGONALFACE((6,5,19,18,6));
#1275=IFCINDEXEDPOLYGONALFACE((5,4,20,19,5));
#1276=IFCINDEXEDPOLYGONALFACE((4,3,21,20,4));
#1277=IFCINDEXEDPOLYGONALFACE((3,2,22,21,3));
#1278=IFCINDEXEDPOLYGONALFACE((2,1,12,22,2));
#1279=IFCPOLYGONALFACESET(#1265,$,(#1266,#1267,#1268,#1269,#1270,#1271,#1272,#1273,#1274,#1275,#1276,#1277,#1278),$);
#1280=IFCSHAPEREPRESENTATION(#24,'Body','Tessellation',(#1279));
#1281=IFCPRODUCTDEFINITIONSHAPE($,$,(#1280));
#1282=IFCPROPERTYSET('13H5XiP$H0dwcUCG_2Swm6',$,'Pset_Objektinformation',$,(#1284,#1285,#1286,#1287,#1288,#1289,#1290));
#1283=IFCRELDEFINESBYPROPERTIES('1d9j2_mKr8J9YQYAyLxiCG',$,$,$,(#77),#1282);
#1284=IFCPROPERTYSINGLEVALUE('_IDEbene1',$,IFCLABEL('Gebaeude'),$);
#1285=IFCPROPERTYSINGLEVALUE('_IDEbene2',$,IFCLABEL('Gebaeude'),$);
#1286=IFCPROPERTYSINGLEVALUE('_IDEbene3',$,IFCLABEL('Gebaeude'),$);
#1287=IFCPROPERTYSINGLEVALUE('_GebaeudeID',$,IFCLABEL('DEHHALKAP0000pwI'),$);
#1288=IFCPROPERTYSINGLEVALUE('_GebaeudeHoehe',$,IFCREAL(5.72),$);
#1289=IFCPROPERTYSINGLEVALUE('_AnzahlDerGeschosse',$,IFCINTEGER(1),$);
#1290=IFCPROPERTYSINGLEVALUE('_Postleitzahl',$,IFCLABEL('22559'),$);
#1291=IFCCARTESIANPOINTLIST3D(((49.3615371044725,95.8241112763062,13.578),(51.9315371045377,102.051111277193,13.578),(54.7755371044623,100.874111277051,13.578),(52.1935371045256,94.6511112768203,13.578),(49.3615371044725,95.8241112763062,18.335),(52.1935371045256,94.6511112768203,18.335),(54.7755371044623,100.874111277051,18.335),(51.9315371045377,102.051111277193,18.335)));
#1292=IFCINDEXEDPOLYGONALFACE((1,2,3,4,1));
#1293=IFCINDEXEDPOLYGONALFACE((5,6,7,8,5));
#1294=IFCINDEXEDPOLYGONALFACE((1,4,6,5,1));
#1295=IFCINDEXEDPOLYGONALFACE((4,3,7,6,4));
#1296=IFCINDEXEDPOLYGONALFACE((3,2,8,7,3));
#1297=IFCINDEXEDPOLYGONALFACE((2,1,5,8,2));
#1298=IFCPOLYGONALFACESET(#1291,$,(#1292,#1293,#1294,#1295,#1296,#1297),$);
#1299=IFCSHAPEREPRESENTATION(#24,'Body','Tessellation',(#1298));
#1300=IFCPRODUCTDEFINITIONSHAPE($,$,(#1299));
#1301=IFCPROPERTYSET('1oJBDMslr3OwezgaQBchy2',$,'Pset_Objektinformation',$,(#1303,#1304,#1305,#1306,#1307,#1308,#1309));
#1302=IFCRELDEFINESBYPROPERTIES('2zfa7KfVjAOBPclEnm9GPS',$,$,$,(#78),#1301);
#1303=IFCPROPERTYSINGLEVALUE('_IDEbene1',$,IFCLABEL('Gebaeude'),$);
#1304=IFCPROPERTYSINGLEVALUE('_IDEbene2',$,IFCLABEL('Gebaeude'),$);
#1305=IFCPROPERTYSINGLEVALUE('_IDEbene3',$,IFCLABEL('Gebaeude'),$);
#1306=IFCPROPERTYSINGLEVALUE('_GebaeudeID',$,IFCLABEL('DEHHALKAP0000qf0'),$);
#1307=IFCPROPERTYSINGLEVALUE('_GebaeudeHoehe',$,IFCREAL(10.519),$);
#1308=IFCPROPERTYSINGLEVALUE('_AnzahlDerGeschosse',$,IFCINTEGER(2),$);
#1309=IFCPROPERTYSINGLEVALUE('_Postleitzahl',$,IFCLABEL('22559'),$);
#1310=IFCCARTESIANPOINTLIST3D(((109.359537104494,221.702111276798,11.648),(114.07653710444,230.948111277074,11.648),(130.118537104456,222.764111276716,11.648),(125.400537104462,213.517111277208,11.648),(109.359537104494,221.702111276798,21.238),(125.400537104462,213.517111277208,21.238),(130.118537104456,222.764111276716,21.238),(114.07653710444,230.948111277074,21.238)));
#1311=IFCINDEXEDPOLYGONALFACE((1,2,3,4,1));
#1312=IFCINDEXEDPOLYGONALFACE((5,6,7,8,5));
#1313=IFCINDEXEDPOLYGONALFACE((1,4,6,5,1));
#1314=IFCINDEXEDPOLYGONALFACE((4,3,7,6,4));
#1315=IFCINDEXEDPOLYGONALFACE((3,2,8,7,3));
#1316=IFCINDEXEDPOLYGONALFACE((2,1,5,8,2));
#1317=IFCPOLYGONALFACESET(#1310,$,(#1311,#1312,#1313,#1314,#1315,#1316),$);
#1318=IFCSHAPEREPRESENTATION(#24,'Body','Tessellation',(#1317));
#1319=IFCPRODUCTDEFINITIONSHAPE($,$,(#1318));
#1320=IFCPROPERTYSET('3hRfH2Hdn2QQu4hzW9umnq',$,'Pset_Objektinformation',$,(#1322,#1323,#1324,#1325,#1326,#1327,#1328));
#1321=IFCRELDEFINESBYPROPERTIES('1tGnS2EQD2_ee69mJIs7BH',$,$,$,(#79),#1320);
#1322=IFCPROPERTYSINGLEVALUE('_IDEbene1',$,IFCLABEL('Gebaeude'),$);
#1323=IFCPROPERTYSINGLEVALUE('_IDEbene2',$,IFCLABEL('Gebaeude'),$);
#1324=IFCPROPERTYSINGLEVALUE('_IDEbene3',$,IFCLABEL('Gebaeude'),$);
#1325=IFCPROPERTYSINGLEVALUE('_GebaeudeID',$,IFCLABEL('DEHHALKAP0000qVr'),$);
#1326=IFCPROPERTYSINGLEVALUE('_GebaeudeHoehe',$,IFCREAL(9.548),$);
#1327=IFCPROPERTYSINGLEVALUE('_AnzahlDerGeschosse',$,IFCINTEGER(1),$);
#1328=IFCPROPERTYSINGLEVALUE('_Postleitzahl',$,IFCLABEL('22559'),$);
#1329=IFCCARTESIANPOINTLIST3D(((69.2615371044958,64.5231112763286,13.723),(71.3015371045331,74.076111276634,13.723),(81.673537104507,71.8651112765074,13.723),(80.8575371045154,68.0311112767085,13.723),(80.7775371044409,68.0481112767011,13.723),(80.4975371045293,66.7281112764031,13.723),(78.1885371045209,67.2161112762988,13.723),(77.2665371045005,62.8401112770662,13.723),(69.2615371044958,64.5231112763286,21.214),(77.2665371045005,62.8401112770662,21.214),(78.1885371045209,67.2161112762988,21.214),(80.4975371045293,66.7281112764031,21.214),(80.7775371044409,68.0481112767011,21.214),(80.8575371045154,68.0311112767085,21.214),(81.673537104507,71.8651112765074,21.214),(71.3015371045331,74.076111276634,21.214)));
#1330=IFCINDEXEDPOLYGONALFACE((1,2,3,4,5,6,7,8,1));
#1331=IFCINDEXEDPOLYGONALFACE((9,10,11,12,13,14,15,16,9));
#1332=IFCINDEXEDPOLYGONALFACE((1,8,10,9,1));
#1333=IFCINDEXEDPOLYGONALFACE((8,7,11,10,8));
#1334=IFCINDEXEDPOLYGONALFACE((7,6,12,11,7));
#1335=IFCINDEXEDPOLYGONALFACE((6,5,13,12,6));
#1336=IFCINDEXEDPOLYGONALFACE((5,4,14,13,5));
#1337=IFCINDEXEDPOLYGONALFACE((4,3,15,14,4));
#1338=IFCINDEXEDPOLYGONALFACE((3,2,16,15,3));
#1339=IFCINDEXEDPOLYGONALFACE((2,1,9,16,2));
#1340=IFCPOLYGONALFACESET(#1329,$,(#1330,#1331,#1332,#1333,#1334,#1335,#1336,#1337,#1338,#1339),$);
#1341=IFCSHAPEREPRESENTATION(#24,'Body','Tessellation',(#1340));
#1342=IFCPRODUCTDEFINITIONSHAPE($,$,(#1341));
#1343=IFCPROPERTYSET('3H_NQh7Rv27B2Yrgr_YVnT',$,'Pset_Objektinformation',$,(#1345,#1346,#1347,#1348,#1349,#1350,#1351));
#1344=IFCRELDEFINESBYPROPERTIES('0sj6Udjaz0ZuOagHTn_gvw',$,$,$,(#80),#1343);
#1345=IFCPROPERTYSINGLEVALUE('_IDEbene1',$,IFCLABEL('Gebaeude'),$);
#1346=IFCPROPERTYSINGLEVALUE('_IDEbene2',$,IFCLABEL('Gebaeude'),$);
#1347=IFCPROPERTYSINGLEVALUE('_IDEbene3',$,IFCLABEL('Gebaeude'),$);
#1348=IFCPROPERTYSINGLEVALUE('_GebaeudeID',$,IFCLABEL('DEHHALKAP0000qb3'),$);
#1349=IFCPROPERTYSINGLEVALUE('_GebaeudeHoehe',$,IFCREAL(8.695),$);
#1350=IFCPROPERTYSINGLEVALUE('_AnzahlDerGeschosse',$,IFCINTEGER(1),$);
#1351=IFCPROPERTYSINGLEVALUE('_Postleitzahl',$,IFCLABEL('22559'),$);
#1352=IFCCARTESIANPOINTLIST3D(((81.0295371045358,77.9071112768725,13.646),(73.4855371045414,80.6481112763286,13.646),(74.6905371044995,83.9641112769023,13.646),(67.4265371045331,86.6021112771705,13.646),(70.5045371045126,95.0741112763062,13.646),(81.941537104547,90.9201112771407,13.646),(79.2645371045219,83.5471112765372,13.646),(82.6345371045172,82.3231112770736,13.646),(81.0295371045358,77.9071112768725,19.755),(82.6345371045172,82.3231112770736,19.755),(79.2645371045219,83.5471112765372,19.755),(81.941537104547,90.9201112771407,19.755),(70.5045371045126,95.0741112763062,19.755),(67.4265371045331,86.6021112771705,19.755),(74.6905371044995,83.9641112769023,19.755),(73.4855371045414,80.6481112763286,19.755)));
#1353=IFCINDEXEDPOLYGONALFACE((1,2,3,4,5,6,7,8,1));
#1354=IFCINDEXEDPOLYGONALFACE((9,10,11,12,13,14,15,16,9));
#1355=IFCINDEXEDPOLYGONALFACE((1,8,10,9,1));
#1356=IFCINDEXEDPOLYGONALFACE((8,7,11,10,8));
#1357=IFCINDEXEDPOLYGONALFACE((7,6,12,11,7));
#1358=IFCINDEXEDPOLYGONALFACE((6,5,13,12,6));
#1359=IFCINDEXEDPOLYGONALFACE((5,4,14,13,5));
#1360=IFCINDEXEDPOLYGONALFACE((4,3,15,14,4));
#1361=IFCINDEXEDPOLYGONALFACE((3,2,16,15,3));
#1362=IFCINDEXEDPOLYGONALFACE((2,1,9,16,2));
#1363=IFCPOLYGONALFACESET(#1352,$,(#1353,#1354,#1355,#1356,#1357,#1358,#1359,#1360,#1361,#1362),$);
#1364=IFCSHAPEREPRESENTATION(#24,'Body','Tessellation',(#1363));
#1365=IFCPRODUCTDEFINITIONSHAPE($,$,(#1364));
#1366=IFCPROPERTYSET('0f4qVgzRr4d8iPHFczn$Zb',$,'Pset_Objektinformation',$,(#1368,#1369,#1370,#1371,#1372,#1373,#1374));
#1367=IFCRELDEFINESBYPROPERTIES('0y2S00Le1DbBjC6sE8GeBc',$,$,$,(#81),#1366);
#1368=IFCPROPERTYSINGLEVALUE('_IDEbene1',$,IFCLABEL('Gebaeude'),$);
#1369=IFCPROPERTYSINGLEVALUE('_IDEbene2',$,IFCLABEL('Gebaeude'),$);
#1370=IFCPROPERTYSINGLEVALUE('_IDEbene3',$,IFCLABEL('Gebaeude'),$);
#1371=IFCPROPERTYSINGLEVALUE('_GebaeudeID',$,IFCLABEL('DEHHALKAP0000q9H'),$);
#1372=IFCPROPERTYSINGLEVALUE('_GebaeudeHoehe',$,IFCREAL(10.754),$);
#1373=IFCPROPERTYSINGLEVALUE('_AnzahlDerGeschosse',$,IFCINTEGER(2),$);
#1374=IFCPROPERTYSINGLEVALUE('_Postleitzahl',$,IFCLABEL('22559'),$);
#1375=IFCCARTESIANPOINTLIST3D(((-1.45146289549302,12.2081112768501,13.93),(8.70153710443992,9.51611127704382,13.93),(7.22153710445855,3.95111127663404,13.93),(-2.91846289555542,6.65611127670854,13.93),(-1.45146289549302,12.2081112768501,22.179),(-2.91846289555542,6.65611127670854,22.179),(7.22153710445855,3.95111127663404,22.179),(8.70153710443992,9.51611127704382,22.179)));
#1376=IFCINDEXEDPOLYGONALFACE((1,2,3,4,1));
#1377=IFCINDEXEDPOLYGONALFACE((5,6,7,8,5));
#1378=IFCINDEXEDPOLYGONALFACE((1,4,6,5,1));
#1379=IFCINDEXEDPOLYGONALFACE((4,3,7,6,4));
#1380=IFCINDEXEDPOLYGONALFACE((3,2,8,7,3));
#1381=IFCINDEXEDPOLYGONALFACE((2,1,5,8,2));
#1382=IFCPOLYGONALFACESET(#1375,$,(#1376,#1377,#1378,#1379,#1380,#1381),$);
#1383=IFCSHAPEREPRESENTATION(#24,'Body','Tessellation',(#1382));
#1384=IFCPRODUCTDEFINITIONSHAPE($,$,(#1383));
#1385=IFCPROPERTYSET('1Ck1yjELjDo8NxG0Qet4L5',$,'Pset_Objektinformation',$,(#1387,#1388,#1389,#1390,#1391,#1392,#1393));
#1386=IFCRELDEFINESBYPROPERTIES('0ES4G1q4D19AZEwIuwhp35',$,$,$,(#82),#1385);
#1387=IFCPROPERTYSINGLEVALUE('_IDEbene1',$,IFCLABEL('Gebaeude'),$);
#1388=IFCPROPERTYSINGLEVALUE('_IDEbene2',$,IFCLABEL('Gebaeude'),$);
#1389=IFCPROPERTYSINGLEVALUE('_IDEbene3',$,IFCLABEL('Gebaeude'),$);
#1390=IFCPROPERTYSINGLEVALUE('_GebaeudeID',$,IFCLABEL('DEHHALKAP0000qTV'),$);
#1391=IFCPROPERTYSINGLEVALUE('_GebaeudeHoehe',$,IFCREAL(6.353),$);
#1392=IFCPROPERTYSINGLEVALUE('_AnzahlDerGeschosse',$,IFCINTEGER(1),$);
#1393=IFCPROPERTYSINGLEVALUE('_Postleitzahl',$,IFCLABEL('22559'),$);
#1394=IFCCARTESIANPOINTLIST3D(((71.9855371045414,26.1331112766638,13.676),(81.9735371044371,24.0901112770662,13.676),(80.6305371044436,17.5271112769842,13.676),(81.3895371045219,17.3721112767234,13.676),(79.7705371044576,9.45011127647012,13.676),(74.7845371045405,10.4701112769544,13.676),(74.5735371045303,9.43811127636582,13.676),(68.8115371045424,10.6171112768352,13.676),(71.9855371045414,26.1331112766638,18.634),(68.8115371045424,10.6171112768352,18.634),(74.5735371045303,9.43811127636582,18.634),(74.7845371045405,10.4701112769544,18.634),(79.7705371044576,9.45011127647012,18.634),(81.3895371045219,17.3721112767234,18.634),(80.6305371044436,17.5271112769842,18.634),(81.9735371044371,24.0901112770662,18.634)));
#1395=IFCINDEXEDPOLYGONALFACE((1,2,3,4,5,6,7,8,1));
#1396=IFCINDEXEDPOLYGONALFACE((9,10,11,12,13,14,15,16,9));
#1397=IFCINDEXEDPOLYGONALFACE((1,8,10,9,1));
#1398=IFCINDEXEDPOLYGONALFACE((8,7,11,10,8));
#1399=IFCINDEXEDPOLYGONALFACE((7,6,12,11,7));
#1400=IFCINDEXEDPOLYGONALFACE((6,5,13,12,6));
#1401=IFCINDEXEDPOLYGONALFACE((5,4,14,13,5));
#1402=IFCINDEXEDPOLYGONALFACE((4,3,15,14,4));
#1403=IFCINDEXEDPOLYGONALFACE((3,2,16,15,3));
#1404=IFCINDEXEDPOLYGONALFACE((2,1,9,16,2));
#1405=IFCPOLYGONALFACESET(#1394,$,(#1395,#1396,#1397,#1398,#1399,#1400,#1401,#1402,#1403,#1404),$);
#1406=IFCSHAPEREPRESENTATION(#24,'Body','Tessellation',(#1405));
#1407=IFCPRODUCTDEFINITIONSHAPE($,$,(#1406));
#1408=IFCPROPERTYSET('12Jo0mDFX4pwmyLPgyZmwl',$,'Pset_Objektinformation',$,(#1410,#1411,#1412,#1413,#1414,#1415,#1416));
#1409=IFCRELDEFINESBYPROPERTIES('3HBZCU7TL0182Jx_MFHzNe',$,$,$,(#83),#1408);
#1410=IFCPROPERTYSINGLEVALUE('_IDEbene1',$,IFCLABEL('Gebaeude'),$);
#1411=IFCPROPERTYSINGLEVALUE('_IDEbene2',$,IFCLABEL('Gebaeude'),$);
#1412=IFCPROPERTYSINGLEVALUE('_IDEbene3',$,IFCLABEL('Gebaeude'),$);
#1413=IFCPROPERTYSINGLEVALUE('_GebaeudeID',$,IFCLABEL('DEHHALKAP0000qrQ'),$);
#1414=IFCPROPERTYSINGLEVALUE('_GebaeudeHoehe',$,IFCREAL(7.152),$);
#1415=IFCPROPERTYSINGLEVALUE('_AnzahlDerGeschosse',$,IFCINTEGER(1),$);
#1416=IFCPROPERTYSINGLEVALUE('_Postleitzahl',$,IFCLABEL('22559'),$);
#1417=IFCCARTESIANPOINTLIST3D(((101.53753710445,449.69711127691,13.089),(96.9855371045414,452.097111276351,13.089),(95.2495371045079,448.804111276753,13.089),(91.5585371045163,450.750111276284,13.089),(97.0905371045228,461.240111276507,13.089),(99.0395371045452,460.213111276738,13.089),(99.5785371045349,460.532111276872,13.089),(100.775537104462,459.902111276984,13.089),(100.536537104519,459.44711127691,13.089),(101.922537104459,458.716111276299,13.089),(102.809537104447,460.399111276492,13.089),(106.230537104537,458.596111277118,13.089),(101.53753710445,449.69711127691,17.839),(106.230537104537,458.596111277118,17.839),(102.809537104447,460.399111276492,17.839),(101.922537104459,458.716111276299,17.839),(100.536537104519,459.44711127691,17.839),(100.775537104462,459.902111276984,17.839),(99.5785371045349,460.532111276872,17.839),(99.0395371045452,460.213111276738,17.839),(97.0905371045228,461.240111276507,17.839),(91.5585371045163,450.750111276284,17.839),(95.2495371045079,448.804111276753,17.839),(96.9855371045414,452.097111276351,17.839)));
#1418=IFCINDEXEDPOLYGONALFACE((1,2,3,4,5,6,7,8,9,10,11,12,1));
#1419=IFCINDEXEDPOLYGONALFACE((13,14,15,16,17,18,19,20,21,22,23,24,13));
#1420=IFCINDEXEDPOLYGONALFACE((1,12,14,13,1));
#1421=IFCINDEXEDPOLYGONALFACE((12,11,15,14,12));
#1422=IFCINDEXEDPOLYGONALFACE((11,10,16,15,11));
#1423=IFCINDEXEDPOLYGONALFACE((10,9,17,16,10));
#1424=IFCINDEXEDPOLYGONALFACE((9,8,18,17,9));
#1425=IFCINDEXEDPOLYGONALFACE((8,7,19,18,8));
#1426=IFCINDEXEDPOLYGONALFACE((7,6,20,19,7));
#1427=IFCINDEXEDPOLYGONALFACE((6,5,21,20,6));
#1428=IFCINDEXEDPOLYGONALFACE((5,4,22,21,5));
#1429=IFCINDEXEDPOLYGONALFACE((4,3,23,22,4));
#1430=IFCINDEXEDPOLYGONALFACE((3,2,24,23,3));
#1431=IFCINDEXEDPOLYGONALFACE((2,1,13,24,2));
#1432=IFCPOLYGONALFACESET(#1417,$,(#1418,#1419,#1420,#1421,#1422,#1423,#1424,#1425,#1426,#1427,#1428,#1429,#1430,#1431),$);
#1433=IFCSHAPEREPRESENTATION(#24,'Body','Tessellation',(#1432));
#1434=IFCPRODUCTDEFINITIONSHAPE($,$,(#1433));
#1435=IFCPROPERTYSET('0h5ivVXar7xxHStpKxn65L',$,'Pset_Objektinformation',$,(#1437,#1438,#1439,#1440,#1441,#1442,#1443));
#1436=IFCRELDEFINESBYPROPERTIES('0oE3oahCvCmA$VcCZWqaN7',$,$,$,(#84),#1435);
#1437=IFCPROPERTYSINGLEVALUE('_IDEbene1',$,IFCLABEL('Gebaeude'),$);
#1438=IFCPROPERTYSINGLEVALUE('_IDEbene2',$,IFCLABEL('Gebaeude'),$);
#1439=IFCPROPERTYSINGLEVALUE('_IDEbene3',$,IFCLABEL('Gebaeude'),$);
#1440=IFCPROPERTYSINGLEVALUE('_GebaeudeID',$,IFCLABEL('DEHHALKAP0000qkv'),$);
#1441=IFCPROPERTYSINGLEVALUE('_GebaeudeHoehe',$,IFCREAL(11.222),$);
#1442=IFCPROPERTYSINGLEVALUE('_AnzahlDerGeschosse',$,IFCINTEGER(2),$);
#1443=IFCPROPERTYSINGLEVALUE('_Postleitzahl',$,IFCLABEL('22559'),$);
#1444=IFCCARTESIANPOINTLIST3D(((79.0495371044381,288.437111277133,12.742),(85.752537104534,298.377111276612,12.742),(90.7475371045293,294.987111276947,12.742),(84.0385371044977,285.055111276917,12.742),(79.0495371044381,288.437111277133,21.451),(84.0385371044977,285.055111276917,21.451),(90.7475371045293,294.987111276947,21.451),(85.752537104534,298.377111276612,21.451)));
#1445=IFCINDEXEDPOLYGONALFACE((1,2,3,4,1));
#1446=IFCINDEXEDPOLYGONALFACE((5,6,7,8,5));
#1447=IFCINDEXEDPOLYGONALFACE((1,4,6,5,1));
#1448=IFCINDEXEDPOLYGONALFACE((4,3,7,6,4));
#1449=IFCINDEXEDPOLYGONALFACE((3,2,8,7,3));
#1450=IFCINDEXEDPOLYGONALFACE((2,1,5,8,2));
#1451=IFCPOLYGONALFACESET(#1444,$,(#1445,#1446,#1447,#1448,#1449,#1450),$);
#1452=IFCSHAPEREPRESENTATION(#24,'Body','Tessellation',(#1451));
#1453=IFCPRODUCTDEFINITIONSHAPE($,$,(#1452));
#1454=IFCPROPERTYSET('2xlcK9cZjCquMDcPCRCPJb',$,'Pset_Objektinformation',$,(#1456,#1457,#1458,#1459,#1460,#1461,#1462));
#1455=IFCRELDEFINESBYPROPERTIES('0sOYNZexjCoQAxzyVF0R_z',$,$,$,(#85),#1454);
#1456=IFCPROPERTYSINGLEVALUE('_IDEbene1',$,IFCLABEL('Gebaeude'),$);
#1457=IFCPROPERTYSINGLEVALUE('_IDEbene2',$,IFCLABEL('Gebaeude'),$);
#1458=IFCPROPERTYSINGLEVALUE('_IDEbene3',$,IFCLABEL('Gebaeude'),$);
#1459=IFCPROPERTYSINGLEVALUE('_GebaeudeID',$,IFCLABEL('DEHHALKAP0000qo2'),$);
#1460=IFCPROPERTYSINGLEVALUE('_GebaeudeHoehe',$,IFCREAL(11.984),$);
#1461=IFCPROPERTYSINGLEVALUE('_AnzahlDerGeschosse',$,IFCINTEGER(2),$);
#1462=IFCPROPERTYSINGLEVALUE('_Postleitzahl',$,IFCLABEL('22559'),$);
#1463=IFCCARTESIANPOINTLIST3D(((52.5355371044716,169.997111276723,12.95),(36.393537104479,171.414111277089,12.95),(36.0435371045023,167.399111276492,12.95),(20.9865371044725,168.703111276962,12.95),(22.267537104548,183.51811127644,12.95),(36.5925371045014,182.281111276709,12.95),(36.9525371044874,186.435111276805,12.95),(53.8515371044632,184.961111276411,12.95),(52.5355371044716,169.997111276723,22.411),(53.8515371044632,184.961111276411,22.411),(36.9525371044874,186.435111276805,22.411),(36.5925371045014,182.281111276709,22.411),(22.267537104548,183.51811127644,22.411),(20.9865371044725,168.703111276962,22.411),(36.0435371045023,167.399111276492,22.411),(36.393537104479,171.414111277089,22.411)));
#1464=IFCINDEXEDPOLYGONALFACE((1,2,3,4,5,6,7,8,1));
#1465=IFCINDEXEDPOLYGONALFACE((9,10,11,12,13,14,15,16,9));
#1466=IFCINDEXEDPOLYGONALFACE((1,8,10,9,1));
#1467=IFCINDEXEDPOLYGONALFACE((8,7,11,10,8));
#1468=IFCINDEXEDPOLYGONALFACE((7,6,12,11,7));
#1469=IFCINDEXEDPOLYGONALFACE((6,5,13,12,6));
#1470=IFCINDEXEDPOLYGONALFACE((5,4,14,13,5));
#1471=IFCINDEXEDPOLYGONALFACE((4,3,15,14,4));
#1472=IFCINDEXEDPOLYGONALFACE((3,2,16,15,3));
#1473=IFCINDEXEDPOLYGONALFACE((2,1,9,16,2));
#1474=IFCPOLYGONALFACESET(#1463,$,(#1464,#1465,#1466,#1467,#1468,#1469,#1470,#1471,#1472,#1473),$);
#1475=IFCSHAPEREPRESENTATION(#24,'Body','Tessellation',(#1474));
#1476=IFCPRODUCTDEFINITIONSHAPE($,$,(#1475));
#1477=IFCPROPERTYSET('0Sr5A9qfn9qRmXaETW6XTP',$,'Pset_Objektinformation',$,(#1479,#1480,#1481,#1482,#1483,#1484,#1485));
#1478=IFCRELDEFINESBYPROPERTIES('2kULdU1yf6SOtKSDIKgbh4',$,$,$,(#86),#1477);
#1479=IFCPROPERTYSINGLEVALUE('_IDEbene1',$,IFCLABEL('Gebaeude'),$);
#1480=IFCPROPERTYSINGLEVALUE('_IDEbene2',$,IFCLABEL('Gebaeude'),$);
#1481=IFCPROPERTYSINGLEVALUE('_IDEbene3',$,IFCLABEL('Gebaeude'),$);
#1482=IFCPROPERTYSINGLEVALUE('_GebaeudeID',$,IFCLABEL('DEHHALKAP0000qpp'),$);
#1483=IFCPROPERTYSINGLEVALUE('_GebaeudeHoehe',$,IFCREAL(3.752),$);
#1484=IFCPROPERTYSINGLEVALUE('_AnzahlDerGeschosse',$,IFCINTEGER(1),$);
#1485=IFCPROPERTYSINGLEVALUE('_Postleitzahl',$,IFCLABEL('22559'),$);
#1486=IFCCARTESIANPOINTLIST3D(((76.0625371044734,372.863111277111,12.783),(74.283537104493,368.431111277081,12.783),(69.8495371044846,370.212111276574,12.783),(73.8535371044418,380.164111277089,12.783),(83.3665371044772,376.342111276463,12.783),(81.1455371044576,370.82511127647,12.783),(76.0625371044734,372.863111277111,15.709),(81.1455371044576,370.82511127647,15.709),(83.3665371044772,376.342111276463,15.709),(73.8535371044418,380.164111277089,15.709),(69.8495371044846,370.212111276574,15.709),(74.283537104493,368.431111277081,15.709)));
#1487=IFCINDEXEDPOLYGONALFACE((1,2,3,4,5,6,1));
#1488=IFCINDEXEDPOLYGONALFACE((7,8,9,10,11,12,7));
#1489=IFCINDEXEDPOLYGONALFACE((1,6,8,7,1));
#1490=IFCINDEXEDPOLYGONALFACE((6,5,9,8,6));
#1491=IFCINDEXEDPOLYGONALFACE((5,4,10,9,5));
#1492=IFCINDEXEDPOLYGONALFACE((4,3,11,10,4));
#1493=IFCINDEXEDPOLYGONALFACE((3,2,12,11,3));
#1494=IFCINDEXEDPOLYGONALFACE((2,1,7,12,2));
#1495=IFCPOLYGONALFACESET(#1486,$,(#1487,#1488,#1489,#1490,#1491,#1492,#1493,#1494),$);
#1496=IFCSHAPEREPRESENTATION(#24,'Body','Tessellation',(#1495));
#1497=IFCPRODUCTDEFINITIONSHAPE($,$,(#1496));
#1498=IFCPROPERTYSET('0Jo5OOPhr1ffvo26dlfgzn',$,'Pset_Objektinformation',$,(#1500,#1501,#1502,#1503,#1504,#1505,#1506));
#1499=IFCRELDEFINESBYPROPERTIES('2v2yDlEp91XuEU$C5CDKyZ',$,$,$,(#87),#1498);
#1500=IFCPROPERTYSINGLEVALUE('_IDEbene1',$,IFCLABEL('Gebaeude'),$);
#1501=IFCPROPERTYSINGLEVALUE('_IDEbene2',$,IFCLABEL('Gebaeude'),$);
#1502=IFCPROPERTYSINGLEVALUE('_IDEbene3',$,IFCLABEL('Gebaeude'),$);
#1503=IFCPROPERTYSINGLEVALUE('_GebaeudeID',$,IFCLABEL('DEHHALKAP0000quQ'),$);
#1504=IFCPROPERTYSINGLEVALUE('_GebaeudeHoehe',$,IFCREAL(9.061),$);
#1505=IFCPROPERTYSINGLEVALUE('_AnzahlDerGeschosse',$,IFCINTEGER(1),$);
#1506=IFCPROPERTYSINGLEVALUE('_Postleitzahl',$,IFCLABEL('22559'),$);
#1507=IFCCARTESIANPOINTLIST3D(((51.5095371045172,57.3881112765521,13.567),(43.1935371045256,60.8221112769097,13.567),(47.8525371045107,72.1091112764552,13.567),(56.1705371044809,68.6721112765372,13.567),(51.5095371045172,57.3881112765521,20.422),(56.1705371044809,68.6721112765372,20.422),(47.8525371045107,72.1091112764552,20.422),(43.1935371045256,60.8221112769097,20.422)));
#1508=IFCINDEXEDPOLYGONALFACE((1,2,3,4,1));
#1509=IFCINDEXEDPOLYGONALFACE((5,6,7,8,5));
#1510=IFCINDEXEDPOLYGONALFACE((1,4,6,5,1));
#1511=IFCINDEXEDPOLYGONALFACE((4,3,7,6,4));
#1512=IFCINDEXEDPOLYGONALFACE((3,2,8,7,3));
#1513=IFCINDEXEDPOLYGONALFACE((2,1,5,8,2));
#1514=IFCPOLYGONALFACESET(#1507,$,(#1508,#1509,#1510,#1511,#1512,#1513),$);
#1515=IFCSHAPEREPRESENTATION(#24,'Body','Tessellation',(#1514));
#1516=IFCPRODUCTDEFINITIONSHAPE($,$,(#1515));
#1517=IFCPROPERTYSET('1xJshjklv3KwhM4hQep9Aj',$,'Pset_Objektinformation',$,(#1519,#1520,#1521,#1522,#1523,#1524,#1525));
#1518=IFCRELDEFINESBYPROPERTIES('0HTHEk_uvE1RqFJwKexj1T',$,$,$,(#88),#1517);
#1519=IFCPROPERTYSINGLEVALUE('_IDEbene1',$,IFCLABEL('Gebaeude'),$);
#1520=IFCPROPERTYSINGLEVALUE('_IDEbene2',$,IFCLABEL('Gebaeude'),$);
#1521=IFCPROPERTYSINGLEVALUE('_IDEbene3',$,IFCLABEL('Gebaeude'),$);
#1522=IFCPROPERTYSINGLEVALUE('_GebaeudeID',$,IFCLABEL('DEHHALKAP0000qYK'),$);
#1523=IFCPROPERTYSINGLEVALUE('_GebaeudeHoehe',$,IFCREAL(2.472),$);
#1524=IFCPROPERTYSINGLEVALUE('_AnzahlDerGeschosse',$,IFCINTEGER(1),$);
#1525=IFCPROPERTYSINGLEVALUE('_Postleitzahl',$,IFCLABEL('22559'),$);
#1526=IFCCARTESIANPOINTLIST3D(((113.155537104467,144.225111276843,13.803),(113.351537104463,147.571111276746,13.803),(119.75853710447,147.195111276582,13.803),(119.562537104473,143.850111276843,13.803),(113.155537104467,144.225111276843,16.275),(119.562537104473,143.850111276843,16.275),(119.75853710447,147.195111276582,16.275),(113.351537104463,147.571111276746,16.275)));
#1527=IFCINDEXEDPOLYGONALFACE((1,2,3,4,1));
#1528=IFCINDEXEDPOLYGONALFACE((5,6,7,8,5));
#1529=IFCINDEXEDPOLYGONALFACE((1,4,6,5,1));
#1530=IFCINDEXEDPOLYGONALFACE((4,3,7,6,4));
#1531=IFCINDEXEDPOLYGONALFACE((3,2,8,7,3));
#1532=IFCINDEXEDPOLYGONALFACE((2,1,5,8,2));
#1533=IFCPOLYGONALFACESET(#1526,$,(#1527,#1528,#1529,#1530,#1531,#1532),$);
#1534=IFCSHAPEREPRESENTATION(#24,'Body','Tessellation',(#1533));
#1535=IFCPRODUCTDEFINITIONSHAPE($,$,(#1534));
#1536=IFCPROPERTYSET('2IO2k1hMXCVvBAQKa80DzF',$,'Pset_Objektinformation',$,(#1538,#1539,#1540,#1541,#1542,#1543,#1544));
#1537=IFCRELDEFINESBYPROPERTIES('2cBZtJGazB7R$vPpejtJrz',$,$,$,(#89),#1536);
#1538=IFCPROPERTYSINGLEVALUE('_IDEbene1',$,IFCLABEL('Gebaeude'),$);
#1539=IFCPROPERTYSINGLEVALUE('_IDEbene2',$,IFCLABEL('Gebaeude'),$);
#1540=IFCPROPERTYSINGLEVALUE('_IDEbene3',$,IFCLABEL('Gebaeude'),$);
#1541=IFCPROPERTYSINGLEVALUE('_GebaeudeID',$,IFCLABEL('DEHHALKAP0000qrO'),$);
#1542=IFCPROPERTYSINGLEVALUE('_GebaeudeHoehe',$,IFCREAL(5.98),$);
#1543=IFCPROPERTYSINGLEVALUE('_AnzahlDerGeschosse',$,IFCINTEGER(1),$);
#1544=IFCPROPERTYSINGLEVALUE('_Postleitzahl',$,IFCLABEL('22559'),$);
#1545=IFCCARTESIANPOINTLIST3D(((56.3955371044576,125.654111276381,13.592),(60.2785371044884,134.619111277163,13.592),(67.8835371044697,131.32511127647,13.592),(68.5375371044502,132.835111277178,13.592),(75.4685371045489,129.834111277014,13.592),(71.423537104507,120.490111276507,13.592),(64.750537104439,123.37911127694,13.592),(64.2605371044483,122.248111276887,13.592),(56.3955371044576,125.654111276381,18.441),(64.2605371044483,122.248111276887,18.441),(64.750537104439,123.37911127694,18.441),(71.423537104507,120.490111276507,18.441),(75.4685371045489,129.834111277014,18.441),(68.5375371044502,132.835111277178,18.441),(67.8835371044697,131.32511127647,18.441),(60.2785371044884,134.619111277163,18.441)));
#1546=IFCINDEXEDPOLYGONALFACE((1,2,3,4,5,6,7,8,1));
#1547=IFCINDEXEDPOLYGONALFACE((9,10,11,12,13,14,15,16,9));
#1548=IFCINDEXEDPOLYGONALFACE((1,8,10,9,1));
#1549=IFCINDEXEDPOLYGONALFACE((8,7,11,10,8));
#1550=IFCINDEXEDPOLYGONALFACE((7,6,12,11,7));
#1551=IFCINDEXEDPOLYGONALFACE((6,5,13,12,6));
#1552=IFCINDEXEDPOLYGONALFACE((5,4,14,13,5));
#1553=IFCINDEXEDPOLYGONALFACE((4,3,15,14,4));
#1554=IFCINDEXEDPOLYGONALFACE((3,2,16,15,3));
#1555=IFCINDEXEDPOLYGONALFACE((2,1,9,16,2));
#1556=IFCPOLYGONALFACESET(#1545,$,(#1546,#1547,#1548,#1549,#1550,#1551,#1552,#1553,#1554,#1555),$);
#1557=IFCSHAPEREPRESENTATION(#24,'Body','Tessellation',(#1556));
#1558=IFCPRODUCTDEFINITIONSHAPE($,$,(#1557));
#1559=IFCPROPERTYSET('2_AfAf7uPC3wDXhZkpiEaP',$,'Pset_Objektinformation',$,(#1561,#1562,#1563,#1564,#1565,#1566,#1567));
#1560=IFCRELDEFINESBYPROPERTIES('3TXoeKSj5FlBGWN59ydcR7',$,$,$,(#90),#1559);
#1561=IFCPROPERTYSINGLEVALUE('_IDEbene1',$,IFCLABEL('Gebaeude'),$);
#1562=IFCPROPERTYSINGLEVALUE('_IDEbene2',$,IFCLABEL('Gebaeude'),$);
#1563=IFCPROPERTYSINGLEVALUE('_IDEbene3',$,IFCLABEL('Gebaeude'),$);
#1564=IFCPROPERTYSINGLEVALUE('_GebaeudeID',$,IFCLABEL('DEHHALKAP0000qrm'),$);
#1565=IFCPROPERTYSINGLEVALUE('_GebaeudeHoehe',$,IFCREAL(6.552),$);
#1566=IFCPROPERTYSINGLEVALUE('_AnzahlDerGeschosse',$,IFCINTEGER(1),$);
#1567=IFCPROPERTYSINGLEVALUE('_Postleitzahl',$,IFCLABEL('22559'),$);
#1568=IFCCARTESIANPOINTLIST3D(((31.3015371045331,80.0671112770215,13.728),(39.3675371045247,77.0091112768278,13.728),(37.7135371045442,72.6461112769321,13.728),(38.4455371045042,72.369111277163,13.728),(37.2145371044753,69.1221112767234,13.728),(34.0535371045116,70.3211112767458,13.728),(33.3435371045489,68.4491112763062,13.728),(27.7055371045135,70.5881112767383,13.728),(31.3015371045331,80.0671112770215,19.21),(27.7055371045135,70.5881112767383,19.21),(33.3435371045489,68.4491112763062,19.21),(34.0535371045116,70.3211112767458,19.21),(37.2145371044753,69.1221112767234,19.21),(38.4455371045042,72.369111277163,19.21),(37.7135371045442,72.6461112769321,19.21),(39.3675371045247,77.0091112768278,19.21)));
#1569=IFCINDEXEDPOLYGONALFACE((1,2,3,4,5,6,7,8,1));
#1570=IFCINDEXEDPOLYGONALFACE((9,10,11,12,13,14,15,16,9));
#1571=IFCINDEXEDPOLYGONALFACE((1,8,10,9,1));
#1572=IFCINDEXEDPOLYGONALFACE((8,7,11,10,8));
#1573=IFCINDEXEDPOLYGONALFACE((7,6,12,11,7));
#1574=IFCINDEXEDPOLYGONALFACE((6,5,13,12,6));
#1575=IFCINDEXEDPOLYGONALFACE((5,4,14,13,5));
#1576=IFCINDEXEDPOLYGONALFACE((4,3,15,14,4));
#1577=IFCINDEXEDPOLYGONALFACE((3,2,16,15,3));
#1578=IFCINDEXEDPOLYGONALFACE((2,1,9,16,2));
#1579=IFCPOLYGONALFACESET(#1568,$,(#1569,#1570,#1571,#1572,#1573,#1574,#1575,#1576,#1577,#1578),$);
#1580=IFCSHAPEREPRESENTATION(#24,'Body','Tessellation',(#1579));
#1581=IFCPRODUCTDEFINITIONSHAPE($,$,(#1580));
#1582=IFCPROPERTYSET('3dSR_jr693wRmD_uEaeJNd',$,'Pset_Objektinformation',$,(#1584,#1585,#1586,#1587,#1588,#1589,#1590));
#1583=IFCRELDEFINESBYPROPERTIES('2TQSJ3G5jDkOWQaDU2__ll',$,$,$,(#91),#1582);
#1584=IFCPROPERTYSINGLEVALUE('_IDEbene1',$,IFCLABEL('Gebaeude'),$);
#1585=IFCPROPERTYSINGLEVALUE('_IDEbene2',$,IFCLABEL('Gebaeude'),$);
#1586=IFCPROPERTYSINGLEVALUE('_IDEbene3',$,IFCLABEL('Gebaeude'),$);
#1587=IFCPROPERTYSINGLEVALUE('_GebaeudeID',$,IFCLABEL('DEHHALKAP0000q3a'),$);
#1588=IFCPROPERTYSINGLEVALUE('_GebaeudeHoehe',$,IFCREAL(10.878),$);
#1589=IFCPROPERTYSINGLEVALUE('_AnzahlDerGeschosse',$,IFCINTEGER(2),$);
#1590=IFCPROPERTYSINGLEVALUE('_Postleitzahl',$,IFCLABEL('22559'),$);
#1591=IFCCARTESIANPOINTLIST3D(((0.0215371045051143,17.7791112763807,13.816),(10.1845371044474,15.0961112771183,13.816),(8.70153710443992,9.51611127704382,13.816),(-1.45146289549302,12.2081112768501,13.816),(0.0215371045051143,17.7791112763807,22.188),(-1.45146289549302,12.2081112768501,22.188),(8.70153710443992,9.51611127704382,22.188),(10.1845371044474,15.0961112771183,22.188)));
#1592=IFCINDEXEDPOLYGONALFACE((1,2,3,4,1));
#1593=IFCINDEXEDPOLYGONALFACE((5,6,7,8,5));
#1594=IFCINDEXEDPOLYGONALFACE((1,4,6,5,1));
#1595=IFCINDEXEDPOLYGONALFACE((4,3,7,6,4));
#1596=IFCINDEXEDPOLYGONALFACE((3,2,8,7,3));
#1597=IFCINDEXEDPOLYGONALFACE((2,1,5,8,2));
#1598=IFCPOLYGONALFACESET(#1591,$,(#1592,#1593,#1594,#1595,#1596,#1597),$);
#1599=IFCSHAPEREPRESENTATION(#24,'Body','Tessellation',(#1598));
#1600=IFCPRODUCTDEFINITIONSHAPE($,$,(#1599));
#1601=IFCPROPERTYSET('05dlL8Tj9ETv1VFjx52j6a',$,'Pset_Objektinformation',$,(#1603,#1604,#1605,#1606,#1607,#1608,#1609));
#1602=IFCRELDEFINESBYPROPERTIES('1GEFJa7Vf0TxhEqwDNUPRc',$,$,$,(#92),#1601);
#1603=IFCPROPERTYSINGLEVALUE('_IDEbene1',$,IFCLABEL('Gebaeude'),$);
#1604=IFCPROPERTYSINGLEVALUE('_IDEbene2',$,IFCLABEL('Gebaeude'),$);
#1605=IFCPROPERTYSINGLEVALUE('_IDEbene3',$,IFCLABEL('Gebaeude'),$);
#1606=IFCPROPERTYSINGLEVALUE('_GebaeudeID',$,IFCLABEL('DEHHALKAP0000qWb'),$);
#1607=IFCPROPERTYSINGLEVALUE('_GebaeudeHoehe',$,IFCREAL(8.876),$);
#1608=IFCPROPERTYSINGLEVALUE('_AnzahlDerGeschosse',$,IFCINTEGER(1),$);
#1609=IFCPROPERTYSINGLEVALUE('_Postleitzahl',$,IFCLABEL('22559'),$);
#1610=IFCCARTESIANPOINTLIST3D(((29.5135371044744,472.43911127653,12.574),(26.0775371044874,473.696111276746,12.574),(27.972537104506,478.877111276612,12.574),(18.1115371044725,482.482111277059,12.574),(21.2555371044436,491.081111276522,12.574),(34.5595371044474,486.215111277066,12.574),(29.5135371044744,472.43911127653,18.615),(34.5595371044474,486.215111277066,18.615),(21.2555371044436,491.081111276522,18.615),(18.1115371044725,482.482111277059,18.615),(27.972537104506,478.877111276612,18.615),(26.0775371044874,473.696111276746,18.615)));
#1611=IFCINDEXEDPOLYGONALFACE((1,2,3,4,5,6,1));
#1612=IFCINDEXEDPOLYGONALFACE((7,8,9,10,11,12,7));
#1613=IFCINDEXEDPOLYGONALFACE((1,6,8,7,1));
#1614=IFCINDEXEDPOLYGONALFACE((6,5,9,8,6));
#1615=IFCINDEXEDPOLYGONALFACE((5,4,10,9,5));
#1616=IFCINDEXEDPOLYGONALFACE((4,3,11,10,4));
#1617=IFCINDEXEDPOLYGONALFACE((3,2,12,11,3));
#1618=IFCINDEXEDPOLYGONALFACE((2,1,7,12,2));
#1619=IFCPOLYGONALFACESET(#1610,$,(#1611,#1612,#1613,#1614,#1615,#1616,#1617,#1618),$);
#1620=IFCSHAPEREPRESENTATION(#24,'Body','Tessellation',(#1619));
#1621=IFCPRODUCTDEFINITIONSHAPE($,$,(#1620));
#1622=IFCPROPERTYSET('3mZpICiQL7oArWflAO$m8W',$,'Pset_Objektinformation',$,(#1624,#1625,#1626,#1627,#1628,#1629,#1630));
#1623=IFCRELDEFINESBYPROPERTIES('2OzMN5OSz4ve4L70fKZR8I',$,$,$,(#93),#1622);
#1624=IFCPROPERTYSINGLEVALUE('_IDEbene1',$,IFCLABEL('Gebaeude'),$);
#1625=IFCPROPERTYSINGLEVALUE('_IDEbene2',$,IFCLABEL('Gebaeude'),$);
#1626=IFCPROPERTYSINGLEVALUE('_IDEbene3',$,IFCLABEL('Gebaeude'),$);
#1627=IFCPROPERTYSINGLEVALUE('_GebaeudeID',$,IFCLABEL('DEHHALKAP0000qT4'),$);
#1628=IFCPROPERTYSINGLEVALUE('_GebaeudeHoehe',$,IFCREAL(9.478),$);
#1629=IFCPROPERTYSINGLEVALUE('_AnzahlDerGeschosse',$,IFCINTEGER(1),$);
#1630=IFCPROPERTYSINGLEVALUE('_Postleitzahl',$,IFCLABEL('22559'),$);
#1631=IFCCARTESIANPOINTLIST3D(((52.9065371045144,20.1271112766117,13.622),(52.2925371044548,17.2061112765223,13.622),(48.0715371044353,18.0941112767905,13.622),(48.7035371045349,21.0991112766787,13.622),(48.191537104547,21.2071112766862,13.622),(50.0865371044492,30.2221112763509,13.622),(57.9335371045163,28.5731112770736,13.622),(56.0205371044576,19.4741112766787,13.622),(52.9065371045144,20.1271112766117,19.982),(56.0205371044576,19.4741112766787,19.982),(57.9335371045163,28.5731112770736,19.982),(50.0865371044492,30.2221112763509,19.982),(48.191537104547,21.2071112766862,19.982),(48.7035371045349,21.0991112766787,19.982),(48.0715371044353,18.0941112767905,19.982),(52.2925371044548,17.2061112765223,19.982)));
#1632=IFCINDEXEDPOLYGONALFACE((1,2,3,4,5,6,7,8,1));
#1633=IFCINDEXEDPOLYGONALFACE((9,10,11,12,13,14,15,16,9));
#1634=IFCINDEXEDPOLYGONALFACE((1,8,10,9,1));
#1635=IFCINDEXEDPOLYGONALFACE((8,7,11,10,8));
#1636=IFCINDEXEDPOLYGONALFACE((7,6,12,11,7));
#1637=IFCINDEXEDPOLYGONALFACE((6,5,13,12,6));
#1638=IFCINDEXEDPOLYGONALFACE((5,4,14,13,5));
#1639=IFCINDEXEDPOLYGONALFACE((4,3,15,14,4));
#1640=IFCINDEXEDPOLYGONALFACE((3,2,16,15,3));
#1641=IFCINDEXEDPOLYGONALFACE((2,1,9,16,2));
#1642=IFCPOLYGONALFACESET(#1631,$,(#1632,#1633,#1634,#1635,#1636,#1637,#1638,#1639,#1640,#1641),$);
#1643=IFCSHAPEREPRESENTATION(#24,'Body','Tessellation',(#1642));
#1644=IFCPRODUCTDEFINITIONSHAPE($,$,(#1643));
#1645=IFCPROPERTYSET('2HLOgXOiP4PxCgftygH2tr',$,'Pset_Objektinformation',$,(#1647,#1648,#1649,#1650,#1651,#1652,#1653));
#1646=IFCRELDEFINESBYPROPERTIES('1_PphV0GzEVfDzNHVUlabz',$,$,$,(#94),#1645);
#1647=IFCPROPERTYSINGLEVALUE('_IDEbene1',$,IFCLABEL('Gebaeude'),$);
#1648=IFCPROPERTYSINGLEVALUE('_IDEbene2',$,IFCLABEL('Gebaeude'),$);
#1649=IFCPROPERTYSINGLEVALUE('_IDEbene3',$,IFCLABEL('Gebaeude'),$);
#1650=IFCPROPERTYSINGLEVALUE('_GebaeudeID',$,IFCLABEL('DEHHALKAP0000qr3'),$);
#1651=IFCPROPERTYSINGLEVALUE('_GebaeudeHoehe',$,IFCREAL(12.372),$);
#1652=IFCPROPERTYSINGLEVALUE('_AnzahlDerGeschosse',$,IFCINTEGER(2),$);
#1653=IFCPROPERTYSINGLEVALUE('_Postleitzahl',$,IFCLABEL('22559'),$);
#1654=IFCCARTESIANPOINTLIST3D(((-15.4134628955508,388.149111276492,12.279),(-12.3394628955284,402.355111276731,12.279),(2.99853710446041,399.038111276925,12.279),(-0.075462895561941,384.85211127717,12.279),(-3.21646289550699,385.532111276872,12.279),(-2.86946289555635,387.136111277156,12.279),(-11.9644628955284,389.103111276403,12.279),(-12.3164628954837,387.479111276567,12.279),(-15.4134628955508,388.149111276492,21.351),(-12.3164628954837,387.479111276567,21.351),(-11.9644628955284,389.103111276403,21.351),(-2.86946289555635,387.136111277156,21.351),(-3.21646289550699,385.532111276872,21.351),(-0.075462895561941,384.85211127717,21.351),(2.99853710446041,399.038111276925,21.351),(-12.3394628955284,402.355111276731,21.351)));
#1655=IFCINDEXEDPOLYGONALFACE((1,2,3,4,5,6,7,8,1));
#1656=IFCINDEXEDPOLYGONALFACE((9,10,11,12,13,14,15,16,9));
#1657=IFCINDEXEDPOLYGONALFACE((1,8,10,9,1));
#1658=IFCINDEXEDPOLYGONALFACE((8,7,11,10,8));
#1659=IFCINDEXEDPOLYGONALFACE((7,6,12,11,7));
#1660=IFCINDEXEDPOLYGONALFACE((6,5,13,12,6));
#1661=IFCINDEXEDPOLYGONALFACE((5,4,14,13,5));
#1662=IFCINDEXEDPOLYGONALFACE((4,3,15,14,4));
#1663=IFCINDEXEDPOLYGONALFACE((3,2,16,15,3));
#1664=IFCINDEXEDPOLYGONALFACE((2,1,9,16,2));
#1665=IFCPOLYGONALFACESET(#1654,$,(#1655,#1656,#1657,#1658,#1659,#1660,#1661,#1662,#1663,#1664),$);
#1666=IFCSHAPEREPRESENTATION(#24,'Body','Tessellation',(#1665));
#1667=IFCPRODUCTDEFINITIONSHAPE($,$,(#1666));
#1668=IFCPROPERTYSET('2kvh3FHV16$RWx2Hf0buPc',$,'Pset_Objektinformation',$,(#1670,#1671,#1672,#1673,#1674,#1675,#1676));
#1669=IFCRELDEFINESBYPROPERTIES('3Mq_YTP2L47BCx5RPYUueB',$,$,$,(#95),#1668);
#1670=IFCPROPERTYSINGLEVALUE('_IDEbene1',$,IFCLABEL('Gebaeude'),$);
#1671=IFCPROPERTYSINGLEVALUE('_IDEbene2',$,IFCLABEL('Gebaeude'),$);
#1672=IFCPROPERTYSINGLEVALUE('_IDEbene3',$,IFCLABEL('Gebaeude'),$);
#1673=IFCPROPERTYSINGLEVALUE('_GebaeudeID',$,IFCLABEL('DEHHALKAP0000qfg'),$);
#1674=IFCPROPERTYSINGLEVALUE('_GebaeudeHoehe',$,IFCREAL(9.731),$);
#1675=IFCPROPERTYSINGLEVALUE('_AnzahlDerGeschosse',$,IFCINTEGER(2),$);
#1676=IFCPROPERTYSINGLEVALUE('_Postleitzahl',$,IFCLABEL('22559'),$);
#1677=IFCCARTESIANPOINTLIST3D(((113.631537104491,287.926111277193,13.315),(118.730537104537,297.780111276545,13.315),(123.231537104468,295.449111276306,13.315),(117.780537104467,284.902111276984,13.315),(114.848537104437,286.423111276701,13.315),(115.204537104466,287.111111276783,13.315),(113.631537104491,287.926111277193,21.195),(115.204537104466,287.111111276783,21.195),(114.848537104437,286.423111276701,21.195),(117.780537104467,284.902111276984,21.195),(123.231537104468,295.449111276306,21.195),(118.730537104537,297.780111276545,21.195)));
#1678=IFCINDEXEDPOLYGONALFACE((1,2,3,4,5,6,1));
#1679=IFCINDEXEDPOLYGONALFACE((7,8,9,10,11,12,7));
#1680=IFCINDEXEDPOLYGONALFACE((1,6,8,7,1));
#1681=IFCINDEXEDPOLYGONALFACE((6,5,9,8,6));
#1682=IFCINDEXEDPOLYGONALFACE((5,4,10,9,5));
#1683=IFCINDEXEDPOLYGONALFACE((4,3,11,10,4));
#1684=IFCINDEXEDPOLYGONALFACE((3,2,12,11,3));
#1685=IFCINDEXEDPOLYGONALFACE((2,1,7,12,2));
#1686=IFCPOLYGONALFACESET(#1677,$,(#1678,#1679,#1680,#1681,#1682,#1683,#1684,#1685),$);
#1687=IFCSHAPEREPRESENTATION(#24,'Body','Tessellation',(#1686));
#1688=IFCPRODUCTDEFINITIONSHAPE($,$,(#1687));
#1689=IFCPROPERTYSET('32kv1c42L7$vujrBVlQcMQ',$,'Pset_Objektinformation',$,(#1691,#1692,#1693,#1694,#1695,#1696,#1697));
#1690=IFCRELDEFINESBYPROPERTIES('0rTA8D53r54QPWFNDEAVFu',$,$,$,(#96),#1689);
#1691=IFCPROPERTYSINGLEVALUE('_IDEbene1',$,IFCLABEL('Gebaeude'),$);
#1692=IFCPROPERTYSINGLEVALUE('_IDEbene2',$,IFCLABEL('Gebaeude'),$);
#1693=IFCPROPERTYSINGLEVALUE('_IDEbene3',$,IFCLABEL('Gebaeude'),$);
#1694=IFCPROPERTYSINGLEVALUE('_GebaeudeID',$,IFCLABEL('DEHHALKAP0001JIr'),$);
#1695=IFCPROPERTYSINGLEVALUE('_GebaeudeHoehe',$,IFCREAL(12.956),$);
#1696=IFCPROPERTYSINGLEVALUE('_AnzahlDerGeschosse',$,IFCINTEGER(2),$);
#1697=IFCPROPERTYSINGLEVALUE('_Postleitzahl',$,IFCLABEL('22559'),$);
#1698=IFCCARTESIANPOINTLIST3D(((10.1845371044474,15.0961112771183,11.719),(0.0215371045051143,17.7791112763807,11.719),(1.56653710454702,23.4541112771258,11.719),(11.8175371044781,20.7341112764552,11.719),(10.1845371044474,15.0961112771183,22.166),(11.8175371044781,20.7341112764552,22.166),(1.56653710454702,23.4541112771258,22.166),(0.0215371045051143,17.7791112763807,22.166)));
#1699=IFCINDEXEDPOLYGONALFACE((1,2,3,4,1));
#1700=IFCINDEXEDPOLYGONALFACE((5,6,7,8,5));
#1701=IFCINDEXEDPOLYGONALFACE((1,4,6,5,1));
#1702=IFCINDEXEDPOLYGONALFACE((4,3,7,6,4));
#1703=IFCINDEXEDPOLYGONALFACE((3,2,8,7,3));
#1704=IFCINDEXEDPOLYGONALFACE((2,1,5,8,2));
#1705=IFCPOLYGONALFACESET(#1698,$,(#1699,#1700,#1701,#1702,#1703,#1704),$);
#1706=IFCSHAPEREPRESENTATION(#24,'Body','Tessellation',(#1705));
#1707=IFCPRODUCTDEFINITIONSHAPE($,$,(#1706));
#1708=IFCPROPERTYSET('0vOd1fbof7vPQ8S60Q_jFD',$,'Pset_Objektinformation',$,(#1710,#1711,#1712,#1713,#1714,#1715,#1716));
#1709=IFCRELDEFINESBYPROPERTIES('1odula4fr0vv5WbTRdRdb$',$,$,$,(#97),#1708);
#1710=IFCPROPERTYSINGLEVALUE('_IDEbene1',$,IFCLABEL('Gebaeude'),$);
#1711=IFCPROPERTYSINGLEVALUE('_IDEbene2',$,IFCLABEL('Gebaeude'),$);
#1712=IFCPROPERTYSINGLEVALUE('_IDEbene3',$,IFCLABEL('Gebaeude'),$);
#1713=IFCPROPERTYSINGLEVALUE('_GebaeudeID',$,IFCLABEL('DEHHALKAP0000qjY'),$);
#1714=IFCPROPERTYSINGLEVALUE('_GebaeudeHoehe',$,IFCREAL(14.677),$);
#1715=IFCPROPERTYSINGLEVALUE('_AnzahlDerGeschosse',$,IFCINTEGER(2),$);
#1716=IFCPROPERTYSINGLEVALUE('_Postleitzahl',$,IFCLABEL('22559'),$);
#1717=IFCCARTESIANPOINTLIST3D(((48.9815371044679,130.982111277059,13.069),(49.4715371044585,130.931111277081,13.069),(49.3845371045172,130.09411127679,13.069),(48.7905371044762,130.156111276709,13.069),(48.2065371044446,124.525111276656,13.069),(15.2075371044921,127.932111276314,13.069),(15.1455371044576,127.327111276798,13.069),(14.6825371044688,122.878111276776,13.069),(-0.18946289550513,124.435111276805,13.069),(1.39653710450511,139.548111276701,13.069),(15.6845371044474,138.050111277029,13.069),(16.2085371045396,143.077111276798,13.069),(49.8795371045126,139.57211127691,13.069),(48.9815371044679,130.982111277059,23.834),(49.8795371045126,139.57211127691,23.834),(16.2085371045396,143.077111276798,23.834),(15.6845371044474,138.050111277029,23.834),(1.39653710450511,139.548111276701,23.834),(-0.18946289550513,124.435111276805,23.834),(14.6825371044688,122.878111276776,23.834),(15.1455371044576,127.327111276798,23.834),(15.2075371044921,127.932111276314,23.834),(48.2065371044446,124.525111276656,23.834),(48.7905371044762,130.156111276709,23.834),(49.3845371045172,130.09411127679,23.834),(49.4715371044585,130.931111277081,23.834)));
#1718=IFCINDEXEDPOLYGONALFACE((1,2,3,4,5,6,7,8,9,10,11,12,13,1));
#1719=IFCINDEXEDPOLYGONALFACE((14,15,16,17,18,19,20,21,22,23,24,25,26,14));
#1720=IFCINDEXEDPOLYGONALFACE((1,13,15,14,1));
#1721=IFCINDEXEDPOLYGONALFACE((13,12,16,15,13));
#1722=IFCINDEXEDPOLYGONALFACE((12,11,17,16,12));
#1723=IFCINDEXEDPOLYGONALFACE((11,10,18,17,11));
#1724=IFCINDEXEDPOLYGONALFACE((10,9,19,18,10));
#1725=IFCINDEXEDPOLYGONALFACE((9,8,20,19,9));
#1726=IFCINDEXEDPOLYGONALFACE((8,7,21,20,8));
#1727=IFCINDEXEDPOLYGONALFACE((7,6,22,21,7));
#1728=IFCINDEXEDPOLYGONALFACE((6,5,23,22,6));
#1729=IFCINDEXEDPOLYGONALFACE((5,4,24,23,5));
#1730=IFCINDEXEDPOLYGONALFACE((4,3,25,24,4));
#1731=IFCINDEXEDPOLYGONALFACE((3,2,26,25,3));
#1732=IFCINDEXEDPOLYGONALFACE((2,1,14,26,2));
#1733=IFCPOLYGONALFACESET(#1717,$,(#1718,#1719,#1720,#1721,#1722,#1723,#1724,#1725,#1726,#1727,#1728,#1729,#1730,#1731,#1732),$);
#1734=IFCSHAPEREPRESENTATION(#24,'Body','Tessellation',(#1733));
#1735=IFCPRODUCTDEFINITIONSHAPE($,$,(#1734));
#1736=IFCPROPERTYSET('0rbWQzmTn5MAGkZ$Yb7LSP',$,'Pset_Objektinformation',$,(#1738,#1739,#1740,#1741,#1742,#1743,#1744));
#1737=IFCRELDEFINESBYPROPERTIES('3YX2GhRovBzBFmYjkCKS0I',$,$,$,(#98),#1736);
#1738=IFCPROPERTYSINGLEVALUE('_IDEbene1',$,IFCLABEL('Gebaeude'),$);
#1739=IFCPROPERTYSINGLEVALUE('_IDEbene2',$,IFCLABEL('Gebaeude'),$);
#1740=IFCPROPERTYSINGLEVALUE('_IDEbene3',$,IFCLABEL('Gebaeude'),$);
#1741=IFCPROPERTYSINGLEVALUE('_GebaeudeID',$,IFCLABEL('DEHHALKAP0001JEB'),$);
#1742=IFCPROPERTYSINGLEVALUE('_GebaeudeHoehe',$,IFCREAL(3.552),$);
#1743=IFCPROPERTYSINGLEVALUE('_AnzahlDerGeschosse',$,IFCINTEGER(1),$);
#1744=IFCPROPERTYSINGLEVALUE('_Postleitzahl',$,IFCLABEL('22559'),$);
#1745=IFCCARTESIANPOINTLIST3D(((21.1065371044679,379.519111276604,12.833),(23.8725371045293,389.623111276887,12.833),(27.0905371045228,388.742111276835,12.833),(24.3245371044613,378.64011127688,12.833),(21.1065371044679,379.519111276604,15.901),(24.3245371044613,378.64011127688,15.901),(27.0905371045228,388.742111276835,15.901),(23.8725371045293,389.623111276887,15.901)));
#1746=IFCINDEXEDPOLYGONALFACE((1,2,3,4,1));
#1747=IFCINDEXEDPOLYGONALFACE((5,6,7,8,5));
#1748=IFCINDEXEDPOLYGONALFACE((1,4,6,5,1));
#1749=IFCINDEXEDPOLYGONALFACE((4,3,7,6,4));
#1750=IFCINDEXEDPOLYGONALFACE((3,2,8,7,3));
#1751=IFCINDEXEDPOLYGONALFACE((2,1,5,8,2));
#1752=IFCPOLYGONALFACESET(#1745,$,(#1746,#1747,#1748,#1749,#1750,#1751),$);
#1753=IFCSHAPEREPRESENTATION(#24,'Body','Tessellation',(#1752));
#1754=IFCPRODUCTDEFINITIONSHAPE($,$,(#1753));
#1755=IFCPROPERTYSET('1Eenju__zFJACfkKfhs9Bu',$,'Pset_Objektinformation',$,(#1757,#1758,#1759,#1760,#1761,#1762,#1763));
#1756=IFCRELDEFINESBYPROPERTIES('2HfvkX4WP409kNjlalL3AL',$,$,$,(#99),#1755);
#1757=IFCPROPERTYSINGLEVALUE('_IDEbene1',$,IFCLABEL('Gebaeude'),$);
#1758=IFCPROPERTYSINGLEVALUE('_IDEbene2',$,IFCLABEL('Gebaeude'),$);
#1759=IFCPROPERTYSINGLEVALUE('_IDEbene3',$,IFCLABEL('Gebaeude'),$);
#1760=IFCPROPERTYSINGLEVALUE('_GebaeudeID',$,IFCLABEL('DEHHALKAP0001JNU'),$);
#1761=IFCPROPERTYSINGLEVALUE('_GebaeudeHoehe',$,IFCREAL(10.775),$);
#1762=IFCPROPERTYSINGLEVALUE('_AnzahlDerGeschosse',$,IFCINTEGER(2),$);
#1763=IFCPROPERTYSINGLEVALUE('_Postleitzahl',$,IFCLABEL('22559'),$);
#1764=IFCCARTESIANPOINTLIST3D(((12.6695371045498,286.070111276582,12.599),(19.6825371044688,295.7841112772,12.599),(46.2935371045023,276.946111276746,12.599),(44.0105371044483,273.6321112765,12.599),(44.2155371045228,272.548111276701,12.599),(42.9175371044548,270.691111276858,12.599),(41.8045371044427,270.62911127694,12.599),(39.3735371044604,267.191111276858,12.599),(12.6695371045498,286.070111276582,21.29),(39.3735371044604,267.191111276858,21.29),(41.8045371044427,270.62911127694,21.29),(42.9175371044548,270.691111276858,21.29),(44.2155371045228,272.548111276701,21.29),(44.0105371044483,273.6321112765,21.29),(46.2935371045023,276.946111276746,21.29),(19.6825371044688,295.7841112772,21.29)));
#1765=IFCINDEXEDPOLYGONALFACE((1,2,3,4,5,6,7,8,1));
#1766=IFCINDEXEDPOLYGONALFACE((9,10,11,12,13,14,15,16,9));
#1767=IFCINDEXEDPOLYGONALFACE((1,8,10,9,1));
#1768=IFCINDEXEDPOLYGONALFACE((8,7,11,10,8));
#1769=IFCINDEXEDPOLYGONALFACE((7,6,12,11,7));
#1770=IFCINDEXEDPOLYGONALFACE((6,5,13,12,6));
#1771=IFCINDEXEDPOLYGONALFACE((5,4,14,13,5));
#1772=IFCINDEXEDPOLYGONALFACE((4,3,15,14,4));
#1773=IFCINDEXEDPOLYGONALFACE((3,2,16,15,3));
#1774=IFCINDEXEDPOLYGONALFACE((2,1,9,16,2));
#1775=IFCPOLYGONALFACESET(#1764,$,(#1765,#1766,#1767,#1768,#1769,#1770,#1771,#1772,#1773,#1774),$);
#1776=IFCSHAPEREPRESENTATION(#24,'Body','Tessellation',(#1775));
#1777=IFCPRODUCTDEFINITIONSHAPE($,$,(#1776));
#1778=IFCPROPERTYSET('2aCsren7P76R_6XlhWykGH',$,'Pset_Objektinformation',$,(#1780,#1781,#1782,#1783,#1784,#1785,#1786));
#1779=IFCRELDEFINESBYPROPERTIES('15xV5x4qzCsffu9dGidL4P',$,$,$,(#100),#1778);
#1780=IFCPROPERTYSINGLEVALUE('_IDEbene1',$,IFCLABEL('Gebaeude'),$);
#1781=IFCPROPERTYSINGLEVALUE('_IDEbene2',$,IFCLABEL('Gebaeude'),$);
#1782=IFCPROPERTYSINGLEVALUE('_IDEbene3',$,IFCLABEL('Gebaeude'),$);
#1783=IFCPROPERTYSINGLEVALUE('_GebaeudeID',$,IFCLABEL('DEHHALKAP0001Jel'),$);
#1784=IFCPROPERTYSINGLEVALUE('_GebaeudeHoehe',$,IFCREAL(10.976),$);
#1785=IFCPROPERTYSINGLEVALUE('_AnzahlDerGeschosse',$,IFCINTEGER(2),$);
#1786=IFCPROPERTYSINGLEVALUE('_Postleitzahl',$,IFCLABEL('22559'),$);
#1787=IFCCARTESIANPOINTLIST3D(((68.9055371044669,295.31411127653,12.738),(75.6385371044744,305.242111276835,12.738),(80.7895371045452,301.745111276396,12.738),(74.0855371045182,291.803111276589,12.738),(68.9055371044669,295.31411127653,21.353),(74.0855371045182,291.803111276589,21.353),(80.7895371045452,301.745111276396,21.353),(75.6385371044744,305.242111276835,21.353)));
#1788=IFCINDEXEDPOLYGONALFACE((1,2,3,4,1));
#1789=IFCINDEXEDPOLYGONALFACE((5,6,7,8,5));
#1790=IFCINDEXEDPOLYGONALFACE((1,4,6,5,1));
#1791=IFCINDEXEDPOLYGONALFACE((4,3,7,6,4));
#1792=IFCINDEXEDPOLYGONALFACE((3,2,8,7,3));
#1793=IFCINDEXEDPOLYGONALFACE((2,1,5,8,2));
#1794=IFCPOLYGONALFACESET(#1787,$,(#1788,#1789,#1790,#1791,#1792,#1793),$);
#1795=IFCSHAPEREPRESENTATION(#24,'Body','Tessellation',(#1794));
#1796=IFCPRODUCTDEFINITIONSHAPE($,$,(#1795));
#1797=IFCPROPERTYSET('2DgybhEwr4tvHL_oVovN4u',$,'Pset_Objektinformation',$,(#1799,#1800,#1801,#1802,#1803,#1804,#1805));
#1798=IFCRELDEFINESBYPROPERTIES('02NHur1QX3QPqbSn0SWEny',$,$,$,(#101),#1797);
#1799=IFCPROPERTYSINGLEVALUE('_IDEbene1',$,IFCLABEL('Gebaeude'),$);
#1800=IFCPROPERTYSINGLEVALUE('_IDEbene2',$,IFCLABEL('Gebaeude'),$);
#1801=IFCPROPERTYSINGLEVALUE('_IDEbene3',$,IFCLABEL('Gebaeude'),$);
#1802=IFCPROPERTYSINGLEVALUE('_GebaeudeID',$,IFCLABEL('DEHHALKAP0001Jbz'),$);
#1803=IFCPROPERTYSINGLEVALUE('_GebaeudeHoehe',$,IFCREAL(5.688),$);
#1804=IFCPROPERTYSINGLEVALUE('_AnzahlDerGeschosse',$,IFCINTEGER(1),$);
#1805=IFCPROPERTYSINGLEVALUE('_Postleitzahl',$,IFCLABEL('22559'),$);
#1806=IFCCARTESIANPOINTLIST3D(((77.7895371045452,113.983111276291,13.651),(81.2785371044884,122.684111276641,13.651),(89.0575371044688,119.565111276694,13.651),(89.6045371044893,120.928111276589,13.651),(96.5275371044409,118.157111276872,13.651),(93.9925371045247,111.823111277074,13.651),(93.0955371045275,109.579111277126,13.651),(86.4815371044679,112.228111276403,13.651),(85.8835371044697,110.738111277111,13.651),(77.7895371045452,113.983111276291,18.348),(85.8835371044697,110.738111277111,18.348),(86.4815371044679,112.228111276403,18.348),(93.0955371045275,109.579111277126,18.348),(93.9925371045247,111.823111277074,18.348),(96.5275371044409,118.157111276872,18.348),(89.6045371044893,120.928111276589,18.348),(89.0575371044688,119.565111276694,18.348),(81.2785371044884,122.684111276641,18.348)));
#1807=IFCINDEXEDPOLYGONALFACE((1,2,3,4,5,6,7,8,9,1));
#1808=IFCINDEXEDPOLYGONALFACE((10,11,12,13,14,15,16,17,18,10));
#1809=IFCINDEXEDPOLYGONALFACE((1,9,11,10,1));
#1810=IFCINDEXEDPOLYGONALFACE((9,8,12,11,9));
#1811=IFCINDEXEDPOLYGONALFACE((8,7,13,12,8));
#1812=IFCINDEXEDPOLYGONALFACE((7,6,14,13,7));
#1813=IFCINDEXEDPOLYGONALFACE((6,5,15,14,6));
#1814=IFCINDEXEDPOLYGONALFACE((5,4,16,15,5));
#1815=IFCINDEXEDPOLYGONALFACE((4,3,17,16,4));
#1816=IFCINDEXEDPOLYGONALFACE((3,2,18,17,3));
#1817=IFCINDEXEDPOLYGONALFACE((2,1,10,18,2));
#1818=IFCPOLYGONALFACESET(#1806,$,(#1807,#1808,#1809,#1810,#1811,#1812,#1813,#1814,#1815,#1816,#1817),$);
#1819=IFCSHAPEREPRESENTATION(#24,'Body','Tessellation',(#1818));
#1820=IFCPRODUCTDEFINITIONSHAPE($,$,(#1819));
#1821=IFCPROPERTYSET('0LZuXzLg55zhk63A95N75V',$,'Pset_Objektinformation',$,(#1823,#1824,#1825,#1826,#1827,#1828,#1829));
#1822=IFCRELDEFINESBYPROPERTIES('33j263Y6z0IQmCY7hgRuZY',$,$,$,(#102),#1821);
#1823=IFCPROPERTYSINGLEVALUE('_IDEbene1',$,IFCLABEL('Gebaeude'),$);
#1824=IFCPROPERTYSINGLEVALUE('_IDEbene2',$,IFCLABEL('Gebaeude'),$);
#1825=IFCPROPERTYSINGLEVALUE('_IDEbene3',$,IFCLABEL('Gebaeude'),$);
#1826=IFCPROPERTYSINGLEVALUE('_GebaeudeID',$,IFCLABEL('DEHHALKAP0000rAh'),$);
#1827=IFCPROPERTYSINGLEVALUE('_GebaeudeHoehe',$,IFCREAL(3.636),$);
#1828=IFCPROPERTYSINGLEVALUE('_AnzahlDerGeschosse',$,IFCINTEGER(1),$);
#1829=IFCPROPERTYSINGLEVALUE('_Postleitzahl',$,IFCLABEL('22559'),$);
#1830=IFCCARTESIANPOINTLIST3D(((78.9315371045377,365.299111276865,12.715),(75.439537104452,366.696111276746,12.715),(72.9915371044772,360.567111277021,12.715),(66.3185371045256,363.228111276403,12.715),(66.6925371044781,364.165111276321,12.715),(65.3305371045135,364.541111276485,12.715),(66.3035371045116,366.962111276574,12.715),(67.6335371044697,366.427111276425,12.715),(69.250537104439,370.452111276798,12.715),(69.8495371044846,370.212111276574,12.715),(74.283537104493,368.431111277081,12.715),(76.0625371044734,372.863111277111,12.715),(81.1455371044576,370.82511127647,12.715),(78.9315371045377,365.299111276865,15.294),(81.1455371044576,370.82511127647,15.294),(76.0625371044734,372.863111277111,15.294),(74.283537104493,368.431111277081,15.294),(69.8495371044846,370.212111276574,15.294),(69.250537104439,370.452111276798,15.294),(67.6335371044697,366.427111276425,15.294),(66.3035371045116,366.962111276574,15.294),(65.3305371045135,364.541111276485,15.294),(66.6925371044781,364.165111276321,15.294),(66.3185371045256,363.228111276403,15.294),(72.9915371044772,360.567111277021,15.294),(75.439537104452,366.696111276746,15.294)));
#1831=IFCINDEXEDPOLYGONALFACE((1,2,3,4,5,6,7,8,9,10,11,12,13,1));
#1832=IFCINDEXEDPOLYGONALFACE((14,15,16,17,18,19,20,21,22,23,24,25,26,14));
#1833=IFCINDEXEDPOLYGONALFACE((1,13,15,14,1));
#1834=IFCINDEXEDPOLYGONALFACE((13,12,16,15,13));
#1835=IFCINDEXEDPOLYGONALFACE((12,11,17,16,12));
#1836=IFCINDEXEDPOLYGONALFACE((11,10,18,17,11));
#1837=IFCINDEXEDPOLYGONALFACE((10,9,19,18,10));
#1838=IFCINDEXEDPOLYGONALFACE((9,8,20,19,9));
#1839=IFCINDEXEDPOLYGONALFACE((8,7,21,20,8));
#1840=IFCINDEXEDPOLYGONALFACE((7,6,22,21,7));
#1841=IFCINDEXEDPOLYGONALFACE((6,5,23,22,6));
#1842=IFCINDEXEDPOLYGONALFACE((5,4,24,23,5));
#1843=IFCINDEXEDPOLYGONALFACE((4,3,25,24,4));
#1844=IFCINDEXEDPOLYGONALFACE((3,2,26,25,3));
#1845=IFCINDEXEDPOLYGONALFACE((2,1,14,26,2));
#1846=IFCPOLYGONALFACESET(#1830,$,(#1831,#1832,#1833,#1834,#1835,#1836,#1837,#1838,#1839,#1840,#1841,#1842,#1843,#1844,#1845),$);
#1847=IFCSHAPEREPRESENTATION(#24,'Body','Tessellation',(#1846));
#1848=IFCPRODUCTDEFINITIONSHAPE($,$,(#1847));
#1849=IFCCARTESIANPOINTLIST3D(((-0.5,-0.5,1.),(0.5,-0.5,1.),(0.5,0.5,1.),(-0.5,0.5,1.),(-0.5,-0.5,-1.),(0.5,-0.5,-1.),(0.5,0.5,-1.),(-0.5,0.5,-1.),(0.,0.,0.)));
#1850=IFCINDEXEDPOLYGONALFACE((1,2,9));
#1851=IFCINDEXEDPOLYGONALFACE((2,3,9));
#1852=IFCINDEXEDPOLYGONALFACE((3,4,9));
#1853=IFCINDEXEDPOLYGONALFACE((4,1,9));
#1854=IFCINDEXEDPOLYGONALFACE((6,5,9));
#1855=IFCINDEXEDPOLYGONALFACE((7,6,9));
#1856=IFCINDEXEDPOLYGONALFACE((8,7,9));
#1857=IFCINDEXEDPOLYGONALFACE((5,8,9));
#1858=IFCINDEXEDPOLYGONALFACE((1,2,3,4));
#1859=IFCINDEXEDPOLYGONALFACE((8,7,6,5));
#1860=IFCPOLYGONALFACESET(#1849,$,(#1850,#1851,#1852,#1853,#1854,#1855,#1856,#1857,#1858,#1859),$);
#1861=IFCSHAPEREPRESENTATION(#18,'Body','Tessellation',(#1860));
#1862=IFCBUILDINGELEMENTPROXY('3q_ylJ$Yb4zfH1niE8q7Ai',$,'_Nullpunktobjekt_1x1x2',$,$,#1926,#1868,$,$);
#1868=IFCPRODUCTDEFINITIONSHAPE($,$,(#1861));
#1874=IFCSURFACESTYLE('Style',.BOTH.,(#1875));
#1875=IFCSURFACESTYLESHADING(#1876,0.);
#1876=IFCCOLOURRGB($,0.94,0.48,0.48);
#1877=IFCSTYLEDITEM(#1860,(#1874),'Style');
#1878=IFCCARTESIANPOINTLIST3D(((-0.3,-0.3,1.),(0.3,-0.3,1.),(0.,0.30015,1.),(-0.3,-0.3,1.02),(0.3,-0.3,1.02),(0.,0.30015,1.02),(-0.05,0.35,1.),(-0.033,0.35,1.),(-0.033,0.425,1.),(0.033,0.35,1.),(0.05,0.35,1.),(0.05,0.45,1.),(0.033,0.45,1.),(0.033,0.375,1.),(-0.033,0.45,1.),(-0.05,0.45,1.),(-0.05,0.35,1.),(-0.05,0.35,1.02),(-0.033,0.35,1.02),(-0.033,0.425,1.02),(0.033,0.35,1.02),(0.05,0.35,1.02),(0.05,0.45,1.02),(0.033,0.45,1.02),(0.033,0.375,1.02),(-0.033,0.45,1.02),(-0.05,0.45,1.02),(-0.05,0.35,1.02)));
#1879=IFCINDEXEDPOLYGONALFACE((1,2,3));
#1880=IFCINDEXEDPOLYGONALFACE((4,6,5));
#1881=IFCINDEXEDPOLYGONALFACE((1,4,5,2));
#1882=IFCINDEXEDPOLYGONALFACE((2,5,6,3));
#1883=IFCINDEXEDPOLYGONALFACE((3,6,4,1));
#1884=IFCINDEXEDPOLYGONALFACE((7,8,9,10,11,12,13,14,15,16,17));
#1885=IFCINDEXEDPOLYGONALFACE((18,19,20,21,22,23,24,25,26,27,28));
#1886=IFCINDEXEDPOLYGONALFACE((7,8,19,18));
#1887=IFCINDEXEDPOLYGONALFACE((8,9,20,19));
#1888=IFCINDEXEDPOLYGONALFACE((9,10,21,20));
#1889=IFCINDEXEDPOLYGONALFACE((10,11,22,21));
#1890=IFCINDEXEDPOLYGONALFACE((11,12,23,22));
#1891=IFCINDEXEDPOLYGONALFACE((12,13,24,23));
#1892=IFCINDEXEDPOLYGONALFACE((13,14,25,24));
#1893=IFCINDEXEDPOLYGONALFACE((14,15,26,25));
#1894=IFCINDEXEDPOLYGONALFACE((15,16,27,26));
#1895=IFCINDEXEDPOLYGONALFACE((16,17,28,27));
#1896=IFCINDEXEDPOLYGONALFACE((17,7,18,28));
#1897=IFCPOLYGONALFACESET(#1878,$,(#1879,#1880,#1881,#1882,#1883,#1884,#1885,#1886,#1887,#1888,#1889,#1890,#1891,#1892,#1893,#1894,#1895,#1896),$);
#1898=IFCSHAPEREPRESENTATION(#18,'Body','Tessellation',(#1897));
#1899=IFCBUILDINGELEMENTPROXY('1r4zXpEpvDNhdW0BX3x3G7',$,'BasePointWithArrow_N_Arrow',$,$,#1921,#1905,$,$);
#1905=IFCPRODUCTDEFINITIONSHAPE($,$,(#1898));
#1911=IFCSURFACESTYLE('Style',.BOTH.,(#1912));
#1912=IFCSURFACESTYLESHADING(#1913,0.);
#1913=IFCCOLOURRGB($,0.28,0.28,0.28);
#1914=IFCSTYLEDITEM(#1897,(#1911),'Style');
#1915=IFCELEMENTASSEMBLY('0Mio$$hGv9BRjN4kgEtFab',$,'BasepointWithArrowAssembly',$,$,$,$,$,$,$);
#1916=IFCRELAGGREGATES('3FyUKVP717rAgjI$oW_BB5',$,$,$,#1915,(#1899,#1862));
#1917=IFCCARTESIANPOINT((0.,0.,0.));
#1918=IFCDIRECTION((0.,0.,1.));
#1919=IFCDIRECTION((1.,0.,0.));
#1920=IFCAXIS2PLACEMENT3D(#1917,#1918,#1919);
#1921=IFCLOCALPLACEMENT($,#1920);
#1922=IFCCARTESIANPOINT((0.,0.,0.));
#1923=IFCDIRECTION((0.,0.,1.));
#1924=IFCDIRECTION((1.,0.,0.));
#1925=IFCAXIS2PLACEMENT3D(#1922,#1923,#1924);
#1926=IFCLOCALPLACEMENT($,#1925);
ENDSEC;
END-ISO-10303-21;
