ISO-10303-21;
HEADER;
FILE_DESCRIPTION(('ViewDefinition [CoordinationView]'),'2;1');
FILE_NAME('','2025-05-29T20:26:58',(''),(''),'IfcOpenShell 0.8.0','IfcOpenShell 0.8.0','');
FILE_SCHEMA(('IFC4'));
ENDSEC;
DATA;
#1=IFCPROJECT('3VSohQdiX7DhT9TUasN_Ep',$,'Default_Projektname',$,$,$,$,(#13,#17,#23),#8);
#2=IFCSITE('0Vrg3qC6rAh8iMTVinJspY',$,'Default_Site',$,$,$,$,$,$,$,$,$,$,$);
#3=IFCRELAGGREGATES('1KljrBjYvBPv_hwgtE3NZa',$,$,$,#1,(#2));
#4=IFCBUILDING('2R4TDpHh19auA2BSxbCIvh',$,'Default_Gebaeude',$,$,$,$,$,$,$,$,$);
#5=IFCRELAGGREGATES('18eiGrt59CQvrGF3Y6usxM',$,$,$,#2,(#4));
#6=IFCSIUNIT(*,.LENGTHUNIT.,$,.METRE.);
#7=IFCSIUNIT(*,.AREAUNIT.,$,.SQUARE_METRE.);
#8=IFCUNITASSIGNMENT((#6,#7));
#9=IFCCARTESIANPOINT((0.,0.,0.));
#10=IFCDIRECTION((0.,0.,1.));
#11=IFCDIRECTION((1.,0.,0.));
#12=IFCAXIS2PLACEMENT3D(#9,#10,#11);
#13=IFCGEOMETRICREPRESENTATIONCONTEXT($,'Model',3,1.E-05,#12,$);
#14=IFCCARTESIANPOINT((0.,0.));
#15=IFCDIRECTION((1.,0.));
#16=IFCAXIS2PLACEMENT2D(#14,#15);
#17=IFCGEOMETRICREPRESENTATIONCONTEXT($,'Plan',2,1.E-05,#16,$);
#18=IFCGEOMETRICREPRESENTATIONSUBCONTEXT('Body','Model',*,*,*,*,#13,$,.MODEL_VIEW.,$);
#19=IFCCARTESIANPOINT((0.,0.,0.));
#20=IFCDIRECTION((0.,0.,1.));
#21=IFCDIRECTION((1.,0.,0.));
#22=IFCAXIS2PLACEMENT3D(#19,#20,#21);
#23=IFCGEOMETRICREPRESENTATIONCONTEXT($,'Model',3,1.E-05,#22,$);
#24=IFCGEOMETRICREPRESENTATIONSUBCONTEXT('Body','Model',*,*,*,*,#23,$,.MODEL_VIEW.,$);
#25=IFCBUILDINGELEMENTPROXY('29qBE2pIb9LPpvM1ilOoAl',$,'DEHHALKAP0000s1P',$,$,$,#48,$,$);
#26=IFCPROPERTYSET('3gQtEZBILC88Rq6pM1cVSC',$,'Pset_Objektinformation',$,(#28,#29,#30,#31,#32,#33,#34));
#27=IFCRELDEFINESBYPROPERTIES('2K5aBTqqz3gQjlwky40P8k',$,$,$,(#25),#26);
#28=IFCPROPERTYSINGLEVALUE('_IDEbene1',$,IFCLABEL('Gebaeude'),$);
#29=IFCPROPERTYSINGLEVALUE('_IDEbene2',$,IFCLABEL('Gebaeude'),$);
#30=IFCPROPERTYSINGLEVALUE('_IDEbene3',$,IFCLABEL('Gebaeude'),$);
#31=IFCPROPERTYSINGLEVALUE('_GebaeudeID',$,IFCLABEL('DEHHALKAP0000s1P'),$);
#32=IFCPROPERTYSINGLEVALUE('_GebaeudeHoehe',$,IFCREAL(4.885),$);
#33=IFCPROPERTYSINGLEVALUE('_AnzahlDerGeschosse',$,IFCINTEGER(1),$);
#34=IFCPROPERTYSINGLEVALUE('_Postleitzahl',$,IFCLABEL('22559'),$);
#35=IFCCARTESIANPOINTLIST3D(((550192.42,5935956.199,34.336),(550184.285,5935952.843,34.336),(550181.402,5935959.829,34.336),(550182.749,5935960.385,34.336),(550181.619,5935963.124,34.336),(550179.325,5935962.177,34.336),(550175.34,5935971.842,34.336),(550184.419,5935975.587,34.336),(550192.42,5935956.199,38.129),(550184.419,5935975.587,38.129),(550175.34,5935971.842,38.129),(550179.325,5935962.177,38.129),(550181.619,5935963.124,38.129),(550182.749,5935960.385,38.129),(550181.402,5935959.829,38.129),(550184.285,5935952.843,38.129)));
#36=IFCINDEXEDPOLYGONALFACE((1,2,3,4,5,6,7,8,1));
#37=IFCINDEXEDPOLYGONALFACE((9,10,11,12,13,14,15,16,9));
#38=IFCINDEXEDPOLYGONALFACE((1,8,10,9,1));
#39=IFCINDEXEDPOLYGONALFACE((8,7,11,10,8));
#40=IFCINDEXEDPOLYGONALFACE((7,6,12,11,7));
#41=IFCINDEXEDPOLYGONALFACE((6,5,13,12,6));
#42=IFCINDEXEDPOLYGONALFACE((5,4,14,13,5));
#43=IFCINDEXEDPOLYGONALFACE((4,3,15,14,4));
#44=IFCINDEXEDPOLYGONALFACE((3,2,16,15,3));
#45=IFCINDEXEDPOLYGONALFACE((2,1,9,16,2));
#46=IFCPOLYGONALFACESET(#35,$,(#36,#37,#38,#39,#40,#41,#42,#43,#44,#45),$);
#47=IFCSHAPEREPRESENTATION(#24,'Body','Tessellation',(#46));
#48=IFCPRODUCTDEFINITIONSHAPE($,$,(#47));
#49=IFCRELCONTAINEDINSPATIALSTRUCTURE('21KqIiDUvB4OH2XuMADWWw',$,$,$,(#75,#1732,#2148,#2104,#341,#407,#2031,#779,#506,#823,#913,#257,#1012,#2753,#2718,#2773,#1965,#2011,#937,#585,#2253,#1159,#118,#162,#2596,#1817,#2233,#1082,#1238,#864,#2455,#298,#736,#1559,#1581,#529,#1863,#989,#25,#1627,#1682,#2078,#1660,#1332,#1059,#1794,#1105,#887,#141,#2626,#2397,#2553,#1774,#1752,#1840,#2663,#2573,#1985,#2485,#449,#1261,#205,#966,#843,#277,#2128,#321,#605,#803,#2531,#2797,#1712,#651,#1452,#1201,#50,#1945,#182,#1905,#1487,#1181,#1925,#2431,#2508,#1513,#1885,#2686,#2303,#1128,#472,#1306,#384,#628,#756,#694,#1284,#1429,#1033,#716,#2171,#2349,#1537,#1603,#2054,#674,#1407,#95,#1367,#227,#361,#427,#1387,#2276,#2377),#2);
#50=IFCBUILDINGELEMENTPROXY('3SCjhFvnzFVww5XuAnKgDd',$,'DEHHALKAP0000rpm',$,$,$,#74,$,$);
#51=IFCPROPERTYSET('1odIgMFPfF_e6HhO5aaBQi',$,'Pset_Objektinformation',$,(#53,#54,#55,#56,#57,#58,#59));
#52=IFCRELDEFINESBYPROPERTIES('37gENMnj954eVyBpje$alj',$,$,$,(#50),#51);
#53=IFCPROPERTYSINGLEVALUE('_IDEbene1',$,IFCLABEL('Gebaeude'),$);
#54=IFCPROPERTYSINGLEVALUE('_IDEbene2',$,IFCLABEL('Gebaeude'),$);
#55=IFCPROPERTYSINGLEVALUE('_IDEbene3',$,IFCLABEL('Gebaeude'),$);
#56=IFCPROPERTYSINGLEVALUE('_GebaeudeID',$,IFCLABEL('DEHHALKAP0000rpm'),$);
#57=IFCPROPERTYSINGLEVALUE('_GebaeudeHoehe',$,IFCREAL(7.622),$);
#58=IFCPROPERTYSINGLEVALUE('_AnzahlDerGeschosse',$,IFCINTEGER(2),$);
#59=IFCPROPERTYSINGLEVALUE('_Postleitzahl',$,IFCLABEL('22559'),$);
#60=IFCCARTESIANPOINTLIST3D(((550490.933,5935651.864,43.949),(550495.916,5935656.171,43.949),(550505.2,5935645.426,43.949),(550505.579,5935644.988,43.949),(550500.584,5935640.672,43.949),(550494.865,5935647.289,43.949),(550494.208,5935646.722,43.949),(550491.216,5935650.186,43.949),(550491.883,5935650.764,43.949),(550490.933,5935651.864,50.688),(550491.883,5935650.764,50.688),(550491.216,5935650.186,50.688),(550494.208,5935646.722,50.688),(550494.865,5935647.289,50.688),(550500.584,5935640.672,50.688),(550505.579,5935644.988,50.688),(550505.2,5935645.426,50.688),(550495.916,5935656.171,50.688)));
#61=IFCINDEXEDPOLYGONALFACE((1,2,3,4,5,6,7,8,9,1));
#62=IFCINDEXEDPOLYGONALFACE((10,11,12,13,14,15,16,17,18,10));
#63=IFCINDEXEDPOLYGONALFACE((1,9,11,10,1));
#64=IFCINDEXEDPOLYGONALFACE((9,8,12,11,9));
#65=IFCINDEXEDPOLYGONALFACE((8,7,13,12,8));
#66=IFCINDEXEDPOLYGONALFACE((7,6,14,13,7));
#67=IFCINDEXEDPOLYGONALFACE((6,5,15,14,6));
#68=IFCINDEXEDPOLYGONALFACE((5,4,16,15,5));
#69=IFCINDEXEDPOLYGONALFACE((4,3,17,16,4));
#70=IFCINDEXEDPOLYGONALFACE((3,2,18,17,3));
#71=IFCINDEXEDPOLYGONALFACE((2,1,10,18,2));
#72=IFCPOLYGONALFACESET(#60,$,(#61,#62,#63,#64,#65,#66,#67,#68,#69,#70,#71),$);
#73=IFCSHAPEREPRESENTATION(#24,'Body','Tessellation',(#72));
#74=IFCPRODUCTDEFINITIONSHAPE($,$,(#73));
#75=IFCBUILDINGELEMENTPROXY('3IkWiOUgbDLg_CViqczAW4',$,'DEHHALKA18n0009t',$,$,$,#94,$,$);
#76=IFCPROPERTYSET('1j_xGKi0H77xA6wOB6TLPk',$,'Pset_Objektinformation',$,(#78,#79,#80,#81,#82,#83,#84));
#77=IFCRELDEFINESBYPROPERTIES('19k5d7Ch56JwF9R4HIvXBl',$,$,$,(#75),#76);
#78=IFCPROPERTYSINGLEVALUE('_IDEbene1',$,IFCLABEL('Gebaeude'),$);
#79=IFCPROPERTYSINGLEVALUE('_IDEbene2',$,IFCLABEL('Gebaeude'),$);
#80=IFCPROPERTYSINGLEVALUE('_IDEbene3',$,IFCLABEL('Gebaeude'),$);
#81=IFCPROPERTYSINGLEVALUE('_GebaeudeID',$,IFCLABEL('DEHHALKA18n0009t'),$);
#82=IFCPROPERTYSINGLEVALUE('_GebaeudeHoehe',$,IFCREAL(11.262),$);
#83=IFCPROPERTYSINGLEVALUE('_AnzahlDerGeschosse',$,IFCINTEGER(2),$);
#84=IFCPROPERTYSINGLEVALUE('_Postleitzahl',$,IFCLABEL('22559'),$);
#85=IFCCARTESIANPOINTLIST3D(((550044.5,5935271.888,1.881),(550044.519,5935278.154,1.881),(550054.502,5935278.089,1.881),(550054.439,5935271.831,1.881),(550044.5,5935271.888,13.143),(550054.439,5935271.831,13.143),(550054.502,5935278.089,13.143),(550044.519,5935278.154,13.143)));
#86=IFCINDEXEDPOLYGONALFACE((1,2,3,4,1));
#87=IFCINDEXEDPOLYGONALFACE((5,6,7,8,5));
#88=IFCINDEXEDPOLYGONALFACE((1,4,6,5,1));
#89=IFCINDEXEDPOLYGONALFACE((4,3,7,6,4));
#90=IFCINDEXEDPOLYGONALFACE((3,2,8,7,3));
#91=IFCINDEXEDPOLYGONALFACE((2,1,5,8,2));
#92=IFCPOLYGONALFACESET(#85,$,(#86,#87,#88,#89,#90,#91),$);
#93=IFCSHAPEREPRESENTATION(#24,'Body','Tessellation',(#92));
#94=IFCPRODUCTDEFINITIONSHAPE($,$,(#93));
#95=IFCBUILDINGELEMENTPROXY('3lCCAzDQj4Qg04eXScJV9M',$,'DEHHALKAP0000s3J',$,$,$,#117,$,$);
#96=IFCPROPERTYSET('1AC_8Vt9T0GBqD97XIFIA6',$,'Pset_Objektinformation',$,(#98,#99,#100,#101,#102,#103,#104));
#97=IFCRELDEFINESBYPROPERTIES('0XVAj3D4z3_xLb04cHQClO',$,$,$,(#95),#96);
#98=IFCPROPERTYSINGLEVALUE('_IDEbene1',$,IFCLABEL('Gebaeude'),$);
#99=IFCPROPERTYSINGLEVALUE('_IDEbene2',$,IFCLABEL('Gebaeude'),$);
#100=IFCPROPERTYSINGLEVALUE('_IDEbene3',$,IFCLABEL('Gebaeude'),$);
#101=IFCPROPERTYSINGLEVALUE('_GebaeudeID',$,IFCLABEL('DEHHALKAP0000s3J'),$);
#102=IFCPROPERTYSINGLEVALUE('_GebaeudeHoehe',$,IFCREAL(6.01),$);
#103=IFCPROPERTYSINGLEVALUE('_AnzahlDerGeschosse',$,IFCINTEGER(2),$);
#104=IFCPROPERTYSINGLEVALUE('_Postleitzahl',$,IFCLABEL('22559'),$);
#105=IFCCARTESIANPOINTLIST3D(((550290.37,5935839.612,36.59),(550287.011,5935840.889,36.59),(550282.273,5935838.764,36.59),(550278.087,5935848.094,36.59),(550287.43,5935852.287,36.59),(550289.553,5935847.555,36.59),(550292.907,5935846.279,36.59),(550290.37,5935839.612,42.603),(550292.907,5935846.279,42.603),(550289.553,5935847.555,42.603),(550287.43,5935852.287,42.603),(550278.087,5935848.094,42.603),(550282.273,5935838.764,42.603),(550287.011,5935840.889,42.603)));
#106=IFCINDEXEDPOLYGONALFACE((1,2,3,4,5,6,7,1));
#107=IFCINDEXEDPOLYGONALFACE((8,9,10,11,12,13,14,8));
#108=IFCINDEXEDPOLYGONALFACE((1,7,9,8,1));
#109=IFCINDEXEDPOLYGONALFACE((7,6,10,9,7));
#110=IFCINDEXEDPOLYGONALFACE((6,5,11,10,6));
#111=IFCINDEXEDPOLYGONALFACE((5,4,12,11,5));
#112=IFCINDEXEDPOLYGONALFACE((4,3,13,12,4));
#113=IFCINDEXEDPOLYGONALFACE((3,2,14,13,3));
#114=IFCINDEXEDPOLYGONALFACE((2,1,8,14,2));
#115=IFCPOLYGONALFACESET(#105,$,(#106,#107,#108,#109,#110,#111,#112,#113,#114),$);
#116=IFCSHAPEREPRESENTATION(#24,'Body','Tessellation',(#115));
#117=IFCPRODUCTDEFINITIONSHAPE($,$,(#116));
#118=IFCBUILDINGELEMENTPROXY('2JbGaD7Fn1XQnABwJ0TNJn',$,'DEHHALKAP0000qPJ',$,$,$,#140,$,$);
#119=IFCPROPERTYSET('0U5KcuJ0D7ER5RCm1poi1v',$,'Pset_Objektinformation',$,(#121,#122,#123,#124,#125,#126,#127));
#120=IFCRELDEFINESBYPROPERTIES('2GfTBadoz7WAkySJ$l7kZk',$,$,$,(#118),#119);
#121=IFCPROPERTYSINGLEVALUE('_IDEbene1',$,IFCLABEL('Gebaeude'),$);
#122=IFCPROPERTYSINGLEVALUE('_IDEbene2',$,IFCLABEL('Gebaeude'),$);
#123=IFCPROPERTYSINGLEVALUE('_IDEbene3',$,IFCLABEL('Gebaeude'),$);
#124=IFCPROPERTYSINGLEVALUE('_GebaeudeID',$,IFCLABEL('DEHHALKAP0000qPJ'),$);
#125=IFCPROPERTYSINGLEVALUE('_GebaeudeHoehe',$,IFCREAL(6.083),$);
#126=IFCPROPERTYSINGLEVALUE('_AnzahlDerGeschosse',$,IFCINTEGER(2),$);
#127=IFCPROPERTYSINGLEVALUE('_Postleitzahl',$,IFCLABEL('22559'),$);
#128=IFCCARTESIANPOINTLIST3D(((550372.951,5935842.763,35.93),(550370.521,5935847.23,35.93),(550367.081,5935848.218,35.93),(550369.098,5935855.246,35.93),(550372.514,5935854.266,35.93),(550377.021,5935856.716,35.93),(550381.944,5935847.656,35.93),(550372.951,5935842.763,42.013),(550381.944,5935847.656,42.013),(550377.021,5935856.716,42.013),(550372.514,5935854.266,42.013),(550369.098,5935855.246,42.013),(550367.081,5935848.218,42.013),(550370.521,5935847.23,42.013)));
#129=IFCINDEXEDPOLYGONALFACE((1,2,3,4,5,6,7,1));
#130=IFCINDEXEDPOLYGONALFACE((8,9,10,11,12,13,14,8));
#131=IFCINDEXEDPOLYGONALFACE((1,7,9,8,1));
#132=IFCINDEXEDPOLYGONALFACE((7,6,10,9,7));
#133=IFCINDEXEDPOLYGONALFACE((6,5,11,10,6));
#134=IFCINDEXEDPOLYGONALFACE((5,4,12,11,5));
#135=IFCINDEXEDPOLYGONALFACE((4,3,13,12,4));
#136=IFCINDEXEDPOLYGONALFACE((3,2,14,13,3));
#137=IFCINDEXEDPOLYGONALFACE((2,1,8,14,2));
#138=IFCPOLYGONALFACESET(#128,$,(#129,#130,#131,#132,#133,#134,#135,#136,#137),$);
#139=IFCSHAPEREPRESENTATION(#24,'Body','Tessellation',(#138));
#140=IFCPRODUCTDEFINITIONSHAPE($,$,(#139));
#141=IFCBUILDINGELEMENTPROXY('38KtsZMaHEOuG6ODrjiKve',$,'DEHHALKAP0000qQ8',$,$,$,#161,$,$);
#142=IFCPROPERTYSET('0JqygklVf85OaIsalI$Pmh',$,'Pset_Objektinformation',$,(#144,#145,#146,#147,#148,#149,#150));
#143=IFCRELDEFINESBYPROPERTIES('0myEb43Mf438taSLkPJ9nO',$,$,$,(#141),#142);
#144=IFCPROPERTYSINGLEVALUE('_IDEbene1',$,IFCLABEL('Gebaeude'),$);
#145=IFCPROPERTYSINGLEVALUE('_IDEbene2',$,IFCLABEL('Gebaeude'),$);
#146=IFCPROPERTYSINGLEVALUE('_IDEbene3',$,IFCLABEL('Gebaeude'),$);
#147=IFCPROPERTYSINGLEVALUE('_GebaeudeID',$,IFCLABEL('DEHHALKAP0000qQ8'),$);
#148=IFCPROPERTYSINGLEVALUE('_GebaeudeHoehe',$,IFCREAL(3.079),$);
#149=IFCPROPERTYSINGLEVALUE('_AnzahlDerGeschosse',$,IFCINTEGER(1),$);
#150=IFCPROPERTYSINGLEVALUE('_Postleitzahl',$,IFCLABEL('22559'),$);
#151=IFCCARTESIANPOINTLIST3D(((550508.355,5935376.233,5.045),(550509.99,5935385.82,5.045),(550513.472,5935385.227,5.045),(550513.365,5935384.601,5.045),(550511.837,5935375.639,5.045),(550508.355,5935376.233,7.926),(550511.837,5935375.639,7.926),(550513.365,5935384.601,7.926),(550513.472,5935385.227,7.926),(550509.99,5935385.82,7.926)));
#152=IFCINDEXEDPOLYGONALFACE((1,2,3,4,5,1));
#153=IFCINDEXEDPOLYGONALFACE((6,7,8,9,10,6));
#154=IFCINDEXEDPOLYGONALFACE((1,5,7,6,1));
#155=IFCINDEXEDPOLYGONALFACE((5,4,8,7,5));
#156=IFCINDEXEDPOLYGONALFACE((4,3,9,8,4));
#157=IFCINDEXEDPOLYGONALFACE((3,2,10,9,3));
#158=IFCINDEXEDPOLYGONALFACE((2,1,6,10,2));
#159=IFCPOLYGONALFACESET(#151,$,(#152,#153,#154,#155,#156,#157,#158),$);
#160=IFCSHAPEREPRESENTATION(#24,'Body','Tessellation',(#159));
#161=IFCPRODUCTDEFINITIONSHAPE($,$,(#160));
#162=IFCBUILDINGELEMENTPROXY('3KEIZ7rqX72uesYEzQ2Y4m',$,'DEHHALKAP0000r0j',$,$,$,#181,$,$);
#163=IFCPROPERTYSET('1Yw_QM1ffEBgDoVLl6w$ed',$,'Pset_Objektinformation',$,(#165,#166,#167,#168,#169,#170,#171));
#164=IFCRELDEFINESBYPROPERTIES('2NSKju$DfFex1V5a8oogq1',$,$,$,(#162),#163);
#165=IFCPROPERTYSINGLEVALUE('_IDEbene1',$,IFCLABEL('Gebaeude'),$);
#166=IFCPROPERTYSINGLEVALUE('_IDEbene2',$,IFCLABEL('Gebaeude'),$);
#167=IFCPROPERTYSINGLEVALUE('_IDEbene3',$,IFCLABEL('Gebaeude'),$);
#168=IFCPROPERTYSINGLEVALUE('_GebaeudeID',$,IFCLABEL('DEHHALKAP0000r0j'),$);
#169=IFCPROPERTYSINGLEVALUE('_GebaeudeHoehe',$,IFCREAL(3.),$);
#170=IFCPROPERTYSINGLEVALUE('_AnzahlDerGeschosse',$,IFCINTEGER(1),$);
#171=IFCPROPERTYSINGLEVALUE('_Postleitzahl',$,IFCLABEL('22559'),$);
#172=IFCCARTESIANPOINTLIST3D(((550064.373,5935353.499,4.47),(550064.546,5935356.746,4.47),(550066.332,5935356.651,4.47),(550066.159,5935353.404,4.47),(550064.373,5935353.499,7.47),(550066.159,5935353.404,7.47),(550066.332,5935356.651,7.47),(550064.546,5935356.746,7.47)));
#173=IFCINDEXEDPOLYGONALFACE((1,2,3,4,1));
#174=IFCINDEXEDPOLYGONALFACE((5,6,7,8,5));
#175=IFCINDEXEDPOLYGONALFACE((1,4,6,5,1));
#176=IFCINDEXEDPOLYGONALFACE((4,3,7,6,4));
#177=IFCINDEXEDPOLYGONALFACE((3,2,8,7,3));
#178=IFCINDEXEDPOLYGONALFACE((2,1,5,8,2));
#179=IFCPOLYGONALFACESET(#172,$,(#173,#174,#175,#176,#177,#178),$);
#180=IFCSHAPEREPRESENTATION(#24,'Body','Tessellation',(#179));
#181=IFCPRODUCTDEFINITIONSHAPE($,$,(#180));
#182=IFCBUILDINGELEMENTPROXY('13lIcW5IX3uhxPZ9kEX$TW',$,'DEHHALKAP0000r27',$,$,$,#204,$,$);
#183=IFCPROPERTYSET('32GtqjvQDBcwiL2scMk3gK',$,'Pset_Objektinformation',$,(#185,#186,#187,#188,#189,#190,#191));
#184=IFCRELDEFINESBYPROPERTIES('18WdpXTq57M84Jryj1i9wf',$,$,$,(#182),#183);
#185=IFCPROPERTYSINGLEVALUE('_IDEbene1',$,IFCLABEL('Gebaeude'),$);
#186=IFCPROPERTYSINGLEVALUE('_IDEbene2',$,IFCLABEL('Gebaeude'),$);
#187=IFCPROPERTYSINGLEVALUE('_IDEbene3',$,IFCLABEL('Gebaeude'),$);
#188=IFCPROPERTYSINGLEVALUE('_GebaeudeID',$,IFCLABEL('DEHHALKAP0000r27'),$);
#189=IFCPROPERTYSINGLEVALUE('_GebaeudeHoehe',$,IFCREAL(6.251),$);
#190=IFCPROPERTYSINGLEVALUE('_AnzahlDerGeschosse',$,IFCINTEGER(1),$);
#191=IFCPROPERTYSINGLEVALUE('_Postleitzahl',$,IFCLABEL('22559'),$);
#192=IFCCARTESIANPOINTLIST3D(((550246.903,5935932.986,35.26),(550257.262,5935936.596,35.26),(550259.18,5935931.09,35.26),(550262.235,5935929.615,35.26),(550259.162,5935923.025,35.26),(550256.017,5935924.545,35.26),(550250.512,5935922.627,35.26),(550246.903,5935932.986,41.51),(550250.512,5935922.627,41.51),(550256.017,5935924.545,41.51),(550259.162,5935923.025,41.51),(550262.235,5935929.615,41.51),(550259.18,5935931.09,41.51),(550257.262,5935936.596,41.51)));
#193=IFCINDEXEDPOLYGONALFACE((1,2,3,4,5,6,7,1));
#194=IFCINDEXEDPOLYGONALFACE((8,9,10,11,12,13,14,8));
#195=IFCINDEXEDPOLYGONALFACE((1,7,9,8,1));
#196=IFCINDEXEDPOLYGONALFACE((7,6,10,9,7));
#197=IFCINDEXEDPOLYGONALFACE((6,5,11,10,6));
#198=IFCINDEXEDPOLYGONALFACE((5,4,12,11,5));
#199=IFCINDEXEDPOLYGONALFACE((4,3,13,12,4));
#200=IFCINDEXEDPOLYGONALFACE((3,2,14,13,3));
#201=IFCINDEXEDPOLYGONALFACE((2,1,8,14,2));
#202=IFCPOLYGONALFACESET(#192,$,(#193,#194,#195,#196,#197,#198,#199,#200,#201),$);
#203=IFCSHAPEREPRESENTATION(#24,'Body','Tessellation',(#202));
#204=IFCPRODUCTDEFINITIONSHAPE($,$,(#203));
#205=IFCBUILDINGELEMENTPROXY('2wvLystUnFC9DDDCwtt0E9',$,'DEHHALKAP0000rDM',$,$,$,#226,$,$);
#206=IFCPROPERTYSET('0bm5w3ld1Dl8cphtJaWiIW',$,'Pset_Objektinformation',$,(#208,#209,#210,#211,#212,#213,#214));
#207=IFCRELDEFINESBYPROPERTIES('2sti52AL90nwU7c_TnW_gs',$,$,$,(#205),#206);
#208=IFCPROPERTYSINGLEVALUE('_IDEbene1',$,IFCLABEL('Gebaeude'),$);
#209=IFCPROPERTYSINGLEVALUE('_IDEbene2',$,IFCLABEL('Gebaeude'),$);
#210=IFCPROPERTYSINGLEVALUE('_IDEbene3',$,IFCLABEL('Gebaeude'),$);
#211=IFCPROPERTYSINGLEVALUE('_GebaeudeID',$,IFCLABEL('DEHHALKAP0000rDM'),$);
#212=IFCPROPERTYSINGLEVALUE('_GebaeudeHoehe',$,IFCREAL(5.349),$);
#213=IFCPROPERTYSINGLEVALUE('_AnzahlDerGeschosse',$,IFCINTEGER(2),$);
#214=IFCPROPERTYSINGLEVALUE('_Postleitzahl',$,IFCLABEL('22559'),$);
#215=IFCCARTESIANPOINTLIST3D(((550119.617,5935374.738,4.106),(550114.568,5935374.775,4.106),(550114.602,5935379.457,4.106),(550117.506,5935379.436,4.106),(550117.513,5935380.458,4.106),(550119.658,5935380.442,4.106),(550119.617,5935374.738,9.303),(550119.658,5935380.442,9.303),(550117.513,5935380.458,9.303),(550117.506,5935379.436,9.303),(550114.602,5935379.457,9.303),(550114.568,5935374.775,9.303)));
#216=IFCINDEXEDPOLYGONALFACE((1,2,3,4,5,6,1));
#217=IFCINDEXEDPOLYGONALFACE((7,8,9,10,11,12,7));
#218=IFCINDEXEDPOLYGONALFACE((1,6,8,7,1));
#219=IFCINDEXEDPOLYGONALFACE((6,5,9,8,6));
#220=IFCINDEXEDPOLYGONALFACE((5,4,10,9,5));
#221=IFCINDEXEDPOLYGONALFACE((4,3,11,10,4));
#222=IFCINDEXEDPOLYGONALFACE((3,2,12,11,3));
#223=IFCINDEXEDPOLYGONALFACE((2,1,7,12,2));
#224=IFCPOLYGONALFACESET(#215,$,(#216,#217,#218,#219,#220,#221,#222,#223),$);
#225=IFCSHAPEREPRESENTATION(#24,'Body','Tessellation',(#224));
#226=IFCPRODUCTDEFINITIONSHAPE($,$,(#225));
#227=IFCBUILDINGELEMENTPROXY('0Rr9u2mNb9eBvwFp3Ztt2Q',$,'DEHHALKAP0000rnW',$,$,$,#256,$,$);
#228=IFCPROPERTYSET('2c5AbEfsX9ouU$YcznErih',$,'Pset_Objektinformation',$,(#230,#231,#232,#233,#234,#235,#236));
#229=IFCRELDEFINESBYPROPERTIES('2QFeAcgE10hfFCoNDFYuzJ',$,$,$,(#227),#228);
#230=IFCPROPERTYSINGLEVALUE('_IDEbene1',$,IFCLABEL('Gebaeude'),$);
#231=IFCPROPERTYSINGLEVALUE('_IDEbene2',$,IFCLABEL('Gebaeude'),$);
#232=IFCPROPERTYSINGLEVALUE('_IDEbene3',$,IFCLABEL('Gebaeude'),$);
#233=IFCPROPERTYSINGLEVALUE('_GebaeudeID',$,IFCLABEL('DEHHALKAP0000rnW'),$);
#234=IFCPROPERTYSINGLEVALUE('_GebaeudeHoehe',$,IFCREAL(8.59),$);
#235=IFCPROPERTYSINGLEVALUE('_AnzahlDerGeschosse',$,IFCINTEGER(1),$);
#236=IFCPROPERTYSINGLEVALUE('_Postleitzahl',$,IFCLABEL('22559'),$);
#237=IFCCARTESIANPOINTLIST3D(((550407.18,5935430.863,4.151),(550415.44,5935430.601,4.151),(550415.423,5935430.077,4.151),(550416.803,5935430.033,4.151),(550416.523,5935421.226,4.151),(550414.056,5935421.304,4.151),(550413.963,5935418.345,4.151),(550407.907,5935418.536,4.151),(550407.999,5935421.447,4.151),(550406.88,5935421.483,4.151),(550406.94,5935423.404,4.151),(550405.589,5935423.447,4.151),(550405.809,5935430.39,4.151),(550407.164,5935430.347,4.151),(550407.18,5935430.863,9.243),(550407.164,5935430.347,9.243),(550405.809,5935430.39,9.243),(550405.589,5935423.447,9.243),(550406.94,5935423.404,9.243),(550406.88,5935421.483,9.243),(550407.999,5935421.447,9.243),(550407.907,5935418.536,9.243),(550413.963,5935418.345,9.243),(550414.056,5935421.304,9.243),(550416.523,5935421.226,9.243),(550416.803,5935430.033,9.243),(550415.423,5935430.077,9.243),(550415.44,5935430.601,9.243)));
#238=IFCINDEXEDPOLYGONALFACE((1,2,3,4,5,6,7,8,9,10,11,12,13,14,1));
#239=IFCINDEXEDPOLYGONALFACE((15,16,17,18,19,20,21,22,23,24,25,26,27,28,15));
#240=IFCINDEXEDPOLYGONALFACE((1,14,16,15,1));
#241=IFCINDEXEDPOLYGONALFACE((14,13,17,16,14));
#242=IFCINDEXEDPOLYGONALFACE((13,12,18,17,13));
#243=IFCINDEXEDPOLYGONALFACE((12,11,19,18,12));
#244=IFCINDEXEDPOLYGONALFACE((11,10,20,19,11));
#245=IFCINDEXEDPOLYGONALFACE((10,9,21,20,10));
#246=IFCINDEXEDPOLYGONALFACE((9,8,22,21,9));
#247=IFCINDEXEDPOLYGONALFACE((8,7,23,22,8));
#248=IFCINDEXEDPOLYGONALFACE((7,6,24,23,7));
#249=IFCINDEXEDPOLYGONALFACE((6,5,25,24,6));
#250=IFCINDEXEDPOLYGONALFACE((5,4,26,25,5));
#251=IFCINDEXEDPOLYGONALFACE((4,3,27,26,4));
#252=IFCINDEXEDPOLYGONALFACE((3,2,28,27,3));
#253=IFCINDEXEDPOLYGONALFACE((2,1,15,28,2));
#254=IFCPOLYGONALFACESET(#237,$,(#238,#239,#240,#241,#242,#243,#244,#245,#246,#247,#248,#249,#250,#251,#252,#253),$);
#255=IFCSHAPEREPRESENTATION(#24,'Body','Tessellation',(#254));
#256=IFCPRODUCTDEFINITIONSHAPE($,$,(#255));
#257=IFCBUILDINGELEMENTPROXY('3WBX6D2kv1VAmrryGj26T_',$,'DEHHALKAP0000swU',$,$,$,#276,$,$);
#258=IFCPROPERTYSET('20CiZO4ej8fOEiVyPtZDBG',$,'Pset_Objektinformation',$,(#260,#261,#262,#263,#264,#265,#266));
#259=IFCRELDEFINESBYPROPERTIES('3wxgbJe1TElB9VO3sch1cJ',$,$,$,(#257),#258);
#260=IFCPROPERTYSINGLEVALUE('_IDEbene1',$,IFCLABEL('Gebaeude'),$);
#261=IFCPROPERTYSINGLEVALUE('_IDEbene2',$,IFCLABEL('Gebaeude'),$);
#262=IFCPROPERTYSINGLEVALUE('_IDEbene3',$,IFCLABEL('Gebaeude'),$);
#263=IFCPROPERTYSINGLEVALUE('_GebaeudeID',$,IFCLABEL('DEHHALKAP0000swU'),$);
#264=IFCPROPERTYSINGLEVALUE('_GebaeudeHoehe',$,IFCREAL(3.),$);
#265=IFCPROPERTYSINGLEVALUE('_AnzahlDerGeschosse',$,IFCINTEGER(1),$);
#266=IFCPROPERTYSINGLEVALUE('_Postleitzahl',$,IFCLABEL('22587'),$);
#267=IFCCARTESIANPOINTLIST3D(((550802.36,5935345.159,5.566),(550800.673,5935345.696,5.566),(550801.213,5935347.393,5.566),(550802.9,5935346.857,5.566),(550802.36,5935345.159,8.566),(550802.9,5935346.857,8.566),(550801.213,5935347.393,8.566),(550800.673,5935345.696,8.566)));
#268=IFCINDEXEDPOLYGONALFACE((1,2,3,4,1));
#269=IFCINDEXEDPOLYGONALFACE((5,6,7,8,5));
#270=IFCINDEXEDPOLYGONALFACE((1,4,6,5,1));
#271=IFCINDEXEDPOLYGONALFACE((4,3,7,6,4));
#272=IFCINDEXEDPOLYGONALFACE((3,2,8,7,3));
#273=IFCINDEXEDPOLYGONALFACE((2,1,5,8,2));
#274=IFCPOLYGONALFACESET(#267,$,(#268,#269,#270,#271,#272,#273),$);
#275=IFCSHAPEREPRESENTATION(#24,'Body','Tessellation',(#274));
#276=IFCPRODUCTDEFINITIONSHAPE($,$,(#275));
#277=IFCBUILDINGELEMENTPROXY('0JqZoZ$sfDVR9pCB8aHDiR',$,'DEHHALKAP0000s35',$,$,$,#297,$,$);
#278=IFCPROPERTYSET('0btuCK03nAqvrazRTMHXfB',$,'Pset_Objektinformation',$,(#280,#281,#282,#283,#284,#285,#286));
#279=IFCRELDEFINESBYPROPERTIES('2S0ozPQerAG9j9u2dEDyM0',$,$,$,(#277),#278);
#280=IFCPROPERTYSINGLEVALUE('_IDEbene1',$,IFCLABEL('Gebaeude'),$);
#281=IFCPROPERTYSINGLEVALUE('_IDEbene2',$,IFCLABEL('Gebaeude'),$);
#282=IFCPROPERTYSINGLEVALUE('_IDEbene3',$,IFCLABEL('Gebaeude'),$);
#283=IFCPROPERTYSINGLEVALUE('_GebaeudeID',$,IFCLABEL('DEHHALKAP0000s35'),$);
#284=IFCPROPERTYSINGLEVALUE('_GebaeudeHoehe',$,IFCREAL(5.382),$);
#285=IFCPROPERTYSINGLEVALUE('_AnzahlDerGeschosse',$,IFCINTEGER(1),$);
#286=IFCPROPERTYSINGLEVALUE('_Postleitzahl',$,IFCLABEL('22587'),$);
#287=IFCCARTESIANPOINTLIST3D(((550591.544,5935525.884,45.762),(550593.825,5935532.755,45.762),(550600.586,5935530.337,45.762),(550598.504,5935523.876,45.762),(550594.463,5935525.043,45.762),(550591.544,5935525.884,51.144),(550594.463,5935525.043,51.144),(550598.504,5935523.876,51.144),(550600.586,5935530.337,51.144),(550593.825,5935532.755,51.144)));
#288=IFCINDEXEDPOLYGONALFACE((1,2,3,4,5,1));
#289=IFCINDEXEDPOLYGONALFACE((6,7,8,9,10,6));
#290=IFCINDEXEDPOLYGONALFACE((1,5,7,6,1));
#291=IFCINDEXEDPOLYGONALFACE((5,4,8,7,5));
#292=IFCINDEXEDPOLYGONALFACE((4,3,9,8,4));
#293=IFCINDEXEDPOLYGONALFACE((3,2,10,9,3));
#294=IFCINDEXEDPOLYGONALFACE((2,1,6,10,2));
#295=IFCPOLYGONALFACESET(#287,$,(#288,#289,#290,#291,#292,#293,#294),$);
#296=IFCSHAPEREPRESENTATION(#24,'Body','Tessellation',(#295));
#297=IFCPRODUCTDEFINITIONSHAPE($,$,(#296));
#298=IFCBUILDINGELEMENTPROXY('06aYyAjPXF68$fXxXAEbXy',$,'DEHHALKAP0000qPQ',$,$,$,#320,$,$);
#299=IFCPROPERTYSET('269liSpCb3Pu56OJwqMV4R',$,'Pset_Objektinformation',$,(#301,#302,#303,#304,#305,#306,#307));
#300=IFCRELDEFINESBYPROPERTIES('2zs4Ufk5X40Ob7wUSrS_Fn',$,$,$,(#298),#299);
#301=IFCPROPERTYSINGLEVALUE('_IDEbene1',$,IFCLABEL('Gebaeude'),$);
#302=IFCPROPERTYSINGLEVALUE('_IDEbene2',$,IFCLABEL('Gebaeude'),$);
#303=IFCPROPERTYSINGLEVALUE('_IDEbene3',$,IFCLABEL('Gebaeude'),$);
#304=IFCPROPERTYSINGLEVALUE('_GebaeudeID',$,IFCLABEL('DEHHALKAP0000qPQ'),$);
#305=IFCPROPERTYSINGLEVALUE('_GebaeudeHoehe',$,IFCREAL(6.195),$);
#306=IFCPROPERTYSINGLEVALUE('_AnzahlDerGeschosse',$,IFCINTEGER(1),$);
#307=IFCPROPERTYSINGLEVALUE('_Postleitzahl',$,IFCLABEL('22559'),$);
#308=IFCCARTESIANPOINTLIST3D(((550259.162,5935923.025,35.285),(550262.235,5935929.615,35.285),(550265.355,5935928.108,35.285),(550270.861,5935930.026,35.285),(550274.47,5935919.666,35.285),(550264.11,5935916.056,35.285),(550262.192,5935921.56,35.285),(550259.162,5935923.025,41.48),(550262.192,5935921.56,41.48),(550264.11,5935916.056,41.48),(550274.47,5935919.666,41.48),(550270.861,5935930.026,41.48),(550265.355,5935928.108,41.48),(550262.235,5935929.615,41.48)));
#309=IFCINDEXEDPOLYGONALFACE((1,2,3,4,5,6,7,1));
#310=IFCINDEXEDPOLYGONALFACE((8,9,10,11,12,13,14,8));
#311=IFCINDEXEDPOLYGONALFACE((1,7,9,8,1));
#312=IFCINDEXEDPOLYGONALFACE((7,6,10,9,7));
#313=IFCINDEXEDPOLYGONALFACE((6,5,11,10,6));
#314=IFCINDEXEDPOLYGONALFACE((5,4,12,11,5));
#315=IFCINDEXEDPOLYGONALFACE((4,3,13,12,4));
#316=IFCINDEXEDPOLYGONALFACE((3,2,14,13,3));
#317=IFCINDEXEDPOLYGONALFACE((2,1,8,14,2));
#318=IFCPOLYGONALFACESET(#308,$,(#309,#310,#311,#312,#313,#314,#315,#316,#317),$);
#319=IFCSHAPEREPRESENTATION(#24,'Body','Tessellation',(#318));
#320=IFCPRODUCTDEFINITIONSHAPE($,$,(#319));
#321=IFCBUILDINGELEMENTPROXY('3Ke37bxf160Rb$634sXVgH',$,'DEHHALKAP0000qQ0',$,$,$,#340,$,$);
#322=IFCPROPERTYSET('0inV5NIxzD5fzsggWf9Dvc',$,'Pset_Objektinformation',$,(#324,#325,#326,#327,#328,#329,#330));
#323=IFCRELDEFINESBYPROPERTIES('2oKHRLdcj8du4yoARVUQke',$,$,$,(#321),#322);
#324=IFCPROPERTYSINGLEVALUE('_IDEbene1',$,IFCLABEL('Gebaeude'),$);
#325=IFCPROPERTYSINGLEVALUE('_IDEbene2',$,IFCLABEL('Gebaeude'),$);
#326=IFCPROPERTYSINGLEVALUE('_IDEbene3',$,IFCLABEL('Gebaeude'),$);
#327=IFCPROPERTYSINGLEVALUE('_GebaeudeID',$,IFCLABEL('DEHHALKAP0000qQ0'),$);
#328=IFCPROPERTYSINGLEVALUE('_GebaeudeHoehe',$,IFCREAL(6.842),$);
#329=IFCPROPERTYSINGLEVALUE('_AnzahlDerGeschosse',$,IFCINTEGER(2),$);
#330=IFCPROPERTYSINGLEVALUE('_Postleitzahl',$,IFCLABEL('22587'),$);
#331=IFCCARTESIANPOINTLIST3D(((550629.647,5935668.439,46.097),(550635.622,5935656.065,46.097),(550630.54,5935653.611,46.097),(550624.567,5935665.985,46.097),(550629.647,5935668.439,52.073),(550624.567,5935665.985,52.073),(550630.54,5935653.611,52.073),(550635.622,5935656.065,52.073)));
#332=IFCINDEXEDPOLYGONALFACE((1,2,3,4,1));
#333=IFCINDEXEDPOLYGONALFACE((5,6,7,8,5));
#334=IFCINDEXEDPOLYGONALFACE((1,4,6,5,1));
#335=IFCINDEXEDPOLYGONALFACE((4,3,7,6,4));
#336=IFCINDEXEDPOLYGONALFACE((3,2,8,7,3));
#337=IFCINDEXEDPOLYGONALFACE((2,1,5,8,2));
#338=IFCPOLYGONALFACESET(#331,$,(#332,#333,#334,#335,#336,#337),$);
#339=IFCSHAPEREPRESENTATION(#24,'Body','Tessellation',(#338));
#340=IFCPRODUCTDEFINITIONSHAPE($,$,(#339));
#341=IFCBUILDINGELEMENTPROXY('2AxNs0ZgXBHwRREyoIoRT9',$,'DEHHALKAP0000qQI',$,$,$,#360,$,$);
#342=IFCPROPERTYSET('08x0dlGd9DhgjjgTExlUKk',$,'Pset_Objektinformation',$,(#344,#345,#346,#347,#348,#349,#350));
#343=IFCRELDEFINESBYPROPERTIES('3iE3FtKAv3de269rsgF5fU',$,$,$,(#341),#342);
#344=IFCPROPERTYSINGLEVALUE('_IDEbene1',$,IFCLABEL('Gebaeude'),$);
#345=IFCPROPERTYSINGLEVALUE('_IDEbene2',$,IFCLABEL('Gebaeude'),$);
#346=IFCPROPERTYSINGLEVALUE('_IDEbene3',$,IFCLABEL('Gebaeude'),$);
#347=IFCPROPERTYSINGLEVALUE('_GebaeudeID',$,IFCLABEL('DEHHALKAP0000qQI'),$);
#348=IFCPROPERTYSINGLEVALUE('_GebaeudeHoehe',$,IFCREAL(4.219),$);
#349=IFCPROPERTYSINGLEVALUE('_AnzahlDerGeschosse',$,IFCINTEGER(1),$);
#350=IFCPROPERTYSINGLEVALUE('_Postleitzahl',$,IFCLABEL('22559'),$);
#351=IFCCARTESIANPOINTLIST3D(((550177.151,5935993.13,34.448),(550183.467,5935995.77,34.448),(550187.993,5935984.947,34.448),(550181.678,5935982.307,34.448),(550177.151,5935993.13,37.846),(550181.678,5935982.307,37.846),(550187.993,5935984.947,37.846),(550183.467,5935995.77,37.846)));
#352=IFCINDEXEDPOLYGONALFACE((1,2,3,4,1));
#353=IFCINDEXEDPOLYGONALFACE((5,6,7,8,5));
#354=IFCINDEXEDPOLYGONALFACE((1,4,6,5,1));
#355=IFCINDEXEDPOLYGONALFACE((4,3,7,6,4));
#356=IFCINDEXEDPOLYGONALFACE((3,2,8,7,3));
#357=IFCINDEXEDPOLYGONALFACE((2,1,5,8,2));
#358=IFCPOLYGONALFACESET(#351,$,(#352,#353,#354,#355,#356,#357),$);
#359=IFCSHAPEREPRESENTATION(#24,'Body','Tessellation',(#358));
#360=IFCPRODUCTDEFINITIONSHAPE($,$,(#359));
#361=IFCBUILDINGELEMENTPROXY('2QteHUlR11mRXfa8HGV4yQ',$,'DEHHALKAP0000qwu',$,$,$,#383,$,$);
#362=IFCPROPERTYSET('3FRXZPTxLBJ83amEmtVcRp',$,'Pset_Objektinformation',$,(#364,#365,#366,#367,#368,#369,#370));
#363=IFCRELDEFINESBYPROPERTIES('3QBcQnJB58ofHPl3VVXCzC',$,$,$,(#361),#362);
#364=IFCPROPERTYSINGLEVALUE('_IDEbene1',$,IFCLABEL('Gebaeude'),$);
#365=IFCPROPERTYSINGLEVALUE('_IDEbene2',$,IFCLABEL('Gebaeude'),$);
#366=IFCPROPERTYSINGLEVALUE('_IDEbene3',$,IFCLABEL('Gebaeude'),$);
#367=IFCPROPERTYSINGLEVALUE('_GebaeudeID',$,IFCLABEL('DEHHALKAP0000qwu'),$);
#368=IFCPROPERTYSINGLEVALUE('_GebaeudeHoehe',$,IFCREAL(5.995),$);
#369=IFCPROPERTYSINGLEVALUE('_AnzahlDerGeschosse',$,IFCINTEGER(2),$);
#370=IFCPROPERTYSINGLEVALUE('_Postleitzahl',$,IFCLABEL('22559'),$);
#371=IFCCARTESIANPOINTLIST3D(((550323.35,5935848.924,36.03),(550319.953,5935850.289,36.03),(550315.098,5935848.268,36.03),(550311.159,5935857.729,36.03),(550320.786,5935861.738,36.03),(550322.765,5935856.986,36.03),(550326.058,5935855.662,36.03),(550323.35,5935848.924,41.92),(550326.058,5935855.662,41.92),(550322.765,5935856.986,41.92),(550320.786,5935861.738,41.92),(550311.159,5935857.729,41.92),(550315.098,5935848.268,41.92),(550319.953,5935850.289,41.92)));
#372=IFCINDEXEDPOLYGONALFACE((1,2,3,4,5,6,7,1));
#373=IFCINDEXEDPOLYGONALFACE((8,9,10,11,12,13,14,8));
#374=IFCINDEXEDPOLYGONALFACE((1,7,9,8,1));
#375=IFCINDEXEDPOLYGONALFACE((7,6,10,9,7));
#376=IFCINDEXEDPOLYGONALFACE((6,5,11,10,6));
#377=IFCINDEXEDPOLYGONALFACE((5,4,12,11,5));
#378=IFCINDEXEDPOLYGONALFACE((4,3,13,12,4));
#379=IFCINDEXEDPOLYGONALFACE((3,2,14,13,3));
#380=IFCINDEXEDPOLYGONALFACE((2,1,8,14,2));
#381=IFCPOLYGONALFACESET(#371,$,(#372,#373,#374,#375,#376,#377,#378,#379,#380),$);
#382=IFCSHAPEREPRESENTATION(#24,'Body','Tessellation',(#381));
#383=IFCPRODUCTDEFINITIONSHAPE($,$,(#382));
#384=IFCBUILDINGELEMENTPROXY('1_N006Yu94BgMV4hqTYd3u',$,'DEHHALKAP0000rFK',$,$,$,#406,$,$);
#385=IFCPROPERTYSET('3k79wuQwr7oeQHyCRjsxSQ',$,'Pset_Objektinformation',$,(#387,#388,#389,#390,#391,#392,#393));
#386=IFCRELDEFINESBYPROPERTIES('2gIblEuBr3gezBOJg_6xH_',$,$,$,(#384),#385);
#387=IFCPROPERTYSINGLEVALUE('_IDEbene1',$,IFCLABEL('Gebaeude'),$);
#388=IFCPROPERTYSINGLEVALUE('_IDEbene2',$,IFCLABEL('Gebaeude'),$);
#389=IFCPROPERTYSINGLEVALUE('_IDEbene3',$,IFCLABEL('Gebaeude'),$);
#390=IFCPROPERTYSINGLEVALUE('_GebaeudeID',$,IFCLABEL('DEHHALKAP0000rFK'),$);
#391=IFCPROPERTYSINGLEVALUE('_GebaeudeHoehe',$,IFCREAL(6.01),$);
#392=IFCPROPERTYSINGLEVALUE('_AnzahlDerGeschosse',$,IFCINTEGER(2),$);
#393=IFCPROPERTYSINGLEVALUE('_Postleitzahl',$,IFCLABEL('22559'),$);
#394=IFCCARTESIANPOINTLIST3D(((550276.051,5935881.527,36.42),(550272.618,5935882.61,36.42),(550268.315,5935880.167,36.42),(550263.519,5935888.605,36.42),(550272.343,5935893.654,36.42),(550274.775,5935889.4,36.42),(550278.195,5935888.319,36.42),(550276.051,5935881.527,42.427),(550278.195,5935888.319,42.427),(550274.775,5935889.4,42.427),(550272.343,5935893.654,42.427),(550263.519,5935888.605,42.427),(550268.315,5935880.167,42.427),(550272.618,5935882.61,42.427)));
#395=IFCINDEXEDPOLYGONALFACE((1,2,3,4,5,6,7,1));
#396=IFCINDEXEDPOLYGONALFACE((8,9,10,11,12,13,14,8));
#397=IFCINDEXEDPOLYGONALFACE((1,7,9,8,1));
#398=IFCINDEXEDPOLYGONALFACE((7,6,10,9,7));
#399=IFCINDEXEDPOLYGONALFACE((6,5,11,10,6));
#400=IFCINDEXEDPOLYGONALFACE((5,4,12,11,5));
#401=IFCINDEXEDPOLYGONALFACE((4,3,13,12,4));
#402=IFCINDEXEDPOLYGONALFACE((3,2,14,13,3));
#403=IFCINDEXEDPOLYGONALFACE((2,1,8,14,2));
#404=IFCPOLYGONALFACESET(#394,$,(#395,#396,#397,#398,#399,#400,#401,#402,#403),$);
#405=IFCSHAPEREPRESENTATION(#24,'Body','Tessellation',(#404));
#406=IFCPRODUCTDEFINITIONSHAPE($,$,(#405));
#407=IFCBUILDINGELEMENTPROXY('1m2$5gFJz4gBVYUtRBqjoH',$,'DEHHALKAP0000rFV',$,$,$,#426,$,$);
#408=IFCPROPERTYSET('2tKBPC4fD1mxDohWQOlxVV',$,'Pset_Objektinformation',$,(#410,#411,#412,#413,#414,#415,#416));
#409=IFCRELDEFINESBYPROPERTIES('1NeVBaS5T8N9jIJcha9vhl',$,$,$,(#407),#408);
#410=IFCPROPERTYSINGLEVALUE('_IDEbene1',$,IFCLABEL('Gebaeude'),$);
#411=IFCPROPERTYSINGLEVALUE('_IDEbene2',$,IFCLABEL('Gebaeude'),$);
#412=IFCPROPERTYSINGLEVALUE('_IDEbene3',$,IFCLABEL('Gebaeude'),$);
#413=IFCPROPERTYSINGLEVALUE('_GebaeudeID',$,IFCLABEL('DEHHALKAP0000rFV'),$);
#414=IFCPROPERTYSINGLEVALUE('_GebaeudeHoehe',$,IFCREAL(4.503),$);
#415=IFCPROPERTYSINGLEVALUE('_AnzahlDerGeschosse',$,IFCINTEGER(1),$);
#416=IFCPROPERTYSINGLEVALUE('_Postleitzahl',$,IFCLABEL('22587'),$);
#417=IFCCARTESIANPOINTLIST3D(((550996.895,5935462.777,71.244),(550993.858,5935463.463,71.244),(550994.922,5935468.179,71.244),(550997.96,5935467.493,71.244),(550996.895,5935462.777,75.748),(550997.96,5935467.493,75.748),(550994.922,5935468.179,75.748),(550993.858,5935463.463,75.748)));
#418=IFCINDEXEDPOLYGONALFACE((1,2,3,4,1));
#419=IFCINDEXEDPOLYGONALFACE((5,6,7,8,5));
#420=IFCINDEXEDPOLYGONALFACE((1,4,6,5,1));
#421=IFCINDEXEDPOLYGONALFACE((4,3,7,6,4));
#422=IFCINDEXEDPOLYGONALFACE((3,2,8,7,3));
#423=IFCINDEXEDPOLYGONALFACE((2,1,5,8,2));
#424=IFCPOLYGONALFACESET(#417,$,(#418,#419,#420,#421,#422,#423),$);
#425=IFCSHAPEREPRESENTATION(#24,'Body','Tessellation',(#424));
#426=IFCPRODUCTDEFINITIONSHAPE($,$,(#425));
#427=IFCBUILDINGELEMENTPROXY('0gRWPaz8P6SeSdnAhdshvC',$,'DEHHALKAP0000rhS',$,$,$,#448,$,$);
#428=IFCPROPERTYSET('0l00gr4dX0$eG8UH6pEeBN',$,'Pset_Objektinformation',$,(#430,#431,#432,#433,#434,#435,#436));
#429=IFCRELDEFINESBYPROPERTIES('1GIMYIV5X0Pv0HLzTWvLmC',$,$,$,(#427),#428);
#430=IFCPROPERTYSINGLEVALUE('_IDEbene1',$,IFCLABEL('Gebaeude'),$);
#431=IFCPROPERTYSINGLEVALUE('_IDEbene2',$,IFCLABEL('Gebaeude'),$);
#432=IFCPROPERTYSINGLEVALUE('_IDEbene3',$,IFCLABEL('Gebaeude'),$);
#433=IFCPROPERTYSINGLEVALUE('_GebaeudeID',$,IFCLABEL('DEHHALKAP0000rhS'),$);
#434=IFCPROPERTYSINGLEVALUE('_GebaeudeHoehe',$,IFCREAL(5.265),$);
#435=IFCPROPERTYSINGLEVALUE('_AnzahlDerGeschosse',$,IFCINTEGER(2),$);
#436=IFCPROPERTYSINGLEVALUE('_Postleitzahl',$,IFCLABEL('22559'),$);
#437=IFCCARTESIANPOINTLIST3D(((550103.716,5935349.076,3.448),(550108.654,5935349.669,3.448),(550109.017,5935346.636,3.448),(550108.099,5935346.527,3.448),(550108.276,5935345.05,3.448),(550104.257,5935344.567,3.448),(550103.716,5935349.076,8.714),(550104.257,5935344.567,8.714),(550108.276,5935345.05,8.714),(550108.099,5935346.527,8.714),(550109.017,5935346.636,8.714),(550108.654,5935349.669,8.714)));
#438=IFCINDEXEDPOLYGONALFACE((1,2,3,4,5,6,1));
#439=IFCINDEXEDPOLYGONALFACE((7,8,9,10,11,12,7));
#440=IFCINDEXEDPOLYGONALFACE((1,6,8,7,1));
#441=IFCINDEXEDPOLYGONALFACE((6,5,9,8,6));
#442=IFCINDEXEDPOLYGONALFACE((5,4,10,9,5));
#443=IFCINDEXEDPOLYGONALFACE((4,3,11,10,4));
#444=IFCINDEXEDPOLYGONALFACE((3,2,12,11,3));
#445=IFCINDEXEDPOLYGONALFACE((2,1,7,12,2));
#446=IFCPOLYGONALFACESET(#437,$,(#438,#439,#440,#441,#442,#443,#444,#445),$);
#447=IFCSHAPEREPRESENTATION(#24,'Body','Tessellation',(#446));
#448=IFCPRODUCTDEFINITIONSHAPE($,$,(#447));
#449=IFCBUILDINGELEMENTPROXY('0eJ7iYz1nFgQ$G8lFW8hiL',$,'DEHHALKAP0000r92',$,$,$,#471,$,$);
#450=IFCPROPERTYSET('11DIZuFFD0Yho1m_Lw_YXX',$,'Pset_Objektinformation',$,(#452,#453,#454,#455,#456,#457,#458));
#451=IFCRELDEFINESBYPROPERTIES('2I6TPEL$j9TQaygvgijQid',$,$,$,(#449),#450);
#452=IFCPROPERTYSINGLEVALUE('_IDEbene1',$,IFCLABEL('Gebaeude'),$);
#453=IFCPROPERTYSINGLEVALUE('_IDEbene2',$,IFCLABEL('Gebaeude'),$);
#454=IFCPROPERTYSINGLEVALUE('_IDEbene3',$,IFCLABEL('Gebaeude'),$);
#455=IFCPROPERTYSINGLEVALUE('_GebaeudeID',$,IFCLABEL('DEHHALKAP0000r92'),$);
#456=IFCPROPERTYSINGLEVALUE('_GebaeudeHoehe',$,IFCREAL(6.03),$);
#457=IFCPROPERTYSINGLEVALUE('_AnzahlDerGeschosse',$,IFCINTEGER(2),$);
#458=IFCPROPERTYSINGLEVALUE('_Postleitzahl',$,IFCLABEL('22559'),$);
#459=IFCCARTESIANPOINTLIST3D(((550295.876,5935833.59,36.59),(550293.754,5935838.324,36.59),(550290.37,5935839.612,36.59),(550292.907,5935846.279,36.59),(550296.296,5935844.99,36.59),(550301.038,5935847.114,36.59),(550305.222,5935837.78,36.59),(550295.876,5935833.59,42.623),(550305.222,5935837.78,42.623),(550301.038,5935847.114,42.623),(550296.296,5935844.99,42.623),(550292.907,5935846.279,42.623),(550290.37,5935839.612,42.623),(550293.754,5935838.324,42.623)));
#460=IFCINDEXEDPOLYGONALFACE((1,2,3,4,5,6,7,1));
#461=IFCINDEXEDPOLYGONALFACE((8,9,10,11,12,13,14,8));
#462=IFCINDEXEDPOLYGONALFACE((1,7,9,8,1));
#463=IFCINDEXEDPOLYGONALFACE((7,6,10,9,7));
#464=IFCINDEXEDPOLYGONALFACE((6,5,11,10,6));
#465=IFCINDEXEDPOLYGONALFACE((5,4,12,11,5));
#466=IFCINDEXEDPOLYGONALFACE((4,3,13,12,4));
#467=IFCINDEXEDPOLYGONALFACE((3,2,14,13,3));
#468=IFCINDEXEDPOLYGONALFACE((2,1,8,14,2));
#469=IFCPOLYGONALFACESET(#459,$,(#460,#461,#462,#463,#464,#465,#466,#467,#468),$);
#470=IFCSHAPEREPRESENTATION(#24,'Body','Tessellation',(#469));
#471=IFCPRODUCTDEFINITIONSHAPE($,$,(#470));
#472=IFCBUILDINGELEMENTPROXY('1zGVC48tnDiA4t6ZfOFvkj',$,'DEHHALKAP0000s85',$,$,$,#505,$,$);
#473=IFCPROPERTYSET('28Al5y75LB1uzeuuiPPREY',$,'Pset_Objektinformation',$,(#475,#476,#477,#478,#479,#480,#481));
#474=IFCRELDEFINESBYPROPERTIES('0ePscjiXL1bREhN7sGyNkm',$,$,$,(#472),#473);
#475=IFCPROPERTYSINGLEVALUE('_IDEbene1',$,IFCLABEL('Gebaeude'),$);
#476=IFCPROPERTYSINGLEVALUE('_IDEbene2',$,IFCLABEL('Gebaeude'),$);
#477=IFCPROPERTYSINGLEVALUE('_IDEbene3',$,IFCLABEL('Gebaeude'),$);
#478=IFCPROPERTYSINGLEVALUE('_GebaeudeID',$,IFCLABEL('DEHHALKAP0000s85'),$);
#479=IFCPROPERTYSINGLEVALUE('_GebaeudeHoehe',$,IFCREAL(12.704),$);
#480=IFCPROPERTYSINGLEVALUE('_AnzahlDerGeschosse',$,IFCINTEGER(2),$);
#481=IFCPROPERTYSINGLEVALUE('_Postleitzahl',$,IFCLABEL('22587'),$);
#482=IFCCARTESIANPOINTLIST3D(((550664.262,5935623.446,52.968),(550662.414,5935630.034,52.968),(550665.285,5935630.84,52.968),(550665.566,5935632.53,52.968),(550664.877,5935633.455,52.968),(550664.77,5935634.201,52.968),(550664.965,5935634.929,52.968),(550665.448,5935635.398,52.968),(550666.066,5935635.662,52.968),(550666.823,5935635.675,52.968),(550667.52,5935635.38,52.968),(550667.948,5935634.767,52.968),(550668.104,5935634.035,52.968),(550668.016,5935633.42,52.968),(550667.733,5935632.868,52.968),(550668.569,5935631.839,52.968),(550682.394,5935635.713,52.968),(550684.26,5935629.056,52.968),(550664.262,5935623.446,62.225),(550684.26,5935629.056,62.225),(550682.394,5935635.713,62.225),(550668.569,5935631.839,62.225),(550667.733,5935632.868,62.225),(550668.016,5935633.42,62.225),(550668.104,5935634.035,62.225),(550667.948,5935634.767,62.225),(550667.52,5935635.38,62.225),(550666.823,5935635.675,62.225),(550666.066,5935635.662,62.225),(550665.448,5935635.398,62.225),(550664.965,5935634.929,62.225),(550664.77,5935634.201,62.225),(550664.877,5935633.455,62.225),(550665.566,5935632.53,62.225),(550665.285,5935630.84,62.225),(550662.414,5935630.034,62.225)));
#483=IFCINDEXEDPOLYGONALFACE((1,2,3,4,5,6,7,8,9,10,11,12,13,14,15,16,17,18,1));
#484=IFCINDEXEDPOLYGONALFACE((19,20,21,22,23,24,25,26,27,28,29,30,31,32,33,34,35,36,19));
#485=IFCINDEXEDPOLYGONALFACE((1,18,20,19,1));
#486=IFCINDEXEDPOLYGONALFACE((18,17,21,20,18));
#487=IFCINDEXEDPOLYGONALFACE((17,16,22,21,17));
#488=IFCINDEXEDPOLYGONALFACE((16,15,23,22,16));
#489=IFCINDEXEDPOLYGONALFACE((15,14,24,23,15));
#490=IFCINDEXEDPOLYGONALFACE((14,13,25,24,14));
#491=IFCINDEXEDPOLYGONALFACE((13,12,26,25,13));
#492=IFCINDEXEDPOLYGONALFACE((12,11,27,26,12));
#493=IFCINDEXEDPOLYGONALFACE((11,10,28,27,11));
#494=IFCINDEXEDPOLYGONALFACE((10,9,29,28,10));
#495=IFCINDEXEDPOLYGONALFACE((9,8,30,29,9));
#496=IFCINDEXEDPOLYGONALFACE((8,7,31,30,8));
#497=IFCINDEXEDPOLYGONALFACE((7,6,32,31,7));
#498=IFCINDEXEDPOLYGONALFACE((6,5,33,32,6));
#499=IFCINDEXEDPOLYGONALFACE((5,4,34,33,5));
#500=IFCINDEXEDPOLYGONALFACE((4,3,35,34,4));
#501=IFCINDEXEDPOLYGONALFACE((3,2,36,35,3));
#502=IFCINDEXEDPOLYGONALFACE((2,1,19,36,2));
#503=IFCPOLYGONALFACESET(#482,$,(#483,#484,#485,#486,#487,#488,#489,#490,#491,#492,#493,#494,#495,#496,#497,#498,#499,#500,#501,#502),$);
#504=IFCSHAPEREPRESENTATION(#24,'Body','Tessellation',(#503));
#505=IFCPRODUCTDEFINITIONSHAPE($,$,(#504));
#506=IFCBUILDINGELEMENTPROXY('1z9BfUgHn4zvtTaVfruSh4',$,'DEHHALKAP0000rUq',$,$,$,#528,$,$);
#507=IFCPROPERTYSET('1t06rfWEH6we8uQoHXmSwE',$,'Pset_Objektinformation',$,(#509,#510,#511,#512,#513,#514,#515));
#508=IFCRELDEFINESBYPROPERTIES('1pX60aNr5A8v1scNsgR95O',$,$,$,(#506),#507);
#509=IFCPROPERTYSINGLEVALUE('_IDEbene1',$,IFCLABEL('Gebaeude'),$);
#510=IFCPROPERTYSINGLEVALUE('_IDEbene2',$,IFCLABEL('Gebaeude'),$);
#511=IFCPROPERTYSINGLEVALUE('_IDEbene3',$,IFCLABEL('Gebaeude'),$);
#512=IFCPROPERTYSINGLEVALUE('_GebaeudeID',$,IFCLABEL('DEHHALKAP0000rUq'),$);
#513=IFCPROPERTYSINGLEVALUE('_GebaeudeHoehe',$,IFCREAL(6.45),$);
#514=IFCPROPERTYSINGLEVALUE('_AnzahlDerGeschosse',$,IFCINTEGER(2),$);
#515=IFCPROPERTYSINGLEVALUE('_Postleitzahl',$,IFCLABEL('22559'),$);
#516=IFCCARTESIANPOINTLIST3D(((550249.859,5935963.083,33.64),(550247.987,5935967.943,33.64),(550244.657,5935969.425,33.64),(550247.594,5935976.02,33.64),(550250.888,5935974.552,33.64),(550255.716,5935976.413,33.64),(550259.431,5935966.772,33.64),(550249.859,5935963.083,39.99),(550259.431,5935966.772,39.99),(550255.716,5935976.413,39.99),(550250.888,5935974.552,39.99),(550247.594,5935976.02,39.99),(550244.657,5935969.425,39.99),(550247.987,5935967.943,39.99)));
#517=IFCINDEXEDPOLYGONALFACE((1,2,3,4,5,6,7,1));
#518=IFCINDEXEDPOLYGONALFACE((8,9,10,11,12,13,14,8));
#519=IFCINDEXEDPOLYGONALFACE((1,7,9,8,1));
#520=IFCINDEXEDPOLYGONALFACE((7,6,10,9,7));
#521=IFCINDEXEDPOLYGONALFACE((6,5,11,10,6));
#522=IFCINDEXEDPOLYGONALFACE((5,4,12,11,5));
#523=IFCINDEXEDPOLYGONALFACE((4,3,13,12,4));
#524=IFCINDEXEDPOLYGONALFACE((3,2,14,13,3));
#525=IFCINDEXEDPOLYGONALFACE((2,1,8,14,2));
#526=IFCPOLYGONALFACESET(#516,$,(#517,#518,#519,#520,#521,#522,#523,#524,#525),$);
#527=IFCSHAPEREPRESENTATION(#24,'Body','Tessellation',(#526));
#528=IFCPRODUCTDEFINITIONSHAPE($,$,(#527));
#529=IFCBUILDINGELEMENTPROXY('3uyuZ0q4b1SgL8x9w9v1EC',$,'DEHHALKAP0000qQE',$,$,$,#584,$,$);
#530=IFCPROPERTYSET('2aVfx7_vb0ew6zlvs7e0SK',$,'Pset_Objektinformation',$,(#532,#533,#534,#535,#536,#537,#538));
#531=IFCRELDEFINESBYPROPERTIES('1Gv37gr$X6$gDG1yvXZqY_',$,$,$,(#529),#530);
#532=IFCPROPERTYSINGLEVALUE('_IDEbene1',$,IFCLABEL('Gebaeude'),$);
#533=IFCPROPERTYSINGLEVALUE('_IDEbene2',$,IFCLABEL('Gebaeude'),$);
#534=IFCPROPERTYSINGLEVALUE('_IDEbene3',$,IFCLABEL('Gebaeude'),$);
#535=IFCPROPERTYSINGLEVALUE('_GebaeudeID',$,IFCLABEL('DEHHALKAP0000qQE'),$);
#536=IFCPROPERTYSINGLEVALUE('_GebaeudeHoehe',$,IFCREAL(18.701),$);
#537=IFCPROPERTYSINGLEVALUE('_AnzahlDerGeschosse',$,IFCINTEGER(3),$);
#538=IFCPROPERTYSINGLEVALUE('_Postleitzahl',$,IFCLABEL('22587'),$);
#539=IFCCARTESIANPOINTLIST3D(((550883.224,5935754.15,56.951),(550882.101,5935752.693,56.951),(550880.516,5935752.905,56.951),(550878.666,5935753.851,56.951),(550877.869,5935754.608,56.951),(550877.233,5935755.505,56.951),(550876.672,5935756.901,56.951),(550877.793,5935758.345,56.951),(550873.682,5935761.507,56.951),(550873.81,5935761.673,56.951),(550876.464,5935765.121,56.951),(550875.812,5935765.671,56.951),(550876.183,5935766.81,56.951),(550876.736,5935767.722,56.951),(550877.483,5935768.482,56.951),(550878.458,5935769.079,56.951),(550879.146,5935768.569,56.951),(550881.928,5935772.193,56.951),(550886.133,5935768.95,56.951),(550886.438,5935769.346,56.951),(550887.298,5935769.938,56.951),(550888.268,5935770.013,56.951),(550889.153,5935769.611,56.951),(550889.596,5935769.083,56.951),(550889.813,5935768.429,56.951),(550889.761,5935767.702,56.951),(550889.432,5935767.053,56.951),(550889.131,5935766.671,56.951),(550895.747,5935761.526,56.951),(550895.065,5935760.65,56.951),(550895.874,5935760.014,56.951),(550895.445,5935758.017,56.951),(550894.677,5935756.192,56.951),(550893.591,5935754.537,56.951),(550892.684,5935753.545,56.951),(550891.67,5935752.664,56.951),(550890.389,5935751.81,56.951),(550889.007,5935751.133,56.951),(550888.206,5935751.751,56.951),(550887.506,5935750.846,56.951),(550883.224,5935754.15,71.971),(550887.506,5935750.846,71.971),(550888.206,5935751.751,71.971),(550889.007,5935751.133,71.971),(550890.389,5935751.81,71.971),(550891.67,5935752.664,71.971),(550892.684,5935753.545,71.971),(550893.591,5935754.537,71.971),(550894.677,5935756.192,71.971),(550895.445,5935758.017,71.971),(550895.874,5935760.014,71.971),(550895.065,5935760.65,71.971),(550895.747,5935761.526,71.971),(550889.131,5935766.671,71.971),(550889.432,5935767.053,71.971),(550889.761,5935767.702,71.971),(550889.813,5935768.429,71.971),(550889.596,5935769.083,71.971),(550889.153,5935769.611,71.971),(550888.268,5935770.013,71.971),(550887.298,5935769.938,71.971),(550886.438,5935769.346,71.971),(550886.133,5935768.95,71.971),(550881.928,5935772.193,71.971),(550879.146,5935768.569,71.971),(550878.458,5935769.079,71.971),(550877.483,5935768.482,71.971),(550876.736,5935767.722,71.971),(550876.183,5935766.81,71.971),(550875.812,5935765.671,71.971),(550876.464,5935765.121,71.971),(550873.81,5935761.673,71.971),(550873.682,5935761.507,71.971),(550877.793,5935758.345,71.971),(550876.672,5935756.901,71.971),(550877.233,5935755.505,71.971),(550877.869,5935754.608,71.971),(550878.666,5935753.851,71.971),(550880.516,5935752.905,71.971),(550882.101,5935752.693,71.971)));
#540=IFCINDEXEDPOLYGONALFACE((1,2,3,4,5,6,7,8,9,10,11,12,13,14,15,16,17,18,19,20,21,22,23,24,25,26,27,28,29,30,31,32,33,34,35,36,37,38,39,40,1));
#541=IFCINDEXEDPOLYGONALFACE((41,42,43,44,45,46,47,48,49,50,51,52,53,54,55,56,57,58,59,60,61,62,63,64,65,66,67,68,69,70,71,72,73,74,75,76,77,78,79,80,41));
#542=IFCINDEXEDPOLYGONALFACE((1,40,42,41,1));
#543=IFCINDEXEDPOLYGONALFACE((40,39,43,42,40));
#544=IFCINDEXEDPOLYGONALFACE((39,38,44,43,39));
#545=IFCINDEXEDPOLYGONALFACE((38,37,45,44,38));
#546=IFCINDEXEDPOLYGONALFACE((37,36,46,45,37));
#547=IFCINDEXEDPOLYGONALFACE((36,35,47,46,36));
#548=IFCINDEXEDPOLYGONALFACE((35,34,48,47,35));
#549=IFCINDEXEDPOLYGONALFACE((34,33,49,48,34));
#550=IFCINDEXEDPOLYGONALFACE((33,32,50,49,33));
#551=IFCINDEXEDPOLYGONALFACE((32,31,51,50,32));
#552=IFCINDEXEDPOLYGONALFACE((31,30,52,51,31));
#553=IFCINDEXEDPOLYGONALFACE((30,29,53,52,30));
#554=IFCINDEXEDPOLYGONALFACE((29,28,54,53,29));
#555=IFCINDEXEDPOLYGONALFACE((28,27,55,54,28));
#556=IFCINDEXEDPOLYGONALFACE((27,26,56,55,27));
#557=IFCINDEXEDPOLYGONALFACE((26,25,57,56,26));
#558=IFCINDEXEDPOLYGONALFACE((25,24,58,57,25));
#559=IFCINDEXEDPOLYGONALFACE((24,23,59,58,24));
#560=IFCINDEXEDPOLYGONALFACE((23,22,60,59,23));
#561=IFCINDEXEDPOLYGONALFACE((22,21,61,60,22));
#562=IFCINDEXEDPOLYGONALFACE((21,20,62,61,21));
#563=IFCINDEXEDPOLYGONALFACE((20,19,63,62,20));
#564=IFCINDEXEDPOLYGONALFACE((19,18,64,63,19));
#565=IFCINDEXEDPOLYGONALFACE((18,17,65,64,18));
#566=IFCINDEXEDPOLYGONALFACE((17,16,66,65,17));
#567=IFCINDEXEDPOLYGONALFACE((16,15,67,66,16));
#568=IFCINDEXEDPOLYGONALFACE((15,14,68,67,15));
#569=IFCINDEXEDPOLYGONALFACE((14,13,69,68,14));
#570=IFCINDEXEDPOLYGONALFACE((13,12,70,69,13));
#571=IFCINDEXEDPOLYGONALFACE((12,11,71,70,12));
#572=IFCINDEXEDPOLYGONALFACE((11,10,72,71,11));
#573=IFCINDEXEDPOLYGONALFACE((10,9,73,72,10));
#574=IFCINDEXEDPOLYGONALFACE((9,8,74,73,9));
#575=IFCINDEXEDPOLYGONALFACE((8,7,75,74,8));
#576=IFCINDEXEDPOLYGONALFACE((7,6,76,75,7));
#577=IFCINDEXEDPOLYGONALFACE((6,5,77,76,6));
#578=IFCINDEXEDPOLYGONALFACE((5,4,78,77,5));
#579=IFCINDEXEDPOLYGONALFACE((4,3,79,78,4));
#580=IFCINDEXEDPOLYGONALFACE((3,2,80,79,3));
#581=IFCINDEXEDPOLYGONALFACE((2,1,41,80,2));
#582=IFCPOLYGONALFACESET(#539,$,(#540,#541,#542,#543,#544,#545,#546,#547,#548,#549,#550,#551,#552,#553,#554,#555,#556,#557,#558,#559,#560,#561,#562,#563,#564,#565,#566,#567,#568,#569,#570,#571,#572,#573,#574,#575,#576,#577,#578,#579,#580,#581),$);
#583=IFCSHAPEREPRESENTATION(#24,'Body','Tessellation',(#582));
#584=IFCPRODUCTDEFINITIONSHAPE($,$,(#583));
#585=IFCBUILDINGELEMENTPROXY('2fxOFtRTzA$eXE_8Jgovfe',$,'DEHHALKAP0000r4n',$,$,$,#604,$,$);
#586=IFCPROPERTYSET('2vycg4kCHBtAr$$$gFhSKR',$,'Pset_Objektinformation',$,(#588,#589,#590,#591,#592,#593,#594));
#587=IFCRELDEFINESBYPROPERTIES('0b6gP3zCLEGQctu$5B3O5e',$,$,$,(#585),#586);
#588=IFCPROPERTYSINGLEVALUE('_IDEbene1',$,IFCLABEL('Gebaeude'),$);
#589=IFCPROPERTYSINGLEVALUE('_IDEbene2',$,IFCLABEL('Gebaeude'),$);
#590=IFCPROPERTYSINGLEVALUE('_IDEbene3',$,IFCLABEL('Gebaeude'),$);
#591=IFCPROPERTYSINGLEVALUE('_GebaeudeID',$,IFCLABEL('DEHHALKAP0000r4n'),$);
#592=IFCPROPERTYSINGLEVALUE('_GebaeudeHoehe',$,IFCREAL(8.276),$);
#593=IFCPROPERTYSINGLEVALUE('_AnzahlDerGeschosse',$,IFCINTEGER(2),$);
#594=IFCPROPERTYSINGLEVALUE('_Postleitzahl',$,IFCLABEL('22559'),$);
#595=IFCCARTESIANPOINTLIST3D(((550199.855,5935421.933,5.549),(550202.804,5935410.649,5.549),(550180.387,5935404.82,5.549),(550177.446,5935416.083,5.549),(550199.855,5935421.933,12.831),(550177.446,5935416.083,12.831),(550180.387,5935404.82,12.831),(550202.804,5935410.649,12.831)));
#596=IFCINDEXEDPOLYGONALFACE((1,2,3,4,1));
#597=IFCINDEXEDPOLYGONALFACE((5,6,7,8,5));
#598=IFCINDEXEDPOLYGONALFACE((1,4,6,5,1));
#599=IFCINDEXEDPOLYGONALFACE((4,3,7,6,4));
#600=IFCINDEXEDPOLYGONALFACE((3,2,8,7,3));
#601=IFCINDEXEDPOLYGONALFACE((2,1,5,8,2));
#602=IFCPOLYGONALFACESET(#595,$,(#596,#597,#598,#599,#600,#601),$);
#603=IFCSHAPEREPRESENTATION(#24,'Body','Tessellation',(#602));
#604=IFCPRODUCTDEFINITIONSHAPE($,$,(#603));
#605=IFCBUILDINGELEMENTPROXY('2$Z7wzdmzBvOsVE4PIy57j',$,'DEHHALKAP0000r3V',$,$,$,#627,$,$);
#606=IFCPROPERTYSET('01RHTVHNb6b8120HpR6QX2',$,'Pset_Objektinformation',$,(#608,#609,#610,#611,#612,#613,#614));
#607=IFCRELDEFINESBYPROPERTIES('0csWsBI_nC9f3O5kEMZURt',$,$,$,(#605),#606);
#608=IFCPROPERTYSINGLEVALUE('_IDEbene1',$,IFCLABEL('Gebaeude'),$);
#609=IFCPROPERTYSINGLEVALUE('_IDEbene2',$,IFCLABEL('Gebaeude'),$);
#610=IFCPROPERTYSINGLEVALUE('_IDEbene3',$,IFCLABEL('Gebaeude'),$);
#611=IFCPROPERTYSINGLEVALUE('_GebaeudeID',$,IFCLABEL('DEHHALKAP0000r3V'),$);
#612=IFCPROPERTYSINGLEVALUE('_GebaeudeHoehe',$,IFCREAL(5.96),$);
#613=IFCPROPERTYSINGLEVALUE('_AnzahlDerGeschosse',$,IFCINTEGER(2),$);
#614=IFCPROPERTYSINGLEVALUE('_Postleitzahl',$,IFCLABEL('22559'),$);
#615=IFCCARTESIANPOINTLIST3D(((550367.081,5935848.218,35.93),(550363.674,5935849.197,35.93),(550359.159,5935846.676,35.93),(550354.13,5935855.687,35.93),(550363.163,5935860.733,35.93),(550365.679,5935856.228,35.93),(550369.098,5935855.246,35.93),(550367.081,5935848.218,41.894),(550369.098,5935855.246,41.894),(550365.679,5935856.228,41.894),(550363.163,5935860.733,41.894),(550354.13,5935855.687,41.894),(550359.159,5935846.676,41.894),(550363.674,5935849.197,41.894)));
#616=IFCINDEXEDPOLYGONALFACE((1,2,3,4,5,6,7,1));
#617=IFCINDEXEDPOLYGONALFACE((8,9,10,11,12,13,14,8));
#618=IFCINDEXEDPOLYGONALFACE((1,7,9,8,1));
#619=IFCINDEXEDPOLYGONALFACE((7,6,10,9,7));
#620=IFCINDEXEDPOLYGONALFACE((6,5,11,10,6));
#621=IFCINDEXEDPOLYGONALFACE((5,4,12,11,5));
#622=IFCINDEXEDPOLYGONALFACE((4,3,13,12,4));
#623=IFCINDEXEDPOLYGONALFACE((3,2,14,13,3));
#624=IFCINDEXEDPOLYGONALFACE((2,1,8,14,2));
#625=IFCPOLYGONALFACESET(#615,$,(#616,#617,#618,#619,#620,#621,#622,#623,#624),$);
#626=IFCSHAPEREPRESENTATION(#24,'Body','Tessellation',(#625));
#627=IFCPRODUCTDEFINITIONSHAPE($,$,(#626));
#628=IFCBUILDINGELEMENTPROXY('1dur7IStHEmfklNhn8FrZJ',$,'DEHHALKAP0000s0Q',$,$,$,#650,$,$);
#629=IFCPROPERTYSET('3KBMD6DlL2l8zN4dfkJtGO',$,'Pset_Objektinformation',$,(#631,#632,#633,#634,#635,#636,#637));
#630=IFCRELDEFINESBYPROPERTIES('3WmH3llGPF0gMmeHtT0ISd',$,$,$,(#628),#629);
#631=IFCPROPERTYSINGLEVALUE('_IDEbene1',$,IFCLABEL('Gebaeude'),$);
#632=IFCPROPERTYSINGLEVALUE('_IDEbene2',$,IFCLABEL('Gebaeude'),$);
#633=IFCPROPERTYSINGLEVALUE('_IDEbene3',$,IFCLABEL('Gebaeude'),$);
#634=IFCPROPERTYSINGLEVALUE('_GebaeudeID',$,IFCLABEL('DEHHALKAP0000s0Q'),$);
#635=IFCPROPERTYSINGLEVALUE('_GebaeudeHoehe',$,IFCREAL(6.313),$);
#636=IFCPROPERTYSINGLEVALUE('_AnzahlDerGeschosse',$,IFCINTEGER(2),$);
#637=IFCPROPERTYSINGLEVALUE('_Postleitzahl',$,IFCLABEL('22559'),$);
#638=IFCCARTESIANPOINTLIST3D(((550347.174,5935979.786,33.6),(550343.899,5935981.25,33.6),(550339.056,5935979.389,33.6),(550335.389,5935988.931,33.6),(550344.936,5935992.599,33.6),(550346.797,5935987.755,33.6),(550350.08,5935986.287,33.6),(550347.174,5935979.786,39.913),(550350.08,5935986.287,39.913),(550346.797,5935987.755,39.913),(550344.936,5935992.599,39.913),(550335.389,5935988.931,39.913),(550339.056,5935979.389,39.913),(550343.899,5935981.25,39.913)));
#639=IFCINDEXEDPOLYGONALFACE((1,2,3,4,5,6,7,1));
#640=IFCINDEXEDPOLYGONALFACE((8,9,10,11,12,13,14,8));
#641=IFCINDEXEDPOLYGONALFACE((1,7,9,8,1));
#642=IFCINDEXEDPOLYGONALFACE((7,6,10,9,7));
#643=IFCINDEXEDPOLYGONALFACE((6,5,11,10,6));
#644=IFCINDEXEDPOLYGONALFACE((5,4,12,11,5));
#645=IFCINDEXEDPOLYGONALFACE((4,3,13,12,4));
#646=IFCINDEXEDPOLYGONALFACE((3,2,14,13,3));
#647=IFCINDEXEDPOLYGONALFACE((2,1,8,14,2));
#648=IFCPOLYGONALFACESET(#638,$,(#639,#640,#641,#642,#643,#644,#645,#646,#647),$);
#649=IFCSHAPEREPRESENTATION(#24,'Body','Tessellation',(#648));
#650=IFCPRODUCTDEFINITIONSHAPE($,$,(#649));
#651=IFCBUILDINGELEMENTPROXY('2M_QG9bX59HAqw64j7HiOi',$,'DEHHALKAP0000rzp',$,$,$,#673,$,$);
#652=IFCPROPERTYSET('3UJmEgS$f8h8cMkKSgzaP6',$,'Pset_Objektinformation',$,(#654,#655,#656,#657,#658,#659,#660));
#653=IFCRELDEFINESBYPROPERTIES('1HKX9jOLDAd89SObvYRVqa',$,$,$,(#651),#652);
#654=IFCPROPERTYSINGLEVALUE('_IDEbene1',$,IFCLABEL('Gebaeude'),$);
#655=IFCPROPERTYSINGLEVALUE('_IDEbene2',$,IFCLABEL('Gebaeude'),$);
#656=IFCPROPERTYSINGLEVALUE('_IDEbene3',$,IFCLABEL('Gebaeude'),$);
#657=IFCPROPERTYSINGLEVALUE('_GebaeudeID',$,IFCLABEL('DEHHALKAP0000rzp'),$);
#658=IFCPROPERTYSINGLEVALUE('_GebaeudeHoehe',$,IFCREAL(6.299),$);
#659=IFCPROPERTYSINGLEVALUE('_AnzahlDerGeschosse',$,IFCINTEGER(1),$);
#660=IFCPROPERTYSINGLEVALUE('_Postleitzahl',$,IFCLABEL('22559'),$);
#661=IFCCARTESIANPOINTLIST3D(((550295.613,5935897.473,36.101),(550304.902,5935903.397,36.101),(550308.011,5935898.524,36.101),(550311.4,5935897.839,36.101),(550309.946,5935890.657,36.101),(550306.427,5935891.368,36.101),(550301.507,5935888.23,36.101),(550295.613,5935897.473,42.4),(550301.507,5935888.23,42.4),(550306.427,5935891.368,42.4),(550309.946,5935890.657,42.4),(550311.4,5935897.839,42.4),(550308.011,5935898.524,42.4),(550304.902,5935903.397,42.4)));
#662=IFCINDEXEDPOLYGONALFACE((1,2,3,4,5,6,7,1));
#663=IFCINDEXEDPOLYGONALFACE((8,9,10,11,12,13,14,8));
#664=IFCINDEXEDPOLYGONALFACE((1,7,9,8,1));
#665=IFCINDEXEDPOLYGONALFACE((7,6,10,9,7));
#666=IFCINDEXEDPOLYGONALFACE((6,5,11,10,6));
#667=IFCINDEXEDPOLYGONALFACE((5,4,12,11,5));
#668=IFCINDEXEDPOLYGONALFACE((4,3,13,12,4));
#669=IFCINDEXEDPOLYGONALFACE((3,2,14,13,3));
#670=IFCINDEXEDPOLYGONALFACE((2,1,8,14,2));
#671=IFCPOLYGONALFACESET(#661,$,(#662,#663,#664,#665,#666,#667,#668,#669,#670),$);
#672=IFCSHAPEREPRESENTATION(#24,'Body','Tessellation',(#671));
#673=IFCPRODUCTDEFINITIONSHAPE($,$,(#672));
#674=IFCBUILDINGELEMENTPROXY('0g_wmIyl10G9bFKfx3DeLE',$,'DEHHALKAP0000rfx',$,$,$,#693,$,$);
#675=IFCPROPERTYSET('3Eh5SUHHfCrQqUTjfurxXu',$,'Pset_Objektinformation',$,(#677,#678,#679,#680,#681,#682,#683));
#676=IFCRELDEFINESBYPROPERTIES('0XIARJJxbBJ8pMY0yquaxf',$,$,$,(#674),#675);
#677=IFCPROPERTYSINGLEVALUE('_IDEbene1',$,IFCLABEL('Gebaeude'),$);
#678=IFCPROPERTYSINGLEVALUE('_IDEbene2',$,IFCLABEL('Gebaeude'),$);
#679=IFCPROPERTYSINGLEVALUE('_IDEbene3',$,IFCLABEL('Gebaeude'),$);
#680=IFCPROPERTYSINGLEVALUE('_GebaeudeID',$,IFCLABEL('DEHHALKAP0000rfx'),$);
#681=IFCPROPERTYSINGLEVALUE('_GebaeudeHoehe',$,IFCREAL(2.561),$);
#682=IFCPROPERTYSINGLEVALUE('_AnzahlDerGeschosse',$,IFCINTEGER(1),$);
#683=IFCPROPERTYSINGLEVALUE('_Postleitzahl',$,IFCLABEL('22587'),$);
#684=IFCCARTESIANPOINTLIST3D(((550844.63,5935311.429,4.741),(550840.606,5935311.549,4.741),(550840.714,5935315.162,4.741),(550844.739,5935315.042,4.741),(550844.63,5935311.429,7.301),(550844.739,5935315.042,7.301),(550840.714,5935315.162,7.301),(550840.606,5935311.549,7.301)));
#685=IFCINDEXEDPOLYGONALFACE((1,2,3,4,1));
#686=IFCINDEXEDPOLYGONALFACE((5,6,7,8,5));
#687=IFCINDEXEDPOLYGONALFACE((1,4,6,5,1));
#688=IFCINDEXEDPOLYGONALFACE((4,3,7,6,4));
#689=IFCINDEXEDPOLYGONALFACE((3,2,8,7,3));
#690=IFCINDEXEDPOLYGONALFACE((2,1,5,8,2));
#691=IFCPOLYGONALFACESET(#684,$,(#685,#686,#687,#688,#689,#690),$);
#692=IFCSHAPEREPRESENTATION(#24,'Body','Tessellation',(#691));
#693=IFCPRODUCTDEFINITIONSHAPE($,$,(#692));
#694=IFCBUILDINGELEMENTPROXY('1pn1hkxaf7NO_LOSXd6DkD',$,'DEHHALKAP0000suV',$,$,$,#715,$,$);
#695=IFCPROPERTYSET('1fjTN_WiHEbRPU09kl3QzI',$,'Pset_Objektinformation',$,(#697,#698,#699,#700,#701,#702,#703));
#696=IFCRELDEFINESBYPROPERTIES('0yCccpkB97VAbizMK5oeYz',$,$,$,(#694),#695);
#697=IFCPROPERTYSINGLEVALUE('_IDEbene1',$,IFCLABEL('Gebaeude'),$);
#698=IFCPROPERTYSINGLEVALUE('_IDEbene2',$,IFCLABEL('Gebaeude'),$);
#699=IFCPROPERTYSINGLEVALUE('_IDEbene3',$,IFCLABEL('Gebaeude'),$);
#700=IFCPROPERTYSINGLEVALUE('_GebaeudeID',$,IFCLABEL('DEHHALKAP0000suV'),$);
#701=IFCPROPERTYSINGLEVALUE('_GebaeudeHoehe',$,IFCREAL(2.61),$);
#702=IFCPROPERTYSINGLEVALUE('_AnzahlDerGeschosse',$,IFCINTEGER(1),$);
#703=IFCPROPERTYSINGLEVALUE('_Postleitzahl',$,IFCLABEL('22559'),$);
#704=IFCCARTESIANPOINTLIST3D(((550022.203,5935988.993,29.697),(550016.545,5935990.754,29.697),(550018.45,5935996.876,29.697),(550016.698,5935997.421,29.697),(550017.798,5936000.959,29.697),(550026.162,5935998.229,29.697),(550022.203,5935988.993,32.307),(550026.162,5935998.229,32.307),(550017.798,5936000.959,32.307),(550016.698,5935997.421,32.307),(550018.45,5935996.876,32.307),(550016.545,5935990.754,32.307)));
#705=IFCINDEXEDPOLYGONALFACE((1,2,3,4,5,6,1));
#706=IFCINDEXEDPOLYGONALFACE((7,8,9,10,11,12,7));
#707=IFCINDEXEDPOLYGONALFACE((1,6,8,7,1));
#708=IFCINDEXEDPOLYGONALFACE((6,5,9,8,6));
#709=IFCINDEXEDPOLYGONALFACE((5,4,10,9,5));
#710=IFCINDEXEDPOLYGONALFACE((4,3,11,10,4));
#711=IFCINDEXEDPOLYGONALFACE((3,2,12,11,3));
#712=IFCINDEXEDPOLYGONALFACE((2,1,7,12,2));
#713=IFCPOLYGONALFACESET(#704,$,(#705,#706,#707,#708,#709,#710,#711,#712),$);
#714=IFCSHAPEREPRESENTATION(#24,'Body','Tessellation',(#713));
#715=IFCPRODUCTDEFINITIONSHAPE($,$,(#714));
#716=IFCBUILDINGELEMENTPROXY('1HDCjbvlv9URrtJsFel9BU',$,'DEHHALKAP0000sHR',$,$,$,#735,$,$);
#717=IFCPROPERTYSET('2rH6l5hgn0p8JX$4r8LY9U',$,'Pset_Objektinformation',$,(#719,#720,#721,#722,#723,#724,#725));
#718=IFCRELDEFINESBYPROPERTIES('2gg6Lca7v1BAO48QNCy$zc',$,$,$,(#716),#717);
#719=IFCPROPERTYSINGLEVALUE('_IDEbene1',$,IFCLABEL('Gebaeude'),$);
#720=IFCPROPERTYSINGLEVALUE('_IDEbene2',$,IFCLABEL('Gebaeude'),$);
#721=IFCPROPERTYSINGLEVALUE('_IDEbene3',$,IFCLABEL('Gebaeude'),$);
#722=IFCPROPERTYSINGLEVALUE('_GebaeudeID',$,IFCLABEL('DEHHALKAP0000sHR'),$);
#723=IFCPROPERTYSINGLEVALUE('_GebaeudeHoehe',$,IFCREAL(3.655),$);
#724=IFCPROPERTYSINGLEVALUE('_AnzahlDerGeschosse',$,IFCINTEGER(1),$);
#725=IFCPROPERTYSINGLEVALUE('_Postleitzahl',$,IFCLABEL('22559'),$);
#726=IFCCARTESIANPOINTLIST3D(((550064.968,5935700.404,34.758),(550065.927,5935711.34,34.758),(550070.476,5935710.942,34.758),(550069.517,5935700.006,34.758),(550064.968,5935700.404,38.412),(550069.517,5935700.006,38.412),(550070.476,5935710.942,38.412),(550065.927,5935711.34,38.412)));
#727=IFCINDEXEDPOLYGONALFACE((1,2,3,4,1));
#728=IFCINDEXEDPOLYGONALFACE((5,6,7,8,5));
#729=IFCINDEXEDPOLYGONALFACE((1,4,6,5,1));
#730=IFCINDEXEDPOLYGONALFACE((4,3,7,6,4));
#731=IFCINDEXEDPOLYGONALFACE((3,2,8,7,3));
#732=IFCINDEXEDPOLYGONALFACE((2,1,5,8,2));
#733=IFCPOLYGONALFACESET(#726,$,(#727,#728,#729,#730,#731,#732),$);
#734=IFCSHAPEREPRESENTATION(#24,'Body','Tessellation',(#733));
#735=IFCPRODUCTDEFINITIONSHAPE($,$,(#734));
#736=IFCBUILDINGELEMENTPROXY('2oUHyvbXn2lRC4TNNd68Ex',$,'DEHHALKAP0000rUM',$,$,$,#755,$,$);
#737=IFCPROPERTYSET('3rqcDp0HP4g9zI51AD3UV$',$,'Pset_Objektinformation',$,(#739,#740,#741,#742,#743,#744,#745));
#738=IFCRELDEFINESBYPROPERTIES('0DGEE299L5GPL51Z2yr6YA',$,$,$,(#736),#737);
#739=IFCPROPERTYSINGLEVALUE('_IDEbene1',$,IFCLABEL('Gebaeude'),$);
#740=IFCPROPERTYSINGLEVALUE('_IDEbene2',$,IFCLABEL('Gebaeude'),$);
#741=IFCPROPERTYSINGLEVALUE('_IDEbene3',$,IFCLABEL('Gebaeude'),$);
#742=IFCPROPERTYSINGLEVALUE('_GebaeudeID',$,IFCLABEL('DEHHALKAP0000rUM'),$);
#743=IFCPROPERTYSINGLEVALUE('_GebaeudeHoehe',$,IFCREAL(2.516),$);
#744=IFCPROPERTYSINGLEVALUE('_AnzahlDerGeschosse',$,IFCINTEGER(1),$);
#745=IFCPROPERTYSINGLEVALUE('_Postleitzahl',$,IFCLABEL('22559'),$);
#746=IFCCARTESIANPOINTLIST3D(((550066.009,5935712.163,34.801),(550066.398,5935717.646,34.801),(550069.814,5935717.404,34.801),(550069.426,5935711.921,34.801),(550066.009,5935712.163,37.095),(550069.426,5935711.921,37.095),(550069.814,5935717.404,37.095),(550066.398,5935717.646,37.095)));
#747=IFCINDEXEDPOLYGONALFACE((1,2,3,4,1));
#748=IFCINDEXEDPOLYGONALFACE((5,6,7,8,5));
#749=IFCINDEXEDPOLYGONALFACE((1,4,6,5,1));
#750=IFCINDEXEDPOLYGONALFACE((4,3,7,6,4));
#751=IFCINDEXEDPOLYGONALFACE((3,2,8,7,3));
#752=IFCINDEXEDPOLYGONALFACE((2,1,5,8,2));
#753=IFCPOLYGONALFACESET(#746,$,(#747,#748,#749,#750,#751,#752),$);
#754=IFCSHAPEREPRESENTATION(#24,'Body','Tessellation',(#753));
#755=IFCPRODUCTDEFINITIONSHAPE($,$,(#754));
#756=IFCBUILDINGELEMENTPROXY('1QJc3oB5XFd9KRbVTR2FOm',$,'DEHHALKAP0000r8H',$,$,$,#778,$,$);
#757=IFCPROPERTYSET('3k2M1cVCn9lAoYDdyC5hPd',$,'Pset_Objektinformation',$,(#759,#760,#761,#762,#763,#764,#765));
#758=IFCRELDEFINESBYPROPERTIES('1luRctjVfF7g2wgIlmWzRA',$,$,$,(#756),#757);
#759=IFCPROPERTYSINGLEVALUE('_IDEbene1',$,IFCLABEL('Gebaeude'),$);
#760=IFCPROPERTYSINGLEVALUE('_IDEbene2',$,IFCLABEL('Gebaeude'),$);
#761=IFCPROPERTYSINGLEVALUE('_IDEbene3',$,IFCLABEL('Gebaeude'),$);
#762=IFCPROPERTYSINGLEVALUE('_GebaeudeID',$,IFCLABEL('DEHHALKAP0000r8H'),$);
#763=IFCPROPERTYSINGLEVALUE('_GebaeudeHoehe',$,IFCREAL(8.097),$);
#764=IFCPROPERTYSINGLEVALUE('_AnzahlDerGeschosse',$,IFCINTEGER(2),$);
#765=IFCPROPERTYSINGLEVALUE('_Postleitzahl',$,IFCLABEL('22559'),$);
#766=IFCCARTESIANPOINTLIST3D(((550102.268,5935379.112,3.812),(550103.338,5935379.188,3.812),(550103.535,5935376.394,3.812),(550102.478,5935376.318,3.812),(550097.005,5935375.93,3.812),(550096.391,5935384.585,3.812),(550101.852,5935384.972,3.812),(550102.268,5935379.112,11.909),(550101.852,5935384.972,11.909),(550096.391,5935384.585,11.909),(550097.005,5935375.93,11.909),(550102.478,5935376.318,11.909),(550103.535,5935376.394,11.909),(550103.338,5935379.188,11.909)));
#767=IFCINDEXEDPOLYGONALFACE((1,2,3,4,5,6,7,1));
#768=IFCINDEXEDPOLYGONALFACE((8,9,10,11,12,13,14,8));
#769=IFCINDEXEDPOLYGONALFACE((1,7,9,8,1));
#770=IFCINDEXEDPOLYGONALFACE((7,6,10,9,7));
#771=IFCINDEXEDPOLYGONALFACE((6,5,11,10,6));
#772=IFCINDEXEDPOLYGONALFACE((5,4,12,11,5));
#773=IFCINDEXEDPOLYGONALFACE((4,3,13,12,4));
#774=IFCINDEXEDPOLYGONALFACE((3,2,14,13,3));
#775=IFCINDEXEDPOLYGONALFACE((2,1,8,14,2));
#776=IFCPOLYGONALFACESET(#766,$,(#767,#768,#769,#770,#771,#772,#773,#774,#775),$);
#777=IFCSHAPEREPRESENTATION(#24,'Body','Tessellation',(#776));
#778=IFCPRODUCTDEFINITIONSHAPE($,$,(#777));
#779=IFCBUILDINGELEMENTPROXY('2WYfRKAUzF0wK1IuonMHw1',$,'DEHHALKAP0000rtu',$,$,$,#802,$,$);
#780=IFCPROPERTYSET('1nVWXVizv7dx6JKRZfsOU3',$,'Pset_Objektinformation',$,(#782,#783,#784,#785,#786,#787,#788));
#781=IFCRELDEFINESBYPROPERTIES('2_hAPOT79BpuqwGXrIKAJb',$,$,$,(#779),#780);
#782=IFCPROPERTYSINGLEVALUE('_IDEbene1',$,IFCLABEL('Gebaeude'),$);
#783=IFCPROPERTYSINGLEVALUE('_IDEbene2',$,IFCLABEL('Gebaeude'),$);
#784=IFCPROPERTYSINGLEVALUE('_IDEbene3',$,IFCLABEL('Gebaeude'),$);
#785=IFCPROPERTYSINGLEVALUE('_GebaeudeID',$,IFCLABEL('DEHHALKAP0000rtu'),$);
#786=IFCPROPERTYSINGLEVALUE('_GebaeudeHoehe',$,IFCREAL(7.242),$);
#787=IFCPROPERTYSINGLEVALUE('_AnzahlDerGeschosse',$,IFCINTEGER(2),$);
#788=IFCPROPERTYSINGLEVALUE('_Postleitzahl',$,IFCLABEL('22559'),$);
#789=IFCCARTESIANPOINTLIST3D(((550174.353,5935390.159,3.525),(550177.219,5935387.18,3.525),(550171.492,5935381.667,3.525),(550168.629,5935384.641,3.525),(550169.206,5935385.196,3.525),(550168.163,5935386.279,3.525),(550171.428,5935389.421,3.525),(550172.465,5935388.343,3.525),(550174.353,5935390.159,10.325),(550172.465,5935388.343,10.325),(550171.428,5935389.421,10.325),(550168.163,5935386.279,10.325),(550169.206,5935385.196,10.325),(550168.629,5935384.641,10.325),(550171.492,5935381.667,10.325),(550177.219,5935387.18,10.325)));
#790=IFCINDEXEDPOLYGONALFACE((1,2,3,4,5,6,7,8,1));
#791=IFCINDEXEDPOLYGONALFACE((9,10,11,12,13,14,15,16,9));
#792=IFCINDEXEDPOLYGONALFACE((1,8,10,9,1));
#793=IFCINDEXEDPOLYGONALFACE((8,7,11,10,8));
#794=IFCINDEXEDPOLYGONALFACE((7,6,12,11,7));
#795=IFCINDEXEDPOLYGONALFACE((6,5,13,12,6));
#796=IFCINDEXEDPOLYGONALFACE((5,4,14,13,5));
#797=IFCINDEXEDPOLYGONALFACE((4,3,15,14,4));
#798=IFCINDEXEDPOLYGONALFACE((3,2,16,15,3));
#799=IFCINDEXEDPOLYGONALFACE((2,1,9,16,2));
#800=IFCPOLYGONALFACESET(#789,$,(#790,#791,#792,#793,#794,#795,#796,#797,#798,#799),$);
#801=IFCSHAPEREPRESENTATION(#24,'Body','Tessellation',(#800));
#802=IFCPRODUCTDEFINITIONSHAPE($,$,(#801));
#803=IFCBUILDINGELEMENTPROXY('2vdPHlLIDDSfVPOSq7K$Km',$,'DEHHALKAP0000rqo',$,$,$,#822,$,$);
#804=IFCPROPERTYSET('0vOh$SXTP7xRj$Kdzv0phF',$,'Pset_Objektinformation',$,(#806,#807,#808,#809,#810,#811,#812));
#805=IFCRELDEFINESBYPROPERTIES('0LERExqGn2GAYutn5qIRF3',$,$,$,(#803),#804);
#806=IFCPROPERTYSINGLEVALUE('_IDEbene1',$,IFCLABEL('Gebaeude'),$);
#807=IFCPROPERTYSINGLEVALUE('_IDEbene2',$,IFCLABEL('Gebaeude'),$);
#808=IFCPROPERTYSINGLEVALUE('_IDEbene3',$,IFCLABEL('Gebaeude'),$);
#809=IFCPROPERTYSINGLEVALUE('_GebaeudeID',$,IFCLABEL('DEHHALKAP0000rqo'),$);
#810=IFCPROPERTYSINGLEVALUE('_GebaeudeHoehe',$,IFCREAL(6.01),$);
#811=IFCPROPERTYSINGLEVALUE('_AnzahlDerGeschosse',$,IFCINTEGER(1),$);
#812=IFCPROPERTYSINGLEVALUE('_Postleitzahl',$,IFCLABEL('22559'),$);
#813=IFCCARTESIANPOINTLIST3D(((550090.041,5935766.128,34.267),(550078.677,5935766.277,34.267),(550078.757,5935772.306,34.267),(550090.121,5935772.158,34.267),(550090.041,5935766.128,38.801),(550090.121,5935772.158,38.801),(550078.757,5935772.306,38.801),(550078.677,5935766.277,38.801)));
#814=IFCINDEXEDPOLYGONALFACE((1,2,3,4,1));
#815=IFCINDEXEDPOLYGONALFACE((5,6,7,8,5));
#816=IFCINDEXEDPOLYGONALFACE((1,4,6,5,1));
#817=IFCINDEXEDPOLYGONALFACE((4,3,7,6,4));
#818=IFCINDEXEDPOLYGONALFACE((3,2,8,7,3));
#819=IFCINDEXEDPOLYGONALFACE((2,1,5,8,2));
#820=IFCPOLYGONALFACESET(#813,$,(#814,#815,#816,#817,#818,#819),$);
#821=IFCSHAPEREPRESENTATION(#24,'Body','Tessellation',(#820));
#822=IFCPRODUCTDEFINITIONSHAPE($,$,(#821));
#823=IFCBUILDINGELEMENTPROXY('2Eic2ZwZj0qgxzQE$8ZnXP',$,'DEHHALKAP0000rEh',$,$,$,#842,$,$);
#824=IFCPROPERTYSET('323Fno6CnEChk388GKCLB2',$,'Pset_Objektinformation',$,(#826,#827,#828,#829,#830,#831,#832));
#825=IFCRELDEFINESBYPROPERTIES('36zONI9Uv4sRJBIZteKtNF',$,$,$,(#823),#824);
#826=IFCPROPERTYSINGLEVALUE('_IDEbene1',$,IFCLABEL('Gebaeude'),$);
#827=IFCPROPERTYSINGLEVALUE('_IDEbene2',$,IFCLABEL('Gebaeude'),$);
#828=IFCPROPERTYSINGLEVALUE('_IDEbene3',$,IFCLABEL('Gebaeude'),$);
#829=IFCPROPERTYSINGLEVALUE('_GebaeudeID',$,IFCLABEL('DEHHALKAP0000rEh'),$);
#830=IFCPROPERTYSINGLEVALUE('_GebaeudeHoehe',$,IFCREAL(5.675),$);
#831=IFCPROPERTYSINGLEVALUE('_AnzahlDerGeschosse',$,IFCINTEGER(1),$);
#832=IFCPROPERTYSINGLEVALUE('_Postleitzahl',$,IFCLABEL('22559'),$);
#833=IFCCARTESIANPOINTLIST3D(((550043.165,5935671.238,34.858),(550049.706,5935678.312,34.858),(550059.333,5935669.405,34.858),(550052.794,5935662.334,34.858),(550043.165,5935671.238,39.101),(550052.794,5935662.334,39.101),(550059.333,5935669.405,39.101),(550049.706,5935678.312,39.101)));
#834=IFCINDEXEDPOLYGONALFACE((1,2,3,4,1));
#835=IFCINDEXEDPOLYGONALFACE((5,6,7,8,5));
#836=IFCINDEXEDPOLYGONALFACE((1,4,6,5,1));
#837=IFCINDEXEDPOLYGONALFACE((4,3,7,6,4));
#838=IFCINDEXEDPOLYGONALFACE((3,2,8,7,3));
#839=IFCINDEXEDPOLYGONALFACE((2,1,5,8,2));
#840=IFCPOLYGONALFACESET(#833,$,(#834,#835,#836,#837,#838,#839),$);
#841=IFCSHAPEREPRESENTATION(#24,'Body','Tessellation',(#840));
#842=IFCPRODUCTDEFINITIONSHAPE($,$,(#841));
#843=IFCBUILDINGELEMENTPROXY('3cMa5XEbD2TfjugLEjxK0M',$,'DEHHALKAP0000qQi',$,$,$,#863,$,$);
#844=IFCPROPERTYSET('1jwwYoOLbEhfZYvJcrNHtx',$,'Pset_Objektinformation',$,(#846,#847,#848,#849,#850,#851,#852));
#845=IFCRELDEFINESBYPROPERTIES('0$OPocFL12m9kd4sjphVwI',$,$,$,(#843),#844);
#846=IFCPROPERTYSINGLEVALUE('_IDEbene1',$,IFCLABEL('Gebaeude'),$);
#847=IFCPROPERTYSINGLEVALUE('_IDEbene2',$,IFCLABEL('Gebaeude'),$);
#848=IFCPROPERTYSINGLEVALUE('_IDEbene3',$,IFCLABEL('Gebaeude'),$);
#849=IFCPROPERTYSINGLEVALUE('_GebaeudeID',$,IFCLABEL('DEHHALKAP0000qQi'),$);
#850=IFCPROPERTYSINGLEVALUE('_GebaeudeHoehe',$,IFCREAL(5.941),$);
#851=IFCPROPERTYSINGLEVALUE('_AnzahlDerGeschosse',$,IFCINTEGER(1),$);
#852=IFCPROPERTYSINGLEVALUE('_Postleitzahl',$,IFCLABEL('22587'),$);
#853=IFCCARTESIANPOINTLIST3D(((550765.811,5935797.799,53.974),(550756.534,5935808.606,53.974),(550776.256,5935825.541,53.974),(550778.228,5935823.245,53.974),(550785.535,5935814.733,53.974),(550765.811,5935797.799,58.692),(550785.535,5935814.733,58.692),(550778.228,5935823.245,58.692),(550776.256,5935825.541,58.692),(550756.534,5935808.606,58.692)));
#854=IFCINDEXEDPOLYGONALFACE((1,2,3,4,5,1));
#855=IFCINDEXEDPOLYGONALFACE((6,7,8,9,10,6));
#856=IFCINDEXEDPOLYGONALFACE((1,5,7,6,1));
#857=IFCINDEXEDPOLYGONALFACE((5,4,8,7,5));
#858=IFCINDEXEDPOLYGONALFACE((4,3,9,8,4));
#859=IFCINDEXEDPOLYGONALFACE((3,2,10,9,3));
#860=IFCINDEXEDPOLYGONALFACE((2,1,6,10,2));
#861=IFCPOLYGONALFACESET(#853,$,(#854,#855,#856,#857,#858,#859,#860),$);
#862=IFCSHAPEREPRESENTATION(#24,'Body','Tessellation',(#861));
#863=IFCPRODUCTDEFINITIONSHAPE($,$,(#862));
#864=IFCBUILDINGELEMENTPROXY('3cAdqruYb6jR$GkM65o5ZH',$,'DEHHALKAP0000qcP',$,$,$,#886,$,$);
#865=IFCPROPERTYSET('291nJ52Eb1pwW$rb5uVARU',$,'Pset_Objektinformation',$,(#867,#868,#869,#870,#871,#872,#873));
#866=IFCRELDEFINESBYPROPERTIES('0pnhEorobEXworzeVzAoUC',$,$,$,(#864),#865);
#867=IFCPROPERTYSINGLEVALUE('_IDEbene1',$,IFCLABEL('Gebaeude'),$);
#868=IFCPROPERTYSINGLEVALUE('_IDEbene2',$,IFCLABEL('Gebaeude'),$);
#869=IFCPROPERTYSINGLEVALUE('_IDEbene3',$,IFCLABEL('Gebaeude'),$);
#870=IFCPROPERTYSINGLEVALUE('_GebaeudeID',$,IFCLABEL('DEHHALKAP0000qcP'),$);
#871=IFCPROPERTYSINGLEVALUE('_GebaeudeHoehe',$,IFCREAL(6.447),$);
#872=IFCPROPERTYSINGLEVALUE('_AnzahlDerGeschosse',$,IFCINTEGER(1),$);
#873=IFCPROPERTYSINGLEVALUE('_Postleitzahl',$,IFCLABEL('22559'),$);
#874=IFCCARTESIANPOINTLIST3D(((550316.292,5935799.819,37.023),(550317.493,5935806.992,37.023),(550320.883,5935806.425,37.023),(550325.652,5935809.799,37.023),(550332.,5935800.828,37.023),(550323.045,5935794.49,37.023),(550319.675,5935799.252,37.023),(550316.292,5935799.819,43.47),(550319.675,5935799.252,43.47),(550323.045,5935794.49,43.47),(550332.,5935800.828,43.47),(550325.652,5935809.799,43.47),(550320.883,5935806.425,43.47),(550317.493,5935806.992,43.47)));
#875=IFCINDEXEDPOLYGONALFACE((1,2,3,4,5,6,7,1));
#876=IFCINDEXEDPOLYGONALFACE((8,9,10,11,12,13,14,8));
#877=IFCINDEXEDPOLYGONALFACE((1,7,9,8,1));
#878=IFCINDEXEDPOLYGONALFACE((7,6,10,9,7));
#879=IFCINDEXEDPOLYGONALFACE((6,5,11,10,6));
#880=IFCINDEXEDPOLYGONALFACE((5,4,12,11,5));
#881=IFCINDEXEDPOLYGONALFACE((4,3,13,12,4));
#882=IFCINDEXEDPOLYGONALFACE((3,2,14,13,3));
#883=IFCINDEXEDPOLYGONALFACE((2,1,8,14,2));
#884=IFCPOLYGONALFACESET(#874,$,(#875,#876,#877,#878,#879,#880,#881,#882,#883),$);
#885=IFCSHAPEREPRESENTATION(#24,'Body','Tessellation',(#884));
#886=IFCPRODUCTDEFINITIONSHAPE($,$,(#885));
#887=IFCBUILDINGELEMENTPROXY('0YB5u8$gT9Dg8tigecGyPE',$,'DEHHALKAP0000rDQ',$,$,$,#912,$,$);
#888=IFCPROPERTYSET('1nEbBd5GP0UfNDCK6M$xEB',$,'Pset_Objektinformation',$,(#890,#891,#892,#893,#894,#895,#896));
#889=IFCRELDEFINESBYPROPERTIES('0U_$FD4pX0yRzeTcFN6oTA',$,$,$,(#887),#888);
#890=IFCPROPERTYSINGLEVALUE('_IDEbene1',$,IFCLABEL('Gebaeude'),$);
#891=IFCPROPERTYSINGLEVALUE('_IDEbene2',$,IFCLABEL('Gebaeude'),$);
#892=IFCPROPERTYSINGLEVALUE('_IDEbene3',$,IFCLABEL('Gebaeude'),$);
#893=IFCPROPERTYSINGLEVALUE('_GebaeudeID',$,IFCLABEL('DEHHALKAP0000rDQ'),$);
#894=IFCPROPERTYSINGLEVALUE('_GebaeudeHoehe',$,IFCREAL(9.733),$);
#895=IFCPROPERTYSINGLEVALUE('_AnzahlDerGeschosse',$,IFCINTEGER(2),$);
#896=IFCPROPERTYSINGLEVALUE('_Postleitzahl',$,IFCLABEL('22559'),$);
#897=IFCCARTESIANPOINTLIST3D(((550254.348,5935520.21,9.724),(550253.702,5935524.129,9.724),(550259.639,5935525.11,9.724),(550260.293,5935521.153,9.724),(550269.213,5935514.735,9.724),(550264.536,5935508.233,9.724),(550261.221,5935510.657,9.724),(550256.825,5935509.947,9.724),(550254.444,5935506.613,9.724),(550247.951,5935511.248,9.724),(550254.348,5935520.21,19.457),(550247.951,5935511.248,19.457),(550254.444,5935506.613,19.457),(550256.825,5935509.947,19.457),(550261.221,5935510.657,19.457),(550264.536,5935508.233,19.457),(550269.213,5935514.735,19.457),(550260.293,5935521.153,19.457),(550259.639,5935525.11,19.457),(550253.702,5935524.129,19.457)));
#898=IFCINDEXEDPOLYGONALFACE((1,2,3,4,5,6,7,8,9,10,1));
#899=IFCINDEXEDPOLYGONALFACE((11,12,13,14,15,16,17,18,19,20,11));
#900=IFCINDEXEDPOLYGONALFACE((1,10,12,11,1));
#901=IFCINDEXEDPOLYGONALFACE((10,9,13,12,10));
#902=IFCINDEXEDPOLYGONALFACE((9,8,14,13,9));
#903=IFCINDEXEDPOLYGONALFACE((8,7,15,14,8));
#904=IFCINDEXEDPOLYGONALFACE((7,6,16,15,7));
#905=IFCINDEXEDPOLYGONALFACE((6,5,17,16,6));
#906=IFCINDEXEDPOLYGONALFACE((5,4,18,17,5));
#907=IFCINDEXEDPOLYGONALFACE((4,3,19,18,4));
#908=IFCINDEXEDPOLYGONALFACE((3,2,20,19,3));
#909=IFCINDEXEDPOLYGONALFACE((2,1,11,20,2));
#910=IFCPOLYGONALFACESET(#897,$,(#898,#899,#900,#901,#902,#903,#904,#905,#906,#907,#908,#909),$);
#911=IFCSHAPEREPRESENTATION(#24,'Body','Tessellation',(#910));
#912=IFCPRODUCTDEFINITIONSHAPE($,$,(#911));
#913=IFCBUILDINGELEMENTPROXY('0zmGurmZz02Ar_paGRshq2',$,'DEHHALKAP0000rHi',$,$,$,#936,$,$);
#914=IFCPROPERTYSET('3N6yvyK1HCCQlNQ9AhE9vk',$,'Pset_Objektinformation',$,(#916,#917,#918,#919,#920,#921,#922));
#915=IFCRELDEFINESBYPROPERTIES('2sDnyJRNz59RhdfR5M6JhA',$,$,$,(#913),#914);
#916=IFCPROPERTYSINGLEVALUE('_IDEbene1',$,IFCLABEL('Gebaeude'),$);
#917=IFCPROPERTYSINGLEVALUE('_IDEbene2',$,IFCLABEL('Gebaeude'),$);
#918=IFCPROPERTYSINGLEVALUE('_IDEbene3',$,IFCLABEL('Gebaeude'),$);
#919=IFCPROPERTYSINGLEVALUE('_GebaeudeID',$,IFCLABEL('DEHHALKAP0000rHi'),$);
#920=IFCPROPERTYSINGLEVALUE('_GebaeudeHoehe',$,IFCREAL(9.18),$);
#921=IFCPROPERTYSINGLEVALUE('_AnzahlDerGeschosse',$,IFCINTEGER(1),$);
#922=IFCPROPERTYSINGLEVALUE('_Postleitzahl',$,IFCLABEL('22559'),$);
#923=IFCCARTESIANPOINTLIST3D(((550276.584,5935577.554,16.184),(550276.763,5935574.86,16.184),(550271.995,5935574.587,16.184),(550271.825,5935577.271,16.184),(550267.725,5935577.013,16.184),(550267.161,5935585.961,16.184),(550280.08,5935586.776,16.184),(550280.675,5935577.826,16.184),(550276.584,5935577.554,22.438),(550280.675,5935577.826,22.438),(550280.08,5935586.776,22.438),(550267.161,5935585.961,22.438),(550267.725,5935577.013,22.438),(550271.825,5935577.271,22.438),(550271.995,5935574.587,22.438),(550276.763,5935574.86,22.438)));
#924=IFCINDEXEDPOLYGONALFACE((1,2,3,4,5,6,7,8,1));
#925=IFCINDEXEDPOLYGONALFACE((9,10,11,12,13,14,15,16,9));
#926=IFCINDEXEDPOLYGONALFACE((1,8,10,9,1));
#927=IFCINDEXEDPOLYGONALFACE((8,7,11,10,8));
#928=IFCINDEXEDPOLYGONALFACE((7,6,12,11,7));
#929=IFCINDEXEDPOLYGONALFACE((6,5,13,12,6));
#930=IFCINDEXEDPOLYGONALFACE((5,4,14,13,5));
#931=IFCINDEXEDPOLYGONALFACE((4,3,15,14,4));
#932=IFCINDEXEDPOLYGONALFACE((3,2,16,15,3));
#933=IFCINDEXEDPOLYGONALFACE((2,1,9,16,2));
#934=IFCPOLYGONALFACESET(#923,$,(#924,#925,#926,#927,#928,#929,#930,#931,#932,#933),$);
#935=IFCSHAPEREPRESENTATION(#24,'Body','Tessellation',(#934));
#936=IFCPRODUCTDEFINITIONSHAPE($,$,(#935));
#937=IFCBUILDINGELEMENTPROXY('2LtoqD5gv2NwBDh$2mdgkq',$,'DEHHALKAP0000rtS',$,$,$,#965,$,$);
#938=IFCPROPERTYSET('1m9SvJU1D5sfWDazQo3MMk',$,'Pset_Objektinformation',$,(#940,#941,#942,#943,#944,#945,#946));
#939=IFCRELDEFINESBYPROPERTIES('2iOXcgRob82x8ukejP9U41',$,$,$,(#937),#938);
#940=IFCPROPERTYSINGLEVALUE('_IDEbene1',$,IFCLABEL('Gebaeude'),$);
#941=IFCPROPERTYSINGLEVALUE('_IDEbene2',$,IFCLABEL('Gebaeude'),$);
#942=IFCPROPERTYSINGLEVALUE('_IDEbene3',$,IFCLABEL('Gebaeude'),$);
#943=IFCPROPERTYSINGLEVALUE('_GebaeudeID',$,IFCLABEL('DEHHALKAP0000rtS'),$);
#944=IFCPROPERTYSINGLEVALUE('_GebaeudeHoehe',$,IFCREAL(9.254),$);
#945=IFCPROPERTYSINGLEVALUE('_AnzahlDerGeschosse',$,IFCINTEGER(1),$);
#946=IFCPROPERTYSINGLEVALUE('_Postleitzahl',$,IFCLABEL('22559'),$);
#947=IFCCARTESIANPOINTLIST3D(((550395.858,5935895.66,35.84),(550394.925,5935899.006,35.84),(550393.506,5935901.912,35.84),(550391.227,5935903.952,35.84),(550388.603,5935905.393,35.84),(550384.587,5935906.152,35.84),(550384.821,5935917.098,35.84),(550389.384,5935916.568,35.84),(550394.433,5935914.887,35.84),(550399.914,5935910.911,35.84),(550403.471,5935906.892,35.84),(550405.775,5935901.935,35.84),(550406.819,5935896.958,35.84),(550395.858,5935895.66,42.4),(550406.819,5935896.958,42.4),(550405.775,5935901.935,42.4),(550403.471,5935906.892,42.4),(550399.914,5935910.911,42.4),(550394.433,5935914.887,42.4),(550389.384,5935916.568,42.4),(550384.821,5935917.098,42.4),(550384.587,5935906.152,42.4),(550388.603,5935905.393,42.4),(550391.227,5935903.952,42.4),(550393.506,5935901.912,42.4),(550394.925,5935899.006,42.4)));
#948=IFCINDEXEDPOLYGONALFACE((1,2,3,4,5,6,7,8,9,10,11,12,13,1));
#949=IFCINDEXEDPOLYGONALFACE((14,15,16,17,18,19,20,21,22,23,24,25,26,14));
#950=IFCINDEXEDPOLYGONALFACE((1,13,15,14,1));
#951=IFCINDEXEDPOLYGONALFACE((13,12,16,15,13));
#952=IFCINDEXEDPOLYGONALFACE((12,11,17,16,12));
#953=IFCINDEXEDPOLYGONALFACE((11,10,18,17,11));
#954=IFCINDEXEDPOLYGONALFACE((10,9,19,18,10));
#955=IFCINDEXEDPOLYGONALFACE((9,8,20,19,9));
#956=IFCINDEXEDPOLYGONALFACE((8,7,21,20,8));
#957=IFCINDEXEDPOLYGONALFACE((7,6,22,21,7));
#958=IFCINDEXEDPOLYGONALFACE((6,5,23,22,6));
#959=IFCINDEXEDPOLYGONALFACE((5,4,24,23,5));
#960=IFCINDEXEDPOLYGONALFACE((4,3,25,24,4));
#961=IFCINDEXEDPOLYGONALFACE((3,2,26,25,3));
#962=IFCINDEXEDPOLYGONALFACE((2,1,14,26,2));
#963=IFCPOLYGONALFACESET(#947,$,(#948,#949,#950,#951,#952,#953,#954,#955,#956,#957,#958,#959,#960,#961,#962),$);
#964=IFCSHAPEREPRESENTATION(#24,'Body','Tessellation',(#963));
#965=IFCPRODUCTDEFINITIONSHAPE($,$,(#964));
#966=IFCBUILDINGELEMENTPROXY('0jM84M9fD3oAvceRZToCEt',$,'DEHHALKAP0000sDd',$,$,$,#988,$,$);
#967=IFCPROPERTYSET('0fT9ZV3rv4ggAa883arQFy',$,'Pset_Objektinformation',$,(#969,#970,#971,#972,#973,#974,#975));
#968=IFCRELDEFINESBYPROPERTIES('3BnoXFLTDAjgjrFh_sTHkV',$,$,$,(#966),#967);
#969=IFCPROPERTYSINGLEVALUE('_IDEbene1',$,IFCLABEL('Gebaeude'),$);
#970=IFCPROPERTYSINGLEVALUE('_IDEbene2',$,IFCLABEL('Gebaeude'),$);
#971=IFCPROPERTYSINGLEVALUE('_IDEbene3',$,IFCLABEL('Gebaeude'),$);
#972=IFCPROPERTYSINGLEVALUE('_GebaeudeID',$,IFCLABEL('DEHHALKAP0000sDd'),$);
#973=IFCPROPERTYSINGLEVALUE('_GebaeudeHoehe',$,IFCREAL(6.438),$);
#974=IFCPROPERTYSINGLEVALUE('_AnzahlDerGeschosse',$,IFCINTEGER(1),$);
#975=IFCPROPERTYSINGLEVALUE('_Postleitzahl',$,IFCLABEL('22559'),$);
#976=IFCCARTESIANPOINTLIST3D(((550355.503,5935812.816,37.032),(550357.905,5935819.691,37.032),(550361.156,5935818.554,37.032),(550366.382,5935821.089,37.032),(550371.177,5935811.202,37.032),(550361.318,5935806.418,37.032),(550358.767,5935811.675,37.032),(550355.503,5935812.816,43.47),(550358.767,5935811.675,43.47),(550361.318,5935806.418,43.47),(550371.177,5935811.202,43.47),(550366.382,5935821.089,43.47),(550361.156,5935818.554,43.47),(550357.905,5935819.691,43.47)));
#977=IFCINDEXEDPOLYGONALFACE((1,2,3,4,5,6,7,1));
#978=IFCINDEXEDPOLYGONALFACE((8,9,10,11,12,13,14,8));
#979=IFCINDEXEDPOLYGONALFACE((1,7,9,8,1));
#980=IFCINDEXEDPOLYGONALFACE((7,6,10,9,7));
#981=IFCINDEXEDPOLYGONALFACE((6,5,11,10,6));
#982=IFCINDEXEDPOLYGONALFACE((5,4,12,11,5));
#983=IFCINDEXEDPOLYGONALFACE((4,3,13,12,4));
#984=IFCINDEXEDPOLYGONALFACE((3,2,14,13,3));
#985=IFCINDEXEDPOLYGONALFACE((2,1,8,14,2));
#986=IFCPOLYGONALFACESET(#976,$,(#977,#978,#979,#980,#981,#982,#983,#984,#985),$);
#987=IFCSHAPEREPRESENTATION(#24,'Body','Tessellation',(#986));
#988=IFCPRODUCTDEFINITIONSHAPE($,$,(#987));
#989=IFCBUILDINGELEMENTPROXY('21nQTlZtj5oeAqgd9ytnI1',$,'DEHHALKAP0000r4c',$,$,$,#1011,$,$);
#990=IFCPROPERTYSET('0r3zlrbrH4LhX24Nz$hYkO',$,'Pset_Objektinformation',$,(#992,#993,#994,#995,#996,#997,#998));
#991=IFCRELDEFINESBYPROPERTIES('1VRvyUkKfBcvja__B9D_G3',$,$,$,(#989),#990);
#992=IFCPROPERTYSINGLEVALUE('_IDEbene1',$,IFCLABEL('Gebaeude'),$);
#993=IFCPROPERTYSINGLEVALUE('_IDEbene2',$,IFCLABEL('Gebaeude'),$);
#994=IFCPROPERTYSINGLEVALUE('_IDEbene3',$,IFCLABEL('Gebaeude'),$);
#995=IFCPROPERTYSINGLEVALUE('_GebaeudeID',$,IFCLABEL('DEHHALKAP0000r4c'),$);
#996=IFCPROPERTYSINGLEVALUE('_GebaeudeHoehe',$,IFCREAL(6.038),$);
#997=IFCPROPERTYSINGLEVALUE('_AnzahlDerGeschosse',$,IFCINTEGER(2),$);
#998=IFCPROPERTYSINGLEVALUE('_Postleitzahl',$,IFCLABEL('22559'),$);
#999=IFCCARTESIANPOINTLIST3D(((550282.024,5935875.832,36.39),(550279.565,5935880.417,36.39),(550276.051,5935881.527,36.39),(550278.195,5935888.319,36.39),(550281.637,5935887.233,36.39),(550286.206,5935889.682,36.39),(550291.04,5935880.666,36.39),(550282.024,5935875.832,42.423),(550291.04,5935880.666,42.423),(550286.206,5935889.682,42.423),(550281.637,5935887.233,42.423),(550278.195,5935888.319,42.423),(550276.051,5935881.527,42.423),(550279.565,5935880.417,42.423)));
#1000=IFCINDEXEDPOLYGONALFACE((1,2,3,4,5,6,7,1));
#1001=IFCINDEXEDPOLYGONALFACE((8,9,10,11,12,13,14,8));
#1002=IFCINDEXEDPOLYGONALFACE((1,7,9,8,1));
#1003=IFCINDEXEDPOLYGONALFACE((7,6,10,9,7));
#1004=IFCINDEXEDPOLYGONALFACE((6,5,11,10,6));
#1005=IFCINDEXEDPOLYGONALFACE((5,4,12,11,5));
#1006=IFCINDEXEDPOLYGONALFACE((4,3,13,12,4));
#1007=IFCINDEXEDPOLYGONALFACE((3,2,14,13,3));
#1008=IFCINDEXEDPOLYGONALFACE((2,1,8,14,2));
#1009=IFCPOLYGONALFACESET(#999,$,(#1000,#1001,#1002,#1003,#1004,#1005,#1006,#1007,#1008),$);
#1010=IFCSHAPEREPRESENTATION(#24,'Body','Tessellation',(#1009));
#1011=IFCPRODUCTDEFINITIONSHAPE($,$,(#1010));
#1012=IFCBUILDINGELEMENTPROXY('203nqZnKfAcPbhCzElKmRI',$,'DEHHALKAP0000r87',$,$,$,#1032,$,$);
#1013=IFCPROPERTYSET('1oljgAeDb8JfFaMZgMjUMH',$,'Pset_Objektinformation',$,(#1015,#1016,#1017,#1018,#1019,#1020,#1021));
#1014=IFCRELDEFINESBYPROPERTIES('3irOgn0Hj0uvJhCYu8EwON',$,$,$,(#1012),#1013);
#1015=IFCPROPERTYSINGLEVALUE('_IDEbene1',$,IFCLABEL('Gebaeude'),$);
#1016=IFCPROPERTYSINGLEVALUE('_IDEbene2',$,IFCLABEL('Gebaeude'),$);
#1017=IFCPROPERTYSINGLEVALUE('_IDEbene3',$,IFCLABEL('Gebaeude'),$);
#1018=IFCPROPERTYSINGLEVALUE('_GebaeudeID',$,IFCLABEL('DEHHALKAP0000r87'),$);
#1019=IFCPROPERTYSINGLEVALUE('_GebaeudeHoehe',$,IFCREAL(9.),$);
#1020=IFCPROPERTYSINGLEVALUE('_AnzahlDerGeschosse',$,IFCINTEGER(1),$);
#1021=IFCPROPERTYSINGLEVALUE('_Postleitzahl',$,IFCLABEL('22559'),$);
#1022=IFCCARTESIANPOINTLIST3D(((550374.657,5935486.865,8.002),(550368.128,5935487.177,8.002),(550367.728,5935487.196,8.002),(550368.06,5935494.136,8.002),(550374.989,5935493.806,8.002),(550374.657,5935486.865,17.002),(550374.989,5935493.806,17.002),(550368.06,5935494.136,17.002),(550367.728,5935487.196,17.002),(550368.128,5935487.177,17.002)));
#1023=IFCINDEXEDPOLYGONALFACE((1,2,3,4,5,1));
#1024=IFCINDEXEDPOLYGONALFACE((6,7,8,9,10,6));
#1025=IFCINDEXEDPOLYGONALFACE((1,5,7,6,1));
#1026=IFCINDEXEDPOLYGONALFACE((5,4,8,7,5));
#1027=IFCINDEXEDPOLYGONALFACE((4,3,9,8,4));
#1028=IFCINDEXEDPOLYGONALFACE((3,2,10,9,3));
#1029=IFCINDEXEDPOLYGONALFACE((2,1,6,10,2));
#1030=IFCPOLYGONALFACESET(#1022,$,(#1023,#1024,#1025,#1026,#1027,#1028,#1029),$);
#1031=IFCSHAPEREPRESENTATION(#24,'Body','Tessellation',(#1030));
#1032=IFCPRODUCTDEFINITIONSHAPE($,$,(#1031));
#1033=IFCBUILDINGELEMENTPROXY('3$ErzVTwn3phrtKTJjspOh',$,'DEHHALKAP0000rji',$,$,$,#1058,$,$);
#1034=IFCPROPERTYSET('1oHHxD3X91wuakoQdhgxx9',$,'Pset_Objektinformation',$,(#1036,#1037,#1038,#1039,#1040,#1041,#1042));
#1035=IFCRELDEFINESBYPROPERTIES('3XiOqICEvFovuO5fXltIRo',$,$,$,(#1033),#1034);
#1036=IFCPROPERTYSINGLEVALUE('_IDEbene1',$,IFCLABEL('Gebaeude'),$);
#1037=IFCPROPERTYSINGLEVALUE('_IDEbene2',$,IFCLABEL('Gebaeude'),$);
#1038=IFCPROPERTYSINGLEVALUE('_IDEbene3',$,IFCLABEL('Gebaeude'),$);
#1039=IFCPROPERTYSINGLEVALUE('_GebaeudeID',$,IFCLABEL('DEHHALKAP0000rji'),$);
#1040=IFCPROPERTYSINGLEVALUE('_GebaeudeHoehe',$,IFCREAL(5.793),$);
#1041=IFCPROPERTYSINGLEVALUE('_AnzahlDerGeschosse',$,IFCINTEGER(1),$);
#1042=IFCPROPERTYSINGLEVALUE('_Postleitzahl',$,IFCLABEL('22559'),$);
#1043=IFCCARTESIANPOINTLIST3D(((550401.635,5935434.08,4.07),(550393.034,5935434.552,4.07),(550393.207,5935437.707,4.07),(550389.32,5935437.921,4.07),(550389.543,5935441.99,4.07),(550393.382,5935441.779,4.07),(550393.277,5935439.86,4.07),(550398.304,5935439.585,4.07),(550398.494,5935443.063,4.07),(550402.115,5935442.865,4.07),(550401.635,5935434.08,8.212),(550402.115,5935442.865,8.212),(550398.494,5935443.063,8.212),(550398.304,5935439.585,8.212),(550393.277,5935439.86,8.212),(550393.382,5935441.779,8.212),(550389.543,5935441.99,8.212),(550389.32,5935437.921,8.212),(550393.207,5935437.707,8.212),(550393.034,5935434.552,8.212)));
#1044=IFCINDEXEDPOLYGONALFACE((1,2,3,4,5,6,7,8,9,10,1));
#1045=IFCINDEXEDPOLYGONALFACE((11,12,13,14,15,16,17,18,19,20,11));
#1046=IFCINDEXEDPOLYGONALFACE((1,10,12,11,1));
#1047=IFCINDEXEDPOLYGONALFACE((10,9,13,12,10));
#1048=IFCINDEXEDPOLYGONALFACE((9,8,14,13,9));
#1049=IFCINDEXEDPOLYGONALFACE((8,7,15,14,8));
#1050=IFCINDEXEDPOLYGONALFACE((7,6,16,15,7));
#1051=IFCINDEXEDPOLYGONALFACE((6,5,17,16,6));
#1052=IFCINDEXEDPOLYGONALFACE((5,4,18,17,5));
#1053=IFCINDEXEDPOLYGONALFACE((4,3,19,18,4));
#1054=IFCINDEXEDPOLYGONALFACE((3,2,20,19,3));
#1055=IFCINDEXEDPOLYGONALFACE((2,1,11,20,2));
#1056=IFCPOLYGONALFACESET(#1043,$,(#1044,#1045,#1046,#1047,#1048,#1049,#1050,#1051,#1052,#1053,#1054,#1055),$);
#1057=IFCSHAPEREPRESENTATION(#24,'Body','Tessellation',(#1056));
#1058=IFCPRODUCTDEFINITIONSHAPE($,$,(#1057));
#1059=IFCBUILDINGELEMENTPROXY('0y5NlGaSD17OabacWU2UaZ',$,'DEHHALKAP0000r7D',$,$,$,#1081,$,$);
#1060=IFCPROPERTYSET('1YHXRyW9n9Ke6fiMC32Jds',$,'Pset_Objektinformation',$,(#1062,#1063,#1064,#1065,#1066,#1067,#1068));
#1061=IFCRELDEFINESBYPROPERTIES('1x15L_hjr9Pwd5HZwthWzZ',$,$,$,(#1059),#1060);
#1062=IFCPROPERTYSINGLEVALUE('_IDEbene1',$,IFCLABEL('Gebaeude'),$);
#1063=IFCPROPERTYSINGLEVALUE('_IDEbene2',$,IFCLABEL('Gebaeude'),$);
#1064=IFCPROPERTYSINGLEVALUE('_IDEbene3',$,IFCLABEL('Gebaeude'),$);
#1065=IFCPROPERTYSINGLEVALUE('_GebaeudeID',$,IFCLABEL('DEHHALKAP0000r7D'),$);
#1066=IFCPROPERTYSINGLEVALUE('_GebaeudeHoehe',$,IFCREAL(6.428),$);
#1067=IFCPROPERTYSINGLEVALUE('_AnzahlDerGeschosse',$,IFCINTEGER(2),$);
#1068=IFCPROPERTYSINGLEVALUE('_Postleitzahl',$,IFCLABEL('22559'),$);
#1069=IFCCARTESIANPOINTLIST3D(((550315.34,5935960.876,33.32),(550314.34,5935965.991,33.32),(550311.317,5935968.03,33.32),(550315.297,5935973.928,33.32),(550318.31,5935971.894,33.32),(550323.406,5935972.89,33.32),(550325.372,5935962.838,33.32),(550315.34,5935960.876,39.747),(550325.372,5935962.838,39.747),(550323.406,5935972.89,39.747),(550318.31,5935971.894,39.747),(550315.297,5935973.928,39.747),(550311.317,5935968.03,39.747),(550314.34,5935965.991,39.747)));
#1070=IFCINDEXEDPOLYGONALFACE((1,2,3,4,5,6,7,1));
#1071=IFCINDEXEDPOLYGONALFACE((8,9,10,11,12,13,14,8));
#1072=IFCINDEXEDPOLYGONALFACE((1,7,9,8,1));
#1073=IFCINDEXEDPOLYGONALFACE((7,6,10,9,7));
#1074=IFCINDEXEDPOLYGONALFACE((6,5,11,10,6));
#1075=IFCINDEXEDPOLYGONALFACE((5,4,12,11,5));
#1076=IFCINDEXEDPOLYGONALFACE((4,3,13,12,4));
#1077=IFCINDEXEDPOLYGONALFACE((3,2,14,13,3));
#1078=IFCINDEXEDPOLYGONALFACE((2,1,8,14,2));
#1079=IFCPOLYGONALFACESET(#1069,$,(#1070,#1071,#1072,#1073,#1074,#1075,#1076,#1077,#1078),$);
#1080=IFCSHAPEREPRESENTATION(#24,'Body','Tessellation',(#1079));
#1081=IFCPRODUCTDEFINITIONSHAPE($,$,(#1080));
#1082=IFCBUILDINGELEMENTPROXY('2ipIVRBbD3mBn$c6MPzR7w',$,'DEHHALKAP0000r5i',$,$,$,#1104,$,$);
#1083=IFCPROPERTYSET('3YgxlVr_D1mP3jTLNlzoAj',$,'Pset_Objektinformation',$,(#1085,#1086,#1087,#1088,#1089,#1090,#1091));
#1084=IFCRELDEFINESBYPROPERTIES('26gft9M4n52gR8IvqrqDdK',$,$,$,(#1082),#1083);
#1085=IFCPROPERTYSINGLEVALUE('_IDEbene1',$,IFCLABEL('Gebaeude'),$);
#1086=IFCPROPERTYSINGLEVALUE('_IDEbene2',$,IFCLABEL('Gebaeude'),$);
#1087=IFCPROPERTYSINGLEVALUE('_IDEbene3',$,IFCLABEL('Gebaeude'),$);
#1088=IFCPROPERTYSINGLEVALUE('_GebaeudeID',$,IFCLABEL('DEHHALKAP0000r5i'),$);
#1089=IFCPROPERTYSINGLEVALUE('_GebaeudeHoehe',$,IFCREAL(6.396),$);
#1090=IFCPROPERTYSINGLEVALUE('_AnzahlDerGeschosse',$,IFCINTEGER(2),$);
#1091=IFCPROPERTYSINGLEVALUE('_Postleitzahl',$,IFCLABEL('22559'),$);
#1092=IFCCARTESIANPOINTLIST3D(((550275.991,5935973.399,33.12),(550273.945,5935976.367,33.12),(550268.844,5935977.297,33.12),(550270.7,5935987.471,33.12),(550280.798,5935985.63,33.12),(550279.855,5935980.463,33.12),(550281.911,5935977.482,33.12),(550275.991,5935973.399,39.512),(550281.911,5935977.482,39.512),(550279.855,5935980.463,39.512),(550280.798,5935985.63,39.512),(550270.7,5935987.471,39.512),(550268.844,5935977.297,39.512),(550273.945,5935976.367,39.512)));
#1093=IFCINDEXEDPOLYGONALFACE((1,2,3,4,5,6,7,1));
#1094=IFCINDEXEDPOLYGONALFACE((8,9,10,11,12,13,14,8));
#1095=IFCINDEXEDPOLYGONALFACE((1,7,9,8,1));
#1096=IFCINDEXEDPOLYGONALFACE((7,6,10,9,7));
#1097=IFCINDEXEDPOLYGONALFACE((6,5,11,10,6));
#1098=IFCINDEXEDPOLYGONALFACE((5,4,12,11,5));
#1099=IFCINDEXEDPOLYGONALFACE((4,3,13,12,4));
#1100=IFCINDEXEDPOLYGONALFACE((3,2,14,13,3));
#1101=IFCINDEXEDPOLYGONALFACE((2,1,8,14,2));
#1102=IFCPOLYGONALFACESET(#1092,$,(#1093,#1094,#1095,#1096,#1097,#1098,#1099,#1100,#1101),$);
#1103=IFCSHAPEREPRESENTATION(#24,'Body','Tessellation',(#1102));
#1104=IFCPRODUCTDEFINITIONSHAPE($,$,(#1103));
#1105=IFCBUILDINGELEMENTPROXY('0SBBlIMcL1XBTFPEVAOpRz',$,'DEHHALKAP0000r0W',$,$,$,#1127,$,$);
#1106=IFCPROPERTYSET('22bBDUuz95qfIrqrk7RkhZ',$,'Pset_Objektinformation',$,(#1108,#1109,#1110,#1111,#1112,#1113,#1114));
#1107=IFCRELDEFINESBYPROPERTIES('2ZWzQBWWPE2vHs2ZWEfS0x',$,$,$,(#1105),#1106);
#1108=IFCPROPERTYSINGLEVALUE('_IDEbene1',$,IFCLABEL('Gebaeude'),$);
#1109=IFCPROPERTYSINGLEVALUE('_IDEbene2',$,IFCLABEL('Gebaeude'),$);
#1110=IFCPROPERTYSINGLEVALUE('_IDEbene3',$,IFCLABEL('Gebaeude'),$);
#1111=IFCPROPERTYSINGLEVALUE('_GebaeudeID',$,IFCLABEL('DEHHALKAP0000r0W'),$);
#1112=IFCPROPERTYSINGLEVALUE('_GebaeudeHoehe',$,IFCREAL(6.82),$);
#1113=IFCPROPERTYSINGLEVALUE('_AnzahlDerGeschosse',$,IFCINTEGER(1),$);
#1114=IFCPROPERTYSINGLEVALUE('_Postleitzahl',$,IFCLABEL('22559'),$);
#1115=IFCCARTESIANPOINTLIST3D(((550342.261,5935821.299,36.58),(550352.149,5935826.076,36.58),(550354.691,5935820.814,36.58),(550357.905,5935819.691,36.58),(550355.503,5935812.816,36.58),(550352.297,5935813.937,36.58),(550347.043,5935811.398,36.58),(550342.261,5935821.299,43.4),(550347.043,5935811.398,43.4),(550352.297,5935813.937,43.4),(550355.503,5935812.816,43.4),(550357.905,5935819.691,43.4),(550354.691,5935820.814,43.4),(550352.149,5935826.076,43.4)));
#1116=IFCINDEXEDPOLYGONALFACE((1,2,3,4,5,6,7,1));
#1117=IFCINDEXEDPOLYGONALFACE((8,9,10,11,12,13,14,8));
#1118=IFCINDEXEDPOLYGONALFACE((1,7,9,8,1));
#1119=IFCINDEXEDPOLYGONALFACE((7,6,10,9,7));
#1120=IFCINDEXEDPOLYGONALFACE((6,5,11,10,6));
#1121=IFCINDEXEDPOLYGONALFACE((5,4,12,11,5));
#1122=IFCINDEXEDPOLYGONALFACE((4,3,13,12,4));
#1123=IFCINDEXEDPOLYGONALFACE((3,2,14,13,3));
#1124=IFCINDEXEDPOLYGONALFACE((2,1,8,14,2));
#1125=IFCPOLYGONALFACESET(#1115,$,(#1116,#1117,#1118,#1119,#1120,#1121,#1122,#1123,#1124),$);
#1126=IFCSHAPEREPRESENTATION(#24,'Body','Tessellation',(#1125));
#1127=IFCPRODUCTDEFINITIONSHAPE($,$,(#1126));
#1128=IFCBUILDINGELEMENTPROXY('15xOSM1SnBYA0pCl1ynO8b',$,'DEHHALKAP0000rCj',$,$,$,#1158,$,$);
#1129=IFCPROPERTYSET('1FZUzKHG9B6x4RzCwPizX9',$,'Pset_Objektinformation',$,(#1131,#1132,#1133,#1134,#1135,#1136,#1137));
#1130=IFCRELDEFINESBYPROPERTIES('3DPiEjezD0jeDy89_6XUyN',$,$,$,(#1128),#1129);
#1131=IFCPROPERTYSINGLEVALUE('_IDEbene1',$,IFCLABEL('Gebaeude'),$);
#1132=IFCPROPERTYSINGLEVALUE('_IDEbene2',$,IFCLABEL('Gebaeude'),$);
#1133=IFCPROPERTYSINGLEVALUE('_IDEbene3',$,IFCLABEL('Gebaeude'),$);
#1134=IFCPROPERTYSINGLEVALUE('_GebaeudeID',$,IFCLABEL('DEHHALKAP0000rCj'),$);
#1135=IFCPROPERTYSINGLEVALUE('_GebaeudeHoehe',$,IFCREAL(9.97),$);
#1136=IFCPROPERTYSINGLEVALUE('_AnzahlDerGeschosse',$,IFCINTEGER(1),$);
#1137=IFCPROPERTYSINGLEVALUE('_Postleitzahl',$,IFCLABEL('22559'),$);
#1138=IFCCARTESIANPOINTLIST3D(((550122.604,5935997.382,34.517),(550127.668,5935999.063,34.517),(550127.914,5935999.763,34.517),(550130.218,5936000.577,34.517),(550130.957,5936000.211,34.517),(550131.36,5936000.528,34.517),(550133.431,5935995.221,34.517),(550135.085,5935990.705,34.517),(550127.71,5935987.924,34.517),(550127.633,5935988.306,34.517),(550125.303,5935988.31,34.517),(550124.471,5935990.429,34.517),(550126.18,5935992.258,34.517),(550125.309,5935994.409,34.517),(550123.939,5935993.921,34.517),(550122.604,5935997.382,42.227),(550123.939,5935993.921,42.227),(550125.309,5935994.409,42.227),(550126.18,5935992.258,42.227),(550124.471,5935990.429,42.227),(550125.303,5935988.31,42.227),(550127.633,5935988.306,42.227),(550127.71,5935987.924,42.227),(550135.085,5935990.705,42.227),(550133.431,5935995.221,42.227),(550131.36,5936000.528,42.227),(550130.957,5936000.211,42.227),(550130.218,5936000.577,42.227),(550127.914,5935999.763,42.227),(550127.668,5935999.063,42.227)));
#1139=IFCINDEXEDPOLYGONALFACE((1,2,3,4,5,6,7,8,9,10,11,12,13,14,15,1));
#1140=IFCINDEXEDPOLYGONALFACE((16,17,18,19,20,21,22,23,24,25,26,27,28,29,30,16));
#1141=IFCINDEXEDPOLYGONALFACE((1,15,17,16,1));
#1142=IFCINDEXEDPOLYGONALFACE((15,14,18,17,15));
#1143=IFCINDEXEDPOLYGONALFACE((14,13,19,18,14));
#1144=IFCINDEXEDPOLYGONALFACE((13,12,20,19,13));
#1145=IFCINDEXEDPOLYGONALFACE((12,11,21,20,12));
#1146=IFCINDEXEDPOLYGONALFACE((11,10,22,21,11));
#1147=IFCINDEXEDPOLYGONALFACE((10,9,23,22,10));
#1148=IFCINDEXEDPOLYGONALFACE((9,8,24,23,9));
#1149=IFCINDEXEDPOLYGONALFACE((8,7,25,24,8));
#1150=IFCINDEXEDPOLYGONALFACE((7,6,26,25,7));
#1151=IFCINDEXEDPOLYGONALFACE((6,5,27,26,6));
#1152=IFCINDEXEDPOLYGONALFACE((5,4,28,27,5));
#1153=IFCINDEXEDPOLYGONALFACE((4,3,29,28,4));
#1154=IFCINDEXEDPOLYGONALFACE((3,2,30,29,3));
#1155=IFCINDEXEDPOLYGONALFACE((2,1,16,30,2));
#1156=IFCPOLYGONALFACESET(#1138,$,(#1139,#1140,#1141,#1142,#1143,#1144,#1145,#1146,#1147,#1148,#1149,#1150,#1151,#1152,#1153,#1154,#1155),$);
#1157=IFCSHAPEREPRESENTATION(#24,'Body','Tessellation',(#1156));
#1158=IFCPRODUCTDEFINITIONSHAPE($,$,(#1157));
#1159=IFCBUILDINGELEMENTPROXY('1ZwGEYCmvAqxoDvzeUZPM2',$,'DEHHALKAP0000rqY',$,$,$,#1180,$,$);
#1160=IFCPROPERTYSET('3AGZGATfX4WQ3RXvJuGF7l',$,'Pset_Objektinformation',$,(#1162,#1163,#1164,#1165,#1166,#1167,#1168));
#1161=IFCRELDEFINESBYPROPERTIES('2fCr_15gz9RA8zDPD_5BmO',$,$,$,(#1159),#1160);
#1162=IFCPROPERTYSINGLEVALUE('_IDEbene1',$,IFCLABEL('Gebaeude'),$);
#1163=IFCPROPERTYSINGLEVALUE('_IDEbene2',$,IFCLABEL('Gebaeude'),$);
#1164=IFCPROPERTYSINGLEVALUE('_IDEbene3',$,IFCLABEL('Gebaeude'),$);
#1165=IFCPROPERTYSINGLEVALUE('_GebaeudeID',$,IFCLABEL('DEHHALKAP0000rqY'),$);
#1166=IFCPROPERTYSINGLEVALUE('_GebaeudeHoehe',$,IFCREAL(2.965),$);
#1167=IFCPROPERTYSINGLEVALUE('_AnzahlDerGeschosse',$,IFCINTEGER(1),$);
#1168=IFCPROPERTYSINGLEVALUE('_Postleitzahl',$,IFCLABEL('22587'),$);
#1169=IFCCARTESIANPOINTLIST3D(((550824.593,5935335.155,5.379),(550824.612,5935344.17,5.379),(550838.052,5935344.182,5.379),(550838.058,5935333.074,5.379),(550828.636,5935333.079,5.379),(550828.638,5935335.148,5.379),(550824.593,5935335.155,8.344),(550828.638,5935335.148,8.344),(550828.636,5935333.079,8.344),(550838.058,5935333.074,8.344),(550838.052,5935344.182,8.344),(550824.612,5935344.17,8.344)));
#1170=IFCINDEXEDPOLYGONALFACE((1,2,3,4,5,6,1));
#1171=IFCINDEXEDPOLYGONALFACE((7,8,9,10,11,12,7));
#1172=IFCINDEXEDPOLYGONALFACE((1,6,8,7,1));
#1173=IFCINDEXEDPOLYGONALFACE((6,5,9,8,6));
#1174=IFCINDEXEDPOLYGONALFACE((5,4,10,9,5));
#1175=IFCINDEXEDPOLYGONALFACE((4,3,11,10,4));
#1176=IFCINDEXEDPOLYGONALFACE((3,2,12,11,3));
#1177=IFCINDEXEDPOLYGONALFACE((2,1,7,12,2));
#1178=IFCPOLYGONALFACESET(#1169,$,(#1170,#1171,#1172,#1173,#1174,#1175,#1176,#1177),$);
#1179=IFCSHAPEREPRESENTATION(#24,'Body','Tessellation',(#1178));
#1180=IFCPRODUCTDEFINITIONSHAPE($,$,(#1179));
#1181=IFCBUILDINGELEMENTPROXY('0f5ILITrb6m9rME2o46jH3',$,'DEHHALKAP0000rV5',$,$,$,#1200,$,$);
#1182=IFCPROPERTYSET('0N4HM2gnr9r8812Dn2kx7H',$,'Pset_Objektinformation',$,(#1184,#1185,#1186,#1187,#1188,#1189,#1190));
#1183=IFCRELDEFINESBYPROPERTIES('2ra3YEWx91IB$9Sa9oxrUq',$,$,$,(#1181),#1182);
#1184=IFCPROPERTYSINGLEVALUE('_IDEbene1',$,IFCLABEL('Gebaeude'),$);
#1185=IFCPROPERTYSINGLEVALUE('_IDEbene2',$,IFCLABEL('Gebaeude'),$);
#1186=IFCPROPERTYSINGLEVALUE('_IDEbene3',$,IFCLABEL('Gebaeude'),$);
#1187=IFCPROPERTYSINGLEVALUE('_GebaeudeID',$,IFCLABEL('DEHHALKAP0000rV5'),$);
#1188=IFCPROPERTYSINGLEVALUE('_GebaeudeHoehe',$,IFCREAL(2.914),$);
#1189=IFCPROPERTYSINGLEVALUE('_AnzahlDerGeschosse',$,IFCINTEGER(1),$);
#1190=IFCPROPERTYSINGLEVALUE('_Postleitzahl',$,IFCLABEL('22559'),$);
#1191=IFCCARTESIANPOINTLIST3D(((550392.844,5935431.094,4.007),(550393.034,5935434.552,4.007),(550401.635,5935434.08,4.007),(550401.446,5935430.622,4.007),(550392.844,5935431.094,6.767),(550401.446,5935430.622,6.767),(550401.635,5935434.08,6.767),(550393.034,5935434.552,6.767)));
#1192=IFCINDEXEDPOLYGONALFACE((1,2,3,4,1));
#1193=IFCINDEXEDPOLYGONALFACE((5,6,7,8,5));
#1194=IFCINDEXEDPOLYGONALFACE((1,4,6,5,1));
#1195=IFCINDEXEDPOLYGONALFACE((4,3,7,6,4));
#1196=IFCINDEXEDPOLYGONALFACE((3,2,8,7,3));
#1197=IFCINDEXEDPOLYGONALFACE((2,1,5,8,2));
#1198=IFCPOLYGONALFACESET(#1191,$,(#1192,#1193,#1194,#1195,#1196,#1197),$);
#1199=IFCSHAPEREPRESENTATION(#24,'Body','Tessellation',(#1198));
#1200=IFCPRODUCTDEFINITIONSHAPE($,$,(#1199));
#1201=IFCBUILDINGELEMENTPROXY('1ISyY_guf3fRwCtAzVQ8PG',$,'DEHHALKAP0000rmE',$,$,$,#1237,$,$);
#1202=IFCPROPERTYSET('25QtXjJ2TAiwOnzpnI3Av8',$,'Pset_Objektinformation',$,(#1204,#1205,#1206,#1207,#1208,#1209,#1210));
#1203=IFCRELDEFINESBYPROPERTIES('3mwIWgb9TC0QzgKCPLba9x',$,$,$,(#1201),#1202);
#1204=IFCPROPERTYSINGLEVALUE('_IDEbene1',$,IFCLABEL('Gebaeude'),$);
#1205=IFCPROPERTYSINGLEVALUE('_IDEbene2',$,IFCLABEL('Gebaeude'),$);
#1206=IFCPROPERTYSINGLEVALUE('_IDEbene3',$,IFCLABEL('Gebaeude'),$);
#1207=IFCPROPERTYSINGLEVALUE('_GebaeudeID',$,IFCLABEL('DEHHALKAP0000rmE'),$);
#1208=IFCPROPERTYSINGLEVALUE('_GebaeudeHoehe',$,IFCREAL(8.132),$);
#1209=IFCPROPERTYSINGLEVALUE('_AnzahlDerGeschosse',$,IFCINTEGER(2),$);
#1210=IFCPROPERTYSINGLEVALUE('_Postleitzahl',$,IFCLABEL('22559'),$);
#1211=IFCCARTESIANPOINTLIST3D(((550095.721,5935672.268,34.729),(550097.475,5935670.779,34.729),(550093.948,5935666.626,34.729),(550086.921,5935672.595,34.729),(550088.54,5935674.501,34.729),(550084.842,5935677.643,34.729),(550088.17,5935681.558,34.729),(550088.06,5935682.501,34.729),(550088.455,5935683.364,34.729),(550089.254,5935683.908,34.729),(550090.221,5935683.948,34.729),(550091.713,5935685.706,34.729),(550090.841,5935686.447,34.729),(550094.632,5935690.913,34.729),(550095.688,5935690.016,34.729),(550097.25,5935691.856,34.729),(550101.285,5935688.43,34.729),(550099.394,5935686.204,34.729),(550105.908,5935680.674,34.729),(550102.352,5935676.488,34.729),(550100.583,5935677.991,34.729),(550095.721,5935672.268,40.533),(550100.583,5935677.991,40.533),(550102.352,5935676.488,40.533),(550105.908,5935680.674,40.533),(550099.394,5935686.204,40.533),(550101.285,5935688.43,40.533),(550097.25,5935691.856,40.533),(550095.688,5935690.016,40.533),(550094.632,5935690.913,40.533),(550090.841,5935686.447,40.533),(550091.713,5935685.706,40.533),(550090.221,5935683.948,40.533),(550089.254,5935683.908,40.533),(550088.455,5935683.364,40.533),(550088.06,5935682.501,40.533),(550088.17,5935681.558,40.533),(550084.842,5935677.643,40.533),(550088.54,5935674.501,40.533),(550086.921,5935672.595,40.533),(550093.948,5935666.626,40.533),(550097.475,5935670.779,40.533)));
#1212=IFCINDEXEDPOLYGONALFACE((1,2,3,4,5,6,7,8,9,10,11,12,13,14,15,16,17,18,19,20,21,1));
#1213=IFCINDEXEDPOLYGONALFACE((22,23,24,25,26,27,28,29,30,31,32,33,34,35,36,37,38,39,40,41,42,22));
#1214=IFCINDEXEDPOLYGONALFACE((1,21,23,22,1));
#1215=IFCINDEXEDPOLYGONALFACE((21,20,24,23,21));
#1216=IFCINDEXEDPOLYGONALFACE((20,19,25,24,20));
#1217=IFCINDEXEDPOLYGONALFACE((19,18,26,25,19));
#1218=IFCINDEXEDPOLYGONALFACE((18,17,27,26,18));
#1219=IFCINDEXEDPOLYGONALFACE((17,16,28,27,17));
#1220=IFCINDEXEDPOLYGONALFACE((16,15,29,28,16));
#1221=IFCINDEXEDPOLYGONALFACE((15,14,30,29,15));
#1222=IFCINDEXEDPOLYGONALFACE((14,13,31,30,14));
#1223=IFCINDEXEDPOLYGONALFACE((13,12,32,31,13));
#1224=IFCINDEXEDPOLYGONALFACE((12,11,33,32,12));
#1225=IFCINDEXEDPOLYGONALFACE((11,10,34,33,11));
#1226=IFCINDEXEDPOLYGONALFACE((10,9,35,34,10));
#1227=IFCINDEXEDPOLYGONALFACE((9,8,36,35,9));
#1228=IFCINDEXEDPOLYGONALFACE((8,7,37,36,8));
#1229=IFCINDEXEDPOLYGONALFACE((7,6,38,37,7));
#1230=IFCINDEXEDPOLYGONALFACE((6,5,39,38,6));
#1231=IFCINDEXEDPOLYGONALFACE((5,4,40,39,5));
#1232=IFCINDEXEDPOLYGONALFACE((4,3,41,40,4));
#1233=IFCINDEXEDPOLYGONALFACE((3,2,42,41,3));
#1234=IFCINDEXEDPOLYGONALFACE((2,1,22,42,2));
#1235=IFCPOLYGONALFACESET(#1211,$,(#1212,#1213,#1214,#1215,#1216,#1217,#1218,#1219,#1220,#1221,#1222,#1223,#1224,#1225,#1226,#1227,#1228,#1229,#1230,#1231,#1232,#1233,#1234),$);
#1236=IFCSHAPEREPRESENTATION(#24,'Body','Tessellation',(#1235));
#1237=IFCPRODUCTDEFINITIONSHAPE($,$,(#1236));
#1238=IFCBUILDINGELEMENTPROXY('3XUducyUL09AEUIoEmj20j',$,'DEHHALKAP0000qQA',$,$,$,#1260,$,$);
#1239=IFCPROPERTYSET('1DmidwDq91qh9f$jvlgi7K',$,'Pset_Objektinformation',$,(#1241,#1242,#1243,#1244,#1245,#1246,#1247));
#1240=IFCRELDEFINESBYPROPERTIES('0D782Kpoz31gJZqON77qgF',$,$,$,(#1238),#1239);
#1241=IFCPROPERTYSINGLEVALUE('_IDEbene1',$,IFCLABEL('Gebaeude'),$);
#1242=IFCPROPERTYSINGLEVALUE('_IDEbene2',$,IFCLABEL('Gebaeude'),$);
#1243=IFCPROPERTYSINGLEVALUE('_IDEbene3',$,IFCLABEL('Gebaeude'),$);
#1244=IFCPROPERTYSINGLEVALUE('_GebaeudeID',$,IFCLABEL('DEHHALKAP0000qQA'),$);
#1245=IFCPROPERTYSINGLEVALUE('_GebaeudeHoehe',$,IFCREAL(6.309),$);
#1246=IFCPROPERTYSINGLEVALUE('_AnzahlDerGeschosse',$,IFCINTEGER(2),$);
#1247=IFCPROPERTYSINGLEVALUE('_Postleitzahl',$,IFCLABEL('22559'),$);
#1248=IFCCARTESIANPOINTLIST3D(((550352.357,5935973.44,33.63),(550350.494,5935978.302,33.63),(550347.174,5935979.786,33.63),(550350.08,5935986.287,33.63),(550353.392,5935984.807,33.63),(550358.241,5935986.665,33.63),(550361.907,5935977.1,33.63),(550352.357,5935973.44,39.943),(550361.907,5935977.1,39.943),(550358.241,5935986.665,39.943),(550353.392,5935984.807,39.943),(550350.08,5935986.287,39.943),(550347.174,5935979.786,39.943),(550350.494,5935978.302,39.943)));
#1249=IFCINDEXEDPOLYGONALFACE((1,2,3,4,5,6,7,1));
#1250=IFCINDEXEDPOLYGONALFACE((8,9,10,11,12,13,14,8));
#1251=IFCINDEXEDPOLYGONALFACE((1,7,9,8,1));
#1252=IFCINDEXEDPOLYGONALFACE((7,6,10,9,7));
#1253=IFCINDEXEDPOLYGONALFACE((6,5,11,10,6));
#1254=IFCINDEXEDPOLYGONALFACE((5,4,12,11,5));
#1255=IFCINDEXEDPOLYGONALFACE((4,3,13,12,4));
#1256=IFCINDEXEDPOLYGONALFACE((3,2,14,13,3));
#1257=IFCINDEXEDPOLYGONALFACE((2,1,8,14,2));
#1258=IFCPOLYGONALFACESET(#1248,$,(#1249,#1250,#1251,#1252,#1253,#1254,#1255,#1256,#1257),$);
#1259=IFCSHAPEREPRESENTATION(#24,'Body','Tessellation',(#1258));
#1260=IFCPRODUCTDEFINITIONSHAPE($,$,(#1259));
#1261=IFCBUILDINGELEMENTPROXY('0OwxM4Zb5BIvTYmWkGt4uJ',$,'DEHHALKAP0000qwa',$,$,$,#1283,$,$);
#1262=IFCPROPERTYSET('163THmSnb7UxAqcayfqDy5',$,'Pset_Objektinformation',$,(#1264,#1265,#1266,#1267,#1268,#1269,#1270));
#1263=IFCRELDEFINESBYPROPERTIES('0G9RVdgMLDgB7wFNmeQvPn',$,$,$,(#1261),#1262);
#1264=IFCPROPERTYSINGLEVALUE('_IDEbene1',$,IFCLABEL('Gebaeude'),$);
#1265=IFCPROPERTYSINGLEVALUE('_IDEbene2',$,IFCLABEL('Gebaeude'),$);
#1266=IFCPROPERTYSINGLEVALUE('_IDEbene3',$,IFCLABEL('Gebaeude'),$);
#1267=IFCPROPERTYSINGLEVALUE('_GebaeudeID',$,IFCLABEL('DEHHALKAP0000qwa'),$);
#1268=IFCPROPERTYSINGLEVALUE('_GebaeudeHoehe',$,IFCREAL(6.395),$);
#1269=IFCPROPERTYSINGLEVALUE('_AnzahlDerGeschosse',$,IFCINTEGER(2),$);
#1270=IFCPROPERTYSINGLEVALUE('_Postleitzahl',$,IFCLABEL('22559'),$);
#1271=IFCCARTESIANPOINTLIST3D(((550244.657,5935969.425,33.63),(550241.389,5935970.88,33.63),(550236.56,5935969.03,33.63),(550232.851,5935978.706,33.63),(550242.421,5935982.374,33.63),(550244.293,5935977.49,33.63),(550247.594,5935976.02,33.63),(550244.657,5935969.425,39.98),(550247.594,5935976.02,39.98),(550244.293,5935977.49,39.98),(550242.421,5935982.374,39.98),(550232.851,5935978.706,39.98),(550236.56,5935969.03,39.98),(550241.389,5935970.88,39.98)));
#1272=IFCINDEXEDPOLYGONALFACE((1,2,3,4,5,6,7,1));
#1273=IFCINDEXEDPOLYGONALFACE((8,9,10,11,12,13,14,8));
#1274=IFCINDEXEDPOLYGONALFACE((1,7,9,8,1));
#1275=IFCINDEXEDPOLYGONALFACE((7,6,10,9,7));
#1276=IFCINDEXEDPOLYGONALFACE((6,5,11,10,6));
#1277=IFCINDEXEDPOLYGONALFACE((5,4,12,11,5));
#1278=IFCINDEXEDPOLYGONALFACE((4,3,13,12,4));
#1279=IFCINDEXEDPOLYGONALFACE((3,2,14,13,3));
#1280=IFCINDEXEDPOLYGONALFACE((2,1,8,14,2));
#1281=IFCPOLYGONALFACESET(#1271,$,(#1272,#1273,#1274,#1275,#1276,#1277,#1278,#1279,#1280),$);
#1282=IFCSHAPEREPRESENTATION(#24,'Body','Tessellation',(#1281));
#1283=IFCPRODUCTDEFINITIONSHAPE($,$,(#1282));
#1284=IFCBUILDINGELEMENTPROXY('1_YsOeFhD4Feu0UhxQ2MhA',$,'DEHHALKAP0000s2g',$,$,$,#1305,$,$);
#1285=IFCPROPERTYSET('3WxEPXZPjCaRw18f9Vmex7',$,'Pset_Objektinformation',$,(#1287,#1288,#1289,#1290,#1291,#1292,#1293));
#1286=IFCRELDEFINESBYPROPERTIES('3OWfagCDr8uhiWnRGBfhYC',$,$,$,(#1284),#1285);
#1287=IFCPROPERTYSINGLEVALUE('_IDEbene1',$,IFCLABEL('Gebaeude'),$);
#1288=IFCPROPERTYSINGLEVALUE('_IDEbene2',$,IFCLABEL('Gebaeude'),$);
#1289=IFCPROPERTYSINGLEVALUE('_IDEbene3',$,IFCLABEL('Gebaeude'),$);
#1290=IFCPROPERTYSINGLEVALUE('_GebaeudeID',$,IFCLABEL('DEHHALKAP0000s2g'),$);
#1291=IFCPROPERTYSINGLEVALUE('_GebaeudeHoehe',$,IFCREAL(3.332),$);
#1292=IFCPROPERTYSINGLEVALUE('_AnzahlDerGeschosse',$,IFCINTEGER(1),$);
#1293=IFCPROPERTYSINGLEVALUE('_Postleitzahl',$,IFCLABEL('22559'),$);
#1294=IFCCARTESIANPOINTLIST3D(((550497.399,5935631.598,44.238),(550494.14,5935635.401,44.238),(550495.467,5935636.536,44.238),(550496.583,5935635.233,44.238),(550497.911,5935636.371,44.238),(550500.052,5935633.872,44.238),(550497.399,5935631.598,47.571),(550500.052,5935633.872,47.571),(550497.911,5935636.371,47.571),(550496.583,5935635.233,47.571),(550495.467,5935636.536,47.571),(550494.14,5935635.401,47.571)));
#1295=IFCINDEXEDPOLYGONALFACE((1,2,3,4,5,6,1));
#1296=IFCINDEXEDPOLYGONALFACE((7,8,9,10,11,12,7));
#1297=IFCINDEXEDPOLYGONALFACE((1,6,8,7,1));
#1298=IFCINDEXEDPOLYGONALFACE((6,5,9,8,6));
#1299=IFCINDEXEDPOLYGONALFACE((5,4,10,9,5));
#1300=IFCINDEXEDPOLYGONALFACE((4,3,11,10,4));
#1301=IFCINDEXEDPOLYGONALFACE((3,2,12,11,3));
#1302=IFCINDEXEDPOLYGONALFACE((2,1,7,12,2));
#1303=IFCPOLYGONALFACESET(#1294,$,(#1295,#1296,#1297,#1298,#1299,#1300,#1301,#1302),$);
#1304=IFCSHAPEREPRESENTATION(#24,'Body','Tessellation',(#1303));
#1305=IFCPRODUCTDEFINITIONSHAPE($,$,(#1304));
#1306=IFCBUILDINGELEMENTPROXY('3odo8hEuLAGwDVR3KWyfZm',$,'DEHHALKAP0000rz0',$,$,$,#1331,$,$);
#1307=IFCPROPERTYSET('0eaW$Rq9DBeuy1EQ$Ge3fF',$,'Pset_Objektinformation',$,(#1309,#1310,#1311,#1312,#1313,#1314,#1315));
#1308=IFCRELDEFINESBYPROPERTIES('0eHbEGP6zCPh2$UjtAjJKD',$,$,$,(#1306),#1307);
#1309=IFCPROPERTYSINGLEVALUE('_IDEbene1',$,IFCLABEL('Gebaeude'),$);
#1310=IFCPROPERTYSINGLEVALUE('_IDEbene2',$,IFCLABEL('Gebaeude'),$);
#1311=IFCPROPERTYSINGLEVALUE('_IDEbene3',$,IFCLABEL('Gebaeude'),$);
#1312=IFCPROPERTYSINGLEVALUE('_GebaeudeID',$,IFCLABEL('DEHHALKAP0000rz0'),$);
#1313=IFCPROPERTYSINGLEVALUE('_GebaeudeHoehe',$,IFCREAL(6.763),$);
#1314=IFCPROPERTYSINGLEVALUE('_AnzahlDerGeschosse',$,IFCINTEGER(1),$);
#1315=IFCPROPERTYSINGLEVALUE('_Postleitzahl',$,IFCLABEL('22559'),$);
#1316=IFCCARTESIANPOINTLIST3D(((550384.662,5935976.067,34.011),(550383.782,5935975.403,34.011),(550382.766,5935974.976,34.011),(550381.676,5935974.811,34.011),(550380.579,5935974.918,34.011),(550383.856,5935990.073,34.011),(550387.388,5935989.317,34.011),(550386.867,5935986.885,34.011),(550392.638,5935985.659,34.011),(550390.301,5935974.854,34.011),(550384.662,5935976.067,40.161),(550390.301,5935974.854,40.161),(550392.638,5935985.659,40.161),(550386.867,5935986.885,40.161),(550387.388,5935989.317,40.161),(550383.856,5935990.073,40.161),(550380.579,5935974.918,40.161),(550381.676,5935974.811,40.161),(550382.766,5935974.976,40.161),(550383.782,5935975.403,40.161)));
#1317=IFCINDEXEDPOLYGONALFACE((1,2,3,4,5,6,7,8,9,10,1));
#1318=IFCINDEXEDPOLYGONALFACE((11,12,13,14,15,16,17,18,19,20,11));
#1319=IFCINDEXEDPOLYGONALFACE((1,10,12,11,1));
#1320=IFCINDEXEDPOLYGONALFACE((10,9,13,12,10));
#1321=IFCINDEXEDPOLYGONALFACE((9,8,14,13,9));
#1322=IFCINDEXEDPOLYGONALFACE((8,7,15,14,8));
#1323=IFCINDEXEDPOLYGONALFACE((7,6,16,15,7));
#1324=IFCINDEXEDPOLYGONALFACE((6,5,17,16,6));
#1325=IFCINDEXEDPOLYGONALFACE((5,4,18,17,5));
#1326=IFCINDEXEDPOLYGONALFACE((4,3,19,18,4));
#1327=IFCINDEXEDPOLYGONALFACE((3,2,20,19,3));
#1328=IFCINDEXEDPOLYGONALFACE((2,1,11,20,2));
#1329=IFCPOLYGONALFACESET(#1316,$,(#1317,#1318,#1319,#1320,#1321,#1322,#1323,#1324,#1325,#1326,#1327,#1328),$);
#1330=IFCSHAPEREPRESENTATION(#24,'Body','Tessellation',(#1329));
#1331=IFCPRODUCTDEFINITIONSHAPE($,$,(#1330));
#1332=IFCBUILDINGELEMENTPROXY('2PIqzuCzPCKgeo100t$VOb',$,'DEHHALKAP0000rCn',$,$,$,#1366,$,$);
#1333=IFCPROPERTYSET('1dgRcb26X6MAt1cFiYcB_w',$,'Pset_Objektinformation',$,(#1335,#1336,#1337,#1338,#1339,#1340,#1341));
#1334=IFCRELDEFINESBYPROPERTIES('2OVsc8m191HvKD7qx93$aK',$,$,$,(#1332),#1333);
#1335=IFCPROPERTYSINGLEVALUE('_IDEbene1',$,IFCLABEL('Gebaeude'),$);
#1336=IFCPROPERTYSINGLEVALUE('_IDEbene2',$,IFCLABEL('Gebaeude'),$);
#1337=IFCPROPERTYSINGLEVALUE('_IDEbene3',$,IFCLABEL('Gebaeude'),$);
#1338=IFCPROPERTYSINGLEVALUE('_GebaeudeID',$,IFCLABEL('DEHHALKAP0000rCn'),$);
#1339=IFCPROPERTYSINGLEVALUE('_GebaeudeHoehe',$,IFCREAL(12.946),$);
#1340=IFCPROPERTYSINGLEVALUE('_AnzahlDerGeschosse',$,IFCINTEGER(3),$);
#1341=IFCPROPERTYSINGLEVALUE('_Postleitzahl',$,IFCLABEL('22559'),$);
#1342=IFCCARTESIANPOINTLIST3D(((550536.768,5935546.531,48.214),(550545.029,5935553.797,48.214),(550548.981,5935549.354,48.214),(550550.402,5935547.756,48.214),(550551.902,5935549.072,48.214),(550553.138,5935547.671,48.214),(550555.666,5935544.806,48.214),(550554.145,5935543.463,48.214),(550561.057,5935535.641,48.214),(550559.185,5935533.986,48.214),(550560.701,5935532.272,48.214),(550553.955,5935526.294,48.214),(550550.66,5935530.012,48.214),(550549.072,5935529.003,48.214),(550548.178,5935530.017,48.214),(550547.053,5935529.027,48.214),(550542.167,5935534.578,48.214),(550543.934,5935536.121,48.214),(550545.1,5935537.14,48.214),(550536.768,5935546.531,61.161),(550545.1,5935537.14,61.161),(550543.934,5935536.121,61.161),(550542.167,5935534.578,61.161),(550547.053,5935529.027,61.161),(550548.178,5935530.017,61.161),(550549.072,5935529.003,61.161),(550550.66,5935530.012,61.161),(550553.955,5935526.294,61.161),(550560.701,5935532.272,61.161),(550559.185,5935533.986,61.161),(550561.057,5935535.641,61.161),(550554.145,5935543.463,61.161),(550555.666,5935544.806,61.161),(550553.138,5935547.671,61.161),(550551.902,5935549.072,61.161),(550550.402,5935547.756,61.161),(550548.981,5935549.354,61.161),(550545.029,5935553.797,61.161)));
#1343=IFCINDEXEDPOLYGONALFACE((1,2,3,4,5,6,7,8,9,10,11,12,13,14,15,16,17,18,19,1));
#1344=IFCINDEXEDPOLYGONALFACE((20,21,22,23,24,25,26,27,28,29,30,31,32,33,34,35,36,37,38,20));
#1345=IFCINDEXEDPOLYGONALFACE((1,19,21,20,1));
#1346=IFCINDEXEDPOLYGONALFACE((19,18,22,21,19));
#1347=IFCINDEXEDPOLYGONALFACE((18,17,23,22,18));
#1348=IFCINDEXEDPOLYGONALFACE((17,16,24,23,17));
#1349=IFCINDEXEDPOLYGONALFACE((16,15,25,24,16));
#1350=IFCINDEXEDPOLYGONALFACE((15,14,26,25,15));
#1351=IFCINDEXEDPOLYGONALFACE((14,13,27,26,14));
#1352=IFCINDEXEDPOLYGONALFACE((13,12,28,27,13));
#1353=IFCINDEXEDPOLYGONALFACE((12,11,29,28,12));
#1354=IFCINDEXEDPOLYGONALFACE((11,10,30,29,11));
#1355=IFCINDEXEDPOLYGONALFACE((10,9,31,30,10));
#1356=IFCINDEXEDPOLYGONALFACE((9,8,32,31,9));
#1357=IFCINDEXEDPOLYGONALFACE((8,7,33,32,8));
#1358=IFCINDEXEDPOLYGONALFACE((7,6,34,33,7));
#1359=IFCINDEXEDPOLYGONALFACE((6,5,35,34,6));
#1360=IFCINDEXEDPOLYGONALFACE((5,4,36,35,5));
#1361=IFCINDEXEDPOLYGONALFACE((4,3,37,36,4));
#1362=IFCINDEXEDPOLYGONALFACE((3,2,38,37,3));
#1363=IFCINDEXEDPOLYGONALFACE((2,1,20,38,2));
#1364=IFCPOLYGONALFACESET(#1342,$,(#1343,#1344,#1345,#1346,#1347,#1348,#1349,#1350,#1351,#1352,#1353,#1354,#1355,#1356,#1357,#1358,#1359,#1360,#1361,#1362,#1363),$);
#1365=IFCSHAPEREPRESENTATION(#24,'Body','Tessellation',(#1364));
#1366=IFCPRODUCTDEFINITIONSHAPE($,$,(#1365));
#1367=IFCBUILDINGELEMENTPROXY('3X4_ro97LBlvyoEAfvPi7Z',$,'DEHHALKAP0000sQ5',$,$,$,#1386,$,$);
#1368=IFCPROPERTYSET('0T8QB2X2H3wRezDndOqIKJ',$,'Pset_Objektinformation',$,(#1370,#1371,#1372,#1373,#1374,#1375,#1376));
#1369=IFCRELDEFINESBYPROPERTIES('0kzCqdxa5FqQS7YswU1JZX',$,$,$,(#1367),#1368);
#1370=IFCPROPERTYSINGLEVALUE('_IDEbene1',$,IFCLABEL('Gebaeude'),$);
#1371=IFCPROPERTYSINGLEVALUE('_IDEbene2',$,IFCLABEL('Gebaeude'),$);
#1372=IFCPROPERTYSINGLEVALUE('_IDEbene3',$,IFCLABEL('Gebaeude'),$);
#1373=IFCPROPERTYSINGLEVALUE('_GebaeudeID',$,IFCLABEL('DEHHALKAP0000sQ5'),$);
#1374=IFCPROPERTYSINGLEVALUE('_GebaeudeHoehe',$,IFCREAL(14.918),$);
#1375=IFCPROPERTYSINGLEVALUE('_AnzahlDerGeschosse',$,IFCINTEGER(1),$);
#1376=IFCPROPERTYSINGLEVALUE('_Postleitzahl',$,IFCLABEL('22587'),$);
#1377=IFCCARTESIANPOINTLIST3D(((550962.735,5935756.503,66.73),(550971.452,5935752.461,66.73),(550966.626,5935733.719,66.73),(550950.989,5935741.231,66.73),(550962.735,5935756.503,79.156),(550950.989,5935741.231,79.156),(550966.626,5935733.719,79.156),(550971.452,5935752.461,79.156)));
#1378=IFCINDEXEDPOLYGONALFACE((1,2,3,4,1));
#1379=IFCINDEXEDPOLYGONALFACE((5,6,7,8,5));
#1380=IFCINDEXEDPOLYGONALFACE((1,4,6,5,1));
#1381=IFCINDEXEDPOLYGONALFACE((4,3,7,6,4));
#1382=IFCINDEXEDPOLYGONALFACE((3,2,8,7,3));
#1383=IFCINDEXEDPOLYGONALFACE((2,1,5,8,2));
#1384=IFCPOLYGONALFACESET(#1377,$,(#1378,#1379,#1380,#1381,#1382,#1383),$);
#1385=IFCSHAPEREPRESENTATION(#24,'Body','Tessellation',(#1384));
#1386=IFCPRODUCTDEFINITIONSHAPE($,$,(#1385));
#1387=IFCBUILDINGELEMENTPROXY('2HbfQhVJr3ERW16L1BrIXD',$,'DEHHALKAP0000rIZ',$,$,$,#1406,$,$);
#1388=IFCPROPERTYSET('36GUy_9_97pfuwv4ZKX_uE',$,'Pset_Objektinformation',$,(#1390,#1391,#1392,#1393,#1394,#1395,#1396));
#1389=IFCRELDEFINESBYPROPERTIES('08QfVoENX1zeT3Uu$FaTh4',$,$,$,(#1387),#1388);
#1390=IFCPROPERTYSINGLEVALUE('_IDEbene1',$,IFCLABEL('Gebaeude'),$);
#1391=IFCPROPERTYSINGLEVALUE('_IDEbene2',$,IFCLABEL('Gebaeude'),$);
#1392=IFCPROPERTYSINGLEVALUE('_IDEbene3',$,IFCLABEL('Gebaeude'),$);
#1393=IFCPROPERTYSINGLEVALUE('_GebaeudeID',$,IFCLABEL('DEHHALKAP0000rIZ'),$);
#1394=IFCPROPERTYSINGLEVALUE('_GebaeudeHoehe',$,IFCREAL(3.099),$);
#1395=IFCPROPERTYSINGLEVALUE('_AnzahlDerGeschosse',$,IFCINTEGER(1),$);
#1396=IFCPROPERTYSINGLEVALUE('_Postleitzahl',$,IFCLABEL('22587'),$);
#1397=IFCCARTESIANPOINTLIST3D(((550806.432,5935327.779,5.365),(550810.407,5935344.053,5.365),(550818.711,5935342.024,5.365),(550814.736,5935325.751,5.365),(550806.432,5935327.779,8.464),(550814.736,5935325.751,8.464),(550818.711,5935342.024,8.464),(550810.407,5935344.053,8.464)));
#1398=IFCINDEXEDPOLYGONALFACE((1,2,3,4,1));
#1399=IFCINDEXEDPOLYGONALFACE((5,6,7,8,5));
#1400=IFCINDEXEDPOLYGONALFACE((1,4,6,5,1));
#1401=IFCINDEXEDPOLYGONALFACE((4,3,7,6,4));
#1402=IFCINDEXEDPOLYGONALFACE((3,2,8,7,3));
#1403=IFCINDEXEDPOLYGONALFACE((2,1,5,8,2));
#1404=IFCPOLYGONALFACESET(#1397,$,(#1398,#1399,#1400,#1401,#1402,#1403),$);
#1405=IFCSHAPEREPRESENTATION(#24,'Body','Tessellation',(#1404));
#1406=IFCPRODUCTDEFINITIONSHAPE($,$,(#1405));
#1407=IFCBUILDINGELEMENTPROXY('3W_54sESHANQVWL0xKNxWR',$,'DEHHALKAP0000sCx',$,$,$,#1428,$,$);
#1408=IFCPROPERTYSET('2x9is267P9FPDPpMT639dx',$,'Pset_Objektinformation',$,(#1410,#1411,#1412,#1413,#1414,#1415,#1416));
#1409=IFCRELDEFINESBYPROPERTIES('2rATXVRI97if6qYMl8Gv$a',$,$,$,(#1407),#1408);
#1410=IFCPROPERTYSINGLEVALUE('_IDEbene1',$,IFCLABEL('Gebaeude'),$);
#1411=IFCPROPERTYSINGLEVALUE('_IDEbene2',$,IFCLABEL('Gebaeude'),$);
#1412=IFCPROPERTYSINGLEVALUE('_IDEbene3',$,IFCLABEL('Gebaeude'),$);
#1413=IFCPROPERTYSINGLEVALUE('_GebaeudeID',$,IFCLABEL('DEHHALKAP0000sCx'),$);
#1414=IFCPROPERTYSINGLEVALUE('_GebaeudeHoehe',$,IFCREAL(4.792),$);
#1415=IFCPROPERTYSINGLEVALUE('_AnzahlDerGeschosse',$,IFCINTEGER(2),$);
#1416=IFCPROPERTYSINGLEVALUE('_Postleitzahl',$,IFCLABEL('22559'),$);
#1417=IFCCARTESIANPOINTLIST3D(((550124.412,5935379.818,3.435),(550130.362,5935380.121,3.435),(550130.438,5935378.618,3.435),(550129.329,5935378.562,3.435),(550129.517,5935374.865,3.435),(550124.676,5935374.619,3.435),(550124.412,5935379.818,8.227),(550124.676,5935374.619,8.227),(550129.517,5935374.865,8.227),(550129.329,5935378.562,8.227),(550130.438,5935378.618,8.227),(550130.362,5935380.121,8.227)));
#1418=IFCINDEXEDPOLYGONALFACE((1,2,3,4,5,6,1));
#1419=IFCINDEXEDPOLYGONALFACE((7,8,9,10,11,12,7));
#1420=IFCINDEXEDPOLYGONALFACE((1,6,8,7,1));
#1421=IFCINDEXEDPOLYGONALFACE((6,5,9,8,6));
#1422=IFCINDEXEDPOLYGONALFACE((5,4,10,9,5));
#1423=IFCINDEXEDPOLYGONALFACE((4,3,11,10,4));
#1424=IFCINDEXEDPOLYGONALFACE((3,2,12,11,3));
#1425=IFCINDEXEDPOLYGONALFACE((2,1,7,12,2));
#1426=IFCPOLYGONALFACESET(#1417,$,(#1418,#1419,#1420,#1421,#1422,#1423,#1424,#1425),$);
#1427=IFCSHAPEREPRESENTATION(#24,'Body','Tessellation',(#1426));
#1428=IFCPRODUCTDEFINITIONSHAPE($,$,(#1427));
#1429=IFCBUILDINGELEMENTPROXY('1S8P4mryjB89UOeELrD8ev',$,'DEHHALKAP0000rBh',$,$,$,#1451,$,$);
#1430=IFCPROPERTYSET('2_H0duByTCMfeUY8p107np',$,'Pset_Objektinformation',$,(#1432,#1433,#1434,#1435,#1436,#1437,#1438));
#1431=IFCRELDEFINESBYPROPERTIES('1RtlbNjF92wQrNd5K4b3jP',$,$,$,(#1429),#1430);
#1432=IFCPROPERTYSINGLEVALUE('_IDEbene1',$,IFCLABEL('Gebaeude'),$);
#1433=IFCPROPERTYSINGLEVALUE('_IDEbene2',$,IFCLABEL('Gebaeude'),$);
#1434=IFCPROPERTYSINGLEVALUE('_IDEbene3',$,IFCLABEL('Gebaeude'),$);
#1435=IFCPROPERTYSINGLEVALUE('_GebaeudeID',$,IFCLABEL('DEHHALKAP0000rBh'),$);
#1436=IFCPROPERTYSINGLEVALUE('_GebaeudeHoehe',$,IFCREAL(6.233),$);
#1437=IFCPROPERTYSINGLEVALUE('_AnzahlDerGeschosse',$,IFCINTEGER(2),$);
#1438=IFCPROPERTYSINGLEVALUE('_Postleitzahl',$,IFCLABEL('22559'),$);
#1439=IFCCARTESIANPOINTLIST3D(((550283.732,5935933.071,35.177),(550292.409,5935938.545,35.177),(550295.224,5935934.08,35.177),(550298.39,5935933.615,35.177),(550296.773,5935926.806,35.177),(550293.754,5935927.515,35.177),(550289.099,5935924.571,35.177),(550283.732,5935933.071,41.41),(550289.099,5935924.571,41.41),(550293.754,5935927.515,41.41),(550296.773,5935926.806,41.41),(550298.39,5935933.615,41.41),(550295.224,5935934.08,41.41),(550292.409,5935938.545,41.41)));
#1440=IFCINDEXEDPOLYGONALFACE((1,2,3,4,5,6,7,1));
#1441=IFCINDEXEDPOLYGONALFACE((8,9,10,11,12,13,14,8));
#1442=IFCINDEXEDPOLYGONALFACE((1,7,9,8,1));
#1443=IFCINDEXEDPOLYGONALFACE((7,6,10,9,7));
#1444=IFCINDEXEDPOLYGONALFACE((6,5,11,10,6));
#1445=IFCINDEXEDPOLYGONALFACE((5,4,12,11,5));
#1446=IFCINDEXEDPOLYGONALFACE((4,3,13,12,4));
#1447=IFCINDEXEDPOLYGONALFACE((3,2,14,13,3));
#1448=IFCINDEXEDPOLYGONALFACE((2,1,8,14,2));
#1449=IFCPOLYGONALFACESET(#1439,$,(#1440,#1441,#1442,#1443,#1444,#1445,#1446,#1447,#1448),$);
#1450=IFCSHAPEREPRESENTATION(#24,'Body','Tessellation',(#1449));
#1451=IFCPRODUCTDEFINITIONSHAPE($,$,(#1450));
#1452=IFCBUILDINGELEMENTPROXY('22zoFcA0P0UPo9001l0yxb',$,'DEHHALKAP0000rIH',$,$,$,#1486,$,$);
#1453=IFCPROPERTYSET('2GRmDYYyPBSAQLkh1ZcInz',$,'Pset_Objektinformation',$,(#1455,#1456,#1457,#1458,#1459,#1460,#1461));
#1454=IFCRELDEFINESBYPROPERTIES('10bfqTxH98NPIcZ4RFjhUZ',$,$,$,(#1452),#1453);
#1455=IFCPROPERTYSINGLEVALUE('_IDEbene1',$,IFCLABEL('Gebaeude'),$);
#1456=IFCPROPERTYSINGLEVALUE('_IDEbene2',$,IFCLABEL('Gebaeude'),$);
#1457=IFCPROPERTYSINGLEVALUE('_IDEbene3',$,IFCLABEL('Gebaeude'),$);
#1458=IFCPROPERTYSINGLEVALUE('_GebaeudeID',$,IFCLABEL('DEHHALKAP0000rIH'),$);
#1459=IFCPROPERTYSINGLEVALUE('_GebaeudeHoehe',$,IFCREAL(4.242),$);
#1460=IFCPROPERTYSINGLEVALUE('_AnzahlDerGeschosse',$,IFCINTEGER(1),$);
#1461=IFCPROPERTYSINGLEVALUE('_Postleitzahl',$,IFCLABEL('22587'),$);
#1462=IFCCARTESIANPOINTLIST3D(((550785.535,5935814.733,53.154),(550778.228,5935823.245,53.154),(550779.218,5935824.094,53.154),(550775.487,5935828.44,53.154),(550775.809,5935828.716,53.154),(550776.327,5935831.348,53.154),(550776.683,5935831.71,53.154),(550777.879,5935832.665,53.154),(550783.699,5935826.206,53.154),(550784.049,5935825.649,53.154),(550783.445,5935825.114,53.154),(550785.605,5935822.401,53.154),(550788.29,5935824.83,53.154),(550785.899,5935827.616,53.154),(550785.62,5935827.376,53.154),(550785.384,5935827.651,53.154),(550779.136,5935834.935,53.154),(550780.466,5935836.077,53.154),(550793.163,5935821.281,53.154),(550785.535,5935814.733,57.396),(550793.163,5935821.281,57.396),(550780.466,5935836.077,57.396),(550779.136,5935834.935,57.396),(550785.384,5935827.651,57.396),(550785.62,5935827.376,57.396),(550785.899,5935827.616,57.396),(550788.29,5935824.83,57.396),(550785.605,5935822.401,57.396),(550783.445,5935825.114,57.396),(550784.049,5935825.649,57.396),(550783.699,5935826.206,57.396),(550777.879,5935832.665,57.396),(550776.683,5935831.71,57.396),(550776.327,5935831.348,57.396),(550775.809,5935828.716,57.396),(550775.487,5935828.44,57.396),(550779.218,5935824.094,57.396),(550778.228,5935823.245,57.396)));
#1463=IFCINDEXEDPOLYGONALFACE((1,2,3,4,5,6,7,8,9,10,11,12,13,14,15,16,17,18,19,1));
#1464=IFCINDEXEDPOLYGONALFACE((20,21,22,23,24,25,26,27,28,29,30,31,32,33,34,35,36,37,38,20));
#1465=IFCINDEXEDPOLYGONALFACE((1,19,21,20,1));
#1466=IFCINDEXEDPOLYGONALFACE((19,18,22,21,19));
#1467=IFCINDEXEDPOLYGONALFACE((18,17,23,22,18));
#1468=IFCINDEXEDPOLYGONALFACE((17,16,24,23,17));
#1469=IFCINDEXEDPOLYGONALFACE((16,15,25,24,16));
#1470=IFCINDEXEDPOLYGONALFACE((15,14,26,25,15));
#1471=IFCINDEXEDPOLYGONALFACE((14,13,27,26,14));
#1472=IFCINDEXEDPOLYGONALFACE((13,12,28,27,13));
#1473=IFCINDEXEDPOLYGONALFACE((12,11,29,28,12));
#1474=IFCINDEXEDPOLYGONALFACE((11,10,30,29,11));
#1475=IFCINDEXEDPOLYGONALFACE((10,9,31,30,10));
#1476=IFCINDEXEDPOLYGONALFACE((9,8,32,31,9));
#1477=IFCINDEXEDPOLYGONALFACE((8,7,33,32,8));
#1478=IFCINDEXEDPOLYGONALFACE((7,6,34,33,7));
#1479=IFCINDEXEDPOLYGONALFACE((6,5,35,34,6));
#1480=IFCINDEXEDPOLYGONALFACE((5,4,36,35,5));
#1481=IFCINDEXEDPOLYGONALFACE((4,3,37,36,4));
#1482=IFCINDEXEDPOLYGONALFACE((3,2,38,37,3));
#1483=IFCINDEXEDPOLYGONALFACE((2,1,20,38,2));
#1484=IFCPOLYGONALFACESET(#1462,$,(#1463,#1464,#1465,#1466,#1467,#1468,#1469,#1470,#1471,#1472,#1473,#1474,#1475,#1476,#1477,#1478,#1479,#1480,#1481,#1482,#1483),$);
#1485=IFCSHAPEREPRESENTATION(#24,'Body','Tessellation',(#1484));
#1486=IFCPRODUCTDEFINITIONSHAPE($,$,(#1485));
#1487=IFCBUILDINGELEMENTPROXY('2A7zOjhRP61hhB92cMMksK',$,'DEHHALKAP0000sx5',$,$,$,#1512,$,$);
#1488=IFCPROPERTYSET('1_fprxE$X5XAsnNxAN2emn',$,'Pset_Objektinformation',$,(#1490,#1491,#1492,#1493,#1494,#1495,#1496));
#1489=IFCRELDEFINESBYPROPERTIES('1kM3gMSIrDgehc0myVniNt',$,$,$,(#1487),#1488);
#1490=IFCPROPERTYSINGLEVALUE('_IDEbene1',$,IFCLABEL('Gebaeude'),$);
#1491=IFCPROPERTYSINGLEVALUE('_IDEbene2',$,IFCLABEL('Gebaeude'),$);
#1492=IFCPROPERTYSINGLEVALUE('_IDEbene3',$,IFCLABEL('Gebaeude'),$);
#1493=IFCPROPERTYSINGLEVALUE('_GebaeudeID',$,IFCLABEL('DEHHALKAP0000sx5'),$);
#1494=IFCPROPERTYSINGLEVALUE('_GebaeudeHoehe',$,IFCREAL(6.825),$);
#1495=IFCPROPERTYSINGLEVALUE('_AnzahlDerGeschosse',$,IFCINTEGER(1),$);
#1496=IFCPROPERTYSINGLEVALUE('_Postleitzahl',$,IFCLABEL('22559'),$);
#1497=IFCCARTESIANPOINTLIST3D(((550380.579,5935974.918,33.931),(550379.56,5935975.284,33.931),(550378.66,5935975.886,33.931),(550377.932,5935976.686,33.931),(550377.417,5935977.638,33.931),(550371.746,5935978.847,33.931),(550374.041,5935989.621,33.931),(550379.78,5935988.398,33.931),(550380.299,5935990.833,33.931),(550383.856,5935990.073,33.931),(550380.579,5935974.918,40.152),(550383.856,5935990.073,40.152),(550380.299,5935990.833,40.152),(550379.78,5935988.398,40.152),(550374.041,5935989.621,40.152),(550371.746,5935978.847,40.152),(550377.417,5935977.638,40.152),(550377.932,5935976.686,40.152),(550378.66,5935975.886,40.152),(550379.56,5935975.284,40.152)));
#1498=IFCINDEXEDPOLYGONALFACE((1,2,3,4,5,6,7,8,9,10,1));
#1499=IFCINDEXEDPOLYGONALFACE((11,12,13,14,15,16,17,18,19,20,11));
#1500=IFCINDEXEDPOLYGONALFACE((1,10,12,11,1));
#1501=IFCINDEXEDPOLYGONALFACE((10,9,13,12,10));
#1502=IFCINDEXEDPOLYGONALFACE((9,8,14,13,9));
#1503=IFCINDEXEDPOLYGONALFACE((8,7,15,14,8));
#1504=IFCINDEXEDPOLYGONALFACE((7,6,16,15,7));
#1505=IFCINDEXEDPOLYGONALFACE((6,5,17,16,6));
#1506=IFCINDEXEDPOLYGONALFACE((5,4,18,17,5));
#1507=IFCINDEXEDPOLYGONALFACE((4,3,19,18,4));
#1508=IFCINDEXEDPOLYGONALFACE((3,2,20,19,3));
#1509=IFCINDEXEDPOLYGONALFACE((2,1,11,20,2));
#1510=IFCPOLYGONALFACESET(#1497,$,(#1498,#1499,#1500,#1501,#1502,#1503,#1504,#1505,#1506,#1507,#1508,#1509),$);
#1511=IFCSHAPEREPRESENTATION(#24,'Body','Tessellation',(#1510));
#1512=IFCPRODUCTDEFINITIONSHAPE($,$,(#1511));
#1513=IFCBUILDINGELEMENTPROXY('04d1blGxD2F9qVEkrVkyPF',$,'DEHHALKAP0000r8T',$,$,$,#1536,$,$);
#1514=IFCPROPERTYSET('01lNAFoGb5IOU6UiXf_L$T',$,'Pset_Objektinformation',$,(#1516,#1517,#1518,#1519,#1520,#1521,#1522));
#1515=IFCRELDEFINESBYPROPERTIES('3oxmh$Ygj1EPvszpjizTxI',$,$,$,(#1513),#1514);
#1516=IFCPROPERTYSINGLEVALUE('_IDEbene1',$,IFCLABEL('Gebaeude'),$);
#1517=IFCPROPERTYSINGLEVALUE('_IDEbene2',$,IFCLABEL('Gebaeude'),$);
#1518=IFCPROPERTYSINGLEVALUE('_IDEbene3',$,IFCLABEL('Gebaeude'),$);
#1519=IFCPROPERTYSINGLEVALUE('_GebaeudeID',$,IFCLABEL('DEHHALKAP0000r8T'),$);
#1520=IFCPROPERTYSINGLEVALUE('_GebaeudeHoehe',$,IFCREAL(3.873),$);
#1521=IFCPROPERTYSINGLEVALUE('_AnzahlDerGeschosse',$,IFCINTEGER(1),$);
#1522=IFCPROPERTYSINGLEVALUE('_Postleitzahl',$,IFCLABEL('22587'),$);
#1523=IFCCARTESIANPOINTLIST3D(((550784.049,5935825.649,53.848),(550783.699,5935826.206,53.848),(550785.384,5935827.651,53.848),(550785.62,5935827.376,53.848),(550785.899,5935827.616,53.848),(550788.29,5935824.83,53.848),(550785.605,5935822.401,53.848),(550783.445,5935825.114,53.848),(550784.049,5935825.649,57.721),(550783.445,5935825.114,57.721),(550785.605,5935822.401,57.721),(550788.29,5935824.83,57.721),(550785.899,5935827.616,57.721),(550785.62,5935827.376,57.721),(550785.384,5935827.651,57.721),(550783.699,5935826.206,57.721)));
#1524=IFCINDEXEDPOLYGONALFACE((1,2,3,4,5,6,7,8,1));
#1525=IFCINDEXEDPOLYGONALFACE((9,10,11,12,13,14,15,16,9));
#1526=IFCINDEXEDPOLYGONALFACE((1,8,10,9,1));
#1527=IFCINDEXEDPOLYGONALFACE((8,7,11,10,8));
#1528=IFCINDEXEDPOLYGONALFACE((7,6,12,11,7));
#1529=IFCINDEXEDPOLYGONALFACE((6,5,13,12,6));
#1530=IFCINDEXEDPOLYGONALFACE((5,4,14,13,5));
#1531=IFCINDEXEDPOLYGONALFACE((4,3,15,14,4));
#1532=IFCINDEXEDPOLYGONALFACE((3,2,16,15,3));
#1533=IFCINDEXEDPOLYGONALFACE((2,1,9,16,2));
#1534=IFCPOLYGONALFACESET(#1523,$,(#1524,#1525,#1526,#1527,#1528,#1529,#1530,#1531,#1532,#1533),$);
#1535=IFCSHAPEREPRESENTATION(#24,'Body','Tessellation',(#1534));
#1536=IFCPRODUCTDEFINITIONSHAPE($,$,(#1535));
#1537=IFCBUILDINGELEMENTPROXY('34d_b8Tur69AaEN3fNkHq7',$,'DEHHALKAP0000r2Z',$,$,$,#1558,$,$);
#1538=IFCPROPERTYSET('2RlUeyxeP4jfFvCpiegXKq',$,'Pset_Objektinformation',$,(#1540,#1541,#1542,#1543,#1544,#1545,#1546));
#1539=IFCRELDEFINESBYPROPERTIES('37_62$UAf0QvJRit3EuLfu',$,$,$,(#1537),#1538);
#1540=IFCPROPERTYSINGLEVALUE('_IDEbene1',$,IFCLABEL('Gebaeude'),$);
#1541=IFCPROPERTYSINGLEVALUE('_IDEbene2',$,IFCLABEL('Gebaeude'),$);
#1542=IFCPROPERTYSINGLEVALUE('_IDEbene3',$,IFCLABEL('Gebaeude'),$);
#1543=IFCPROPERTYSINGLEVALUE('_GebaeudeID',$,IFCLABEL('DEHHALKAP0000r2Z'),$);
#1544=IFCPROPERTYSINGLEVALUE('_GebaeudeHoehe',$,IFCREAL(8.466),$);
#1545=IFCPROPERTYSINGLEVALUE('_AnzahlDerGeschosse',$,IFCINTEGER(2),$);
#1546=IFCPROPERTYSINGLEVALUE('_Postleitzahl',$,IFCLABEL('22559'),$);
#1547=IFCCARTESIANPOINTLIST3D(((550502.522,5935648.525,43.214),(550509.628,5935654.666,43.214),(550513.378,5935650.327,43.214),(550510.25,5935647.624,43.214),(550509.178,5935648.865,43.214),(550505.2,5935645.426,43.214),(550502.522,5935648.525,50.038),(550505.2,5935645.426,50.038),(550509.178,5935648.865,50.038),(550510.25,5935647.624,50.038),(550513.378,5935650.327,50.038),(550509.628,5935654.666,50.038)));
#1548=IFCINDEXEDPOLYGONALFACE((1,2,3,4,5,6,1));
#1549=IFCINDEXEDPOLYGONALFACE((7,8,9,10,11,12,7));
#1550=IFCINDEXEDPOLYGONALFACE((1,6,8,7,1));
#1551=IFCINDEXEDPOLYGONALFACE((6,5,9,8,6));
#1552=IFCINDEXEDPOLYGONALFACE((5,4,10,9,5));
#1553=IFCINDEXEDPOLYGONALFACE((4,3,11,10,4));
#1554=IFCINDEXEDPOLYGONALFACE((3,2,12,11,3));
#1555=IFCINDEXEDPOLYGONALFACE((2,1,7,12,2));
#1556=IFCPOLYGONALFACESET(#1547,$,(#1548,#1549,#1550,#1551,#1552,#1553,#1554,#1555),$);
#1557=IFCSHAPEREPRESENTATION(#24,'Body','Tessellation',(#1556));
#1558=IFCPRODUCTDEFINITIONSHAPE($,$,(#1557));
#1559=IFCBUILDINGELEMENTPROXY('1l891puob2vh5JOYnXesDW',$,'DEHHALKAP0000rRp',$,$,$,#1580,$,$);
#1560=IFCPROPERTYSET('1ao8Ru8An2D8xIYqyv1rtI',$,'Pset_Objektinformation',$,(#1562,#1563,#1564,#1565,#1566,#1567,#1568));
#1561=IFCRELDEFINESBYPROPERTIES('1dNvAKprTAWupPVtGT35Lf',$,$,$,(#1559),#1560);
#1562=IFCPROPERTYSINGLEVALUE('_IDEbene1',$,IFCLABEL('Gebaeude'),$);
#1563=IFCPROPERTYSINGLEVALUE('_IDEbene2',$,IFCLABEL('Gebaeude'),$);
#1564=IFCPROPERTYSINGLEVALUE('_IDEbene3',$,IFCLABEL('Gebaeude'),$);
#1565=IFCPROPERTYSINGLEVALUE('_GebaeudeID',$,IFCLABEL('DEHHALKAP0000rRp'),$);
#1566=IFCPROPERTYSINGLEVALUE('_GebaeudeHoehe',$,IFCREAL(9.),$);
#1567=IFCPROPERTYSINGLEVALUE('_AnzahlDerGeschosse',$,IFCINTEGER(1),$);
#1568=IFCPROPERTYSINGLEVALUE('_Postleitzahl',$,IFCLABEL('22559'),$);
#1569=IFCCARTESIANPOINTLIST3D(((550362.461,5935480.873,7.757),(550363.015,5935494.377,7.757),(550368.06,5935494.136,7.757),(550367.728,5935487.196,7.757),(550368.128,5935487.177,7.757),(550367.607,5935480.399,7.757),(550362.461,5935480.873,16.757),(550367.607,5935480.399,16.757),(550368.128,5935487.177,16.757),(550367.728,5935487.196,16.757),(550368.06,5935494.136,16.757),(550363.015,5935494.377,16.757)));
#1570=IFCINDEXEDPOLYGONALFACE((1,2,3,4,5,6,1));
#1571=IFCINDEXEDPOLYGONALFACE((7,8,9,10,11,12,7));
#1572=IFCINDEXEDPOLYGONALFACE((1,6,8,7,1));
#1573=IFCINDEXEDPOLYGONALFACE((6,5,9,8,6));
#1574=IFCINDEXEDPOLYGONALFACE((5,4,10,9,5));
#1575=IFCINDEXEDPOLYGONALFACE((4,3,11,10,4));
#1576=IFCINDEXEDPOLYGONALFACE((3,2,12,11,3));
#1577=IFCINDEXEDPOLYGONALFACE((2,1,7,12,2));
#1578=IFCPOLYGONALFACESET(#1569,$,(#1570,#1571,#1572,#1573,#1574,#1575,#1576,#1577),$);
#1579=IFCSHAPEREPRESENTATION(#24,'Body','Tessellation',(#1578));
#1580=IFCPRODUCTDEFINITIONSHAPE($,$,(#1579));
#1581=IFCBUILDINGELEMENTPROXY('2tFpYircH9wQVTBkbNtiXU',$,'DEHHALKAP0000rl7',$,$,$,#1602,$,$);
#1582=IFCPROPERTYSET('2mxQtuLknBM8TjkG7ZC50d',$,'Pset_Objektinformation',$,(#1584,#1585,#1586,#1587,#1588,#1589,#1590));
#1583=IFCRELDEFINESBYPROPERTIES('1ViDHJEsjC2RuwTacDc_xh',$,$,$,(#1581),#1582);
#1584=IFCPROPERTYSINGLEVALUE('_IDEbene1',$,IFCLABEL('Gebaeude'),$);
#1585=IFCPROPERTYSINGLEVALUE('_IDEbene2',$,IFCLABEL('Gebaeude'),$);
#1586=IFCPROPERTYSINGLEVALUE('_IDEbene3',$,IFCLABEL('Gebaeude'),$);
#1587=IFCPROPERTYSINGLEVALUE('_GebaeudeID',$,IFCLABEL('DEHHALKAP0000rl7'),$);
#1588=IFCPROPERTYSINGLEVALUE('_GebaeudeHoehe',$,IFCREAL(3.528),$);
#1589=IFCPROPERTYSINGLEVALUE('_AnzahlDerGeschosse',$,IFCINTEGER(1),$);
#1590=IFCPROPERTYSINGLEVALUE('_Postleitzahl',$,IFCLABEL('22587'),$);
#1591=IFCCARTESIANPOINTLIST3D(((550601.295,5935774.016,42.099),(550598.647,5935776.104,42.099),(550602.207,5935780.62,42.099),(550605.148,5935778.302,42.099),(550604.287,5935777.206,42.099),(550603.992,5935777.438,42.099),(550601.295,5935774.016,45.277),(550603.992,5935777.438,45.277),(550604.287,5935777.206,45.277),(550605.148,5935778.302,45.277),(550602.207,5935780.62,45.277),(550598.647,5935776.104,45.277)));
#1592=IFCINDEXEDPOLYGONALFACE((1,2,3,4,5,6,1));
#1593=IFCINDEXEDPOLYGONALFACE((7,8,9,10,11,12,7));
#1594=IFCINDEXEDPOLYGONALFACE((1,6,8,7,1));
#1595=IFCINDEXEDPOLYGONALFACE((6,5,9,8,6));
#1596=IFCINDEXEDPOLYGONALFACE((5,4,10,9,5));
#1597=IFCINDEXEDPOLYGONALFACE((4,3,11,10,4));
#1598=IFCINDEXEDPOLYGONALFACE((3,2,12,11,3));
#1599=IFCINDEXEDPOLYGONALFACE((2,1,7,12,2));
#1600=IFCPOLYGONALFACESET(#1591,$,(#1592,#1593,#1594,#1595,#1596,#1597,#1598,#1599),$);
#1601=IFCSHAPEREPRESENTATION(#24,'Body','Tessellation',(#1600));
#1602=IFCPRODUCTDEFINITIONSHAPE($,$,(#1601));
#1603=IFCBUILDINGELEMENTPROXY('24ULVBd7X1UBEWlU8TQQbl',$,'DEHHALKAP0001JP2',$,$,$,#1626,$,$);
#1604=IFCPROPERTYSET('1ZJPxitLnEQOBQcQN3EiV2',$,'Pset_Objektinformation',$,(#1606,#1607,#1608,#1609,#1610,#1611,#1612));
#1605=IFCRELDEFINESBYPROPERTIES('03CP9rwb19_h7wBm$qvUoX',$,$,$,(#1603),#1604);
#1606=IFCPROPERTYSINGLEVALUE('_IDEbene1',$,IFCLABEL('Gebaeude'),$);
#1607=IFCPROPERTYSINGLEVALUE('_IDEbene2',$,IFCLABEL('Gebaeude'),$);
#1608=IFCPROPERTYSINGLEVALUE('_IDEbene3',$,IFCLABEL('Gebaeude'),$);
#1609=IFCPROPERTYSINGLEVALUE('_GebaeudeID',$,IFCLABEL('DEHHALKAP0001JP2'),$);
#1610=IFCPROPERTYSINGLEVALUE('_GebaeudeHoehe',$,IFCREAL(4.519),$);
#1611=IFCPROPERTYSINGLEVALUE('_AnzahlDerGeschosse',$,IFCINTEGER(1),$);
#1612=IFCPROPERTYSINGLEVALUE('_Postleitzahl',$,IFCLABEL('22559'),$);
#1613=IFCCARTESIANPOINTLIST3D(((550531.57,5935365.903,4.988),(550522.719,5935367.411,4.988),(550523.775,5935373.603,4.988),(550511.837,5935375.639,4.988),(550513.365,5935384.601,4.988),(550527.783,5935382.141,4.988),(550526.806,5935376.409,4.988),(550533.173,5935375.326,4.988),(550531.57,5935365.903,9.506),(550533.173,5935375.326,9.506),(550526.806,5935376.409,9.506),(550527.783,5935382.141,9.506),(550513.365,5935384.601,9.506),(550511.837,5935375.639,9.506),(550523.775,5935373.603,9.506),(550522.719,5935367.411,9.506)));
#1614=IFCINDEXEDPOLYGONALFACE((1,2,3,4,5,6,7,8,1));
#1615=IFCINDEXEDPOLYGONALFACE((9,10,11,12,13,14,15,16,9));
#1616=IFCINDEXEDPOLYGONALFACE((1,8,10,9,1));
#1617=IFCINDEXEDPOLYGONALFACE((8,7,11,10,8));
#1618=IFCINDEXEDPOLYGONALFACE((7,6,12,11,7));
#1619=IFCINDEXEDPOLYGONALFACE((6,5,13,12,6));
#1620=IFCINDEXEDPOLYGONALFACE((5,4,14,13,5));
#1621=IFCINDEXEDPOLYGONALFACE((4,3,15,14,4));
#1622=IFCINDEXEDPOLYGONALFACE((3,2,16,15,3));
#1623=IFCINDEXEDPOLYGONALFACE((2,1,9,16,2));
#1624=IFCPOLYGONALFACESET(#1613,$,(#1614,#1615,#1616,#1617,#1618,#1619,#1620,#1621,#1622,#1623),$);
#1625=IFCSHAPEREPRESENTATION(#24,'Body','Tessellation',(#1624));
#1626=IFCPRODUCTDEFINITIONSHAPE($,$,(#1625));
#1627=IFCBUILDINGELEMENTPROXY('2vbCj6PoHFUw_9OWbZ0_wu',$,'DEHHALKAP0000rAb',$,$,$,#1659,$,$);
#1628=IFCPROPERTYSET('0g_IW2EdzA4f$Fy_mY5hss',$,'Pset_Objektinformation',$,(#1630,#1631,#1632,#1633,#1634,#1635,#1636));
#1629=IFCRELDEFINESBYPROPERTIES('0JwNKZSav49QsBedM7yeIL',$,$,$,(#1627),#1628);
#1630=IFCPROPERTYSINGLEVALUE('_IDEbene1',$,IFCLABEL('Gebaeude'),$);
#1631=IFCPROPERTYSINGLEVALUE('_IDEbene2',$,IFCLABEL('Gebaeude'),$);
#1632=IFCPROPERTYSINGLEVALUE('_IDEbene3',$,IFCLABEL('Gebaeude'),$);
#1633=IFCPROPERTYSINGLEVALUE('_GebaeudeID',$,IFCLABEL('DEHHALKAP0000rAb'),$);
#1634=IFCPROPERTYSINGLEVALUE('_GebaeudeHoehe',$,IFCREAL(7.208),$);
#1635=IFCPROPERTYSINGLEVALUE('_AnzahlDerGeschosse',$,IFCINTEGER(1),$);
#1636=IFCPROPERTYSINGLEVALUE('_Postleitzahl',$,IFCLABEL('22559'),$);
#1637=IFCCARTESIANPOINTLIST3D(((550244.582,5935764.251,35.388),(550241.5,5935764.341,35.388),(550241.379,5935760.218,35.388),(550243.636,5935760.151,35.388),(550243.554,5935757.327,35.388),(550238.418,5935757.477,35.388),(550238.658,5935765.759,35.388),(550244.612,5935765.587,35.388),(550249.434,5935765.449,35.388),(550249.481,5935767.077,35.388),(550252.421,5935766.992,35.388),(550252.291,5935762.462,35.388),(550253.159,5935761.688,35.388),(550253.17,5935759.559,35.388),(550252.183,5935758.707,35.388),(550252.171,5935758.283,35.388),(550244.415,5935758.51,35.388),(550244.582,5935764.251,40.679),(550244.415,5935758.51,40.679),(550252.171,5935758.283,40.679),(550252.183,5935758.707,40.679),(550253.17,5935759.559,40.679),(550253.159,5935761.688,40.679),(550252.291,5935762.462,40.679),(550252.421,5935766.992,40.679),(550249.481,5935767.077,40.679),(550249.434,5935765.449,40.679),(550244.612,5935765.587,40.679),(550238.658,5935765.759,40.679),(550238.418,5935757.477,40.679),(550243.554,5935757.327,40.679),(550243.636,5935760.151,40.679),(550241.379,5935760.218,40.679),(550241.5,5935764.341,40.679)));
#1638=IFCINDEXEDPOLYGONALFACE((1,2,3,4,5,6,7,8,9,10,11,12,13,14,15,16,17,1));
#1639=IFCINDEXEDPOLYGONALFACE((18,19,20,21,22,23,24,25,26,27,28,29,30,31,32,33,34,18));
#1640=IFCINDEXEDPOLYGONALFACE((1,17,19,18,1));
#1641=IFCINDEXEDPOLYGONALFACE((17,16,20,19,17));
#1642=IFCINDEXEDPOLYGONALFACE((16,15,21,20,16));
#1643=IFCINDEXEDPOLYGONALFACE((15,14,22,21,15));
#1644=IFCINDEXEDPOLYGONALFACE((14,13,23,22,14));
#1645=IFCINDEXEDPOLYGONALFACE((13,12,24,23,13));
#1646=IFCINDEXEDPOLYGONALFACE((12,11,25,24,12));
#1647=IFCINDEXEDPOLYGONALFACE((11,10,26,25,11));
#1648=IFCINDEXEDPOLYGONALFACE((10,9,27,26,10));
#1649=IFCINDEXEDPOLYGONALFACE((9,8,28,27,9));
#1650=IFCINDEXEDPOLYGONALFACE((8,7,29,28,8));
#1651=IFCINDEXEDPOLYGONALFACE((7,6,30,29,7));
#1652=IFCINDEXEDPOLYGONALFACE((6,5,31,30,6));
#1653=IFCINDEXEDPOLYGONALFACE((5,4,32,31,5));
#1654=IFCINDEXEDPOLYGONALFACE((4,3,33,32,4));
#1655=IFCINDEXEDPOLYGONALFACE((3,2,34,33,3));
#1656=IFCINDEXEDPOLYGONALFACE((2,1,18,34,2));
#1657=IFCPOLYGONALFACESET(#1637,$,(#1638,#1639,#1640,#1641,#1642,#1643,#1644,#1645,#1646,#1647,#1648,#1649,#1650,#1651,#1652,#1653,#1654,#1655,#1656),$);
#1658=IFCSHAPEREPRESENTATION(#24,'Body','Tessellation',(#1657));
#1659=IFCPRODUCTDEFINITIONSHAPE($,$,(#1658));
#1660=IFCBUILDINGELEMENTPROXY('3eqgiGXiH3LOmYEq6QZl$U',$,'DEHHALKAP0000sGO',$,$,$,#1681,$,$);
#1661=IFCPROPERTYSET('27HzEeeV96_x08OPLQPYrc',$,'Pset_Objektinformation',$,(#1663,#1664,#1665,#1666,#1667,#1668,#1669));
#1662=IFCRELDEFINESBYPROPERTIES('0TvlQu1jz25hRR1eHd85gB',$,$,$,(#1660),#1661);
#1663=IFCPROPERTYSINGLEVALUE('_IDEbene1',$,IFCLABEL('Gebaeude'),$);
#1664=IFCPROPERTYSINGLEVALUE('_IDEbene2',$,IFCLABEL('Gebaeude'),$);
#1665=IFCPROPERTYSINGLEVALUE('_IDEbene3',$,IFCLABEL('Gebaeude'),$);
#1666=IFCPROPERTYSINGLEVALUE('_GebaeudeID',$,IFCLABEL('DEHHALKAP0000sGO'),$);
#1667=IFCPROPERTYSINGLEVALUE('_GebaeudeHoehe',$,IFCREAL(5.214),$);
#1668=IFCPROPERTYSINGLEVALUE('_AnzahlDerGeschosse',$,IFCINTEGER(2),$);
#1669=IFCPROPERTYSINGLEVALUE('_Postleitzahl',$,IFCLABEL('22559'),$);
#1670=IFCCARTESIANPOINTLIST3D(((550140.593,5935377.456,3.852),(550141.71,5935377.512,3.852),(550141.778,5935376.165,3.852),(550134.736,5935375.81,3.852),(550134.535,5935379.809,3.852),(550140.46,5935380.106,3.852),(550140.593,5935377.456,9.066),(550140.46,5935380.106,9.066),(550134.535,5935379.809,9.066),(550134.736,5935375.81,9.066),(550141.778,5935376.165,9.066),(550141.71,5935377.512,9.066)));
#1671=IFCINDEXEDPOLYGONALFACE((1,2,3,4,5,6,1));
#1672=IFCINDEXEDPOLYGONALFACE((7,8,9,10,11,12,7));
#1673=IFCINDEXEDPOLYGONALFACE((1,6,8,7,1));
#1674=IFCINDEXEDPOLYGONALFACE((6,5,9,8,6));
#1675=IFCINDEXEDPOLYGONALFACE((5,4,10,9,5));
#1676=IFCINDEXEDPOLYGONALFACE((4,3,11,10,4));
#1677=IFCINDEXEDPOLYGONALFACE((3,2,12,11,3));
#1678=IFCINDEXEDPOLYGONALFACE((2,1,7,12,2));
#1679=IFCPOLYGONALFACESET(#1670,$,(#1671,#1672,#1673,#1674,#1675,#1676,#1677,#1678),$);
#1680=IFCSHAPEREPRESENTATION(#24,'Body','Tessellation',(#1679));
#1681=IFCPRODUCTDEFINITIONSHAPE($,$,(#1680));
#1682=IFCBUILDINGELEMENTPROXY('30IlkSJE1BYfvXlCKFi$a0',$,'DEHHALKAP0000rOC',$,$,$,#1711,$,$);
#1683=IFCPROPERTYSET('2NZTaibYv0N93URDlucW3k',$,'Pset_Objektinformation',$,(#1685,#1686,#1687,#1688,#1689,#1690,#1691));
#1684=IFCRELDEFINESBYPROPERTIES('1Ff_Ndzz19exVXJb7zSvGZ',$,$,$,(#1682),#1683);
#1685=IFCPROPERTYSINGLEVALUE('_IDEbene1',$,IFCLABEL('Gebaeude'),$);
#1686=IFCPROPERTYSINGLEVALUE('_IDEbene2',$,IFCLABEL('Gebaeude'),$);
#1687=IFCPROPERTYSINGLEVALUE('_IDEbene3',$,IFCLABEL('Gebaeude'),$);
#1688=IFCPROPERTYSINGLEVALUE('_GebaeudeID',$,IFCLABEL('DEHHALKAP0000rOC'),$);
#1689=IFCPROPERTYSINGLEVALUE('_GebaeudeHoehe',$,IFCREAL(8.799),$);
#1690=IFCPROPERTYSINGLEVALUE('_AnzahlDerGeschosse',$,IFCINTEGER(1),$);
#1691=IFCPROPERTYSINGLEVALUE('_Postleitzahl',$,IFCLABEL('22559'),$);
#1692=IFCCARTESIANPOINTLIST3D(((550092.513,5935968.802,33.098),(550081.802,5935969.033,33.098),(550081.916,5935974.32,33.098),(550083.575,5935974.284,33.098),(550083.718,5935980.89,33.098),(550072.563,5935985.891,33.098),(550073.394,5935987.745,33.098),(550071.929,5935988.401,33.098),(550074.746,5935994.696,33.098),(550083.005,5935991.004,33.098),(550082.397,5935989.645,33.098),(550087.812,5935987.225,33.098),(550088.426,5935988.599,33.098),(550092.894,5935986.604,33.098),(550092.513,5935968.802,39.71),(550092.894,5935986.604,39.71),(550088.426,5935988.599,39.71),(550087.812,5935987.225,39.71),(550082.397,5935989.645,39.71),(550083.005,5935991.004,39.71),(550074.746,5935994.696,39.71),(550071.929,5935988.401,39.71),(550073.394,5935987.745,39.71),(550072.563,5935985.891,39.71),(550083.718,5935980.89,39.71),(550083.575,5935974.284,39.71),(550081.916,5935974.32,39.71),(550081.802,5935969.033,39.71)));
#1693=IFCINDEXEDPOLYGONALFACE((1,2,3,4,5,6,7,8,9,10,11,12,13,14,1));
#1694=IFCINDEXEDPOLYGONALFACE((15,16,17,18,19,20,21,22,23,24,25,26,27,28,15));
#1695=IFCINDEXEDPOLYGONALFACE((1,14,16,15,1));
#1696=IFCINDEXEDPOLYGONALFACE((14,13,17,16,14));
#1697=IFCINDEXEDPOLYGONALFACE((13,12,18,17,13));
#1698=IFCINDEXEDPOLYGONALFACE((12,11,19,18,12));
#1699=IFCINDEXEDPOLYGONALFACE((11,10,20,19,11));
#1700=IFCINDEXEDPOLYGONALFACE((10,9,21,20,10));
#1701=IFCINDEXEDPOLYGONALFACE((9,8,22,21,9));
#1702=IFCINDEXEDPOLYGONALFACE((8,7,23,22,8));
#1703=IFCINDEXEDPOLYGONALFACE((7,6,24,23,7));
#1704=IFCINDEXEDPOLYGONALFACE((6,5,25,24,6));
#1705=IFCINDEXEDPOLYGONALFACE((5,4,26,25,5));
#1706=IFCINDEXEDPOLYGONALFACE((4,3,27,26,4));
#1707=IFCINDEXEDPOLYGONALFACE((3,2,28,27,3));
#1708=IFCINDEXEDPOLYGONALFACE((2,1,15,28,2));
#1709=IFCPOLYGONALFACESET(#1692,$,(#1693,#1694,#1695,#1696,#1697,#1698,#1699,#1700,#1701,#1702,#1703,#1704,#1705,#1706,#1707,#1708),$);
#1710=IFCSHAPEREPRESENTATION(#24,'Body','Tessellation',(#1709));
#1711=IFCPRODUCTDEFINITIONSHAPE($,$,(#1710));
#1712=IFCBUILDINGELEMENTPROXY('2avLx0aj1F6Am7wvpuAUaU',$,'DEHHALKAP0000sJj',$,$,$,#1731,$,$);
#1713=IFCPROPERTYSET('2DggimRqr5DPd5OADh9EBH',$,'Pset_Objektinformation',$,(#1715,#1716,#1717,#1718,#1719,#1720,#1721));
#1714=IFCRELDEFINESBYPROPERTIES('3VylhQ$SH6FBq07VTnjZiL',$,$,$,(#1712),#1713);
#1715=IFCPROPERTYSINGLEVALUE('_IDEbene1',$,IFCLABEL('Gebaeude'),$);
#1716=IFCPROPERTYSINGLEVALUE('_IDEbene2',$,IFCLABEL('Gebaeude'),$);
#1717=IFCPROPERTYSINGLEVALUE('_IDEbene3',$,IFCLABEL('Gebaeude'),$);
#1718=IFCPROPERTYSINGLEVALUE('_GebaeudeID',$,IFCLABEL('DEHHALKAP0000sJj'),$);
#1719=IFCPROPERTYSINGLEVALUE('_GebaeudeHoehe',$,IFCREAL(8.054),$);
#1720=IFCPROPERTYSINGLEVALUE('_AnzahlDerGeschosse',$,IFCINTEGER(1),$);
#1721=IFCPROPERTYSINGLEVALUE('_Postleitzahl',$,IFCLABEL('22587'),$);
#1722=IFCCARTESIANPOINTLIST3D(((550565.971,5935828.934,40.165),(550572.758,5935840.19,40.165),(550580.989,5935835.226,40.165),(550574.201,5935823.97,40.165),(550565.971,5935828.934,46.502),(550574.201,5935823.97,46.502),(550580.989,5935835.226,46.502),(550572.758,5935840.19,46.502)));
#1723=IFCINDEXEDPOLYGONALFACE((1,2,3,4,1));
#1724=IFCINDEXEDPOLYGONALFACE((5,6,7,8,5));
#1725=IFCINDEXEDPOLYGONALFACE((1,4,6,5,1));
#1726=IFCINDEXEDPOLYGONALFACE((4,3,7,6,4));
#1727=IFCINDEXEDPOLYGONALFACE((3,2,8,7,3));
#1728=IFCINDEXEDPOLYGONALFACE((2,1,5,8,2));
#1729=IFCPOLYGONALFACESET(#1722,$,(#1723,#1724,#1725,#1726,#1727,#1728),$);
#1730=IFCSHAPEREPRESENTATION(#24,'Body','Tessellation',(#1729));
#1731=IFCPRODUCTDEFINITIONSHAPE($,$,(#1730));
#1732=IFCBUILDINGELEMENTPROXY('3H7UCkpR90jBBUa2wXJyZy',$,'DEHHALKAP0000s3c',$,$,$,#1751,$,$);
#1733=IFCPROPERTYSET('0_nVUtDo5BQ9EfjvvQEe0u',$,'Pset_Objektinformation',$,(#1735,#1736,#1737,#1738,#1739,#1740,#1741));
#1734=IFCRELDEFINESBYPROPERTIES('1oCuFJtYb1ZR2Bo_OcvdFo',$,$,$,(#1732),#1733);
#1735=IFCPROPERTYSINGLEVALUE('_IDEbene1',$,IFCLABEL('Gebaeude'),$);
#1736=IFCPROPERTYSINGLEVALUE('_IDEbene2',$,IFCLABEL('Gebaeude'),$);
#1737=IFCPROPERTYSINGLEVALUE('_IDEbene3',$,IFCLABEL('Gebaeude'),$);
#1738=IFCPROPERTYSINGLEVALUE('_GebaeudeID',$,IFCLABEL('DEHHALKAP0000s3c'),$);
#1739=IFCPROPERTYSINGLEVALUE('_GebaeudeHoehe',$,IFCREAL(4.914),$);
#1740=IFCPROPERTYSINGLEVALUE('_AnzahlDerGeschosse',$,IFCINTEGER(1),$);
#1741=IFCPROPERTYSINGLEVALUE('_Postleitzahl',$,IFCLABEL('22559'),$);
#1742=IFCCARTESIANPOINTLIST3D(((550167.911,5935978.947,34.336),(550175.444,5935982.053,34.336),(550179.027,5935973.363,34.336),(550171.494,5935970.256,34.336),(550167.911,5935978.947,38.232),(550171.494,5935970.256,38.232),(550179.027,5935973.363,38.232),(550175.444,5935982.053,38.232)));
#1743=IFCINDEXEDPOLYGONALFACE((1,2,3,4,1));
#1744=IFCINDEXEDPOLYGONALFACE((5,6,7,8,5));
#1745=IFCINDEXEDPOLYGONALFACE((1,4,6,5,1));
#1746=IFCINDEXEDPOLYGONALFACE((4,3,7,6,4));
#1747=IFCINDEXEDPOLYGONALFACE((3,2,8,7,3));
#1748=IFCINDEXEDPOLYGONALFACE((2,1,5,8,2));
#1749=IFCPOLYGONALFACESET(#1742,$,(#1743,#1744,#1745,#1746,#1747,#1748),$);
#1750=IFCSHAPEREPRESENTATION(#24,'Body','Tessellation',(#1749));
#1751=IFCPRODUCTDEFINITIONSHAPE($,$,(#1750));
#1752=IFCBUILDINGELEMENTPROXY('1SpJ3LCvj4Mgx4X7GRy1y7',$,'DEHHALKAP0001JXN',$,$,$,#1773,$,$);
#1753=IFCPROPERTYSET('29mnkZJlrAiO5Fet4CuI3b',$,'Pset_Objektinformation',$,(#1755,#1756,#1757,#1758,#1759,#1760,#1761));
#1754=IFCRELDEFINESBYPROPERTIES('3n5PaOy0vEGedDiQnZ1usS',$,$,$,(#1752),#1753);
#1755=IFCPROPERTYSINGLEVALUE('_IDEbene1',$,IFCLABEL('Gebaeude'),$);
#1756=IFCPROPERTYSINGLEVALUE('_IDEbene2',$,IFCLABEL('Gebaeude'),$);
#1757=IFCPROPERTYSINGLEVALUE('_IDEbene3',$,IFCLABEL('Gebaeude'),$);
#1758=IFCPROPERTYSINGLEVALUE('_GebaeudeID',$,IFCLABEL('DEHHALKAP0001JXN'),$);
#1759=IFCPROPERTYSINGLEVALUE('_GebaeudeHoehe',$,IFCREAL(5.205),$);
#1760=IFCPROPERTYSINGLEVALUE('_AnzahlDerGeschosse',$,IFCINTEGER(1),$);
#1761=IFCPROPERTYSINGLEVALUE('_Postleitzahl',$,IFCLABEL('22559'),$);
#1762=IFCCARTESIANPOINTLIST3D(((550318.535,5935714.174,40.228),(550316.822,5935720.068,40.228),(550318.98,5935720.696,40.228),(550318.267,5935723.15,40.228),(550324.225,5935724.882,40.228),(550326.652,5935716.534,40.228),(550318.535,5935714.174,45.156),(550326.652,5935716.534,45.156),(550324.225,5935724.882,45.156),(550318.267,5935723.15,45.156),(550318.98,5935720.696,45.156),(550316.822,5935720.068,45.156)));
#1763=IFCINDEXEDPOLYGONALFACE((1,2,3,4,5,6,1));
#1764=IFCINDEXEDPOLYGONALFACE((7,8,9,10,11,12,7));
#1765=IFCINDEXEDPOLYGONALFACE((1,6,8,7,1));
#1766=IFCINDEXEDPOLYGONALFACE((6,5,9,8,6));
#1767=IFCINDEXEDPOLYGONALFACE((5,4,10,9,5));
#1768=IFCINDEXEDPOLYGONALFACE((4,3,11,10,4));
#1769=IFCINDEXEDPOLYGONALFACE((3,2,12,11,3));
#1770=IFCINDEXEDPOLYGONALFACE((2,1,7,12,2));
#1771=IFCPOLYGONALFACESET(#1762,$,(#1763,#1764,#1765,#1766,#1767,#1768,#1769,#1770),$);
#1772=IFCSHAPEREPRESENTATION(#24,'Body','Tessellation',(#1771));
#1773=IFCPRODUCTDEFINITIONSHAPE($,$,(#1772));
#1774=IFCBUILDINGELEMENTPROXY('33q5OPSIz37ejWHV7LDpNL',$,'DEHHALKAP0000sKb',$,$,$,#1793,$,$);
#1775=IFCPROPERTYSET('2l07HwXtT3VBb4KgsdVDFl',$,'Pset_Objektinformation',$,(#1777,#1778,#1779,#1780,#1781,#1782,#1783));
#1776=IFCRELDEFINESBYPROPERTIES('2VxcF4$mXCdQjpz1ramuuj',$,$,$,(#1774),#1775);
#1777=IFCPROPERTYSINGLEVALUE('_IDEbene1',$,IFCLABEL('Gebaeude'),$);
#1778=IFCPROPERTYSINGLEVALUE('_IDEbene2',$,IFCLABEL('Gebaeude'),$);
#1779=IFCPROPERTYSINGLEVALUE('_IDEbene3',$,IFCLABEL('Gebaeude'),$);
#1780=IFCPROPERTYSINGLEVALUE('_GebaeudeID',$,IFCLABEL('DEHHALKAP0000sKb'),$);
#1781=IFCPROPERTYSINGLEVALUE('_GebaeudeHoehe',$,IFCREAL(4.192),$);
#1782=IFCPROPERTYSINGLEVALUE('_AnzahlDerGeschosse',$,IFCINTEGER(1),$);
#1783=IFCPROPERTYSINGLEVALUE('_Postleitzahl',$,IFCLABEL('22559'),$);
#1784=IFCCARTESIANPOINTLIST3D(((550264.62,5935541.727,13.585),(550268.765,5935543.687,13.585),(550270.47,5935540.084,13.585),(550266.324,5935538.123,13.585),(550264.62,5935541.727,17.778),(550266.324,5935538.123,17.778),(550270.47,5935540.084,17.778),(550268.765,5935543.687,17.778)));
#1785=IFCINDEXEDPOLYGONALFACE((1,2,3,4,1));
#1786=IFCINDEXEDPOLYGONALFACE((5,6,7,8,5));
#1787=IFCINDEXEDPOLYGONALFACE((1,4,6,5,1));
#1788=IFCINDEXEDPOLYGONALFACE((4,3,7,6,4));
#1789=IFCINDEXEDPOLYGONALFACE((3,2,8,7,3));
#1790=IFCINDEXEDPOLYGONALFACE((2,1,5,8,2));
#1791=IFCPOLYGONALFACESET(#1784,$,(#1785,#1786,#1787,#1788,#1789,#1790),$);
#1792=IFCSHAPEREPRESENTATION(#24,'Body','Tessellation',(#1791));
#1793=IFCPRODUCTDEFINITIONSHAPE($,$,(#1792));
#1794=IFCBUILDINGELEMENTPROXY('24wonBq$1E_e6LhlJB80ix',$,'DEHHALKAP0000qQy',$,$,$,#1816,$,$);
#1795=IFCPROPERTYSET('0vBK88jpP9UPFOnddRaJwE',$,'Pset_Objektinformation',$,(#1797,#1798,#1799,#1800,#1801,#1802,#1803));
#1796=IFCRELDEFINESBYPROPERTIES('1jeENSIi9A_RbCaHdfem4Q',$,$,$,(#1794),#1795);
#1797=IFCPROPERTYSINGLEVALUE('_IDEbene1',$,IFCLABEL('Gebaeude'),$);
#1798=IFCPROPERTYSINGLEVALUE('_IDEbene2',$,IFCLABEL('Gebaeude'),$);
#1799=IFCPROPERTYSINGLEVALUE('_IDEbene3',$,IFCLABEL('Gebaeude'),$);
#1800=IFCPROPERTYSINGLEVALUE('_GebaeudeID',$,IFCLABEL('DEHHALKAP0000qQy'),$);
#1801=IFCPROPERTYSINGLEVALUE('_GebaeudeHoehe',$,IFCREAL(6.127),$);
#1802=IFCPROPERTYSINGLEVALUE('_AnzahlDerGeschosse',$,IFCINTEGER(2),$);
#1803=IFCPROPERTYSINGLEVALUE('_Postleitzahl',$,IFCLABEL('22559'),$);
#1804=IFCCARTESIANPOINTLIST3D(((550344.135,5935895.305,35.79),(550341.239,5935897.469,35.79),(550336.098,5935896.721,35.79),(550334.628,5935906.83,35.79),(550344.782,5935908.307,35.79),(550345.528,5935903.173,35.79),(550348.407,5935901.023,35.79),(550344.135,5935895.305,41.913),(550348.407,5935901.023,41.913),(550345.528,5935903.173,41.913),(550344.782,5935908.307,41.913),(550334.628,5935906.83,41.913),(550336.098,5935896.721,41.913),(550341.239,5935897.469,41.913)));
#1805=IFCINDEXEDPOLYGONALFACE((1,2,3,4,5,6,7,1));
#1806=IFCINDEXEDPOLYGONALFACE((8,9,10,11,12,13,14,8));
#1807=IFCINDEXEDPOLYGONALFACE((1,7,9,8,1));
#1808=IFCINDEXEDPOLYGONALFACE((7,6,10,9,7));
#1809=IFCINDEXEDPOLYGONALFACE((6,5,11,10,6));
#1810=IFCINDEXEDPOLYGONALFACE((5,4,12,11,5));
#1811=IFCINDEXEDPOLYGONALFACE((4,3,13,12,4));
#1812=IFCINDEXEDPOLYGONALFACE((3,2,14,13,3));
#1813=IFCINDEXEDPOLYGONALFACE((2,1,8,14,2));
#1814=IFCPOLYGONALFACESET(#1804,$,(#1805,#1806,#1807,#1808,#1809,#1810,#1811,#1812,#1813),$);
#1815=IFCSHAPEREPRESENTATION(#24,'Body','Tessellation',(#1814));
#1816=IFCPRODUCTDEFINITIONSHAPE($,$,(#1815));
#1817=IFCBUILDINGELEMENTPROXY('1utVstJmj4KBeDUgfkbNMU',$,'DEHHALKAP0000r07',$,$,$,#1839,$,$);
#1818=IFCPROPERTYSET('0Ena2SC1z26OjImqn5is4z',$,'Pset_Objektinformation',$,(#1820,#1821,#1822,#1823,#1824,#1825,#1826));
#1819=IFCRELDEFINESBYPROPERTIES('0YjkksVY59lfqb4nwbzXPk',$,$,$,(#1817),#1818);
#1820=IFCPROPERTYSINGLEVALUE('_IDEbene1',$,IFCLABEL('Gebaeude'),$);
#1821=IFCPROPERTYSINGLEVALUE('_IDEbene2',$,IFCLABEL('Gebaeude'),$);
#1822=IFCPROPERTYSINGLEVALUE('_IDEbene3',$,IFCLABEL('Gebaeude'),$);
#1823=IFCPROPERTYSINGLEVALUE('_GebaeudeID',$,IFCLABEL('DEHHALKAP0000r07'),$);
#1824=IFCPROPERTYSINGLEVALUE('_GebaeudeHoehe',$,IFCREAL(6.07),$);
#1825=IFCPROPERTYSINGLEVALUE('_AnzahlDerGeschosse',$,IFCINTEGER(2),$);
#1826=IFCPROPERTYSINGLEVALUE('_Postleitzahl',$,IFCLABEL('22559'),$);
#1827=IFCCARTESIANPOINTLIST3D(((550287.205,5935963.415,33.36),(550277.121,5935965.252,33.36),(550278.058,5935970.401,33.36),(550275.991,5935973.399,33.36),(550281.911,5935977.482,33.36),(550283.954,5935974.52,33.36),(550289.058,5935973.59,33.36),(550287.205,5935963.415,39.425),(550289.058,5935973.59,39.425),(550283.954,5935974.52,39.425),(550281.911,5935977.482,39.425),(550275.991,5935973.399,39.425),(550278.058,5935970.401,39.425),(550277.121,5935965.252,39.425)));
#1828=IFCINDEXEDPOLYGONALFACE((1,2,3,4,5,6,7,1));
#1829=IFCINDEXEDPOLYGONALFACE((8,9,10,11,12,13,14,8));
#1830=IFCINDEXEDPOLYGONALFACE((1,7,9,8,1));
#1831=IFCINDEXEDPOLYGONALFACE((7,6,10,9,7));
#1832=IFCINDEXEDPOLYGONALFACE((6,5,11,10,6));
#1833=IFCINDEXEDPOLYGONALFACE((5,4,12,11,5));
#1834=IFCINDEXEDPOLYGONALFACE((4,3,13,12,4));
#1835=IFCINDEXEDPOLYGONALFACE((3,2,14,13,3));
#1836=IFCINDEXEDPOLYGONALFACE((2,1,8,14,2));
#1837=IFCPOLYGONALFACESET(#1827,$,(#1828,#1829,#1830,#1831,#1832,#1833,#1834,#1835,#1836),$);
#1838=IFCSHAPEREPRESENTATION(#24,'Body','Tessellation',(#1837));
#1839=IFCPRODUCTDEFINITIONSHAPE($,$,(#1838));
#1840=IFCBUILDINGELEMENTPROXY('2bexFNFT1BogizFvQWBvSj',$,'DEHHALKAP0000rAt',$,$,$,#1862,$,$);
#1841=IFCPROPERTYSET('0qQmPqf8j36fDHsOGhWD3r',$,'Pset_Objektinformation',$,(#1843,#1844,#1845,#1846,#1847,#1848,#1849));
#1842=IFCRELDEFINESBYPROPERTIES('06sqIa46P1Z8Hc8SN9VORp',$,$,$,(#1840),#1841);
#1843=IFCPROPERTYSINGLEVALUE('_IDEbene1',$,IFCLABEL('Gebaeude'),$);
#1844=IFCPROPERTYSINGLEVALUE('_IDEbene2',$,IFCLABEL('Gebaeude'),$);
#1845=IFCPROPERTYSINGLEVALUE('_IDEbene3',$,IFCLABEL('Gebaeude'),$);
#1846=IFCPROPERTYSINGLEVALUE('_GebaeudeID',$,IFCLABEL('DEHHALKAP0000rAt'),$);
#1847=IFCPROPERTYSINGLEVALUE('_GebaeudeHoehe',$,IFCREAL(6.303),$);
#1848=IFCPROPERTYSINGLEVALUE('_AnzahlDerGeschosse',$,IFCINTEGER(1),$);
#1849=IFCPROPERTYSINGLEVALUE('_Postleitzahl',$,IFCLABEL('22559'),$);
#1850=IFCCARTESIANPOINTLIST3D(((550309.946,5935890.657,36.118),(550311.4,5935897.839,36.118),(550314.814,5935897.148,36.118),(550319.912,5935900.444,36.118),(550325.859,5935891.245,36.118),(550316.368,5935885.108,36.118),(550313.209,5935889.996,36.118),(550309.946,5935890.657,42.42),(550313.209,5935889.996,42.42),(550316.368,5935885.108,42.42),(550325.859,5935891.245,42.42),(550319.912,5935900.444,42.42),(550314.814,5935897.148,42.42),(550311.4,5935897.839,42.42)));
#1851=IFCINDEXEDPOLYGONALFACE((1,2,3,4,5,6,7,1));
#1852=IFCINDEXEDPOLYGONALFACE((8,9,10,11,12,13,14,8));
#1853=IFCINDEXEDPOLYGONALFACE((1,7,9,8,1));
#1854=IFCINDEXEDPOLYGONALFACE((7,6,10,9,7));
#1855=IFCINDEXEDPOLYGONALFACE((6,5,11,10,6));
#1856=IFCINDEXEDPOLYGONALFACE((5,4,12,11,5));
#1857=IFCINDEXEDPOLYGONALFACE((4,3,13,12,4));
#1858=IFCINDEXEDPOLYGONALFACE((3,2,14,13,3));
#1859=IFCINDEXEDPOLYGONALFACE((2,1,8,14,2));
#1860=IFCPOLYGONALFACESET(#1850,$,(#1851,#1852,#1853,#1854,#1855,#1856,#1857,#1858,#1859),$);
#1861=IFCSHAPEREPRESENTATION(#24,'Body','Tessellation',(#1860));
#1862=IFCPRODUCTDEFINITIONSHAPE($,$,(#1861));
#1863=IFCBUILDINGELEMENTPROXY('0SoLZpQjH5z8xytGqhU93O',$,'DEHHALKAP0000rnO',$,$,$,#1884,$,$);
#1864=IFCPROPERTYSET('3mW6hCzRLB_xJieRsojf9X',$,'Pset_Objektinformation',$,(#1866,#1867,#1868,#1869,#1870,#1871,#1872));
#1865=IFCRELDEFINESBYPROPERTIES('0rMefFSM57_hCBI9Uforxl',$,$,$,(#1863),#1864);
#1866=IFCPROPERTYSINGLEVALUE('_IDEbene1',$,IFCLABEL('Gebaeude'),$);
#1867=IFCPROPERTYSINGLEVALUE('_IDEbene2',$,IFCLABEL('Gebaeude'),$);
#1868=IFCPROPERTYSINGLEVALUE('_IDEbene3',$,IFCLABEL('Gebaeude'),$);
#1869=IFCPROPERTYSINGLEVALUE('_GebaeudeID',$,IFCLABEL('DEHHALKAP0000rnO'),$);
#1870=IFCPROPERTYSINGLEVALUE('_GebaeudeHoehe',$,IFCREAL(6.536),$);
#1871=IFCPROPERTYSINGLEVALUE('_AnzahlDerGeschosse',$,IFCINTEGER(1),$);
#1872=IFCPROPERTYSINGLEVALUE('_Postleitzahl',$,IFCLABEL('22559'),$);
#1873=IFCCARTESIANPOINTLIST3D(((550534.19,5935544.244,48.211),(550528.885,5935550.259,48.211),(550540.047,5935560.106,48.211),(550545.38,5935554.109,48.211),(550545.029,5935553.797,48.211),(550536.768,5935546.531,48.211),(550534.19,5935544.244,54.747),(550536.768,5935546.531,54.747),(550545.029,5935553.797,54.747),(550545.38,5935554.109,54.747),(550540.047,5935560.106,54.747),(550528.885,5935550.259,54.747)));
#1874=IFCINDEXEDPOLYGONALFACE((1,2,3,4,5,6,1));
#1875=IFCINDEXEDPOLYGONALFACE((7,8,9,10,11,12,7));
#1876=IFCINDEXEDPOLYGONALFACE((1,6,8,7,1));
#1877=IFCINDEXEDPOLYGONALFACE((6,5,9,8,6));
#1878=IFCINDEXEDPOLYGONALFACE((5,4,10,9,5));
#1879=IFCINDEXEDPOLYGONALFACE((4,3,11,10,4));
#1880=IFCINDEXEDPOLYGONALFACE((3,2,12,11,3));
#1881=IFCINDEXEDPOLYGONALFACE((2,1,7,12,2));
#1882=IFCPOLYGONALFACESET(#1873,$,(#1874,#1875,#1876,#1877,#1878,#1879,#1880,#1881),$);
#1883=IFCSHAPEREPRESENTATION(#24,'Body','Tessellation',(#1882));
#1884=IFCPRODUCTDEFINITIONSHAPE($,$,(#1883));
#1885=IFCBUILDINGELEMENTPROXY('0EvP$PppTEpBw2EhG7BshL',$,'DEHHALKAP0000rgL',$,$,$,#1904,$,$);
#1886=IFCPROPERTYSET('0gYuOJsWD01vffUsLfXTyP',$,'Pset_Objektinformation',$,(#1888,#1889,#1890,#1891,#1892,#1893,#1894));
#1887=IFCRELDEFINESBYPROPERTIES('2y8PMQ_Yn7Kvn0qTxG5P5P',$,$,$,(#1885),#1886);
#1888=IFCPROPERTYSINGLEVALUE('_IDEbene1',$,IFCLABEL('Gebaeude'),$);
#1889=IFCPROPERTYSINGLEVALUE('_IDEbene2',$,IFCLABEL('Gebaeude'),$);
#1890=IFCPROPERTYSINGLEVALUE('_IDEbene3',$,IFCLABEL('Gebaeude'),$);
#1891=IFCPROPERTYSINGLEVALUE('_GebaeudeID',$,IFCLABEL('DEHHALKAP0000rgL'),$);
#1892=IFCPROPERTYSINGLEVALUE('_GebaeudeHoehe',$,IFCREAL(6.306),$);
#1893=IFCPROPERTYSINGLEVALUE('_AnzahlDerGeschosse',$,IFCINTEGER(2),$);
#1894=IFCPROPERTYSINGLEVALUE('_Postleitzahl',$,IFCLABEL('22559'),$);
#1895=IFCCARTESIANPOINTLIST3D(((550192.606,5935382.264,3.35),(550189.916,5935382.511,3.35),(550190.21,5935385.714,3.35),(550192.9,5935385.467,3.35),(550192.606,5935382.264,9.656),(550192.9,5935385.467,9.656),(550190.21,5935385.714,9.656),(550189.916,5935382.511,9.656)));
#1896=IFCINDEXEDPOLYGONALFACE((1,2,3,4,1));
#1897=IFCINDEXEDPOLYGONALFACE((5,6,7,8,5));
#1898=IFCINDEXEDPOLYGONALFACE((1,4,6,5,1));
#1899=IFCINDEXEDPOLYGONALFACE((4,3,7,6,4));
#1900=IFCINDEXEDPOLYGONALFACE((3,2,8,7,3));
#1901=IFCINDEXEDPOLYGONALFACE((2,1,5,8,2));
#1902=IFCPOLYGONALFACESET(#1895,$,(#1896,#1897,#1898,#1899,#1900,#1901),$);
#1903=IFCSHAPEREPRESENTATION(#24,'Body','Tessellation',(#1902));
#1904=IFCPRODUCTDEFINITIONSHAPE($,$,(#1903));
#1905=IFCBUILDINGELEMENTPROXY('20TFt3zrP4nfSemXDohK1R',$,'DEHHALKAP0000rfn',$,$,$,#1924,$,$);
#1906=IFCPROPERTYSET('283m_Rg6P3H9_easGvxlXH',$,'Pset_Objektinformation',$,(#1908,#1909,#1910,#1911,#1912,#1913,#1914));
#1907=IFCRELDEFINESBYPROPERTIES('0PqqdtTWTElPkIwODxIU7k',$,$,$,(#1905),#1906);
#1908=IFCPROPERTYSINGLEVALUE('_IDEbene1',$,IFCLABEL('Gebaeude'),$);
#1909=IFCPROPERTYSINGLEVALUE('_IDEbene2',$,IFCLABEL('Gebaeude'),$);
#1910=IFCPROPERTYSINGLEVALUE('_IDEbene3',$,IFCLABEL('Gebaeude'),$);
#1911=IFCPROPERTYSINGLEVALUE('_GebaeudeID',$,IFCLABEL('DEHHALKAP0000rfn'),$);
#1912=IFCPROPERTYSINGLEVALUE('_GebaeudeHoehe',$,IFCREAL(9.),$);
#1913=IFCPROPERTYSINGLEVALUE('_AnzahlDerGeschosse',$,IFCINTEGER(1),$);
#1914=IFCPROPERTYSINGLEVALUE('_Postleitzahl',$,IFCLABEL('22587'),$);
#1915=IFCCARTESIANPOINTLIST3D(((550805.676,5935251.41,3.716),(550798.698,5935251.593,3.716),(550798.84,5935257.024,3.716),(550805.819,5935256.841,3.716),(550805.676,5935251.41,12.716),(550805.819,5935256.841,12.716),(550798.84,5935257.024,12.716),(550798.698,5935251.593,12.716)));
#1916=IFCINDEXEDPOLYGONALFACE((1,2,3,4,1));
#1917=IFCINDEXEDPOLYGONALFACE((5,6,7,8,5));
#1918=IFCINDEXEDPOLYGONALFACE((1,4,6,5,1));
#1919=IFCINDEXEDPOLYGONALFACE((4,3,7,6,4));
#1920=IFCINDEXEDPOLYGONALFACE((3,2,8,7,3));
#1921=IFCINDEXEDPOLYGONALFACE((2,1,5,8,2));
#1922=IFCPOLYGONALFACESET(#1915,$,(#1916,#1917,#1918,#1919,#1920,#1921),$);
#1923=IFCSHAPEREPRESENTATION(#24,'Body','Tessellation',(#1922));
#1924=IFCPRODUCTDEFINITIONSHAPE($,$,(#1923));
#1925=IFCBUILDINGELEMENTPROXY('1tpsoTudn75vxnc0dFBehf',$,'DEHHALKAP0000s69',$,$,$,#1944,$,$);
#1926=IFCPROPERTYSET('2g4txGse1DEP6FHA8MkRIl',$,'Pset_Objektinformation',$,(#1928,#1929,#1930,#1931,#1932,#1933,#1934));
#1927=IFCRELDEFINESBYPROPERTIES('32$rW8lxH6k8ynt5EiI0WG',$,$,$,(#1925),#1926);
#1928=IFCPROPERTYSINGLEVALUE('_IDEbene1',$,IFCLABEL('Gebaeude'),$);
#1929=IFCPROPERTYSINGLEVALUE('_IDEbene2',$,IFCLABEL('Gebaeude'),$);
#1930=IFCPROPERTYSINGLEVALUE('_IDEbene3',$,IFCLABEL('Gebaeude'),$);
#1931=IFCPROPERTYSINGLEVALUE('_GebaeudeID',$,IFCLABEL('DEHHALKAP0000s69'),$);
#1932=IFCPROPERTYSINGLEVALUE('_GebaeudeHoehe',$,IFCREAL(2.315),$);
#1933=IFCPROPERTYSINGLEVALUE('_AnzahlDerGeschosse',$,IFCINTEGER(1),$);
#1934=IFCPROPERTYSINGLEVALUE('_Postleitzahl',$,IFCLABEL('22559'),$);
#1935=IFCCARTESIANPOINTLIST3D(((550259.399,5935557.915,13.987),(550262.609,5935559.019,13.987),(550264.377,5935553.88,13.987),(550261.167,5935552.776,13.987),(550259.399,5935557.915,16.302),(550261.167,5935552.776,16.302),(550264.377,5935553.88,16.302),(550262.609,5935559.019,16.302)));
#1936=IFCINDEXEDPOLYGONALFACE((1,2,3,4,1));
#1937=IFCINDEXEDPOLYGONALFACE((5,6,7,8,5));
#1938=IFCINDEXEDPOLYGONALFACE((1,4,6,5,1));
#1939=IFCINDEXEDPOLYGONALFACE((4,3,7,6,4));
#1940=IFCINDEXEDPOLYGONALFACE((3,2,8,7,3));
#1941=IFCINDEXEDPOLYGONALFACE((2,1,5,8,2));
#1942=IFCPOLYGONALFACESET(#1935,$,(#1936,#1937,#1938,#1939,#1940,#1941),$);
#1943=IFCSHAPEREPRESENTATION(#24,'Body','Tessellation',(#1942));
#1944=IFCPRODUCTDEFINITIONSHAPE($,$,(#1943));
#1945=IFCBUILDINGELEMENTPROXY('11q2DDVUX8CQHUkeOhdkZH',$,'DEHHALKAP0000s7l',$,$,$,#1964,$,$);
#1946=IFCPROPERTYSET('0x2_JasbT2cR0k9B4NR3AK',$,'Pset_Objektinformation',$,(#1948,#1949,#1950,#1951,#1952,#1953,#1954));
#1947=IFCRELDEFINESBYPROPERTIES('1ur3o_Ge12fe2Hfo_cwWT2',$,$,$,(#1945),#1946);
#1948=IFCPROPERTYSINGLEVALUE('_IDEbene1',$,IFCLABEL('Gebaeude'),$);
#1949=IFCPROPERTYSINGLEVALUE('_IDEbene2',$,IFCLABEL('Gebaeude'),$);
#1950=IFCPROPERTYSINGLEVALUE('_IDEbene3',$,IFCLABEL('Gebaeude'),$);
#1951=IFCPROPERTYSINGLEVALUE('_GebaeudeID',$,IFCLABEL('DEHHALKAP0000s7l'),$);
#1952=IFCPROPERTYSINGLEVALUE('_GebaeudeHoehe',$,IFCREAL(6.665),$);
#1953=IFCPROPERTYSINGLEVALUE('_AnzahlDerGeschosse',$,IFCINTEGER(1),$);
#1954=IFCPROPERTYSINGLEVALUE('_Postleitzahl',$,IFCLABEL('22587'),$);
#1955=IFCCARTESIANPOINTLIST3D(((550586.68,5935508.738,47.994),(550592.341,5935506.867,47.994),(550591.073,5935503.033,47.994),(550585.454,5935505.026,47.994),(550586.68,5935508.738,53.889),(550585.454,5935505.026,53.889),(550591.073,5935503.033,53.889),(550592.341,5935506.867,53.889)));
#1956=IFCINDEXEDPOLYGONALFACE((1,2,3,4,1));
#1957=IFCINDEXEDPOLYGONALFACE((5,6,7,8,5));
#1958=IFCINDEXEDPOLYGONALFACE((1,4,6,5,1));
#1959=IFCINDEXEDPOLYGONALFACE((4,3,7,6,4));
#1960=IFCINDEXEDPOLYGONALFACE((3,2,8,7,3));
#1961=IFCINDEXEDPOLYGONALFACE((2,1,5,8,2));
#1962=IFCPOLYGONALFACESET(#1955,$,(#1956,#1957,#1958,#1959,#1960,#1961),$);
#1963=IFCSHAPEREPRESENTATION(#24,'Body','Tessellation',(#1962));
#1964=IFCPRODUCTDEFINITIONSHAPE($,$,(#1963));
#1965=IFCBUILDINGELEMENTPROXY('28m$yq481AgPVJavRf1sfu',$,'DEHHALKAP0000sxI',$,$,$,#1984,$,$);
#1966=IFCPROPERTYSET('0vfuXkaQL9FeCQHb_pHtkK',$,'Pset_Objektinformation',$,(#1968,#1969,#1970,#1971,#1972,#1973,#1974));
#1967=IFCRELDEFINESBYPROPERTIES('3t$8UEMjb2yPgFGw4C1BIs',$,$,$,(#1965),#1966);
#1968=IFCPROPERTYSINGLEVALUE('_IDEbene1',$,IFCLABEL('Gebaeude'),$);
#1969=IFCPROPERTYSINGLEVALUE('_IDEbene2',$,IFCLABEL('Gebaeude'),$);
#1970=IFCPROPERTYSINGLEVALUE('_IDEbene3',$,IFCLABEL('Gebaeude'),$);
#1971=IFCPROPERTYSINGLEVALUE('_GebaeudeID',$,IFCLABEL('DEHHALKAP0000sxI'),$);
#1972=IFCPROPERTYSINGLEVALUE('_GebaeudeHoehe',$,IFCREAL(3.801),$);
#1973=IFCPROPERTYSINGLEVALUE('_AnzahlDerGeschosse',$,IFCINTEGER(1),$);
#1974=IFCPROPERTYSINGLEVALUE('_Postleitzahl',$,IFCLABEL('22559'),$);
#1975=IFCCARTESIANPOINTLIST3D(((550069.535,5935723.412,34.902),(550070.047,5935745.798,34.902),(550078.33,5935745.609,34.902),(550077.812,5935723.223,34.902),(550069.535,5935723.412,38.702),(550077.812,5935723.223,38.702),(550078.33,5935745.609,38.702),(550070.047,5935745.798,38.702)));
#1976=IFCINDEXEDPOLYGONALFACE((1,2,3,4,1));
#1977=IFCINDEXEDPOLYGONALFACE((5,6,7,8,5));
#1978=IFCINDEXEDPOLYGONALFACE((1,4,6,5,1));
#1979=IFCINDEXEDPOLYGONALFACE((4,3,7,6,4));
#1980=IFCINDEXEDPOLYGONALFACE((3,2,8,7,3));
#1981=IFCINDEXEDPOLYGONALFACE((2,1,5,8,2));
#1982=IFCPOLYGONALFACESET(#1975,$,(#1976,#1977,#1978,#1979,#1980,#1981),$);
#1983=IFCSHAPEREPRESENTATION(#24,'Body','Tessellation',(#1982));
#1984=IFCPRODUCTDEFINITIONSHAPE($,$,(#1983));
#1985=IFCBUILDINGELEMENTPROXY('23hIPpHXD1DQj_vkDidgbN',$,'DEHHALKAP0001KE4',$,$,$,#2010,$,$);
#1986=IFCPROPERTYSET('0CzHiQwwP68hs7RXOXEwsa',$,'Pset_Objektinformation',$,(#1988,#1989,#1990,#1991,#1992,#1993,#1994));
#1987=IFCRELDEFINESBYPROPERTIES('3Hm_Ac48vBHwEp5sql8lUz',$,$,$,(#1985),#1986);
#1988=IFCPROPERTYSINGLEVALUE('_IDEbene1',$,IFCLABEL('Gebaeude'),$);
#1989=IFCPROPERTYSINGLEVALUE('_IDEbene2',$,IFCLABEL('Gebaeude'),$);
#1990=IFCPROPERTYSINGLEVALUE('_IDEbene3',$,IFCLABEL('Gebaeude'),$);
#1991=IFCPROPERTYSINGLEVALUE('_GebaeudeID',$,IFCLABEL('DEHHALKAP0001KE4'),$);
#1992=IFCPROPERTYSINGLEVALUE('_GebaeudeHoehe',$,IFCREAL(8.821),$);
#1993=IFCPROPERTYSINGLEVALUE('_AnzahlDerGeschosse',$,IFCINTEGER(1),$);
#1994=IFCPROPERTYSINGLEVALUE('_Postleitzahl',$,IFCLABEL('22559'),$);
#1995=IFCCARTESIANPOINTLIST3D(((550113.983,5935978.865,33.707),(550110.409,5935978.954,33.707),(550110.446,5935980.453,33.707),(550103.416,5935980.682,33.707),(550103.226,5935975.269,33.707),(550098.378,5935975.45,33.707),(550099.021,5935994.271,33.707),(550103.851,5935994.087,33.707),(550103.688,5935989.023,33.707),(550114.304,5935988.658,33.707),(550113.983,5935978.865,40.153),(550114.304,5935988.658,40.153),(550103.688,5935989.023,40.153),(550103.851,5935994.087,40.153),(550099.021,5935994.271,40.153),(550098.378,5935975.45,40.153),(550103.226,5935975.269,40.153),(550103.416,5935980.682,40.153),(550110.446,5935980.453,40.153),(550110.409,5935978.954,40.153)));
#1996=IFCINDEXEDPOLYGONALFACE((1,2,3,4,5,6,7,8,9,10,1));
#1997=IFCINDEXEDPOLYGONALFACE((11,12,13,14,15,16,17,18,19,20,11));
#1998=IFCINDEXEDPOLYGONALFACE((1,10,12,11,1));
#1999=IFCINDEXEDPOLYGONALFACE((10,9,13,12,10));
#2000=IFCINDEXEDPOLYGONALFACE((9,8,14,13,9));
#2001=IFCINDEXEDPOLYGONALFACE((8,7,15,14,8));
#2002=IFCINDEXEDPOLYGONALFACE((7,6,16,15,7));
#2003=IFCINDEXEDPOLYGONALFACE((6,5,17,16,6));
#2004=IFCINDEXEDPOLYGONALFACE((5,4,18,17,5));
#2005=IFCINDEXEDPOLYGONALFACE((4,3,19,18,4));
#2006=IFCINDEXEDPOLYGONALFACE((3,2,20,19,3));
#2007=IFCINDEXEDPOLYGONALFACE((2,1,11,20,2));
#2008=IFCPOLYGONALFACESET(#1995,$,(#1996,#1997,#1998,#1999,#2000,#2001,#2002,#2003,#2004,#2005,#2006,#2007),$);
#2009=IFCSHAPEREPRESENTATION(#24,'Body','Tessellation',(#2008));
#2010=IFCPRODUCTDEFINITIONSHAPE($,$,(#2009));
#2011=IFCBUILDINGELEMENTPROXY('0OLWXP8VH3pwRpgBqNxYjH',$,'DEHHALKAP0000rqi',$,$,$,#2030,$,$);
#2012=IFCPROPERTYSET('3dTQWBXBXAGPBqEyB4uJ$J',$,'Pset_Objektinformation',$,(#2014,#2015,#2016,#2017,#2018,#2019,#2020));
#2013=IFCRELDEFINESBYPROPERTIES('2nj2Y3T5vFdR07okonQ86i',$,$,$,(#2011),#2012);
#2014=IFCPROPERTYSINGLEVALUE('_IDEbene1',$,IFCLABEL('Gebaeude'),$);
#2015=IFCPROPERTYSINGLEVALUE('_IDEbene2',$,IFCLABEL('Gebaeude'),$);
#2016=IFCPROPERTYSINGLEVALUE('_IDEbene3',$,IFCLABEL('Gebaeude'),$);
#2017=IFCPROPERTYSINGLEVALUE('_GebaeudeID',$,IFCLABEL('DEHHALKAP0000rqi'),$);
#2018=IFCPROPERTYSINGLEVALUE('_GebaeudeHoehe',$,IFCREAL(5.618),$);
#2019=IFCPROPERTYSINGLEVALUE('_AnzahlDerGeschosse',$,IFCINTEGER(2),$);
#2020=IFCPROPERTYSINGLEVALUE('_Postleitzahl',$,IFCLABEL('22559'),$);
#2021=IFCCARTESIANPOINTLIST3D(((550070.701,5935358.663,4.44),(550070.901,5935366.828,4.44),(550075.073,5935366.726,4.44),(550074.873,5935358.562,4.44),(550070.701,5935358.663,9.831),(550074.873,5935358.562,9.831),(550075.073,5935366.726,9.831),(550070.901,5935366.828,9.831)));
#2022=IFCINDEXEDPOLYGONALFACE((1,2,3,4,1));
#2023=IFCINDEXEDPOLYGONALFACE((5,6,7,8,5));
#2024=IFCINDEXEDPOLYGONALFACE((1,4,6,5,1));
#2025=IFCINDEXEDPOLYGONALFACE((4,3,7,6,4));
#2026=IFCINDEXEDPOLYGONALFACE((3,2,8,7,3));
#2027=IFCINDEXEDPOLYGONALFACE((2,1,5,8,2));
#2028=IFCPOLYGONALFACESET(#2021,$,(#2022,#2023,#2024,#2025,#2026,#2027),$);
#2029=IFCSHAPEREPRESENTATION(#24,'Body','Tessellation',(#2028));
#2030=IFCPRODUCTDEFINITIONSHAPE($,$,(#2029));
#2031=IFCBUILDINGELEMENTPROXY('2qNYC24yj1rByy0Kb2Fesm',$,'DEHHALKAP0000qx2',$,$,$,#2053,$,$);
#2032=IFCPROPERTYSET('2H1sNzK2n4oxrmuRN2QnOv',$,'Pset_Objektinformation',$,(#2034,#2035,#2036,#2037,#2038,#2039,#2040));
#2033=IFCRELDEFINESBYPROPERTIES('19Yt0ojLv1y9AOBbo0LiXi',$,$,$,(#2031),#2032);
#2034=IFCPROPERTYSINGLEVALUE('_IDEbene1',$,IFCLABEL('Gebaeude'),$);
#2035=IFCPROPERTYSINGLEVALUE('_IDEbene2',$,IFCLABEL('Gebaeude'),$);
#2036=IFCPROPERTYSINGLEVALUE('_IDEbene3',$,IFCLABEL('Gebaeude'),$);
#2037=IFCPROPERTYSINGLEVALUE('_GebaeudeID',$,IFCLABEL('DEHHALKAP0000qx2'),$);
#2038=IFCPROPERTYSINGLEVALUE('_GebaeudeHoehe',$,IFCREAL(6.413),$);
#2039=IFCPROPERTYSINGLEVALUE('_AnzahlDerGeschosse',$,IFCINTEGER(1),$);
#2040=IFCPROPERTYSINGLEVALUE('_Postleitzahl',$,IFCLABEL('22559'),$);
#2041=IFCCARTESIANPOINTLIST3D(((550301.831,5935805.852,37.007),(550310.794,5935812.268,37.007),(550314.172,5935807.548,37.007),(550317.493,5935806.992,37.007),(550316.292,5935799.819,37.007),(550312.959,5935800.377,37.007),(550308.193,5935796.965,37.007),(550301.831,5935805.852,43.42),(550308.193,5935796.965,43.42),(550312.959,5935800.377,43.42),(550316.292,5935799.819,43.42),(550317.493,5935806.992,43.42),(550314.172,5935807.548,43.42),(550310.794,5935812.268,43.42)));
#2042=IFCINDEXEDPOLYGONALFACE((1,2,3,4,5,6,7,1));
#2043=IFCINDEXEDPOLYGONALFACE((8,9,10,11,12,13,14,8));
#2044=IFCINDEXEDPOLYGONALFACE((1,7,9,8,1));
#2045=IFCINDEXEDPOLYGONALFACE((7,6,10,9,7));
#2046=IFCINDEXEDPOLYGONALFACE((6,5,11,10,6));
#2047=IFCINDEXEDPOLYGONALFACE((5,4,12,11,5));
#2048=IFCINDEXEDPOLYGONALFACE((4,3,13,12,4));
#2049=IFCINDEXEDPOLYGONALFACE((3,2,14,13,3));
#2050=IFCINDEXEDPOLYGONALFACE((2,1,8,14,2));
#2051=IFCPOLYGONALFACESET(#2041,$,(#2042,#2043,#2044,#2045,#2046,#2047,#2048,#2049,#2050),$);
#2052=IFCSHAPEREPRESENTATION(#24,'Body','Tessellation',(#2051));
#2053=IFCPRODUCTDEFINITIONSHAPE($,$,(#2052));
#2054=IFCBUILDINGELEMENTPROXY('3PtiC0t7rF8QBoN5evEhZD',$,'DEHHALKAP0000rq9',$,$,$,#2077,$,$);
#2055=IFCPROPERTYSET('1LxMQdkmXEgRqAgfv6Km5J',$,'Pset_Objektinformation',$,(#2057,#2058,#2059,#2060,#2061,#2062,#2063));
#2056=IFCRELDEFINESBYPROPERTIES('3Cn_gB58nAz8viwMtYfVNb',$,$,$,(#2054),#2055);
#2057=IFCPROPERTYSINGLEVALUE('_IDEbene1',$,IFCLABEL('Gebaeude'),$);
#2058=IFCPROPERTYSINGLEVALUE('_IDEbene2',$,IFCLABEL('Gebaeude'),$);
#2059=IFCPROPERTYSINGLEVALUE('_IDEbene3',$,IFCLABEL('Gebaeude'),$);
#2060=IFCPROPERTYSINGLEVALUE('_GebaeudeID',$,IFCLABEL('DEHHALKAP0000rq9'),$);
#2061=IFCPROPERTYSINGLEVALUE('_GebaeudeHoehe',$,IFCREAL(2.476),$);
#2062=IFCPROPERTYSINGLEVALUE('_AnzahlDerGeschosse',$,IFCINTEGER(1),$);
#2063=IFCPROPERTYSINGLEVALUE('_Postleitzahl',$,IFCLABEL('22587'),$);
#2064=IFCCARTESIANPOINTLIST3D(((550531.6,5935694.186,40.806),(550530.515,5935698.27,40.806),(550533.659,5935699.106,40.806),(550533.001,5935701.587,40.806),(550544.393,5935704.615,40.806),(550545.65,5935699.884,40.806),(550537.152,5935697.624,40.806),(550537.639,5935695.791,40.806),(550531.6,5935694.186,43.282),(550537.639,5935695.791,43.282),(550537.152,5935697.624,43.282),(550545.65,5935699.884,43.282),(550544.393,5935704.615,43.282),(550533.001,5935701.587,43.282),(550533.659,5935699.106,43.282),(550530.515,5935698.27,43.282)));
#2065=IFCINDEXEDPOLYGONALFACE((1,2,3,4,5,6,7,8,1));
#2066=IFCINDEXEDPOLYGONALFACE((9,10,11,12,13,14,15,16,9));
#2067=IFCINDEXEDPOLYGONALFACE((1,8,10,9,1));
#2068=IFCINDEXEDPOLYGONALFACE((8,7,11,10,8));
#2069=IFCINDEXEDPOLYGONALFACE((7,6,12,11,7));
#2070=IFCINDEXEDPOLYGONALFACE((6,5,13,12,6));
#2071=IFCINDEXEDPOLYGONALFACE((5,4,14,13,5));
#2072=IFCINDEXEDPOLYGONALFACE((4,3,15,14,4));
#2073=IFCINDEXEDPOLYGONALFACE((3,2,16,15,3));
#2074=IFCINDEXEDPOLYGONALFACE((2,1,9,16,2));
#2075=IFCPOLYGONALFACESET(#2064,$,(#2065,#2066,#2067,#2068,#2069,#2070,#2071,#2072,#2073,#2074),$);
#2076=IFCSHAPEREPRESENTATION(#24,'Body','Tessellation',(#2075));
#2077=IFCPRODUCTDEFINITIONSHAPE($,$,(#2076));
#2078=IFCBUILDINGELEMENTPROXY('2qwHn5baf3E9gxlK2Ov6AN',$,'DEHHALKAP0000r5s',$,$,$,#2103,$,$);
#2079=IFCPROPERTYSET('2pkO9saMb2kuKSX3MpXH4E',$,'Pset_Objektinformation',$,(#2081,#2082,#2083,#2084,#2085,#2086,#2087));
#2080=IFCRELDEFINESBYPROPERTIES('1iLnwEt49EFxrQB$gcLtrD',$,$,$,(#2078),#2079);
#2081=IFCPROPERTYSINGLEVALUE('_IDEbene1',$,IFCLABEL('Gebaeude'),$);
#2082=IFCPROPERTYSINGLEVALUE('_IDEbene2',$,IFCLABEL('Gebaeude'),$);
#2083=IFCPROPERTYSINGLEVALUE('_IDEbene3',$,IFCLABEL('Gebaeude'),$);
#2084=IFCPROPERTYSINGLEVALUE('_GebaeudeID',$,IFCLABEL('DEHHALKAP0000r5s'),$);
#2085=IFCPROPERTYSINGLEVALUE('_GebaeudeHoehe',$,IFCREAL(10.563),$);
#2086=IFCPROPERTYSINGLEVALUE('_AnzahlDerGeschosse',$,IFCINTEGER(1),$);
#2087=IFCPROPERTYSINGLEVALUE('_Postleitzahl',$,IFCLABEL('22559'),$);
#2088=IFCCARTESIANPOINTLIST3D(((550303.277,5935495.78,14.65),(550286.87,5935492.904,14.65),(550285.31,5935501.813,14.65),(550307.558,5935505.707,14.65),(550308.907,5935498.006,14.65),(550311.833,5935491.093,14.65),(550313.768,5935486.524,14.65),(550310.076,5935484.962,14.65),(550308.14,5935489.537,14.65),(550306.257,5935488.739,14.65),(550303.277,5935495.78,23.531),(550306.257,5935488.739,23.531),(550308.14,5935489.537,23.531),(550310.076,5935484.962,23.531),(550313.768,5935486.524,23.531),(550311.833,5935491.093,23.531),(550308.907,5935498.006,23.531),(550307.558,5935505.707,23.531),(550285.31,5935501.813,23.531),(550286.87,5935492.904,23.531)));
#2089=IFCINDEXEDPOLYGONALFACE((1,2,3,4,5,6,7,8,9,10,1));
#2090=IFCINDEXEDPOLYGONALFACE((11,12,13,14,15,16,17,18,19,20,11));
#2091=IFCINDEXEDPOLYGONALFACE((1,10,12,11,1));
#2092=IFCINDEXEDPOLYGONALFACE((10,9,13,12,10));
#2093=IFCINDEXEDPOLYGONALFACE((9,8,14,13,9));
#2094=IFCINDEXEDPOLYGONALFACE((8,7,15,14,8));
#2095=IFCINDEXEDPOLYGONALFACE((7,6,16,15,7));
#2096=IFCINDEXEDPOLYGONALFACE((6,5,17,16,6));
#2097=IFCINDEXEDPOLYGONALFACE((5,4,18,17,5));
#2098=IFCINDEXEDPOLYGONALFACE((4,3,19,18,4));
#2099=IFCINDEXEDPOLYGONALFACE((3,2,20,19,3));
#2100=IFCINDEXEDPOLYGONALFACE((2,1,11,20,2));
#2101=IFCPOLYGONALFACESET(#2088,$,(#2089,#2090,#2091,#2092,#2093,#2094,#2095,#2096,#2097,#2098,#2099,#2100),$);
#2102=IFCSHAPEREPRESENTATION(#24,'Body','Tessellation',(#2101));
#2103=IFCPRODUCTDEFINITIONSHAPE($,$,(#2102));
#2104=IFCBUILDINGELEMENTPROXY('0nbM1e57L1O89lh7ltXyPR',$,'DEHHALKAP0000qzW',$,$,$,#2127,$,$);
#2105=IFCPROPERTYSET('3hK95pDyDCFvCTUlURpnH$',$,'Pset_Objektinformation',$,(#2107,#2108,#2109,#2110,#2111,#2112,#2113));
#2106=IFCRELDEFINESBYPROPERTIES('0aR7zv5zv4dufE5jlDExkg',$,$,$,(#2104),#2105);
#2107=IFCPROPERTYSINGLEVALUE('_IDEbene1',$,IFCLABEL('Gebaeude'),$);
#2108=IFCPROPERTYSINGLEVALUE('_IDEbene2',$,IFCLABEL('Gebaeude'),$);
#2109=IFCPROPERTYSINGLEVALUE('_IDEbene3',$,IFCLABEL('Gebaeude'),$);
#2110=IFCPROPERTYSINGLEVALUE('_GebaeudeID',$,IFCLABEL('DEHHALKAP0000qzW'),$);
#2111=IFCPROPERTYSINGLEVALUE('_GebaeudeHoehe',$,IFCREAL(7.402),$);
#2112=IFCPROPERTYSINGLEVALUE('_AnzahlDerGeschosse',$,IFCINTEGER(1),$);
#2113=IFCPROPERTYSINGLEVALUE('_Postleitzahl',$,IFCLABEL('22559'),$);
#2114=IFCCARTESIANPOINTLIST3D(((550088.969,5935952.076,33.08),(550075.067,5935952.578,33.08),(550075.445,5935963.084,33.08),(550089.377,5935962.58,33.08),(550089.269,5935959.608,33.08),(550090.866,5935959.551,33.08),(550090.762,5935956.672,33.08),(550089.137,5935956.73,33.08),(550088.969,5935952.076,38.023),(550089.137,5935956.73,38.023),(550090.762,5935956.672,38.023),(550090.866,5935959.551,38.023),(550089.269,5935959.608,38.023),(550089.377,5935962.58,38.023),(550075.445,5935963.084,38.023),(550075.067,5935952.578,38.023)));
#2115=IFCINDEXEDPOLYGONALFACE((1,2,3,4,5,6,7,8,1));
#2116=IFCINDEXEDPOLYGONALFACE((9,10,11,12,13,14,15,16,9));
#2117=IFCINDEXEDPOLYGONALFACE((1,8,10,9,1));
#2118=IFCINDEXEDPOLYGONALFACE((8,7,11,10,8));
#2119=IFCINDEXEDPOLYGONALFACE((7,6,12,11,7));
#2120=IFCINDEXEDPOLYGONALFACE((6,5,13,12,6));
#2121=IFCINDEXEDPOLYGONALFACE((5,4,14,13,5));
#2122=IFCINDEXEDPOLYGONALFACE((4,3,15,14,4));
#2123=IFCINDEXEDPOLYGONALFACE((3,2,16,15,3));
#2124=IFCINDEXEDPOLYGONALFACE((2,1,9,16,2));
#2125=IFCPOLYGONALFACESET(#2114,$,(#2115,#2116,#2117,#2118,#2119,#2120,#2121,#2122,#2123,#2124),$);
#2126=IFCSHAPEREPRESENTATION(#24,'Body','Tessellation',(#2125));
#2127=IFCPRODUCTDEFINITIONSHAPE($,$,(#2126));
#2128=IFCBUILDINGELEMENTPROXY('27TImhQifB4Bm5fFmLlG9$',$,'DEHHALKAP0000rBb',$,$,$,#2147,$,$);
#2129=IFCPROPERTYSET('0wWzEvv_LDigFhKoQPXw8m',$,'Pset_Objektinformation',$,(#2131,#2132,#2133,#2134,#2135,#2136,#2137));
#2130=IFCRELDEFINESBYPROPERTIES('0T15Dnkqr9zeybj6bpNJQv',$,$,$,(#2128),#2129);
#2131=IFCPROPERTYSINGLEVALUE('_IDEbene1',$,IFCLABEL('Gebaeude'),$);
#2132=IFCPROPERTYSINGLEVALUE('_IDEbene2',$,IFCLABEL('Gebaeude'),$);
#2133=IFCPROPERTYSINGLEVALUE('_IDEbene3',$,IFCLABEL('Gebaeude'),$);
#2134=IFCPROPERTYSINGLEVALUE('_GebaeudeID',$,IFCLABEL('DEHHALKAP0000rBb'),$);
#2135=IFCPROPERTYSINGLEVALUE('_GebaeudeHoehe',$,IFCREAL(3.),$);
#2136=IFCPROPERTYSINGLEVALUE('_AnzahlDerGeschosse',$,IFCINTEGER(1),$);
#2137=IFCPROPERTYSINGLEVALUE('_Postleitzahl',$,IFCLABEL('22559'),$);
#2138=IFCCARTESIANPOINTLIST3D(((550145.395,5935998.009,34.685),(550148.97,5935999.385,34.685),(550150.931,5935994.285,34.685),(550147.355,5935992.911,34.685),(550145.395,5935998.009,37.685),(550147.355,5935992.911,37.685),(550150.931,5935994.285,37.685),(550148.97,5935999.385,37.685)));
#2139=IFCINDEXEDPOLYGONALFACE((1,2,3,4,1));
#2140=IFCINDEXEDPOLYGONALFACE((5,6,7,8,5));
#2141=IFCINDEXEDPOLYGONALFACE((1,4,6,5,1));
#2142=IFCINDEXEDPOLYGONALFACE((4,3,7,6,4));
#2143=IFCINDEXEDPOLYGONALFACE((3,2,8,7,3));
#2144=IFCINDEXEDPOLYGONALFACE((2,1,5,8,2));
#2145=IFCPOLYGONALFACESET(#2138,$,(#2139,#2140,#2141,#2142,#2143,#2144),$);
#2146=IFCSHAPEREPRESENTATION(#24,'Body','Tessellation',(#2145));
#2147=IFCPRODUCTDEFINITIONSHAPE($,$,(#2146));
#2148=IFCBUILDINGELEMENTPROXY('3jCeOu8eDE$RhAXAzorUP$',$,'DEHHALKAP0000rAH',$,$,$,#2170,$,$);
#2149=IFCPROPERTYSET('1SZejMOGP9O91uamvP3CG7',$,'Pset_Objektinformation',$,(#2151,#2152,#2153,#2154,#2155,#2156,#2157));
#2150=IFCRELDEFINESBYPROPERTIES('0YbUh0TWT17hfK$XrnOZoh',$,$,$,(#2148),#2149);
#2151=IFCPROPERTYSINGLEVALUE('_IDEbene1',$,IFCLABEL('Gebaeude'),$);
#2152=IFCPROPERTYSINGLEVALUE('_IDEbene2',$,IFCLABEL('Gebaeude'),$);
#2153=IFCPROPERTYSINGLEVALUE('_IDEbene3',$,IFCLABEL('Gebaeude'),$);
#2154=IFCPROPERTYSINGLEVALUE('_GebaeudeID',$,IFCLABEL('DEHHALKAP0000rAH'),$);
#2155=IFCPROPERTYSINGLEVALUE('_GebaeudeHoehe',$,IFCREAL(6.145),$);
#2156=IFCPROPERTYSINGLEVALUE('_AnzahlDerGeschosse',$,IFCINTEGER(1),$);
#2157=IFCPROPERTYSINGLEVALUE('_Postleitzahl',$,IFCLABEL('22559'),$);
#2158=IFCCARTESIANPOINTLIST3D(((550350.049,5935933.698,35.445),(550355.479,5935938.439,35.445),(550357.713,5935935.88,35.445),(550363.554,5935935.475,35.445),(550362.802,5935924.636,35.445),(550351.848,5935925.395,35.445),(550352.249,5935931.178,35.445),(550350.049,5935933.698,41.59),(550352.249,5935931.178,41.59),(550351.848,5935925.395,41.59),(550362.802,5935924.636,41.59),(550363.554,5935935.475,41.59),(550357.713,5935935.88,41.59),(550355.479,5935938.439,41.59)));
#2159=IFCINDEXEDPOLYGONALFACE((1,2,3,4,5,6,7,1));
#2160=IFCINDEXEDPOLYGONALFACE((8,9,10,11,12,13,14,8));
#2161=IFCINDEXEDPOLYGONALFACE((1,7,9,8,1));
#2162=IFCINDEXEDPOLYGONALFACE((7,6,10,9,7));
#2163=IFCINDEXEDPOLYGONALFACE((6,5,11,10,6));
#2164=IFCINDEXEDPOLYGONALFACE((5,4,12,11,5));
#2165=IFCINDEXEDPOLYGONALFACE((4,3,13,12,4));
#2166=IFCINDEXEDPOLYGONALFACE((3,2,14,13,3));
#2167=IFCINDEXEDPOLYGONALFACE((2,1,8,14,2));
#2168=IFCPOLYGONALFACESET(#2158,$,(#2159,#2160,#2161,#2162,#2163,#2164,#2165,#2166,#2167),$);
#2169=IFCSHAPEREPRESENTATION(#24,'Body','Tessellation',(#2168));
#2170=IFCPRODUCTDEFINITIONSHAPE($,$,(#2169));
#2171=IFCBUILDINGELEMENTPROXY('2BoCeHb4j5hgZU_D1poOie',$,'DEHHALKAP0000r9x',$,$,$,#2232,$,$);
#2172=IFCPROPERTYSET('0hOTcWmff2K95KJGQ1IdrB',$,'Pset_Objektinformation',$,(#2174,#2175,#2176,#2177,#2178,#2179,#2180));
#2173=IFCRELDEFINESBYPROPERTIES('3K4pEhESLFBhd5AM8346_e',$,$,$,(#2171),#2172);
#2174=IFCPROPERTYSINGLEVALUE('_IDEbene1',$,IFCLABEL('Gebaeude'),$);
#2175=IFCPROPERTYSINGLEVALUE('_IDEbene2',$,IFCLABEL('Gebaeude'),$);
#2176=IFCPROPERTYSINGLEVALUE('_IDEbene3',$,IFCLABEL('Gebaeude'),$);
#2177=IFCPROPERTYSINGLEVALUE('_GebaeudeID',$,IFCLABEL('DEHHALKAP0000r9x'),$);
#2178=IFCPROPERTYSINGLEVALUE('_GebaeudeHoehe',$,IFCREAL(7.903),$);
#2179=IFCPROPERTYSINGLEVALUE('_AnzahlDerGeschosse',$,IFCINTEGER(2),$);
#2180=IFCPROPERTYSINGLEVALUE('_Postleitzahl',$,IFCLABEL('22559'),$);
#2181=IFCCARTESIANPOINTLIST3D(((550095.611,5935738.363,34.496),(550096.363,5935739.025,34.496),(550095.447,5935740.068,34.496),(550095.165,5935740.764,34.496),(550095.289,5935741.383,34.496),(550093.192,5935741.459,34.496),(550093.382,5935753.182,34.496),(550093.721,5935753.119,34.496),(550093.763,5935755.921,34.496),(550094.709,5935756.795,34.496),(550094.056,5935757.58,34.496),(550093.88,5935758.766,34.496),(550094.453,5935759.82,34.496),(550095.062,5935760.2,34.496),(550095.769,5935760.326,34.496),(550096.472,5935760.179,34.496),(550097.069,5935759.781,34.496),(550100.318,5935756.473,34.496),(550101.423,5935757.706,34.496),(550101.551,5935763.507,34.496),(550115.861,5935763.193,34.496),(550115.687,5935755.226,34.496),(550104.941,5935755.461,34.496),(550100.357,5935751.008,34.496),(550100.308,5935743.27,34.496),(550103.357,5935740.133,34.496),(550106.255,5935740.055,34.496),(550106.324,5935741.254,34.496),(550107.545,5935742.115,34.496),(550110.54,5935742.052,34.496),(550111.63,5935740.903,34.496),(550111.451,5935738.504,34.496),(550115.246,5935738.411,34.496),(550115.054,5935730.627,34.496),(550100.946,5935730.971,34.496),(550101.052,5935735.371,34.496),(550100.52,5935735.265,34.496),(550099.994,5935735.399,34.496),(550099.356,5935736.106,34.496),(550098.94,5935736.55,34.496),(550098.056,5935735.896,34.496),(550096.955,5935735.601,34.496),(550095.9,5935736.033,34.496),(550095.508,5935736.536,34.496),(550095.318,5935737.144,34.496),(550095.354,5935737.78,34.496),(550095.611,5935738.363,42.399),(550095.354,5935737.78,42.399),(550095.318,5935737.144,42.399),(550095.508,5935736.536,42.399),(550095.9,5935736.033,42.399),(550096.955,5935735.601,42.399),(550098.056,5935735.896,42.399),(550098.94,5935736.55,42.399),(550099.356,5935736.106,42.399),(550099.994,5935735.399,42.399),(550100.52,5935735.265,42.399),(550101.052,5935735.371,42.399),(550100.946,5935730.971,42.399),(550115.054,5935730.627,42.399),(550115.246,5935738.411,42.399),(550111.451,5935738.504,42.399),(550111.63,5935740.903,42.399),(550110.54,5935742.052,42.399),(550107.545,5935742.115,42.399),(550106.324,5935741.254,42.399),(550106.255,5935740.055,42.399),(550103.357,5935740.133,42.399),(550100.308,5935743.27,42.399),(550100.357,5935751.008,42.399),(550104.941,5935755.461,42.399),(550115.687,5935755.226,42.399),(550115.861,5935763.193,42.399),(550101.551,5935763.507,42.399),(550101.423,5935757.706,42.399),(550100.318,5935756.473,42.399),(550097.069,5935759.781,42.399),(550096.472,5935760.179,42.399),(550095.769,5935760.326,42.399),(550095.062,5935760.2,42.399),(550094.453,5935759.82,42.399),(550093.88,5935758.766,42.399),(550094.056,5935757.58,42.399),(550094.709,5935756.795,42.399),(550093.763,5935755.921,42.399),(550093.721,5935753.119,42.399),(550093.382,5935753.182,42.399),(550093.192,5935741.459,42.399),(550095.289,5935741.383,42.399),(550095.165,5935740.764,42.399),(550095.447,5935740.068,42.399),(550096.363,5935739.025,42.399)));
#2182=IFCINDEXEDPOLYGONALFACE((1,2,3,4,5,6,7,8,9,10,11,12,13,14,15,16,17,18,19,20,21,22,23,24,25,26,27,28,29,30,31,32,33,34,35,36,37,38,39,40,41,42,43,44,45,46,1));
#2183=IFCINDEXEDPOLYGONALFACE((47,48,49,50,51,52,53,54,55,56,57,58,59,60,61,62,63,64,65,66,67,68,69,70,71,72,73,74,75,76,77,78,79,80,81,82,83,84,85,86,87,88,89,90,91,92,47));
#2184=IFCINDEXEDPOLYGONALFACE((1,46,48,47,1));
#2185=IFCINDEXEDPOLYGONALFACE((46,45,49,48,46));
#2186=IFCINDEXEDPOLYGONALFACE((45,44,50,49,45));
#2187=IFCINDEXEDPOLYGONALFACE((44,43,51,50,44));
#2188=IFCINDEXEDPOLYGONALFACE((43,42,52,51,43));
#2189=IFCINDEXEDPOLYGONALFACE((42,41,53,52,42));
#2190=IFCINDEXEDPOLYGONALFACE((41,40,54,53,41));
#2191=IFCINDEXEDPOLYGONALFACE((40,39,55,54,40));
#2192=IFCINDEXEDPOLYGONALFACE((39,38,56,55,39));
#2193=IFCINDEXEDPOLYGONALFACE((38,37,57,56,38));
#2194=IFCINDEXEDPOLYGONALFACE((37,36,58,57,37));
#2195=IFCINDEXEDPOLYGONALFACE((36,35,59,58,36));
#2196=IFCINDEXEDPOLYGONALFACE((35,34,60,59,35));
#2197=IFCINDEXEDPOLYGONALFACE((34,33,61,60,34));
#2198=IFCINDEXEDPOLYGONALFACE((33,32,62,61,33));
#2199=IFCINDEXEDPOLYGONALFACE((32,31,63,62,32));
#2200=IFCINDEXEDPOLYGONALFACE((31,30,64,63,31));
#2201=IFCINDEXEDPOLYGONALFACE((30,29,65,64,30));
#2202=IFCINDEXEDPOLYGONALFACE((29,28,66,65,29));
#2203=IFCINDEXEDPOLYGONALFACE((28,27,67,66,28));
#2204=IFCINDEXEDPOLYGONALFACE((27,26,68,67,27));
#2205=IFCINDEXEDPOLYGONALFACE((26,25,69,68,26));
#2206=IFCINDEXEDPOLYGONALFACE((25,24,70,69,25));
#2207=IFCINDEXEDPOLYGONALFACE((24,23,71,70,24));
#2208=IFCINDEXEDPOLYGONALFACE((23,22,72,71,23));
#2209=IFCINDEXEDPOLYGONALFACE((22,21,73,72,22));
#2210=IFCINDEXEDPOLYGONALFACE((21,20,74,73,21));
#2211=IFCINDEXEDPOLYGONALFACE((20,19,75,74,20));
#2212=IFCINDEXEDPOLYGONALFACE((19,18,76,75,19));
#2213=IFCINDEXEDPOLYGONALFACE((18,17,77,76,18));
#2214=IFCINDEXEDPOLYGONALFACE((17,16,78,77,17));
#2215=IFCINDEXEDPOLYGONALFACE((16,15,79,78,16));
#2216=IFCINDEXEDPOLYGONALFACE((15,14,80,79,15));
#2217=IFCINDEXEDPOLYGONALFACE((14,13,81,80,14));
#2218=IFCINDEXEDPOLYGONALFACE((13,12,82,81,13));
#2219=IFCINDEXEDPOLYGONALFACE((12,11,83,82,12));
#2220=IFCINDEXEDPOLYGONALFACE((11,10,84,83,11));
#2221=IFCINDEXEDPOLYGONALFACE((10,9,85,84,10));
#2222=IFCINDEXEDPOLYGONALFACE((9,8,86,85,9));
#2223=IFCINDEXEDPOLYGONALFACE((8,7,87,86,8));
#2224=IFCINDEXEDPOLYGONALFACE((7,6,88,87,7));
#2225=IFCINDEXEDPOLYGONALFACE((6,5,89,88,6));
#2226=IFCINDEXEDPOLYGONALFACE((5,4,90,89,5));
#2227=IFCINDEXEDPOLYGONALFACE((4,3,91,90,4));
#2228=IFCINDEXEDPOLYGONALFACE((3,2,92,91,3));
#2229=IFCINDEXEDPOLYGONALFACE((2,1,47,92,2));
#2230=IFCPOLYGONALFACESET(#2181,$,(#2182,#2183,#2184,#2185,#2186,#2187,#2188,#2189,#2190,#2191,#2192,#2193,#2194,#2195,#2196,#2197,#2198,#2199,#2200,#2201,#2202,#2203,#2204,#2205,#2206,#2207,#2208,#2209,#2210,#2211,#2212,#2213,#2214,#2215,#2216,#2217,#2218,#2219,#2220,#2221,#2222,#2223,#2224,#2225,#2226,#2227,#2228,#2229),$);
#2231=IFCSHAPEREPRESENTATION(#24,'Body','Tessellation',(#2230));
#2232=IFCPRODUCTDEFINITIONSHAPE($,$,(#2231));
#2233=IFCBUILDINGELEMENTPROXY('1P1vrdDbb7DxyHYPUZ2ltu',$,'DEHHALKAP0000rGj',$,$,$,#2252,$,$);
#2234=IFCPROPERTYSET('2t$tk0axvEXv7rE_8AWAZe',$,'Pset_Objektinformation',$,(#2236,#2237,#2238,#2239,#2240,#2241,#2242));
#2235=IFCRELDEFINESBYPROPERTIES('3dHFRlbYD5WexGMalKjQUU',$,$,$,(#2233),#2234);
#2236=IFCPROPERTYSINGLEVALUE('_IDEbene1',$,IFCLABEL('Gebaeude'),$);
#2237=IFCPROPERTYSINGLEVALUE('_IDEbene2',$,IFCLABEL('Gebaeude'),$);
#2238=IFCPROPERTYSINGLEVALUE('_IDEbene3',$,IFCLABEL('Gebaeude'),$);
#2239=IFCPROPERTYSINGLEVALUE('_GebaeudeID',$,IFCLABEL('DEHHALKAP0000rGj'),$);
#2240=IFCPROPERTYSINGLEVALUE('_GebaeudeHoehe',$,IFCREAL(3.),$);
#2241=IFCPROPERTYSINGLEVALUE('_AnzahlDerGeschosse',$,IFCINTEGER(1),$);
#2242=IFCPROPERTYSINGLEVALUE('_Postleitzahl',$,IFCLABEL('22559'),$);
#2243=IFCCARTESIANPOINTLIST3D(((550139.933,5935388.209,4.34),(550139.902,5935389.485,4.34),(550142.956,5935389.559,4.34),(550142.987,5935388.282,4.34),(550139.933,5935388.209,7.34),(550142.987,5935388.282,7.34),(550142.956,5935389.559,7.34),(550139.902,5935389.485,7.34)));
#2244=IFCINDEXEDPOLYGONALFACE((1,2,3,4,1));
#2245=IFCINDEXEDPOLYGONALFACE((5,6,7,8,5));
#2246=IFCINDEXEDPOLYGONALFACE((1,4,6,5,1));
#2247=IFCINDEXEDPOLYGONALFACE((4,3,7,6,4));
#2248=IFCINDEXEDPOLYGONALFACE((3,2,8,7,3));
#2249=IFCINDEXEDPOLYGONALFACE((2,1,5,8,2));
#2250=IFCPOLYGONALFACESET(#2243,$,(#2244,#2245,#2246,#2247,#2248,#2249),$);
#2251=IFCSHAPEREPRESENTATION(#24,'Body','Tessellation',(#2250));
#2252=IFCPRODUCTDEFINITIONSHAPE($,$,(#2251));
#2253=IFCBUILDINGELEMENTPROXY('2yU1v$5WrEee6tCLnCa5pR',$,'DEHHALKAP0000rRC',$,$,$,#2275,$,$);
#2254=IFCPROPERTYSET('2K1gSxkZ9C5eZbUAsfJvme',$,'Pset_Objektinformation',$,(#2256,#2257,#2258,#2259,#2260,#2261,#2262));
#2255=IFCRELDEFINESBYPROPERTIES('1WP2eEuor5VALav9mXs99c',$,$,$,(#2253),#2254);
#2256=IFCPROPERTYSINGLEVALUE('_IDEbene1',$,IFCLABEL('Gebaeude'),$);
#2257=IFCPROPERTYSINGLEVALUE('_IDEbene2',$,IFCLABEL('Gebaeude'),$);
#2258=IFCPROPERTYSINGLEVALUE('_IDEbene3',$,IFCLABEL('Gebaeude'),$);
#2259=IFCPROPERTYSINGLEVALUE('_GebaeudeID',$,IFCLABEL('DEHHALKAP0000rRC'),$);
#2260=IFCPROPERTYSINGLEVALUE('_GebaeudeHoehe',$,IFCREAL(7.085),$);
#2261=IFCPROPERTYSINGLEVALUE('_AnzahlDerGeschosse',$,IFCINTEGER(1),$);
#2262=IFCPROPERTYSINGLEVALUE('_Postleitzahl',$,IFCLABEL('22559'),$);
#2263=IFCCARTESIANPOINTLIST3D(((550341.899,5935936.753,34.455),(550342.647,5935947.623,34.455),(550353.579,5935946.871,34.455),(550353.18,5935941.073,34.455),(550355.479,5935938.439,34.455),(550350.049,5935933.698,34.455),(550347.732,5935936.352,34.455),(550341.899,5935936.753,41.54),(550347.732,5935936.352,41.54),(550350.049,5935933.698,41.54),(550355.479,5935938.439,41.54),(550353.18,5935941.073,41.54),(550353.579,5935946.871,41.54),(550342.647,5935947.623,41.54)));
#2264=IFCINDEXEDPOLYGONALFACE((1,2,3,4,5,6,7,1));
#2265=IFCINDEXEDPOLYGONALFACE((8,9,10,11,12,13,14,8));
#2266=IFCINDEXEDPOLYGONALFACE((1,7,9,8,1));
#2267=IFCINDEXEDPOLYGONALFACE((7,6,10,9,7));
#2268=IFCINDEXEDPOLYGONALFACE((6,5,11,10,6));
#2269=IFCINDEXEDPOLYGONALFACE((5,4,12,11,5));
#2270=IFCINDEXEDPOLYGONALFACE((4,3,13,12,4));
#2271=IFCINDEXEDPOLYGONALFACE((3,2,14,13,3));
#2272=IFCINDEXEDPOLYGONALFACE((2,1,8,14,2));
#2273=IFCPOLYGONALFACESET(#2263,$,(#2264,#2265,#2266,#2267,#2268,#2269,#2270,#2271,#2272),$);
#2274=IFCSHAPEREPRESENTATION(#24,'Body','Tessellation',(#2273));
#2275=IFCPRODUCTDEFINITIONSHAPE($,$,(#2274));
#2276=IFCBUILDINGELEMENTPROXY('0Ao7iz2412QAvLOMYQtWmf',$,'DEHHALKAP0000qQc',$,$,$,#2302,$,$);
#2277=IFCPROPERTYSET('2eCk4izk5DhgX2Ejo0yWDT',$,'Pset_Objektinformation',$,(#2279,#2280,#2281,#2282,#2283,#2284,#2285));
#2278=IFCRELDEFINESBYPROPERTIES('2sVWPEuXz6TxLpQQZd6M3A',$,$,$,(#2276),#2277);
#2279=IFCPROPERTYSINGLEVALUE('_IDEbene1',$,IFCLABEL('Gebaeude'),$);
#2280=IFCPROPERTYSINGLEVALUE('_IDEbene2',$,IFCLABEL('Gebaeude'),$);
#2281=IFCPROPERTYSINGLEVALUE('_IDEbene3',$,IFCLABEL('Gebaeude'),$);
#2282=IFCPROPERTYSINGLEVALUE('_GebaeudeID',$,IFCLABEL('DEHHALKAP0000qQc'),$);
#2283=IFCPROPERTYSINGLEVALUE('_GebaeudeHoehe',$,IFCREAL(3.979),$);
#2284=IFCPROPERTYSINGLEVALUE('_AnzahlDerGeschosse',$,IFCINTEGER(1),$);
#2285=IFCPROPERTYSINGLEVALUE('_Postleitzahl',$,IFCLABEL('22587'),$);
#2286=IFCCARTESIANPOINTLIST3D(((550774.251,5935827.378,53.784),(550772.057,5935827.839,53.784),(550770.687,5935829.167,53.784),(550770.883,5935831.642,53.784),(550772.455,5935833.,53.784),(550774.834,5935832.9,53.784),(550775.237,5935833.136,53.784),(550776.683,5935831.71,53.784),(550776.327,5935831.348,53.784),(550775.809,5935828.716,53.784),(550775.487,5935828.44,53.784),(550774.251,5935827.378,57.457),(550775.487,5935828.44,57.457),(550775.809,5935828.716,57.457),(550776.327,5935831.348,57.457),(550776.683,5935831.71,57.457),(550775.237,5935833.136,57.457),(550774.834,5935832.9,57.457),(550772.455,5935833.,57.457),(550770.883,5935831.642,57.457),(550770.687,5935829.167,57.457),(550772.057,5935827.839,57.457)));
#2287=IFCINDEXEDPOLYGONALFACE((1,2,3,4,5,6,7,8,9,10,11,1));
#2288=IFCINDEXEDPOLYGONALFACE((12,13,14,15,16,17,18,19,20,21,22,12));
#2289=IFCINDEXEDPOLYGONALFACE((1,11,13,12,1));
#2290=IFCINDEXEDPOLYGONALFACE((11,10,14,13,11));
#2291=IFCINDEXEDPOLYGONALFACE((10,9,15,14,10));
#2292=IFCINDEXEDPOLYGONALFACE((9,8,16,15,9));
#2293=IFCINDEXEDPOLYGONALFACE((8,7,17,16,8));
#2294=IFCINDEXEDPOLYGONALFACE((7,6,18,17,7));
#2295=IFCINDEXEDPOLYGONALFACE((6,5,19,18,6));
#2296=IFCINDEXEDPOLYGONALFACE((5,4,20,19,5));
#2297=IFCINDEXEDPOLYGONALFACE((4,3,21,20,4));
#2298=IFCINDEXEDPOLYGONALFACE((3,2,22,21,3));
#2299=IFCINDEXEDPOLYGONALFACE((2,1,12,22,2));
#2300=IFCPOLYGONALFACESET(#2286,$,(#2287,#2288,#2289,#2290,#2291,#2292,#2293,#2294,#2295,#2296,#2297,#2298,#2299),$);
#2301=IFCSHAPEREPRESENTATION(#24,'Body','Tessellation',(#2300));
#2302=IFCPRODUCTDEFINITIONSHAPE($,$,(#2301));
#2303=IFCBUILDINGELEMENTPROXY('0S7JmzIzjBLhwJnNsYFju7',$,'DEHHALKAP0000s60',$,$,$,#2348,$,$);
#2304=IFCPROPERTYSET('10dOfw2zT51fM58H_dM3HS',$,'Pset_Objektinformation',$,(#2306,#2307,#2308,#2309,#2310,#2311,#2312));
#2305=IFCRELDEFINESBYPROPERTIES('2A34p7r0b1nP$Xijx2cj5I',$,$,$,(#2303),#2304);
#2306=IFCPROPERTYSINGLEVALUE('_IDEbene1',$,IFCLABEL('Gebaeude'),$);
#2307=IFCPROPERTYSINGLEVALUE('_IDEbene2',$,IFCLABEL('Gebaeude'),$);
#2308=IFCPROPERTYSINGLEVALUE('_IDEbene3',$,IFCLABEL('Gebaeude'),$);
#2309=IFCPROPERTYSINGLEVALUE('_GebaeudeID',$,IFCLABEL('DEHHALKAP0000s60'),$);
#2310=IFCPROPERTYSINGLEVALUE('_GebaeudeHoehe',$,IFCREAL(15.551),$);
#2311=IFCPROPERTYSINGLEVALUE('_AnzahlDerGeschosse',$,IFCINTEGER(4),$);
#2312=IFCPROPERTYSINGLEVALUE('_Postleitzahl',$,IFCLABEL('22587'),$);
#2313=IFCCARTESIANPOINTLIST3D(((550842.883,5935760.065,62.2),(550844.615,5935753.161,62.2),(550843.299,5935752.247,62.2),(550841.558,5935751.604,62.2),(550840.713,5935751.322,62.2),(550839.822,5935751.321,62.2),(550838.827,5935751.69,62.2),(550832.143,5935749.991,62.2),(550831.025,5935749.179,62.2),(550829.151,5935748.388,62.2),(550828.167,5935748.146,62.2),(550827.153,5935748.129,62.2),(550826.029,5935748.723,62.2),(550817.862,5935746.677,62.2),(550816.293,5935752.899,62.2),(550815.409,5935752.675,62.2),(550815.353,5935752.879,62.2),(550814.323,5935754.522,62.2),(550813.975,5935755.56,62.2),(550813.831,5935756.646,62.2),(550814.008,5935758.258,62.2),(550813.965,5935758.441,62.2),(550814.842,5935758.668,62.2),(550813.1,5935765.568,62.2),(550813.046,5935765.781,62.2),(550831.301,5935770.391,62.2),(550839.822,5935772.54,62.2),(550841.906,5935764.014,62.2),(550845.452,5935764.905,62.2),(550846.431,5935760.953,62.2),(550842.883,5935760.065,72.434),(550846.431,5935760.953,72.434),(550845.452,5935764.905,72.434),(550841.906,5935764.014,72.434),(550839.822,5935772.54,72.434),(550831.301,5935770.391,72.434),(550813.046,5935765.781,72.434),(550813.1,5935765.568,72.434),(550814.842,5935758.668,72.434),(550813.965,5935758.441,72.434),(550814.008,5935758.258,72.434),(550813.831,5935756.646,72.434),(550813.975,5935755.56,72.434),(550814.323,5935754.522,72.434),(550815.353,5935752.879,72.434),(550815.409,5935752.675,72.434),(550816.293,5935752.899,72.434),(550817.862,5935746.677,72.434),(550826.029,5935748.723,72.434),(550827.153,5935748.129,72.434),(550828.167,5935748.146,72.434),(550829.151,5935748.388,72.434),(550831.025,5935749.179,72.434),(550832.143,5935749.991,72.434),(550838.827,5935751.69,72.434),(550839.822,5935751.321,72.434),(550840.713,5935751.322,72.434),(550841.558,5935751.604,72.434),(550843.299,5935752.247,72.434),(550844.615,5935753.161,72.434)));
#2314=IFCINDEXEDPOLYGONALFACE((1,2,3,4,5,6,7,8,9,10,11,12,13,14,15,16,17,18,19,20,21,22,23,24,25,26,27,28,29,30,1));
#2315=IFCINDEXEDPOLYGONALFACE((31,32,33,34,35,36,37,38,39,40,41,42,43,44,45,46,47,48,49,50,51,52,53,54,55,56,57,58,59,60,31));
#2316=IFCINDEXEDPOLYGONALFACE((1,30,32,31,1));
#2317=IFCINDEXEDPOLYGONALFACE((30,29,33,32,30));
#2318=IFCINDEXEDPOLYGONALFACE((29,28,34,33,29));
#2319=IFCINDEXEDPOLYGONALFACE((28,27,35,34,28));
#2320=IFCINDEXEDPOLYGONALFACE((27,26,36,35,27));
#2321=IFCINDEXEDPOLYGONALFACE((26,25,37,36,26));
#2322=IFCINDEXEDPOLYGONALFACE((25,24,38,37,25));
#2323=IFCINDEXEDPOLYGONALFACE((24,23,39,38,24));
#2324=IFCINDEXEDPOLYGONALFACE((23,22,40,39,23));
#2325=IFCINDEXEDPOLYGONALFACE((22,21,41,40,22));
#2326=IFCINDEXEDPOLYGONALFACE((21,20,42,41,21));
#2327=IFCINDEXEDPOLYGONALFACE((20,19,43,42,20));
#2328=IFCINDEXEDPOLYGONALFACE((19,18,44,43,19));
#2329=IFCINDEXEDPOLYGONALFACE((18,17,45,44,18));
#2330=IFCINDEXEDPOLYGONALFACE((17,16,46,45,17));
#2331=IFCINDEXEDPOLYGONALFACE((16,15,47,46,16));
#2332=IFCINDEXEDPOLYGONALFACE((15,14,48,47,15));
#2333=IFCINDEXEDPOLYGONALFACE((14,13,49,48,14));
#2334=IFCINDEXEDPOLYGONALFACE((13,12,50,49,13));
#2335=IFCINDEXEDPOLYGONALFACE((12,11,51,50,12));
#2336=IFCINDEXEDPOLYGONALFACE((11,10,52,51,11));
#2337=IFCINDEXEDPOLYGONALFACE((10,9,53,52,10));
#2338=IFCINDEXEDPOLYGONALFACE((9,8,54,53,9));
#2339=IFCINDEXEDPOLYGONALFACE((8,7,55,54,8));
#2340=IFCINDEXEDPOLYGONALFACE((7,6,56,55,7));
#2341=IFCINDEXEDPOLYGONALFACE((6,5,57,56,6));
#2342=IFCINDEXEDPOLYGONALFACE((5,4,58,57,5));
#2343=IFCINDEXEDPOLYGONALFACE((4,3,59,58,4));
#2344=IFCINDEXEDPOLYGONALFACE((3,2,60,59,3));
#2345=IFCINDEXEDPOLYGONALFACE((2,1,31,60,2));
#2346=IFCPOLYGONALFACESET(#2313,$,(#2314,#2315,#2316,#2317,#2318,#2319,#2320,#2321,#2322,#2323,#2324,#2325,#2326,#2327,#2328,#2329,#2330,#2331,#2332,#2333,#2334,#2335,#2336,#2337,#2338,#2339,#2340,#2341,#2342,#2343,#2344,#2345),$);
#2347=IFCSHAPEREPRESENTATION(#24,'Body','Tessellation',(#2346));
#2348=IFCPRODUCTDEFINITIONSHAPE($,$,(#2347));
#2349=IFCBUILDINGELEMENTPROXY('0fpXOAvrj39QApughJPfxx',$,'DEHHALKAP0000rJI',$,$,$,#2376,$,$);
#2350=IFCPROPERTYSET('1ZBwudSNn1ExOg7y1McYHu',$,'Pset_Objektinformation',$,(#2352,#2353,#2354,#2355,#2356,#2357,#2358));
#2351=IFCRELDEFINESBYPROPERTIES('1EgExz54jBvBLCm1BDjFtu',$,$,$,(#2349),#2350);
#2352=IFCPROPERTYSINGLEVALUE('_IDEbene1',$,IFCLABEL('Gebaeude'),$);
#2353=IFCPROPERTYSINGLEVALUE('_IDEbene2',$,IFCLABEL('Gebaeude'),$);
#2354=IFCPROPERTYSINGLEVALUE('_IDEbene3',$,IFCLABEL('Gebaeude'),$);
#2355=IFCPROPERTYSINGLEVALUE('_GebaeudeID',$,IFCLABEL('DEHHALKAP0000rJI'),$);
#2356=IFCPROPERTYSINGLEVALUE('_GebaeudeHoehe',$,IFCREAL(9.992),$);
#2357=IFCPROPERTYSINGLEVALUE('_AnzahlDerGeschosse',$,IFCINTEGER(2),$);
#2358=IFCPROPERTYSINGLEVALUE('_Postleitzahl',$,IFCLABEL('22587'),$);
#2359=IFCCARTESIANPOINTLIST3D(((550564.712,5935816.681,40.215),(550563.506,5935814.681,40.215),(550559.762,5935816.94,40.215),(550560.986,5935818.968,40.215),(550560.257,5935819.408,40.215),(550561.447,5935821.381,40.215),(550560.931,5935821.692,40.215),(550561.974,5935823.423,40.215),(550562.468,5935823.125,40.215),(550565.971,5935828.934,40.215),(550584.939,5935817.494,40.215),(550579.185,5935807.952,40.215),(550564.712,5935816.681,49.334),(550579.185,5935807.952,49.334),(550584.939,5935817.494,49.334),(550565.971,5935828.934,49.334),(550562.468,5935823.125,49.334),(550561.974,5935823.423,49.334),(550560.931,5935821.692,49.334),(550561.447,5935821.381,49.334),(550560.257,5935819.408,49.334),(550560.986,5935818.968,49.334),(550559.762,5935816.94,49.334),(550563.506,5935814.681,49.334)));
#2360=IFCINDEXEDPOLYGONALFACE((1,2,3,4,5,6,7,8,9,10,11,12,1));
#2361=IFCINDEXEDPOLYGONALFACE((13,14,15,16,17,18,19,20,21,22,23,24,13));
#2362=IFCINDEXEDPOLYGONALFACE((1,12,14,13,1));
#2363=IFCINDEXEDPOLYGONALFACE((12,11,15,14,12));
#2364=IFCINDEXEDPOLYGONALFACE((11,10,16,15,11));
#2365=IFCINDEXEDPOLYGONALFACE((10,9,17,16,10));
#2366=IFCINDEXEDPOLYGONALFACE((9,8,18,17,9));
#2367=IFCINDEXEDPOLYGONALFACE((8,7,19,18,8));
#2368=IFCINDEXEDPOLYGONALFACE((7,6,20,19,7));
#2369=IFCINDEXEDPOLYGONALFACE((6,5,21,20,6));
#2370=IFCINDEXEDPOLYGONALFACE((5,4,22,21,5));
#2371=IFCINDEXEDPOLYGONALFACE((4,3,23,22,4));
#2372=IFCINDEXEDPOLYGONALFACE((3,2,24,23,3));
#2373=IFCINDEXEDPOLYGONALFACE((2,1,13,24,2));
#2374=IFCPOLYGONALFACESET(#2359,$,(#2360,#2361,#2362,#2363,#2364,#2365,#2366,#2367,#2368,#2369,#2370,#2371,#2372,#2373),$);
#2375=IFCSHAPEREPRESENTATION(#24,'Body','Tessellation',(#2374));
#2376=IFCPRODUCTDEFINITIONSHAPE($,$,(#2375));
#2377=IFCBUILDINGELEMENTPROXY('2G1QB9gOzCyuh$MGqSYPZv',$,'DEHHALKAP0000sGD',$,$,$,#2396,$,$);
#2378=IFCPROPERTYSET('1ww5tjf41EbuE2w2wIak4p',$,'Pset_Objektinformation',$,(#2380,#2381,#2382,#2383,#2384,#2385,#2386));
#2379=IFCRELDEFINESBYPROPERTIES('3ciGhjvgj2Puo9$PVMEkBi',$,$,$,(#2377),#2378);
#2380=IFCPROPERTYSINGLEVALUE('_IDEbene1',$,IFCLABEL('Gebaeude'),$);
#2381=IFCPROPERTYSINGLEVALUE('_IDEbene2',$,IFCLABEL('Gebaeude'),$);
#2382=IFCPROPERTYSINGLEVALUE('_IDEbene3',$,IFCLABEL('Gebaeude'),$);
#2383=IFCPROPERTYSINGLEVALUE('_GebaeudeID',$,IFCLABEL('DEHHALKAP0000sGD'),$);
#2384=IFCPROPERTYSINGLEVALUE('_GebaeudeHoehe',$,IFCREAL(6.033),$);
#2385=IFCPROPERTYSINGLEVALUE('_AnzahlDerGeschosse',$,IFCINTEGER(1),$);
#2386=IFCPROPERTYSINGLEVALUE('_Postleitzahl',$,IFCLABEL('22587'),$);
#2387=IFCCARTESIANPOINTLIST3D(((550892.427,5935680.027,54.714),(550881.548,5935685.078,54.714),(550883.976,5935690.309,54.714),(550894.856,5935685.258,54.714),(550892.427,5935680.027,59.253),(550894.856,5935685.258,59.253),(550883.976,5935690.309,59.253),(550881.548,5935685.078,59.253)));
#2388=IFCINDEXEDPOLYGONALFACE((1,2,3,4,1));
#2389=IFCINDEXEDPOLYGONALFACE((5,6,7,8,5));
#2390=IFCINDEXEDPOLYGONALFACE((1,4,6,5,1));
#2391=IFCINDEXEDPOLYGONALFACE((4,3,7,6,4));
#2392=IFCINDEXEDPOLYGONALFACE((3,2,8,7,3));
#2393=IFCINDEXEDPOLYGONALFACE((2,1,5,8,2));
#2394=IFCPOLYGONALFACESET(#2387,$,(#2388,#2389,#2390,#2391,#2392,#2393),$);
#2395=IFCSHAPEREPRESENTATION(#24,'Body','Tessellation',(#2394));
#2396=IFCPRODUCTDEFINITIONSHAPE($,$,(#2395));
#2397=IFCBUILDINGELEMENTPROXY('0XkOkXH4L7ZRBbYfV14AbL',$,'DEHHALKAP0000rV9',$,$,$,#2430,$,$);
#2398=IFCPROPERTYSET('0ypc4wvGLD5uCisYMbKnom',$,'Pset_Objektinformation',$,(#2400,#2401,#2402,#2403,#2404,#2405,#2406));
#2399=IFCRELDEFINESBYPROPERTIES('33E1JH3wj2iRHMwYPezoB4',$,$,$,(#2397),#2398);
#2400=IFCPROPERTYSINGLEVALUE('_IDEbene1',$,IFCLABEL('Gebaeude'),$);
#2401=IFCPROPERTYSINGLEVALUE('_IDEbene2',$,IFCLABEL('Gebaeude'),$);
#2402=IFCPROPERTYSINGLEVALUE('_IDEbene3',$,IFCLABEL('Gebaeude'),$);
#2403=IFCPROPERTYSINGLEVALUE('_GebaeudeID',$,IFCLABEL('DEHHALKAP0000rV9'),$);
#2404=IFCPROPERTYSINGLEVALUE('_GebaeudeHoehe',$,IFCREAL(9.215),$);
#2405=IFCPROPERTYSINGLEVALUE('_AnzahlDerGeschosse',$,IFCINTEGER(2),$);
#2406=IFCPROPERTYSINGLEVALUE('_Postleitzahl',$,IFCLABEL('22559'),$);
#2407=IFCCARTESIANPOINTLIST3D(((550233.367,5935432.705,6.06),(550234.275,5935429.951,6.06),(550208.099,5935422.403,6.06),(550209.601,5935417.192,6.06),(550205.134,5935415.907,6.06),(550200.437,5935432.198,6.06),(550205.518,5935433.663,6.06),(550204.98,5935435.527,6.06),(550229.462,5935442.586,6.06),(550229.85,5935441.241,6.06),(550233.486,5935442.29,6.06),(550232.897,5935443.991,6.06),(550240.934,5935446.647,6.06),(550243.361,5935439.3,6.06),(550242.706,5935439.084,6.06),(550243.061,5935438.012,6.06),(550244.493,5935438.486,6.06),(550245.14,5935436.53,6.06),(550233.367,5935432.705,13.256),(550245.14,5935436.53,13.256),(550244.493,5935438.486,13.256),(550243.061,5935438.012,13.256),(550242.706,5935439.084,13.256),(550243.361,5935439.3,13.256),(550240.934,5935446.647,13.256),(550232.897,5935443.991,13.256),(550233.486,5935442.29,13.256),(550229.85,5935441.241,13.256),(550229.462,5935442.586,13.256),(550204.98,5935435.527,13.256),(550205.518,5935433.663,13.256),(550200.437,5935432.198,13.256),(550205.134,5935415.907,13.256),(550209.601,5935417.192,13.256),(550208.099,5935422.403,13.256),(550234.275,5935429.951,13.256)));
#2408=IFCINDEXEDPOLYGONALFACE((1,2,3,4,5,6,7,8,9,10,11,12,13,14,15,16,17,18,1));
#2409=IFCINDEXEDPOLYGONALFACE((19,20,21,22,23,24,25,26,27,28,29,30,31,32,33,34,35,36,19));
#2410=IFCINDEXEDPOLYGONALFACE((1,18,20,19,1));
#2411=IFCINDEXEDPOLYGONALFACE((18,17,21,20,18));
#2412=IFCINDEXEDPOLYGONALFACE((17,16,22,21,17));
#2413=IFCINDEXEDPOLYGONALFACE((16,15,23,22,16));
#2414=IFCINDEXEDPOLYGONALFACE((15,14,24,23,15));
#2415=IFCINDEXEDPOLYGONALFACE((14,13,25,24,14));
#2416=IFCINDEXEDPOLYGONALFACE((13,12,26,25,13));
#2417=IFCINDEXEDPOLYGONALFACE((12,11,27,26,12));
#2418=IFCINDEXEDPOLYGONALFACE((11,10,28,27,11));
#2419=IFCINDEXEDPOLYGONALFACE((10,9,29,28,10));
#2420=IFCINDEXEDPOLYGONALFACE((9,8,30,29,9));
#2421=IFCINDEXEDPOLYGONALFACE((8,7,31,30,8));
#2422=IFCINDEXEDPOLYGONALFACE((7,6,32,31,7));
#2423=IFCINDEXEDPOLYGONALFACE((6,5,33,32,6));
#2424=IFCINDEXEDPOLYGONALFACE((5,4,34,33,5));
#2425=IFCINDEXEDPOLYGONALFACE((4,3,35,34,4));
#2426=IFCINDEXEDPOLYGONALFACE((3,2,36,35,3));
#2427=IFCINDEXEDPOLYGONALFACE((2,1,19,36,2));
#2428=IFCPOLYGONALFACESET(#2407,$,(#2408,#2409,#2410,#2411,#2412,#2413,#2414,#2415,#2416,#2417,#2418,#2419,#2420,#2421,#2422,#2423,#2424,#2425,#2426,#2427),$);
#2429=IFCSHAPEREPRESENTATION(#24,'Body','Tessellation',(#2428));
#2430=IFCPRODUCTDEFINITIONSHAPE($,$,(#2429));
#2431=IFCBUILDINGELEMENTPROXY('2xNo3atOD3nBBliykM3N7w',$,'DEHHALKAP0000s4i',$,$,$,#2454,$,$);
#2432=IFCPROPERTYSET('1QvVISHXz4pOLKoLeOTz9Q',$,'Pset_Objektinformation',$,(#2434,#2435,#2436,#2437,#2438,#2439,#2440));
#2433=IFCRELDEFINESBYPROPERTIES('3wVrjgEx5BlAcSlYsl39go',$,$,$,(#2431),#2432);
#2434=IFCPROPERTYSINGLEVALUE('_IDEbene1',$,IFCLABEL('Gebaeude'),$);
#2435=IFCPROPERTYSINGLEVALUE('_IDEbene2',$,IFCLABEL('Gebaeude'),$);
#2436=IFCPROPERTYSINGLEVALUE('_IDEbene3',$,IFCLABEL('Gebaeude'),$);
#2437=IFCPROPERTYSINGLEVALUE('_GebaeudeID',$,IFCLABEL('DEHHALKAP0000s4i'),$);
#2438=IFCPROPERTYSINGLEVALUE('_GebaeudeHoehe',$,IFCREAL(12.143),$);
#2439=IFCPROPERTYSINGLEVALUE('_AnzahlDerGeschosse',$,IFCINTEGER(2),$);
#2440=IFCPROPERTYSINGLEVALUE('_Postleitzahl',$,IFCLABEL('22559'),$);
#2441=IFCCARTESIANPOINTLIST3D(((550244.662,5935421.749,4.493),(550245.598,5935418.911,4.493),(550235.858,5935415.699,4.493),(550233.251,5935423.607,4.493),(550236.06,5935424.534,4.493),(550233.367,5935432.705,4.493),(550254.049,5935439.425,4.493),(550261.832,5935427.443,4.493),(550244.662,5935421.749,12.785),(550261.832,5935427.443,12.785),(550254.049,5935439.425,12.785),(550233.367,5935432.705,12.785),(550236.06,5935424.534,12.785),(550233.251,5935423.607,12.785),(550235.858,5935415.699,12.785),(550245.598,5935418.911,12.785)));
#2442=IFCINDEXEDPOLYGONALFACE((1,2,3,4,5,6,7,8,1));
#2443=IFCINDEXEDPOLYGONALFACE((9,10,11,12,13,14,15,16,9));
#2444=IFCINDEXEDPOLYGONALFACE((1,8,10,9,1));
#2445=IFCINDEXEDPOLYGONALFACE((8,7,11,10,8));
#2446=IFCINDEXEDPOLYGONALFACE((7,6,12,11,7));
#2447=IFCINDEXEDPOLYGONALFACE((6,5,13,12,6));
#2448=IFCINDEXEDPOLYGONALFACE((5,4,14,13,5));
#2449=IFCINDEXEDPOLYGONALFACE((4,3,15,14,4));
#2450=IFCINDEXEDPOLYGONALFACE((3,2,16,15,3));
#2451=IFCINDEXEDPOLYGONALFACE((2,1,9,16,2));
#2452=IFCPOLYGONALFACESET(#2441,$,(#2442,#2443,#2444,#2445,#2446,#2447,#2448,#2449,#2450,#2451),$);
#2453=IFCSHAPEREPRESENTATION(#24,'Body','Tessellation',(#2452));
#2454=IFCPRODUCTDEFINITIONSHAPE($,$,(#2453));
#2455=IFCBUILDINGELEMENTPROXY('2Lq_BE1ij3IfxwDjqN6mfR',$,'DEHHALKAP0000rLJ',$,$,$,#2484,$,$);
#2456=IFCPROPERTYSET('1a$boeINjClRTnhH6QlGx0',$,'Pset_Objektinformation',$,(#2458,#2459,#2460,#2461,#2462,#2463,#2464));
#2457=IFCRELDEFINESBYPROPERTIES('0tZEQlbiD0I812bKH5$Gza',$,$,$,(#2455),#2456);
#2458=IFCPROPERTYSINGLEVALUE('_IDEbene1',$,IFCLABEL('Gebaeude'),$);
#2459=IFCPROPERTYSINGLEVALUE('_IDEbene2',$,IFCLABEL('Gebaeude'),$);
#2460=IFCPROPERTYSINGLEVALUE('_IDEbene3',$,IFCLABEL('Gebaeude'),$);
#2461=IFCPROPERTYSINGLEVALUE('_GebaeudeID',$,IFCLABEL('DEHHALKAP0000rLJ'),$);
#2462=IFCPROPERTYSINGLEVALUE('_GebaeudeHoehe',$,IFCREAL(11.722),$);
#2463=IFCPROPERTYSINGLEVALUE('_AnzahlDerGeschosse',$,IFCINTEGER(2),$);
#2464=IFCPROPERTYSINGLEVALUE('_Postleitzahl',$,IFCLABEL('22559'),$);
#2465=IFCCARTESIANPOINTLIST3D(((550250.535,5935579.272,14.127),(550251.912,5935575.076,14.127),(550253.33,5935575.541,14.127),(550254.293,5935572.607,14.127),(550253.883,5935572.472,14.127),(550254.882,5935569.429,14.127),(550245.745,5935566.432,14.127),(550242.621,5935575.953,14.127),(550242.94,5935576.057,14.127),(550241.992,5935578.945,14.127),(550245.506,5935580.099,14.127),(550246.042,5935578.464,14.127),(550246.592,5935579.095,14.127),(550248.954,5935579.894,14.127),(550250.535,5935579.272,25.499),(550248.954,5935579.894,25.499),(550246.592,5935579.095,25.499),(550246.042,5935578.464,25.499),(550245.506,5935580.099,25.499),(550241.992,5935578.945,25.499),(550242.94,5935576.057,25.499),(550242.621,5935575.953,25.499),(550245.745,5935566.432,25.499),(550254.882,5935569.429,25.499),(550253.883,5935572.472,25.499),(550254.293,5935572.607,25.499),(550253.33,5935575.541,25.499),(550251.912,5935575.076,25.499)));
#2466=IFCINDEXEDPOLYGONALFACE((1,2,3,4,5,6,7,8,9,10,11,12,13,14,1));
#2467=IFCINDEXEDPOLYGONALFACE((15,16,17,18,19,20,21,22,23,24,25,26,27,28,15));
#2468=IFCINDEXEDPOLYGONALFACE((1,14,16,15,1));
#2469=IFCINDEXEDPOLYGONALFACE((14,13,17,16,14));
#2470=IFCINDEXEDPOLYGONALFACE((13,12,18,17,13));
#2471=IFCINDEXEDPOLYGONALFACE((12,11,19,18,12));
#2472=IFCINDEXEDPOLYGONALFACE((11,10,20,19,11));
#2473=IFCINDEXEDPOLYGONALFACE((10,9,21,20,10));
#2474=IFCINDEXEDPOLYGONALFACE((9,8,22,21,9));
#2475=IFCINDEXEDPOLYGONALFACE((8,7,23,22,8));
#2476=IFCINDEXEDPOLYGONALFACE((7,6,24,23,7));
#2477=IFCINDEXEDPOLYGONALFACE((6,5,25,24,6));
#2478=IFCINDEXEDPOLYGONALFACE((5,4,26,25,5));
#2479=IFCINDEXEDPOLYGONALFACE((4,3,27,26,4));
#2480=IFCINDEXEDPOLYGONALFACE((3,2,28,27,3));
#2481=IFCINDEXEDPOLYGONALFACE((2,1,15,28,2));
#2482=IFCPOLYGONALFACESET(#2465,$,(#2466,#2467,#2468,#2469,#2470,#2471,#2472,#2473,#2474,#2475,#2476,#2477,#2478,#2479,#2480,#2481),$);
#2483=IFCSHAPEREPRESENTATION(#24,'Body','Tessellation',(#2482));
#2484=IFCPRODUCTDEFINITIONSHAPE($,$,(#2483));
#2485=IFCBUILDINGELEMENTPROXY('1iUq513ZTEevCQBEY$QEeu',$,'DEHHALKAP0000qye',$,$,$,#2507,$,$);
#2486=IFCPROPERTYSET('16MzKpfA18HvR40sw5nEYw',$,'Pset_Objektinformation',$,(#2488,#2489,#2490,#2491,#2492,#2493,#2494));
#2487=IFCRELDEFINESBYPROPERTIES('0d5lOcNlzAKfaRnO_kxBkp',$,$,$,(#2485),#2486);
#2488=IFCPROPERTYSINGLEVALUE('_IDEbene1',$,IFCLABEL('Gebaeude'),$);
#2489=IFCPROPERTYSINGLEVALUE('_IDEbene2',$,IFCLABEL('Gebaeude'),$);
#2490=IFCPROPERTYSINGLEVALUE('_IDEbene3',$,IFCLABEL('Gebaeude'),$);
#2491=IFCPROPERTYSINGLEVALUE('_GebaeudeID',$,IFCLABEL('DEHHALKAP0000qye'),$);
#2492=IFCPROPERTYSINGLEVALUE('_GebaeudeHoehe',$,IFCREAL(6.566),$);
#2493=IFCPROPERTYSINGLEVALUE('_AnzahlDerGeschosse',$,IFCINTEGER(2),$);
#2494=IFCPROPERTYSINGLEVALUE('_Postleitzahl',$,IFCLABEL('22559'),$);
#2495=IFCCARTESIANPOINTLIST3D(((550311.317,5935968.03,33.22),(550308.339,5935970.039,33.22),(550303.242,5935969.046,33.22),(550301.281,5935979.113,33.22),(550311.309,5935981.068,33.22),(550312.308,5935975.944,33.22),(550315.297,5935973.928,33.22),(550311.317,5935968.03,39.783),(550315.297,5935973.928,39.783),(550312.308,5935975.944,39.783),(550311.309,5935981.068,39.783),(550301.281,5935979.113,39.783),(550303.242,5935969.046,39.783),(550308.339,5935970.039,39.783)));
#2496=IFCINDEXEDPOLYGONALFACE((1,2,3,4,5,6,7,1));
#2497=IFCINDEXEDPOLYGONALFACE((8,9,10,11,12,13,14,8));
#2498=IFCINDEXEDPOLYGONALFACE((1,7,9,8,1));
#2499=IFCINDEXEDPOLYGONALFACE((7,6,10,9,7));
#2500=IFCINDEXEDPOLYGONALFACE((6,5,11,10,6));
#2501=IFCINDEXEDPOLYGONALFACE((5,4,12,11,5));
#2502=IFCINDEXEDPOLYGONALFACE((4,3,13,12,4));
#2503=IFCINDEXEDPOLYGONALFACE((3,2,14,13,3));
#2504=IFCINDEXEDPOLYGONALFACE((2,1,8,14,2));
#2505=IFCPOLYGONALFACESET(#2495,$,(#2496,#2497,#2498,#2499,#2500,#2501,#2502,#2503,#2504),$);
#2506=IFCSHAPEREPRESENTATION(#24,'Body','Tessellation',(#2505));
#2507=IFCPRODUCTDEFINITIONSHAPE($,$,(#2506));
#2508=IFCBUILDINGELEMENTPROXY('3FP49hSm5BB9yIyku5fud3',$,'DEHHALKAP0000rE6',$,$,$,#2530,$,$);
#2509=IFCPROPERTYSET('00xOJ0CsjCkOZxd$9gAbJ_',$,'Pset_Objektinformation',$,(#2511,#2512,#2513,#2514,#2515,#2516,#2517));
#2510=IFCRELDEFINESBYPROPERTIES('0tRSoiKDb6QhHmstOT4M6x',$,$,$,(#2508),#2509);
#2511=IFCPROPERTYSINGLEVALUE('_IDEbene1',$,IFCLABEL('Gebaeude'),$);
#2512=IFCPROPERTYSINGLEVALUE('_IDEbene2',$,IFCLABEL('Gebaeude'),$);
#2513=IFCPROPERTYSINGLEVALUE('_IDEbene3',$,IFCLABEL('Gebaeude'),$);
#2514=IFCPROPERTYSINGLEVALUE('_GebaeudeID',$,IFCLABEL('DEHHALKAP0000rE6'),$);
#2515=IFCPROPERTYSINGLEVALUE('_GebaeudeHoehe',$,IFCREAL(6.272),$);
#2516=IFCPROPERTYSINGLEVALUE('_AnzahlDerGeschosse',$,IFCINTEGER(2),$);
#2517=IFCPROPERTYSINGLEVALUE('_Postleitzahl',$,IFCLABEL('22559'),$);
#2518=IFCCARTESIANPOINTLIST3D(((550328.645,5935842.85,35.92),(550326.679,5935847.586,35.92),(550323.35,5935848.924,35.92),(550326.058,5935855.662,35.92),(550329.445,5935854.302,35.92),(550334.251,5935856.296,35.92),(550338.187,5935846.812,35.92),(550328.645,5935842.85,42.03),(550338.187,5935846.812,42.03),(550334.251,5935856.296,42.03),(550329.445,5935854.302,42.03),(550326.058,5935855.662,42.03),(550323.35,5935848.924,42.03),(550326.679,5935847.586,42.03)));
#2519=IFCINDEXEDPOLYGONALFACE((1,2,3,4,5,6,7,1));
#2520=IFCINDEXEDPOLYGONALFACE((8,9,10,11,12,13,14,8));
#2521=IFCINDEXEDPOLYGONALFACE((1,7,9,8,1));
#2522=IFCINDEXEDPOLYGONALFACE((7,6,10,9,7));
#2523=IFCINDEXEDPOLYGONALFACE((6,5,11,10,6));
#2524=IFCINDEXEDPOLYGONALFACE((5,4,12,11,5));
#2525=IFCINDEXEDPOLYGONALFACE((4,3,13,12,4));
#2526=IFCINDEXEDPOLYGONALFACE((3,2,14,13,3));
#2527=IFCINDEXEDPOLYGONALFACE((2,1,8,14,2));
#2528=IFCPOLYGONALFACESET(#2518,$,(#2519,#2520,#2521,#2522,#2523,#2524,#2525,#2526,#2527),$);
#2529=IFCSHAPEREPRESENTATION(#24,'Body','Tessellation',(#2528));
#2530=IFCPRODUCTDEFINITIONSHAPE($,$,(#2529));
#2531=IFCBUILDINGELEMENTPROXY('33dY_DRan7Bu3oGtfDG2mH',$,'DEHHALKAP0000rR6',$,$,$,#2552,$,$);
#2532=IFCPROPERTYSET('3DdWR9vZb7mRg2KJAb$1oK',$,'Pset_Objektinformation',$,(#2534,#2535,#2536,#2537,#2538,#2539,#2540));
#2533=IFCRELDEFINESBYPROPERTIES('21YBqD$GbEIfvzioNZ_mMK',$,$,$,(#2531),#2532);
#2534=IFCPROPERTYSINGLEVALUE('_IDEbene1',$,IFCLABEL('Gebaeude'),$);
#2535=IFCPROPERTYSINGLEVALUE('_IDEbene2',$,IFCLABEL('Gebaeude'),$);
#2536=IFCPROPERTYSINGLEVALUE('_IDEbene3',$,IFCLABEL('Gebaeude'),$);
#2537=IFCPROPERTYSINGLEVALUE('_GebaeudeID',$,IFCLABEL('DEHHALKAP0000rR6'),$);
#2538=IFCPROPERTYSINGLEVALUE('_GebaeudeHoehe',$,IFCREAL(12.789),$);
#2539=IFCPROPERTYSINGLEVALUE('_AnzahlDerGeschosse',$,IFCINTEGER(2),$);
#2540=IFCPROPERTYSINGLEVALUE('_Postleitzahl',$,IFCLABEL('22559'),$);
#2541=IFCCARTESIANPOINTLIST3D(((550204.625,5935526.21,8.933),(550214.506,5935527.698,8.933),(550217.482,5935507.929,8.933),(550216.169,5935507.731,8.933),(550208.932,5935506.642,8.933),(550207.603,5935506.441,8.933),(550204.625,5935526.21,18.615),(550207.603,5935506.441,18.615),(550208.932,5935506.642,18.615),(550216.169,5935507.731,18.615),(550217.482,5935507.929,18.615),(550214.506,5935527.698,18.615)));
#2542=IFCINDEXEDPOLYGONALFACE((1,2,3,4,5,6,1));
#2543=IFCINDEXEDPOLYGONALFACE((7,8,9,10,11,12,7));
#2544=IFCINDEXEDPOLYGONALFACE((1,6,8,7,1));
#2545=IFCINDEXEDPOLYGONALFACE((6,5,9,8,6));
#2546=IFCINDEXEDPOLYGONALFACE((5,4,10,9,5));
#2547=IFCINDEXEDPOLYGONALFACE((4,3,11,10,4));
#2548=IFCINDEXEDPOLYGONALFACE((3,2,12,11,3));
#2549=IFCINDEXEDPOLYGONALFACE((2,1,7,12,2));
#2550=IFCPOLYGONALFACESET(#2541,$,(#2542,#2543,#2544,#2545,#2546,#2547,#2548,#2549),$);
#2551=IFCSHAPEREPRESENTATION(#24,'Body','Tessellation',(#2550));
#2552=IFCPRODUCTDEFINITIONSHAPE($,$,(#2551));
#2553=IFCBUILDINGELEMENTPROXY('1fC35qJyHA$xWzKByr_szO',$,'DEHHALKAP0000rp3',$,$,$,#2572,$,$);
#2554=IFCPROPERTYSET('1A8R0OEz12EP_ZG7tc0snL',$,'Pset_Objektinformation',$,(#2556,#2557,#2558,#2559,#2560,#2561,#2562));
#2555=IFCRELDEFINESBYPROPERTIES('3UN6o3ucr4MusYfdxqgZJE',$,$,$,(#2553),#2554);
#2556=IFCPROPERTYSINGLEVALUE('_IDEbene1',$,IFCLABEL('Gebaeude'),$);
#2557=IFCPROPERTYSINGLEVALUE('_IDEbene2',$,IFCLABEL('Gebaeude'),$);
#2558=IFCPROPERTYSINGLEVALUE('_IDEbene3',$,IFCLABEL('Gebaeude'),$);
#2559=IFCPROPERTYSINGLEVALUE('_GebaeudeID',$,IFCLABEL('DEHHALKAP0000rp3'),$);
#2560=IFCPROPERTYSINGLEVALUE('_GebaeudeHoehe',$,IFCREAL(2.978),$);
#2561=IFCPROPERTYSINGLEVALUE('_AnzahlDerGeschosse',$,IFCINTEGER(1),$);
#2562=IFCPROPERTYSINGLEVALUE('_Postleitzahl',$,IFCLABEL('22587'),$);
#2563=IFCCARTESIANPOINTLIST3D(((550796.711,5935338.587,5.556),(550798.466,5935343.265,5.556),(550805.041,5935340.798,5.556),(550803.286,5935336.12,5.556),(550796.711,5935338.587,8.534),(550803.286,5935336.12,8.534),(550805.041,5935340.798,8.534),(550798.466,5935343.265,8.534)));
#2564=IFCINDEXEDPOLYGONALFACE((1,2,3,4,1));
#2565=IFCINDEXEDPOLYGONALFACE((5,6,7,8,5));
#2566=IFCINDEXEDPOLYGONALFACE((1,4,6,5,1));
#2567=IFCINDEXEDPOLYGONALFACE((4,3,7,6,4));
#2568=IFCINDEXEDPOLYGONALFACE((3,2,8,7,3));
#2569=IFCINDEXEDPOLYGONALFACE((2,1,5,8,2));
#2570=IFCPOLYGONALFACESET(#2563,$,(#2564,#2565,#2566,#2567,#2568,#2569),$);
#2571=IFCSHAPEREPRESENTATION(#24,'Body','Tessellation',(#2570));
#2572=IFCPRODUCTDEFINITIONSHAPE($,$,(#2571));
#2573=IFCBUILDINGELEMENTPROXY('2fuxJiQaD6lxSYbQPUJamq',$,'DEHHALKAP0000rCQ',$,$,$,#2595,$,$);
#2574=IFCPROPERTYSET('1oX4cyKDb6lvztP_WbnwMJ',$,'Pset_Objektinformation',$,(#2576,#2577,#2578,#2579,#2580,#2581,#2582));
#2575=IFCRELDEFINESBYPROPERTIES('0cqRutPhfFyw6DiKPwujMO',$,$,$,(#2573),#2574);
#2576=IFCPROPERTYSINGLEVALUE('_IDEbene1',$,IFCLABEL('Gebaeude'),$);
#2577=IFCPROPERTYSINGLEVALUE('_IDEbene2',$,IFCLABEL('Gebaeude'),$);
#2578=IFCPROPERTYSINGLEVALUE('_IDEbene3',$,IFCLABEL('Gebaeude'),$);
#2579=IFCPROPERTYSINGLEVALUE('_GebaeudeID',$,IFCLABEL('DEHHALKAP0000rCQ'),$);
#2580=IFCPROPERTYSINGLEVALUE('_GebaeudeHoehe',$,IFCREAL(6.051),$);
#2581=IFCPROPERTYSINGLEVALUE('_AnzahlDerGeschosse',$,IFCINTEGER(2),$);
#2582=IFCPROPERTYSINGLEVALUE('_Postleitzahl',$,IFCLABEL('22559'),$);
#2583=IFCCARTESIANPOINTLIST3D(((550347.768,5935888.034,35.86),(550347.033,5935893.141,35.86),(550344.135,5935895.305,35.86),(550348.407,5935901.023,35.86),(550351.319,5935898.848,35.86),(550356.478,5935899.592,35.86),(550357.932,5935889.499,35.86),(550347.768,5935888.034,41.91),(550357.932,5935889.499,41.91),(550356.478,5935899.592,41.91),(550351.319,5935898.848,41.91),(550348.407,5935901.023,41.91),(550344.135,5935895.305,41.91),(550347.033,5935893.141,41.91)));
#2584=IFCINDEXEDPOLYGONALFACE((1,2,3,4,5,6,7,1));
#2585=IFCINDEXEDPOLYGONALFACE((8,9,10,11,12,13,14,8));
#2586=IFCINDEXEDPOLYGONALFACE((1,7,9,8,1));
#2587=IFCINDEXEDPOLYGONALFACE((7,6,10,9,7));
#2588=IFCINDEXEDPOLYGONALFACE((6,5,11,10,6));
#2589=IFCINDEXEDPOLYGONALFACE((5,4,12,11,5));
#2590=IFCINDEXEDPOLYGONALFACE((4,3,13,12,4));
#2591=IFCINDEXEDPOLYGONALFACE((3,2,14,13,3));
#2592=IFCINDEXEDPOLYGONALFACE((2,1,8,14,2));
#2593=IFCPOLYGONALFACESET(#2583,$,(#2584,#2585,#2586,#2587,#2588,#2589,#2590,#2591,#2592),$);
#2594=IFCSHAPEREPRESENTATION(#24,'Body','Tessellation',(#2593));
#2595=IFCPRODUCTDEFINITIONSHAPE($,$,(#2594));
#2596=IFCBUILDINGELEMENTPROXY('1BxOjZA4H6_B2GfM0$t_rn',$,'DEHHALKAP0000r9B',$,$,$,#2625,$,$);
#2597=IFCPROPERTYSET('0P2QmzAm56t8R0DjmH6PRJ',$,'Pset_Objektinformation',$,(#2599,#2600,#2601,#2602,#2603,#2604,#2605));
#2598=IFCRELDEFINESBYPROPERTIES('2ea8ZC$gfBp9UZ80yvBqYK',$,$,$,(#2596),#2597);
#2599=IFCPROPERTYSINGLEVALUE('_IDEbene1',$,IFCLABEL('Gebaeude'),$);
#2600=IFCPROPERTYSINGLEVALUE('_IDEbene2',$,IFCLABEL('Gebaeude'),$);
#2601=IFCPROPERTYSINGLEVALUE('_IDEbene3',$,IFCLABEL('Gebaeude'),$);
#2602=IFCPROPERTYSINGLEVALUE('_GebaeudeID',$,IFCLABEL('DEHHALKAP0000r9B'),$);
#2603=IFCPROPERTYSINGLEVALUE('_GebaeudeHoehe',$,IFCREAL(8.325),$);
#2604=IFCPROPERTYSINGLEVALUE('_AnzahlDerGeschosse',$,IFCINTEGER(2),$);
#2605=IFCPROPERTYSINGLEVALUE('_Postleitzahl',$,IFCLABEL('22587'),$);
#2606=IFCCARTESIANPOINTLIST3D(((550991.748,5935569.959,62.179),(550979.216,5935575.932,62.179),(550985.253,5935588.599,62.179),(550982.027,5935596.967,62.179),(550966.067,5935604.613,62.179),(550971.19,5935615.311,62.179),(550987.185,5935607.653,62.179),(550991.917,5935617.543,62.179),(551004.409,5935611.569,62.179),(550997.948,5935598.056,62.179),(551000.818,5935590.045,62.179),(551009.06,5935586.115,62.179),(551005.551,5935578.756,62.179),(550997.72,5935582.49,62.179),(550991.748,5935569.959,70.504),(550997.72,5935582.49,70.504),(551005.551,5935578.756,70.504),(551009.06,5935586.115,70.504),(551000.818,5935590.045,70.504),(550997.948,5935598.056,70.504),(551004.409,5935611.569,70.504),(550991.917,5935617.543,70.504),(550987.185,5935607.653,70.504),(550971.19,5935615.311,70.504),(550966.067,5935604.613,70.504),(550982.027,5935596.967,70.504),(550985.253,5935588.599,70.504),(550979.216,5935575.932,70.504)));
#2607=IFCINDEXEDPOLYGONALFACE((1,2,3,4,5,6,7,8,9,10,11,12,13,14,1));
#2608=IFCINDEXEDPOLYGONALFACE((15,16,17,18,19,20,21,22,23,24,25,26,27,28,15));
#2609=IFCINDEXEDPOLYGONALFACE((1,14,16,15,1));
#2610=IFCINDEXEDPOLYGONALFACE((14,13,17,16,14));
#2611=IFCINDEXEDPOLYGONALFACE((13,12,18,17,13));
#2612=IFCINDEXEDPOLYGONALFACE((12,11,19,18,12));
#2613=IFCINDEXEDPOLYGONALFACE((11,10,20,19,11));
#2614=IFCINDEXEDPOLYGONALFACE((10,9,21,20,10));
#2615=IFCINDEXEDPOLYGONALFACE((9,8,22,21,9));
#2616=IFCINDEXEDPOLYGONALFACE((8,7,23,22,8));
#2617=IFCINDEXEDPOLYGONALFACE((7,6,24,23,7));
#2618=IFCINDEXEDPOLYGONALFACE((6,5,25,24,6));
#2619=IFCINDEXEDPOLYGONALFACE((5,4,26,25,5));
#2620=IFCINDEXEDPOLYGONALFACE((4,3,27,26,4));
#2621=IFCINDEXEDPOLYGONALFACE((3,2,28,27,3));
#2622=IFCINDEXEDPOLYGONALFACE((2,1,15,28,2));
#2623=IFCPOLYGONALFACESET(#2606,$,(#2607,#2608,#2609,#2610,#2611,#2612,#2613,#2614,#2615,#2616,#2617,#2618,#2619,#2620,#2621,#2622),$);
#2624=IFCSHAPEREPRESENTATION(#24,'Body','Tessellation',(#2623));
#2625=IFCPRODUCTDEFINITIONSHAPE($,$,(#2624));
#2626=IFCBUILDINGELEMENTPROXY('1vh6OjtXL3mgwP2CmGUMgp',$,'DEHHALKAP0000s39',$,$,$,#2662,$,$);
#2627=IFCPROPERTYSET('27O0PDshX2eAWSpDQWEJTU',$,'Pset_Objektinformation',$,(#2629,#2630,#2631,#2632,#2633,#2634,#2635));
#2628=IFCRELDEFINESBYPROPERTIES('0ucycixSj4yBXmBgX89wCS',$,$,$,(#2626),#2627);
#2629=IFCPROPERTYSINGLEVALUE('_IDEbene1',$,IFCLABEL('Gebaeude'),$);
#2630=IFCPROPERTYSINGLEVALUE('_IDEbene2',$,IFCLABEL('Gebaeude'),$);
#2631=IFCPROPERTYSINGLEVALUE('_IDEbene3',$,IFCLABEL('Gebaeude'),$);
#2632=IFCPROPERTYSINGLEVALUE('_GebaeudeID',$,IFCLABEL('DEHHALKAP0000s39'),$);
#2633=IFCPROPERTYSINGLEVALUE('_GebaeudeHoehe',$,IFCREAL(9.164),$);
#2634=IFCPROPERTYSINGLEVALUE('_AnzahlDerGeschosse',$,IFCINTEGER(2),$);
#2635=IFCPROPERTYSINGLEVALUE('_Postleitzahl',$,IFCLABEL('22587'),$);
#2636=IFCCARTESIANPOINTLIST3D(((550621.566,5935496.438,45.671),(550620.74,5935495.889,45.671),(550619.722,5935495.703,45.671),(550618.608,5935495.836,45.671),(550596.718,5935502.703,45.671),(550596.136,5935501.237,45.671),(550591.073,5935503.033,45.671),(550592.341,5935506.867,45.671),(550588.84,5935508.024,45.671),(550594.463,5935525.043,45.671),(550598.504,5935523.876,45.671),(550595.034,5935513.109,45.671),(550613.068,5935506.876,45.671),(550613.452,5935507.989,45.671),(550616.289,5935507.008,45.671),(550615.133,5935502.598,45.671),(550620.243,5935500.74,45.671),(550621.39,5935500.268,45.671),(550622.131,5935499.321,45.671),(550622.353,5935498.242,45.671),(550622.097,5935497.269,45.671),(550621.566,5935496.438,51.852),(550622.097,5935497.269,51.852),(550622.353,5935498.242,51.852),(550622.131,5935499.321,51.852),(550621.39,5935500.268,51.852),(550620.243,5935500.74,51.852),(550615.133,5935502.598,51.852),(550616.289,5935507.008,51.852),(550613.452,5935507.989,51.852),(550613.068,5935506.876,51.852),(550595.034,5935513.109,51.852),(550598.504,5935523.876,51.852),(550594.463,5935525.043,51.852),(550588.84,5935508.024,51.852),(550592.341,5935506.867,51.852),(550591.073,5935503.033,51.852),(550596.136,5935501.237,51.852),(550596.718,5935502.703,51.852),(550618.608,5935495.836,51.852),(550619.722,5935495.703,51.852),(550620.74,5935495.889,51.852)));
#2637=IFCINDEXEDPOLYGONALFACE((1,2,3,4,5,6,7,8,9,10,11,12,13,14,15,16,17,18,19,20,21,1));
#2638=IFCINDEXEDPOLYGONALFACE((22,23,24,25,26,27,28,29,30,31,32,33,34,35,36,37,38,39,40,41,42,22));
#2639=IFCINDEXEDPOLYGONALFACE((1,21,23,22,1));
#2640=IFCINDEXEDPOLYGONALFACE((21,20,24,23,21));
#2641=IFCINDEXEDPOLYGONALFACE((20,19,25,24,20));
#2642=IFCINDEXEDPOLYGONALFACE((19,18,26,25,19));
#2643=IFCINDEXEDPOLYGONALFACE((18,17,27,26,18));
#2644=IFCINDEXEDPOLYGONALFACE((17,16,28,27,17));
#2645=IFCINDEXEDPOLYGONALFACE((16,15,29,28,16));
#2646=IFCINDEXEDPOLYGONALFACE((15,14,30,29,15));
#2647=IFCINDEXEDPOLYGONALFACE((14,13,31,30,14));
#2648=IFCINDEXEDPOLYGONALFACE((13,12,32,31,13));
#2649=IFCINDEXEDPOLYGONALFACE((12,11,33,32,12));
#2650=IFCINDEXEDPOLYGONALFACE((11,10,34,33,11));
#2651=IFCINDEXEDPOLYGONALFACE((10,9,35,34,10));
#2652=IFCINDEXEDPOLYGONALFACE((9,8,36,35,9));
#2653=IFCINDEXEDPOLYGONALFACE((8,7,37,36,8));
#2654=IFCINDEXEDPOLYGONALFACE((7,6,38,37,7));
#2655=IFCINDEXEDPOLYGONALFACE((6,5,39,38,6));
#2656=IFCINDEXEDPOLYGONALFACE((5,4,40,39,5));
#2657=IFCINDEXEDPOLYGONALFACE((4,3,41,40,4));
#2658=IFCINDEXEDPOLYGONALFACE((3,2,42,41,3));
#2659=IFCINDEXEDPOLYGONALFACE((2,1,22,42,2));
#2660=IFCPOLYGONALFACESET(#2636,$,(#2637,#2638,#2639,#2640,#2641,#2642,#2643,#2644,#2645,#2646,#2647,#2648,#2649,#2650,#2651,#2652,#2653,#2654,#2655,#2656,#2657,#2658,#2659),$);
#2661=IFCSHAPEREPRESENTATION(#24,'Body','Tessellation',(#2660));
#2662=IFCPRODUCTDEFINITIONSHAPE($,$,(#2661));
#2663=IFCBUILDINGELEMENTPROXY('1Nf9fJAWfC_vGYWYoLfluW',$,'DEHHALKAP0000r7p',$,$,$,#2685,$,$);
#2664=IFCPROPERTYSET('1KtFqru8H7XfjmNq_5NvrF',$,'Pset_Objektinformation',$,(#2666,#2667,#2668,#2669,#2670,#2671,#2672));
#2665=IFCRELDEFINESBYPROPERTIES('3gPpT$scn5Rf9VuVfUDaxK',$,$,$,(#2663),#2664);
#2666=IFCPROPERTYSINGLEVALUE('_IDEbene1',$,IFCLABEL('Gebaeude'),$);
#2667=IFCPROPERTYSINGLEVALUE('_IDEbene2',$,IFCLABEL('Gebaeude'),$);
#2668=IFCPROPERTYSINGLEVALUE('_IDEbene3',$,IFCLABEL('Gebaeude'),$);
#2669=IFCPROPERTYSINGLEVALUE('_GebaeudeID',$,IFCLABEL('DEHHALKAP0000r7p'),$);
#2670=IFCPROPERTYSINGLEVALUE('_GebaeudeHoehe',$,IFCREAL(6.185),$);
#2671=IFCPROPERTYSINGLEVALUE('_AnzahlDerGeschosse',$,IFCINTEGER(2),$);
#2672=IFCPROPERTYSINGLEVALUE('_Postleitzahl',$,IFCLABEL('22559'),$);
#2673=IFCCARTESIANPOINTLIST3D(((550296.773,5935926.806,35.235),(550298.39,5935933.615,35.235),(550301.613,5935933.141,35.235),(550306.185,5935936.053,35.235),(550311.658,5935927.453,35.235),(550302.754,5935921.783,35.235),(550300.042,5935926.039,35.235),(550296.773,5935926.806,41.42),(550300.042,5935926.039,41.42),(550302.754,5935921.783,41.42),(550311.658,5935927.453,41.42),(550306.185,5935936.053,41.42),(550301.613,5935933.141,41.42),(550298.39,5935933.615,41.42)));
#2674=IFCINDEXEDPOLYGONALFACE((1,2,3,4,5,6,7,1));
#2675=IFCINDEXEDPOLYGONALFACE((8,9,10,11,12,13,14,8));
#2676=IFCINDEXEDPOLYGONALFACE((1,7,9,8,1));
#2677=IFCINDEXEDPOLYGONALFACE((7,6,10,9,7));
#2678=IFCINDEXEDPOLYGONALFACE((6,5,11,10,6));
#2679=IFCINDEXEDPOLYGONALFACE((5,4,12,11,5));
#2680=IFCINDEXEDPOLYGONALFACE((4,3,13,12,4));
#2681=IFCINDEXEDPOLYGONALFACE((3,2,14,13,3));
#2682=IFCINDEXEDPOLYGONALFACE((2,1,8,14,2));
#2683=IFCPOLYGONALFACESET(#2673,$,(#2674,#2675,#2676,#2677,#2678,#2679,#2680,#2681,#2682),$);
#2684=IFCSHAPEREPRESENTATION(#24,'Body','Tessellation',(#2683));
#2685=IFCPRODUCTDEFINITIONSHAPE($,$,(#2684));
#2686=IFCBUILDINGELEMENTPROXY('33BRnz_Z5EBQlAMpz3feDv',$,'DEHHALKAP0000rHY',$,$,$,#2717,$,$);
#2687=IFCPROPERTYSET('1eyQ4VkOj04wri42fn0ucy',$,'Pset_Objektinformation',$,(#2689,#2690,#2691,#2692,#2693,#2694,#2695));
#2688=IFCRELDEFINESBYPROPERTIES('3h5CknDbP959NdJvWs3SA2',$,$,$,(#2686),#2687);
#2689=IFCPROPERTYSINGLEVALUE('_IDEbene1',$,IFCLABEL('Gebaeude'),$);
#2690=IFCPROPERTYSINGLEVALUE('_IDEbene2',$,IFCLABEL('Gebaeude'),$);
#2691=IFCPROPERTYSINGLEVALUE('_IDEbene3',$,IFCLABEL('Gebaeude'),$);
#2692=IFCPROPERTYSINGLEVALUE('_GebaeudeID',$,IFCLABEL('DEHHALKAP0000rHY'),$);
#2693=IFCPROPERTYSINGLEVALUE('_GebaeudeHoehe',$,IFCREAL(9.289),$);
#2694=IFCPROPERTYSINGLEVALUE('_AnzahlDerGeschosse',$,IFCINTEGER(2),$);
#2695=IFCPROPERTYSINGLEVALUE('_Postleitzahl',$,IFCLABEL('22559'),$);
#2696=IFCCARTESIANPOINTLIST3D(((550229.166,5935541.673,10.621),(550229.711,5935548.643,10.621),(550227.718,5935548.804,10.621),(550228.104,5935553.654,10.621),(550230.097,5935553.495,10.621),(550230.35,5935556.612,10.621),(550234.937,5935556.238,10.621),(550235.151,5935558.979,10.621),(550239.538,5935558.636,10.621),(550239.295,5935555.885,10.621),(550244.283,5935555.476,10.621),(550243.963,5935551.495,10.621),(550245.975,5935551.346,10.621),(550245.656,5935547.342,10.621),(550243.644,5935547.498,10.621),(550243.049,5935540.543,10.621),(550229.166,5935541.673,19.397),(550243.049,5935540.543,19.397),(550243.644,5935547.498,19.397),(550245.656,5935547.342,19.397),(550245.975,5935551.346,19.397),(550243.963,5935551.495,19.397),(550244.283,5935555.476,19.397),(550239.295,5935555.885,19.397),(550239.538,5935558.636,19.397),(550235.151,5935558.979,19.397),(550234.937,5935556.238,19.397),(550230.35,5935556.612,19.397),(550230.097,5935553.495,19.397),(550228.104,5935553.654,19.397),(550227.718,5935548.804,19.397),(550229.711,5935548.643,19.397)));
#2697=IFCINDEXEDPOLYGONALFACE((1,2,3,4,5,6,7,8,9,10,11,12,13,14,15,16,1));
#2698=IFCINDEXEDPOLYGONALFACE((17,18,19,20,21,22,23,24,25,26,27,28,29,30,31,32,17));
#2699=IFCINDEXEDPOLYGONALFACE((1,16,18,17,1));
#2700=IFCINDEXEDPOLYGONALFACE((16,15,19,18,16));
#2701=IFCINDEXEDPOLYGONALFACE((15,14,20,19,15));
#2702=IFCINDEXEDPOLYGONALFACE((14,13,21,20,14));
#2703=IFCINDEXEDPOLYGONALFACE((13,12,22,21,13));
#2704=IFCINDEXEDPOLYGONALFACE((12,11,23,22,12));
#2705=IFCINDEXEDPOLYGONALFACE((11,10,24,23,11));
#2706=IFCINDEXEDPOLYGONALFACE((10,9,25,24,10));
#2707=IFCINDEXEDPOLYGONALFACE((9,8,26,25,9));
#2708=IFCINDEXEDPOLYGONALFACE((8,7,27,26,8));
#2709=IFCINDEXEDPOLYGONALFACE((7,6,28,27,7));
#2710=IFCINDEXEDPOLYGONALFACE((6,5,29,28,6));
#2711=IFCINDEXEDPOLYGONALFACE((5,4,30,29,5));
#2712=IFCINDEXEDPOLYGONALFACE((4,3,31,30,4));
#2713=IFCINDEXEDPOLYGONALFACE((3,2,32,31,3));
#2714=IFCINDEXEDPOLYGONALFACE((2,1,17,32,2));
#2715=IFCPOLYGONALFACESET(#2696,$,(#2697,#2698,#2699,#2700,#2701,#2702,#2703,#2704,#2705,#2706,#2707,#2708,#2709,#2710,#2711,#2712,#2713,#2714),$);
#2716=IFCSHAPEREPRESENTATION(#24,'Body','Tessellation',(#2715));
#2717=IFCPRODUCTDEFINITIONSHAPE($,$,(#2716));
#2718=IFCBUILDINGELEMENTPROXY('285RHbOZz4QANBdl0iiONB',$,'DEHHALKAP0000rE0',$,$,$,#2752,$,$);
#2719=IFCPROPERTYSET('2W4Mt6kkXBtwC_djS4lBR6',$,'Pset_Objektinformation',$,(#2721,#2722,#2723,#2724,#2725,#2726,#2727));
#2720=IFCRELDEFINESBYPROPERTIES('2CP0uBDE96pP9tNt1aSGNV',$,$,$,(#2718),#2719);
#2721=IFCPROPERTYSINGLEVALUE('_IDEbene1',$,IFCLABEL('Gebaeude'),$);
#2722=IFCPROPERTYSINGLEVALUE('_IDEbene2',$,IFCLABEL('Gebaeude'),$);
#2723=IFCPROPERTYSINGLEVALUE('_IDEbene3',$,IFCLABEL('Gebaeude'),$);
#2724=IFCPROPERTYSINGLEVALUE('_GebaeudeID',$,IFCLABEL('DEHHALKAP0000rE0'),$);
#2725=IFCPROPERTYSINGLEVALUE('_GebaeudeHoehe',$,IFCREAL(11.033),$);
#2726=IFCPROPERTYSINGLEVALUE('_AnzahlDerGeschosse',$,IFCINTEGER(2),$);
#2727=IFCPROPERTYSINGLEVALUE('_Postleitzahl',$,IFCLABEL('22559'),$);
#2728=IFCCARTESIANPOINTLIST3D(((550344.314,5935488.889,7.995),(550346.976,5935488.955,7.995),(550347.001,5935487.911,7.995),(550349.373,5935487.969,7.995),(550349.467,5935484.125,7.995),(550350.005,5935484.138,7.995),(550350.126,5935479.15,7.995),(550349.671,5935479.139,7.995),(550349.728,5935476.79,7.995),(550349.764,5935475.287,7.995),(550348.867,5935474.719,7.995),(550347.385,5935474.659,7.995),(550346.535,5935475.61,7.995),(550346.549,5935476.694,7.995),(550341.08,5935476.557,7.995),(550340.991,5935480.096,7.995),(550342.091,5935480.124,7.995),(550341.902,5935487.755,7.995),(550344.341,5935487.814,7.995),(550344.314,5935488.889,15.792),(550344.341,5935487.814,15.792),(550341.902,5935487.755,15.792),(550342.091,5935480.124,15.792),(550340.991,5935480.096,15.792),(550341.08,5935476.557,15.792),(550346.549,5935476.694,15.792),(550346.535,5935475.61,15.792),(550347.385,5935474.659,15.792),(550348.867,5935474.719,15.792),(550349.764,5935475.287,15.792),(550349.728,5935476.79,15.792),(550349.671,5935479.139,15.792),(550350.126,5935479.15,15.792),(550350.005,5935484.138,15.792),(550349.467,5935484.125,15.792),(550349.373,5935487.969,15.792),(550347.001,5935487.911,15.792),(550346.976,5935488.955,15.792)));
#2729=IFCINDEXEDPOLYGONALFACE((1,2,3,4,5,6,7,8,9,10,11,12,13,14,15,16,17,18,19,1));
#2730=IFCINDEXEDPOLYGONALFACE((20,21,22,23,24,25,26,27,28,29,30,31,32,33,34,35,36,37,38,20));
#2731=IFCINDEXEDPOLYGONALFACE((1,19,21,20,1));
#2732=IFCINDEXEDPOLYGONALFACE((19,18,22,21,19));
#2733=IFCINDEXEDPOLYGONALFACE((18,17,23,22,18));
#2734=IFCINDEXEDPOLYGONALFACE((17,16,24,23,17));
#2735=IFCINDEXEDPOLYGONALFACE((16,15,25,24,16));
#2736=IFCINDEXEDPOLYGONALFACE((15,14,26,25,15));
#2737=IFCINDEXEDPOLYGONALFACE((14,13,27,26,14));
#2738=IFCINDEXEDPOLYGONALFACE((13,12,28,27,13));
#2739=IFCINDEXEDPOLYGONALFACE((12,11,29,28,12));
#2740=IFCINDEXEDPOLYGONALFACE((11,10,30,29,11));
#2741=IFCINDEXEDPOLYGONALFACE((10,9,31,30,10));
#2742=IFCINDEXEDPOLYGONALFACE((9,8,32,31,9));
#2743=IFCINDEXEDPOLYGONALFACE((8,7,33,32,8));
#2744=IFCINDEXEDPOLYGONALFACE((7,6,34,33,7));
#2745=IFCINDEXEDPOLYGONALFACE((6,5,35,34,6));
#2746=IFCINDEXEDPOLYGONALFACE((5,4,36,35,5));
#2747=IFCINDEXEDPOLYGONALFACE((4,3,37,36,4));
#2748=IFCINDEXEDPOLYGONALFACE((3,2,38,37,3));
#2749=IFCINDEXEDPOLYGONALFACE((2,1,20,38,2));
#2750=IFCPOLYGONALFACESET(#2728,$,(#2729,#2730,#2731,#2732,#2733,#2734,#2735,#2736,#2737,#2738,#2739,#2740,#2741,#2742,#2743,#2744,#2745,#2746,#2747,#2748,#2749),$);
#2751=IFCSHAPEREPRESENTATION(#24,'Body','Tessellation',(#2750));
#2752=IFCPRODUCTDEFINITIONSHAPE($,$,(#2751));
#2753=IFCBUILDINGELEMENTPROXY('3Km3guUpD0eQ03rlsubFZE',$,'DEHHALKAP0000sEm',$,$,$,#2772,$,$);
#2754=IFCPROPERTYSET('1CZtdOBLLCAAn_W7KZ5eCv',$,'Pset_Objektinformation',$,(#2756,#2757,#2758,#2759,#2760,#2761,#2762));
#2755=IFCRELDEFINESBYPROPERTIES('2HgLcFlhH1JgyaYFmtacLs',$,$,$,(#2753),#2754);
#2756=IFCPROPERTYSINGLEVALUE('_IDEbene1',$,IFCLABEL('Gebaeude'),$);
#2757=IFCPROPERTYSINGLEVALUE('_IDEbene2',$,IFCLABEL('Gebaeude'),$);
#2758=IFCPROPERTYSINGLEVALUE('_IDEbene3',$,IFCLABEL('Gebaeude'),$);
#2759=IFCPROPERTYSINGLEVALUE('_GebaeudeID',$,IFCLABEL('DEHHALKAP0000sEm'),$);
#2760=IFCPROPERTYSINGLEVALUE('_GebaeudeHoehe',$,IFCREAL(3.945),$);
#2761=IFCPROPERTYSINGLEVALUE('_AnzahlDerGeschosse',$,IFCINTEGER(1),$);
#2762=IFCPROPERTYSINGLEVALUE('_Postleitzahl',$,IFCLABEL('22559'),$);
#2763=IFCCARTESIANPOINTLIST3D(((550050.433,5935723.774,34.734),(550051.071,5935751.914,34.734),(550059.698,5935751.719,34.734),(550059.059,5935723.579,34.734),(550050.433,5935723.774,38.679),(550059.059,5935723.579,38.679),(550059.698,5935751.719,38.679),(550051.071,5935751.914,38.679)));
#2764=IFCINDEXEDPOLYGONALFACE((1,2,3,4,1));
#2765=IFCINDEXEDPOLYGONALFACE((5,6,7,8,5));
#2766=IFCINDEXEDPOLYGONALFACE((1,4,6,5,1));
#2767=IFCINDEXEDPOLYGONALFACE((4,3,7,6,4));
#2768=IFCINDEXEDPOLYGONALFACE((3,2,8,7,3));
#2769=IFCINDEXEDPOLYGONALFACE((2,1,5,8,2));
#2770=IFCPOLYGONALFACESET(#2763,$,(#2764,#2765,#2766,#2767,#2768,#2769),$);
#2771=IFCSHAPEREPRESENTATION(#24,'Body','Tessellation',(#2770));
#2772=IFCPRODUCTDEFINITIONSHAPE($,$,(#2771));
#2773=IFCBUILDINGELEMENTPROXY('3Zwv8yvIX9K8ElG3ecnEc$',$,'DEHHALKAP0000r0H',$,$,$,#2796,$,$);
#2774=IFCPROPERTYSET('17908hRyf5efyrPw0N30JO',$,'Pset_Objektinformation',$,(#2776,#2777,#2778,#2779,#2780,#2781,#2782));
#2775=IFCRELDEFINESBYPROPERTIES('0dJteUSvLA8go1YqikwR7_',$,$,$,(#2773),#2774);
#2776=IFCPROPERTYSINGLEVALUE('_IDEbene1',$,IFCLABEL('Gebaeude'),$);
#2777=IFCPROPERTYSINGLEVALUE('_IDEbene2',$,IFCLABEL('Gebaeude'),$);
#2778=IFCPROPERTYSINGLEVALUE('_IDEbene3',$,IFCLABEL('Gebaeude'),$);
#2779=IFCPROPERTYSINGLEVALUE('_GebaeudeID',$,IFCLABEL('DEHHALKAP0000r0H'),$);
#2780=IFCPROPERTYSINGLEVALUE('_GebaeudeHoehe',$,IFCREAL(9.89),$);
#2781=IFCPROPERTYSINGLEVALUE('_AnzahlDerGeschosse',$,IFCINTEGER(1),$);
#2782=IFCPROPERTYSINGLEVALUE('_Postleitzahl',$,IFCLABEL('22587'),$);
#2783=IFCCARTESIANPOINTLIST3D(((550921.281,5935754.39,58.902),(550916.432,5935759.004,58.902),(550918.447,5935761.122,58.902),(550917.573,5935761.953,58.902),(550925.765,5935770.561,58.902),(550931.824,5935764.797,58.902),(550923.638,5935756.193,58.902),(550923.301,5935756.514,58.902),(550921.281,5935754.39,65.595),(550923.301,5935756.514,65.595),(550923.638,5935756.193,65.595),(550931.824,5935764.797,65.595),(550925.765,5935770.561,65.595),(550917.573,5935761.953,65.595),(550918.447,5935761.122,65.595),(550916.432,5935759.004,65.595)));
#2784=IFCINDEXEDPOLYGONALFACE((1,2,3,4,5,6,7,8,1));
#2785=IFCINDEXEDPOLYGONALFACE((9,10,11,12,13,14,15,16,9));
#2786=IFCINDEXEDPOLYGONALFACE((1,8,10,9,1));
#2787=IFCINDEXEDPOLYGONALFACE((8,7,11,10,8));
#2788=IFCINDEXEDPOLYGONALFACE((7,6,12,11,7));
#2789=IFCINDEXEDPOLYGONALFACE((6,5,13,12,6));
#2790=IFCINDEXEDPOLYGONALFACE((5,4,14,13,5));
#2791=IFCINDEXEDPOLYGONALFACE((4,3,15,14,4));
#2792=IFCINDEXEDPOLYGONALFACE((3,2,16,15,3));
#2793=IFCINDEXEDPOLYGONALFACE((2,1,9,16,2));
#2794=IFCPOLYGONALFACESET(#2783,$,(#2784,#2785,#2786,#2787,#2788,#2789,#2790,#2791,#2792,#2793),$);
#2795=IFCSHAPEREPRESENTATION(#24,'Body','Tessellation',(#2794));
#2796=IFCPRODUCTDEFINITIONSHAPE($,$,(#2795));
#2797=IFCBUILDINGELEMENTPROXY('2X6bXcSifANgQu2DdxmhHW',$,'_Nullpunktobjekt_1x1x2',$,$,#2816,#2811,$,$);
#2798=IFCCARTESIANPOINTLIST3D(((-0.5,-0.5,1.),(0.5,-0.5,1.),(0.5,0.5,1.),(-0.5,0.5,1.),(-0.5,-0.5,-1.),(0.5,-0.5,-1.),(0.5,0.5,-1.),(-0.5,0.5,-1.),(0.,0.,0.)));
#2799=IFCINDEXEDPOLYGONALFACE((1,2,9));
#2800=IFCINDEXEDPOLYGONALFACE((2,3,9));
#2801=IFCINDEXEDPOLYGONALFACE((3,4,9));
#2802=IFCINDEXEDPOLYGONALFACE((4,1,9));
#2803=IFCINDEXEDPOLYGONALFACE((6,5,9));
#2804=IFCINDEXEDPOLYGONALFACE((7,6,9));
#2805=IFCINDEXEDPOLYGONALFACE((8,7,9));
#2806=IFCINDEXEDPOLYGONALFACE((5,8,9));
#2807=IFCINDEXEDPOLYGONALFACE((1,2,3,4));
#2808=IFCINDEXEDPOLYGONALFACE((8,7,6,5));
#2809=IFCPOLYGONALFACESET(#2798,$,(#2799,#2800,#2801,#2802,#2803,#2804,#2805,#2806,#2807,#2808),$);
#2810=IFCSHAPEREPRESENTATION(#24,'Body','Tessellation',(#2809));
#2811=IFCPRODUCTDEFINITIONSHAPE($,$,(#2810));
#2812=IFCCARTESIANPOINT((550197.42,5935956.199,0.));
#2813=IFCDIRECTION((0.,0.,1.));
#2814=IFCDIRECTION((1.,0.,0.));
#2815=IFCAXIS2PLACEMENT3D(#2812,#2813,#2814);
#2816=IFCLOCALPLACEMENT($,#2815);
#2817=IFCSURFACESTYLE('Style',.BOTH.,(#2818));
#2818=IFCSURFACESTYLESHADING(#2819,0.);
#2819=IFCCOLOURRGB($,0.94,0.48,0.48);
#2820=IFCSTYLEDITEM(#2809,(#2817),'Style');
#2821=IFCPROPERTYSET('0NQL6jyNTAMPJmEhGVaej_',$,'Pset_Georeferenzierung',$,(#2823,#2824,#2825,#2826));
#2822=IFCRELDEFINESBYPROPERTIES('2Tl8ejtnr2P8ETTjlU4qeo',$,$,$,(#2797),#2821);
#2823=IFCPROPERTYSINGLEVALUE('_Hoehenstatus',$,IFCLABEL('HS170'),$);
#2824=IFCPROPERTYSINGLEVALUE('_Hoehensystem',$,IFCLABEL('DHHN2016'),$);
#2825=IFCPROPERTYSINGLEVALUE('_Koordinatensystem',$,IFCLABEL('ETRS89-UTM32N'),$);
#2826=IFCPROPERTYSINGLEVALUE('_Lagestatus',$,IFCLABEL('LS310'),$);
#2827=IFCPROPERTYSET('2b4aXNiCL0JeNYI26HV3Y6',$,'Pset_Objektinformation',$,(#2829,#2830,#2831));
#2828=IFCRELDEFINESBYPROPERTIES('1iMqJY6sLFuQ202Mt_Geo2',$,$,$,(#2797),#2827);
#2829=IFCPROPERTYSINGLEVALUE('_IDEbene1',$,IFCLABEL('Nullpunktobjekt'),$);
#2830=IFCPROPERTYSINGLEVALUE('_IDEbene2',$,IFCLABEL('Nullpunktobjekt'),$);
#2831=IFCPROPERTYSINGLEVALUE('_IDEbene3',$,IFCLABEL('Nullpunktobjekt'),$);
#2832=IFCPROPERTYSET('3wfBxFovf6bfo1ftdp$lBq',$,'Pset_Modellinformation',$,(#2834,#2835,#2836,#2837,#2838,#2839,#2840,#2841));
#2833=IFCRELDEFINESBYPROPERTIES('22kDfnZB55iPbV1eBhYAsK',$,$,$,(#2797),#2832);
#2834=IFCPROPERTYSINGLEVALUE('_ArtFachmodell',$,IFCLABEL('Ingenieurbau/Bauwerk'),$);
#2835=IFCPROPERTYSINGLEVALUE('_ArtTeilmodell',$,IFCLABEL('Bruecke'),$);
#2836=IFCPROPERTYSINGLEVALUE('_Auftraggeber',$,IFCLABEL('Musterfirma'),$);
#2837=IFCPROPERTYSINGLEVALUE('_Ersteller',$,IFCLABEL('Ahmed Salem'),$);
#2838=IFCPROPERTYSINGLEVALUE('_Erstelldatum',$,IFCLABEL('2024-08-12'),$);
#2839=IFCPROPERTYSINGLEVALUE('_GemObjektkatalog',$,IFCLABEL('Allgemein/Master_V004'),$);
#2840=IFCPROPERTYSINGLEVALUE('_Projektname',$,IFCLABEL('Musterprojekt'),$);
#2841=IFCPROPERTYSINGLEVALUE('_Projektnummer',$,IFCLABEL('12345'),$);
#2842=IFCPROPERTYSET('3qVksoxWT6uejfkm26w$W0',$,'Pset_Hyperlink',$,(#2844,#2845));
#2843=IFCRELDEFINESBYPROPERTIES('2llUtmevv4cxCL7p5Ie0l0',$,$,$,(#2797),#2842);
#2844=IFCPROPERTYSINGLEVALUE('_Hyperlink_001',$,IFCLABEL('www.bim.hamburg.de'),$);
#2845=IFCPROPERTYSINGLEVALUE('_Hyperlink_001_bemerkung',$,IFCLABEL('LinkZurHomepageVonBIM.Hamburg'),$);
ENDSEC;
END-ISO-10303-21;
