ISO-10303-21;
HEADER;
FILE_DESCRIPTION(('ViewDefinition [CoordinationView]'),'2;1');
FILE_NAME('','2025-05-29T14:52:18',(''),(''),'IfcOpenShell 0.8.0','IfcOpenShell 0.8.0','');
FILE_SCHEMA(('IFC4'));
ENDSEC;
DATA;
#1=IFCPROJECT('1pBSKODtH3zRSh8qasUIj9',$,'Default_Projektname',$,$,$,$,(#13,#17,#23),#8);
#2=IFCSITE('2Jbsi3cWnBceiAMJXveW7E',$,'Default_Site',$,$,$,$,$,$,$,$,$,$,$);
#3=IFCRELAGGREGATES('2xeTE8S6n3ihJHixmKnvUf',$,$,$,#1,(#2));
#4=IFCBUILDING('2HYYuP5Yf8sQwp0Y6XKYzV',$,'DGM',$,$,$,$,$,$,$,$,$);
#5=IFCRELAGGREGATES('1F4vZCcs95oOz$yEeLAwip',$,$,$,#2,(#4));
#6=IFCSIUNIT(*,.LENGTHUNIT.,$,.METRE.);
#7=IFCSIUNIT(*,.AREAUNIT.,$,.SQUARE_METRE.);
#8=IFCUNITASSIGNMENT((#7,#6));
#9=IFCCARTESIANPOINT((0.,0.,0.));
#10=IFCDIRECTION((0.,0.,1.));
#11=IFCDIRECTION((1.,0.,0.));
#12=IFCAXIS2PLACEMENT3D(#9,#10,#11);
#13=IFCGEOMETRICREPRESENTATIONCONTEXT($,'Model',3,1.E-05,#12,$);
#14=IFCCARTESIANPOINT((0.,0.));
#15=IFCDIRECTION((1.,0.));
#16=IFCAXIS2PLACEMENT2D(#14,#15);
#17=IFCGEOMETRICREPRESENTATIONCONTEXT($,'Plan',2,1.E-05,#16,$);
#18=IFCGEOMETRICREPRESENTATIONSUBCONTEXT('Body','Model',*,*,*,*,#13,$,.MODEL_VIEW.,$);
#19=IFCCARTESIANPOINT((0.,0.,0.));
#20=IFCDIRECTION((0.,0.,1.));
#21=IFCDIRECTION((1.,0.,0.));
#22=IFCAXIS2PLACEMENT3D(#19,#20,#21);
#23=IFCGEOMETRICREPRESENTATIONCONTEXT($,'Model',3,1.E-05,#22,$);
#24=IFCGEOMETRICREPRESENTATIONSUBCONTEXT('Body','Model',*,*,*,*,#23,$,.MODEL_VIEW.,$);
#25=IFCBUILDINGELEMENTPROXY('2_ikJBqe131gGuG8UQ4qlT',$,'Terrain',$,$,$,#12442,$,$);
#26=IFCPROPERTYSET('1Ukethrgz34PQm2vaJm1Fn',$,'Pset_DGM',$,(#28,#29,#30));
#27=IFCRELDEFINESBYPROPERTIES('0P_73EqJL6VOqxMX8HW66D',$,$,$,(#25),#26);
#28=IFCPROPERTYSINGLEVALUE('_ArtDGM',$,IFCLABEL('TIN'),$);
#29=IFCPROPERTYSINGLEVALUE('_Herkunft',$,IFCLABEL('SDP'),$);
#30=IFCPROPERTYSINGLEVALUE('FaceCount',$,IFCINTEGER(12399),$);
#31=IFCPROPERTYSET('0_pT1veqH6_BbJX84sUrxJ',$,'Pset_Objektinformation',$,(#33,#34,#35,#36,#37,#38,#39));
#32=IFCRELDEFINESBYPROPERTIES('2BJZndo$X5CwkT4OoHXCD8',$,$,$,(#25),#31);
#33=IFCPROPERTYSINGLEVALUE('_ArtDeckschicht',$,IFCLABEL('undefiniert'),$);
#34=IFCPROPERTYSINGLEVALUE('_Bemerkung',$,IFCLABEL('undefiniert'),$);
#35=IFCPROPERTYSINGLEVALUE('_Erzeuger',$,IFCLABEL('BIMFabrikHH'),$);
#36=IFCPROPERTYSINGLEVALUE('_IDEbene1',$,IFCLABEL('DGM'),$);
#37=IFCPROPERTYSINGLEVALUE('_IDEbene2',$,IFCLABEL('DGM'),$);
#38=IFCPROPERTYSINGLEVALUE('_IDEbene3',$,IFCLABEL('DGM'),$);
#39=IFCPROPERTYSINGLEVALUE('_Status',$,IFCLABEL('Bestand'),$);
#40=IFCCARTESIANPOINTLIST3D(((564017.6875,5934985.,2.90492820739746),(564034.,5935000.,2.73255491256714),(564003.9375,5935000.,2.81713318824768),(564232.,5934987.5,3.02124714851379),(564253.3125,5935000.,2.92781066894531),(564210.25,5935000.,3.66837024688721),(564331.3125,5934991.5,3.03278946876526),(564339.3125,5935000.,3.20446586608887),(564315.25,5935000.,3.21934676170349),(564348.125,5934991.5,3.11376261711121),(564370.875,5935000.,3.09066677093506),(564423.5,5934992.,3.41190886497498),(564430.875,5935000.,3.49004459381104),(564419.625,5935000.,3.35737252235413),(564455.5625,5935000.,3.67965769767761),(564457.75,5934992.5,3.81320309638977),(564462.1875,5935000.,3.30891180038452),(564485.25,5934989.,3.62093925476074),(564485.8125,5935000.,3.50863933563232),(564474.0625,5935000.,3.45819878578186),(564929.1875,5934990.5,5.87998485565186),(564947.5,5935000.,5.33749914169312),(564919.625,5935000.,5.95789098739624),(564980.375,5935000.,5.94333219528198),(564954.4375,5935000.,5.87061166763306),(564950.1875,5934985.,5.76565361022949),(564054.,5935000.,2.97261905670166),(564085.3125,5934986.5,3.35860061645508),(564105.125,5935000.,3.45942711830139),(564123.,5934982.5,3.4272940158844),(564164.3125,5935000.,3.48089694976807),(564205.25,5934987.,3.74870252609253),(564200.875,5934988.5,3.18857789039612),(564202.5625,5935000.,3.06776523590088),(564260.3125,5934989.5,2.98819756507874),(564274.375,5935000.,3.25923466682434),(564273.1875,5934992.5,3.19924473762512),(564298.625,5935000.,3.25191879272461),(564278.3125,5934988.,2.93490695953369),(564378.625,5934988.5,3.13422513008118),(564396.75,5934991.5,3.2112340927124),(564412.5625,5934992.,3.28294682502747),(564445.375,5934990.5,3.66510915756226),(564461.875,5934992.,2.99611258506775),(564470.1875,5934991.5,3.33391356468201),(564474.5,5934989.,3.66760754585266),(564495.4375,5935000.,4.37423419952393),(564491.9375,5934991.,3.97902226448059),(564500.4375,5934991.5,4.53858757019043),(564506.5625,5935000.,4.36536645889282),(564504.,5934986.5,3.9175066947937),(564514.0625,5935000.,4.27305889129639),(564514.75,5934986.,4.02996301651001),(564520.625,5935000.,4.09734487533569),(564536.9375,5935000.,3.98612070083618),(564528.9375,5934987.,4.13855171203613),(564543.25,5934990.,4.25814485549927),(564569.1875,5934988.5,4.24714279174805),(564583.375,5935000.,3.96078872680664),(564635.4375,5934986.5,4.44391775131226),(564629.8125,5935000.,4.10990381240845),(564618.8125,5935000.,3.76766276359558),(564645.6875,5935000.,5.53277111053467),(564757.9375,5934965.5,5.62785863876343),(564818.9375,5935000.,5.54679203033447),(564753.4375,5935000.,5.55283641815186),(564901.875,5935000.,5.83194923400879),(564872.6875,5934982.,5.5530800819397),(564915.625,5934992.,5.87358713150024),(564919.6875,5934992.,4.77729368209839),(564919.6875,5934996.,5.90698289871216),(564925.875,5934990.,4.97188901901245),(564000.,5934983.,2.75190091133118),(564000.,5935000.,2.66348624229431),(564051.9375,5934983.,2.95340180397034),(564092.25,5934977.,3.40818238258362),(564143.8125,5934986.5,3.46497559547424),(564172.4375,5934984.,3.52051210403442),(564297.0625,5934987.,2.97471928596497),(564382.125,5934983.5,3.76039004325867),(564418.0625,5934982.,3.53081154823303),(564424.6875,5934985.5,3.73068332672119),(564453.6875,5934981.5,3.91427731513977),(564461.75,5934986.5,3.38222885131836),(564498.8125,5934985.,4.05981111526489),(564606.9375,5935000.,3.8021399974823),(564618.4375,5934960.5,3.97392320632935),(564631.375,5934970.,4.30037546157837),(564651.5625,5934984.5,5.19739627838135),(564671.75,5935000.,5.38134527206421),(564711.3125,5934974.5,5.36781167984009),(564711.5625,5935000.,5.53465127944946),(564738.3125,5934977.,5.55872535705566),(564919.6875,5934988.,3.15769743919373),(564915.6875,5934988.,5.68872594833374),(564923.6875,5934988.,3.30429482460022),(564939.5,5934980.5,5.77552509307861),(565000.,5935000.,5.62751483917236),(564987.75,5934979.5,5.61253356933594),(564040.875,5934975.,2.77745008468628),(564162.,5934975.5,3.4229679107666),(564196.125,5934976.,3.28187394142151),(564211.1875,5934982.,3.54399228096008),(564229.8125,5934982.,2.87073493003845),(564239.75,5934981.5,2.91727542877197),(564254.1875,5934984.,2.85490560531616),(564285.8125,5934978.,2.96735215187073),(564315.125,5934977.,3.14137768745422),(564351.625,5934983.5,3.09979343414307),(564396.6875,5934984.,3.92232155799866),(564413.5625,5934984.,3.84401202201843),(564436.625,5934984.,3.77810883522034),(564444.5,5934983.5,4.17171621322632),(564449.6875,5934982.5,3.82613110542297),(564481.75,5934982.,3.87500524520874),(564492.4375,5934981.5,3.77625799179077),(564536.4375,5934981.,4.02064323425293),(564568.625,5934980.5,4.11937952041626),(564583.875,5934975.5,4.18017578125),(564598.5,5934981.,4.18074226379395),(564679.75,5934973.,5.54765558242798),(564912.875,5934982.,5.82876348495483),(564915.6875,5934984.,5.44236850738525),(564919.6875,5934984.,4.06772518157959),(564923.5625,5934981.,4.01674509048462),(564927.6875,5934984.,3.92159652709961),(564933.3125,5934982.5,4.70490121841431),(564963.375,5934978.5,5.91556930541992),(565000.,5934980.,5.66969347000122),(564023.5,5934977.5,2.8455958366394),(564107.875,5934969.5,3.55913734436035),(564191.3125,5934969.,3.31597352027893),(564212.,5934976.,3.01638031005859),(564344.875,5934978.5,3.23954820632935),(564359.8125,5934979.,3.31441020965576),(564389.375,5934970.,3.68595457077026),(564381.25,5934973.,3.76355791091919),(564398.,5934977.,3.84168481826782),(564440.125,5934979.5,3.61822986602783),(564445.8125,5934978.5,3.98757839202881),(564457.625,5934975.5,3.36411714553833),(564463.3125,5934977.,3.38923525810242),(564468.6875,5934972.5,3.6282045841217),(564473.3125,5934971.5,3.91458177566528),(564498.,5934979.,4.2105278968811),(564518.1875,5934975.5,4.0515923500061),(564529.5,5934972.,4.20058488845825),(564624.25,5934953.5,4.13737201690674),(564922.875,5934977.,5.77114295959473),(564930.0625,5934979.5,4.47629451751709),(564944.625,5934978.5,5.87011098861694),(564000.,5934975.5,3.04859399795532),(564018.75,5934971.,3.04693078994751),(564049.875,5934967.5,2.84137201309204),(564127.375,5934970.,3.48293495178223),(564168.25,5934960.,3.52125573158264),(564202.0625,5934973.,3.93085718154907),(564237.375,5934972.,2.92073774337769),(564265.25,5934975.,2.93540740013123),(564294.75,5934969.5,3.22116708755493),(564351.5625,5934965.5,3.44621586799622),(564370.8125,5934975.,3.21970272064209),(564377.375,5934961.5,3.40142893791199),(564418.4375,5934976.,3.62081027030945),(564485.9375,5934972.,3.57985234260559),(564498.1875,5934972.,4.15356826782227),(564514.125,5934974.5,4.23503017425537),(564562.5625,5934971.,4.07639074325562),(564614.4375,5934938.,4.15702772140503),(564862.,5934962.5,5.55502557754517),(564927.6875,5934976.,5.11966609954834),(564936.125,5934976.,5.2368540763855),(564954.9375,5934963.,5.56701898574829),(564975.25,5934975.,5.56887626647949),(564005.1875,5934971.,2.91353344917297),(564059.875,5934963.5,3.23889446258545),(564155.1875,5934962.5,3.55820918083191),(564216.1875,5934969.,2.97159838676453),(564285.0625,5934971.5,3.30833601951599),(564346.125,5934968.,3.15099167823792),(564386.875,5934964.5,3.74211263656616),(564397.25,5934968.,4.75511693954468),(564405.3125,5934972.,3.87178111076355),(564410.375,5934965.,3.54012179374695),(564456.8125,5934968.,3.9222776889801),(564541.9375,5934973.,4.04917907714844),(564600.125,5934964.,4.20122766494751),(564929.875,5934969.5,5.79597568511963),(564939.375,5934969.5,5.85700988769531),(564968.8125,5934962.5,5.4810094833374),(564000.,5934958.,2.95191955566406),(564032.375,5934966.,2.92460823059082),(564080.0625,5934963.5,3.3218240737915),(564088.0625,5934959.5,3.27063751220703),(564200.5,5934966.,3.47413349151611),(564220.1875,5934963.5,3.28204607963562),(564244.,5934965.,3.22120428085327),(564256.4375,5934965.,3.2939293384552),(564278.125,5934958.5,3.34269714355469),(564282.4375,5934966.,3.43870806694031),(564315.5,5934965.,3.16759133338928),(564393.5625,5934968.,4.39698362350464),(564403.0625,5934964.5,3.55157136917114),(564436.9375,5934963.5,3.70498633384705),(564440.9375,5934957.,4.15456485748291),(564453.75,5934956.5,4.17575168609619),(564461.125,5934964.5,4.06296491622925),(564469.3125,5934965.5,4.41488647460938),(564490.0625,5934965.,4.48670864105225),(564520.125,5934960.5,4.39811706542969),(564610.375,5934945.,4.05050563812256),(564766.4375,5934934.,5.36603307723999),(564919.875,5934947.,5.53832244873047),(564937.375,5934957.,5.74808073043823),(564980.75,5934962.,5.32347011566162),(565000.,5934970.,5.42147970199585),(564006.1875,5934961.,2.776526927948),(564012.3125,5934962.5,2.96394968032837),(564016.75,5934962.,2.52078151702881),(564025.9375,5934955.5,2.22758555412292),(564038.4375,5934960.,3.07018828392029),(564096.3125,5934954.5,3.61291360855103),(564101.75,5934943.5,3.67297005653381),(564188.75,5934955.5,3.45146107673645),(564208.9375,5934955.5,3.02699279785156),(564262.75,5934958.5,3.26136326789856),(564298.5,5934963.5,3.14943838119507),(564338.9375,5934960.,3.54658770561218),(564381.4375,5934960.,3.91705417633057),(564395.75,5934964.5,4.19153356552124),(564499.375,5934958.5,4.38607263565063),(564546.1875,5934960.5,4.39232349395752),(564571.9375,5934960.5,4.38298177719116),(564577.8125,5934952.,4.45565605163574),(564666.8125,5934961.,5.20620727539062),(564698.3125,5934960.5,5.59269285202026),(564769.3125,5934956.,5.58047676086426),(564127.1875,5934955.5,3.65058946609497),(564158.375,5934946.,3.4104962348938),(564201.375,5934950.5,3.23571729660034),(564237.75,5934956.,3.25694584846497),(564240.9375,5934960.,3.39843535423279),(564245.6875,5934959.5,4.00752449035645),(564250.6875,5934960.5,3.78199529647827),(564256.1875,5934959.5,3.91781377792358),(564298.875,5934958.5,3.4477334022522),(564357.1875,5934958.,3.51523423194885),(564388.4375,5934960.,4.44837093353271),(564396.125,5934959.,3.89109086990356),(564403.0625,5934959.,3.90513038635254),(564424.4375,5934960.,3.98568725585938),(564427.75,5934956.5,3.95486783981323),(564447.3125,5934953.5,4.07167387008667),(564490.3125,5934951.5,4.48145723342896),(564596.3125,5934953.,4.33890056610107),(564680.4375,5934949.5,5.3167872428894),(564884.125,5934952.,5.37215709686279),(564961.625,5934953.,5.24949550628662),(564011.8125,5934950.,3.04458332061768),(564069.0625,5934951.5,3.39247012138367),(564121.8125,5934949.5,3.53113341331482),(564177.875,5934948.,3.55695152282715),(564216.25,5934952.5,3.24741077423096),(564251.,5934956.5,3.10929036140442),(564272.75,5934956.,3.4807870388031),(564284.,5934944.,3.3456118106842),(564385.125,5934954.5,3.9020037651062),(564415.75,5934952.,4.0714168548584),(564427.875,5934950.,4.33567380905151),(564465.625,5934949.5,4.43560457229614),(564472.75,5934948.,4.32864999771118),(564536.75,5934956.,4.38354778289795),(564559.625,5934955.5,4.36901473999023),(564632.5,5934942.,4.33974456787109),(564720.8125,5934942.5,5.6065878868103),(564744.0625,5934922.5,5.62092113494873),(564846.5,5934943.,5.59960460662842),(564934.9375,5934949.5,5.44088315963745),(564978.75,5934945.5,5.35564613342285),(565000.,5934955.,5.45883321762085),(564017.4375,5934948.,2.63406443595886),(564028.125,5934948.,2.50706720352173),(564039.8125,5934952.,3.18408751487732),(564054.9375,5934936.,3.3458251953125),(564083.5625,5934950.5,3.63583517074585),(564113.25,5934935.5,3.56614017486572),(564245.,5934951.,3.07948160171509),(564256.8125,5934950.5,3.29227614402771),(564266.75,5934950.,3.29241394996643),(564325.75,5934948.5,3.27475833892822),(564368.,5934951.,3.44681978225708),(564392.0625,5934948.5,3.91489624977112),(564409.1875,5934952.,4.2242956161499),(564478.25,5934950.5,4.54991483688354),(564509.8125,5934948.,4.45701360702515),(564499.25,5934946.,4.55495595932007),(564550.,5934952.,4.62454748153687),(564655.875,5934944.,4.97583913803101),(564689.3125,5934944.,5.71827125549316),(564949.0625,5934946.,5.22670888900757),(564994.4375,5934947.5,5.65599679946899),(564000.,5934948.5,2.69988512992859),(564004.4375,5934944.,2.98486161231995),(564031.,5934945.5,3.27739238739014),(564035.625,5934945.,3.35817170143127),(564078.75,5934946.,3.54707455635071),(564094.25,5934942.,4.00597047805786),(564150.9375,5934944.,3.50955200195312),(564235.875,5934928.5,3.28766846656799),(564294.8125,5934942.5,3.20005559921265),(564349.0625,5934947.,3.40346121788025),(564376.6875,5934935.,3.66533875465393),(564383.75,5934947.5,4.08307600021362),(564398.625,5934942.5,3.94245862960815),(564406.6875,5934946.,4.16560888290405),(564461.4375,5934944.5,4.55599021911621),(564538.6875,5934943.,4.58602285385132),(564566.4375,5934939.,4.68677282333374),(564593.8125,5934942.5,4.67830228805542),(564864.25,5934927.5,5.39239358901978),(564906.8125,5934938.,5.50684642791748),(564963.5,5934937.5,5.27370500564575),(565000.,5934946.5,5.74534034729004),(564013.,5934944.,3.27525997161865),(564020.8125,5934943.5,3.21772003173828),(564061.6875,5934936.5,3.6172239780426),(564083.375,5934943.,3.72888565063477),(564158.375,5934930.,3.55736994743347),(564246.75,5934938.5,3.20671343803406),(564267.6875,5934938.,3.26315999031067),(564278.5,5934937.,3.45184731483459),(564310.5625,5934940.5,3.24458575248718),(564323.9375,5934938.,3.34307408332825),(564342.8125,5934939.,3.36172032356262),(564353.6875,5934940.5,4.05403518676758),(564359.8125,5934941.5,3.75566530227661),(564387.0625,5934941.,4.00585556030273),(564394.1875,5934942.,4.17067193984985),(564424.4375,5934935.,4.37711620330811),(564430.5625,5934940.5,4.21651887893677),(564446.3125,5934929.,4.3280611038208),(564472.4375,5934943.,4.62888765335083),(564480.625,5934941.,4.7071590423584),(564502.25,5934941.5,4.65674304962158),(564516.3125,5934943.,4.68896293640137),(564530.5625,5934937.,4.58601236343384),(564550.875,5934941.5,4.63257694244385),(564561.5,5934938.5,4.94643068313599),(564574.25,5934941.,4.70441627502441),(564802.4375,5934929.,5.56783294677734),(564886.4375,5934929.5,5.53061151504517),(564932.0625,5934941.5,5.11818552017212),(564972.5,5934940.,5.50455141067505),(564983.,5934941.,5.70297718048096),(564005.1875,5934936.,2.97602272033691),(564028.6875,5934939.,3.32765674591064),(564147.375,5934937.5,3.6308057308197),(564180.4375,5934928.,3.66677188873291),(564192.9375,5934932.5,3.54994440078735),(564208.8125,5934914.,3.30957078933716),(564300.8125,5934933.,3.316969871521),(564349.875,5934938.5,3.71203994750977),(564382.3125,5934932.,4.1711802482605),(564410.5,5934930.5,4.16382074356079),(564648.5,5934931.,4.86490869522095),(564849.75,5934935.,5.48636436462402),(564943.4375,5934931.5,5.16237115859985),(564991.3125,5934925.5,5.72772312164307),(564000.,5934926.5,2.71934986114502),(564015.8125,5934931.5,2.90977549552917),(564032.875,5934932.5,3.04630303382874),(564042.125,5934933.,3.3743588924408),(564099.5,5934929.,3.77446532249451),(564125.,5934923.,3.59375405311584),(564199.375,5934916.5,3.32686471939087),(564213.375,5934930.5,3.2856183052063),(564264.875,5934929.5,3.27000832557678),(564308.4375,5934933.,3.9954469203949),(564320.25,5934929.,3.60900855064392),(564337.625,5934927.5,3.71665453910828),(564359.1875,5934934.,3.81361722946167),(564370.875,5934914.5,3.78813505172729),(564397.375,5934934.5,4.50440835952759),(564403.3125,5934932.5,4.63215112686157),(564439.125,5934930.,4.40897083282471),(564470.625,5934931.,4.58666610717773),(564516.0625,5934932.,4.55407047271729),(564543.375,5934929.,4.58303117752075),(564576.375,5934928.5,4.54802989959717),(564595.875,5934925.5,4.5826301574707),(564610.5,5934906.,4.34385013580322),(564621.5,5934925.5,4.24857902526855),(564639.125,5934933.,4.79510307312012),(564764.875,5934910.5,5.58276128768921),(564970.875,5934935.5,6.01347398757935),(564975.875,5934935.5,5.85546255111694),(564974.,5934931.,5.56251811981201),(565000.,5934930.5,5.77804327011108),(564007.1875,5934931.5,2.84817576408386),(564150.5,5934927.5,3.74301385879517),(564251.25,5934926.5,3.44181394577026),(564269.5,5934928.,4.07864713668823),(564275.9375,5934928.5,4.34825468063354),(564284.25,5934926.,3.54923391342163),(564293.25,5934925.5,3.62583470344543),(564313.625,5934930.,3.71270942687988),(564344.6875,5934930.5,3.65399289131165),(564493.0625,5934931.,4.55277967453003),(564559.,5934926.5,4.53978204727173),(564591.,5934926.5,4.55783700942993),(564829.625,5934920.,5.59857082366943),(564864.25,5934917.,5.45301294326782),(564907.5,5934927.,5.13750505447388),(564966.875,5934928.5,5.47471809387207),(564013.3125,5934927.5,3.39674258232117),(564008.25,5934923.5,3.73209452629089),(564022.375,5934925.5,3.12504243850708),(564032.75,5934927.,3.66860890388489),(564058.875,5934910.,3.63510680198669),(564064.0625,5934920.,3.91568350791931),(564158.875,5934921.,3.65226292610168),(564224.8125,5934922.,3.5228796005249),(564234.,5934924.,3.61432909965515),(564243.,5934921.5,3.7155122756958),(564267.0625,5934921.,3.46925187110901),(564307.0625,5934926.5,3.59535241127014),(564345.5,5934920.,3.58208823204041),(564362.9375,5934920.,3.84055089950562),(564383.1875,5934927.5,3.97206711769104),(564402.375,5934926.5,4.28478336334229),(564426.0625,5934915.5,4.55774211883545),(564454.1875,5934924.,4.63207387924194),(564476.1875,5934916.5,4.68593168258667),(564508.8125,5934916.,4.53315591812134),(564634.5625,5934920.,4.70532274246216),(564663.875,5934911.,5.92299699783325),(564946.1875,5934927.,5.36980104446411),(564954.125,5934922.5,5.3104944229126),(564983.0625,5934928.,5.46838140487671),(564024.5625,5934919.,3.28322196006775),(564031.9375,5934916.5,3.53594255447388),(564046.,5934913.,3.48925971984863),(564102.1875,5934913.5,3.68966054916382),(564113.6875,5934915.5,3.55163097381592),(564182.625,5934914.,3.72042751312256),(564276.1875,5934920.,3.47074031829834),(564318.3125,5934917.5,3.40134906768799),(564525.5,5934920.,4.55594110488892),(564540.5625,5934914.,4.35630798339844),(564547.875,5934915.,4.67554473876953),(564573.9375,5934916.5,4.6607985496521),(564851.8125,5934908.5,5.32559108734131),(564899.625,5934914.,4.97402858734131),(564873.4375,5934912.5,5.08608865737915),(564926.,5934923.5,5.08322429656982),(564928.75,5934919.5,5.29546928405762),(564007.375,5934916.5,3.27890753746033),(564016.375,5934918.5,3.1834888458252),(564123.4375,5934908.,3.72776746749878),(564152.625,5934909.5,3.60900449752808),(564189.75,5934915.5,3.79570627212524),(564238.125,5934909.,3.60819578170776),(564253.8125,5934918.,3.89849996566772),(564269.1875,5934919.,3.35428047180176),(564304.1875,5934915.5,3.40287518501282),(564339.5,5934919.,3.59828877449036),(564387.0625,5934913.,4.06342601776123),(564395.375,5934915.5,3.98349666595459),(564413.9375,5934917.5,4.44929695129395),(564435.5,5934903.,4.84982013702393),(564463.8125,5934916.5,4.74718761444092),(564490.75,5934916.5,4.61807060241699),(564563.125,5934914.5,4.49776744842529),(564581.75,5934915.5,4.57007265090942),(564592.8125,5934915.,5.15961217880249),(564627.25,5934912.5,4.60187482833862),(564641.75,5934915.,5.16911888122559),(564751.8125,5934918.,5.645432472229),(564965.,5934912.5,5.6147289276123),(564975.9375,5934917.,5.6514687538147),(564990.25,5934908.,5.42019844055176),(565000.,5934911.5,5.4687237739563),(564000.,5934911.,3.11344742774963),(564065.5,5934908.,4.03797817230225),(564215.4375,5934907.,3.74729895591736),(564274.25,5934914.5,3.56493425369263),(564283.9375,5934914.,3.5172483921051),(564350.0625,5934915.5,3.97997975349426),(564406.1875,5934911.,4.17576694488525),(564444.8125,5934901.5,4.6277379989624),(564504.,5934914.5,4.420334815979),(564524.625,5934914.5,4.41437101364136),(564603.1875,5934912.,4.5085916519165),(564634.5625,5934912.,5.8461275100708),(564654.5,5934892.5,5.91504573822021),(564811.875,5934901.,5.3568696975708),(564831.625,5934890.,5.15163326263428),(564907.375,5934911.5,5.23558330535889),(564929.1875,5934912.5,5.24760055541992),(564016.25,5934908.,2.96549820899963),(564032.1875,5934910.5,3.14011859893799),(564105.4375,5934897.,3.71308207511902),(564188.75,5934911.5,2.88183212280273),(564184.75,5934911.5,3.25792670249939),(564192.75,5934911.5,3.64245176315308),(564196.75,5934907.5,3.40509462356567),(564196.625,5934902.,3.4560375213623),(564249.6875,5934906.5,3.867520570755),(564310.0625,5934907.,3.64026308059692),(564324.,5934911.,3.82291078567505),(564360.8125,5934906.5,4.17247676849365),(564365.5,5934889.5,4.12853479385376),(564416.,5934903.5,4.63640403747559),(564452.25,5934907.,4.8113431930542),(564476.3125,5934908.,5.05951452255249),(564499.75,5934906.,5.15611791610718),(564569.,5934912.,5.16117429733276),(564581.75,5934908.,5.15587091445923),(564588.9375,5934908.,5.24585914611816),(564785.5625,5934895.,5.59365844726562),(564880.625,5934905.5,4.90724802017212),(564950.25,5934909.,5.43495464324951),(564000.,5934907.5,2.96245241165161),(564169.3125,5934903.,3.7892804145813),(564176.875,5934897.,3.82096815109253),(564181.0625,5934906.5,3.73415064811707),(564184.75,5934907.5,2.37600088119507),(564188.75,5934907.5,0.0177979897707701),(564192.75,5934907.5,1.00135838985443),(564210.9375,5934898.,3.48217678070068),(564270.5,5934901.,3.54955410957336),(564295.0625,5934902.,3.47522974014282),(564287.5,5934900.,3.70783805847168),(564302.0625,5934903.5,3.61888360977173),(564317.5625,5934905.,3.64861655235291),(564327.6875,5934894.5,4.54786968231201),(564347.0625,5934903.,4.30746603012085),(564403.,5934903.5,4.14652061462402),(564511.8125,5934908.,5.12571620941162),(564529.5625,5934905.,5.20641660690308),(564542.5625,5934903.,5.26864862442017),(564560.,5934906.5,5.12117099761963),(564598.4375,5934907.,5.07344341278076),(564630.4375,5934907.,4.68917894363403),(564634.8125,5934905.,5.64608860015869),(564650.9375,5934898.,5.96206188201904),(564908.375,5934906.,5.17484331130981),(564989.25,5934901.,5.59366369247437),(564000.,5934901.,3.1476263999939),(564035.,5934904.,3.41496324539185),(564044.8125,5934899.5,3.73297619819641),(564070.9375,5934895.,3.97518181800842),(564100.5,5934898.5,3.63228321075439),(564118.0625,5934895.,3.85614824295044),(564146.125,5934896.,3.99517107009888),(564185.1875,5934902.,1.26772630214691),(564188.6875,5934900.5,-0.00590498140081763),(564192.75,5934903.5,1.40227627754211),(564239.,5934895.5,3.65289640426636),(564380.3125,5934896.5,4.1255350112915),(564459.,5934903.5,4.88577175140381),(564479.8125,5934904.,5.06523466110229),(564500.1875,5934898.5,5.28958892822266),(564560.5,5934900.5,5.09616374969482),(564581.125,5934899.,5.06988620758057),(564597.3125,5934899.,4.80394840240479),(564861.125,5934892.,4.7990255355835),(564882.0625,5934898.,5.17345762252808),(564928.1875,5934899.,5.44765281677246),(564911.0625,5934893.5,5.43535280227661),(564945.625,5934896.5,5.29689121246338),(564961.8125,5934897.5,5.3986496925354),(565000.,5934900.,5.58860206604004),(564032.,5934896.,3.34008002281189),(564152.8125,5934893.,3.93896842002869),(564180.6875,5934898.,3.31610989570618),(564192.75,5934899.5,2.25797414779663),(564196.5625,5934893.5,3.53154158592224),(564261.8125,5934895.,3.92155480384827),(564301.8125,5934897.5,3.93762445449829),(564320.375,5934898.5,4.02153205871582),(564359.375,5934892.,4.29865980148315),(564391.1875,5934891.,4.50658845901489),(564417.625,5934898.,4.86455583572388),(564450.4375,5934898.5,5.27257871627808),(564455.,5934899.5,5.3331241607666),(564468.875,5934899.,5.32409238815308),(564485.625,5934899.5,5.40130186080933),(564507.75,5934892.5,5.21250343322754),(564519.25,5934896.,5.22774839401245),(564527.25,5934892.5,5.65586614608765),(564534.6875,5934896.5,5.45744466781616),(564622.875,5934877.,4.59791851043701),(564630.625,5934889.5,4.79219102859497),(564635.6875,5934890.5,5.69737386703491),(564837.125,5934886.5,4.93103647232056),(564887.875,5934893.5,5.24410629272461),(564974.375,5934893.5,5.58570432662964),(564018.4375,5934893.,3.26877808570862),(564000.,5934890.,3.19545960426331),(564036.9375,5934895.,3.99460482597351),(564058.9375,5934888.5,3.81950497627258),(564083.75,5934893.5,3.53017497062683),(564104.375,5934889.5,3.86199831962585),(564167.5625,5934885.,4.01474809646606),(564184.8125,5934893.5,0.483201384544373),(564188.75,5934893.5,0.0947409346699715),(564192.8125,5934894.,3.05619812011719),(564228.875,5934889.,3.80533885955811),(564250.875,5934891.5,4.01016187667847),(564280.1875,5934894.5,3.98289799690247),(564286.375,5934890.,3.88043475151062),(564341.6875,5934889.,4.94884777069092),(564330.75,5934888.,4.91005039215088),(564374.5625,5934882.,4.14821672439575),(564402.75,5934895.5,4.19876909255981),(564408.8125,5934891.5,4.42922163009644),(564417.1875,5934887.,5.02669048309326),(564494.4375,5934884.5,5.94774341583252),(564544.5625,5934893.5,5.60686874389648),(564553.3125,5934892.,5.45584201812744),(564559.625,5934892.,5.65387535095215),(564571.3125,5934894.,5.14574956893921),(564576.5625,5934886.,5.17324781417847),(564592.3125,5934885.5,4.91044092178345),(564610.5,5934882.5,4.53475427627563),(564984.4375,5934894.,5.43368673324585),(565000.,5934889.,5.56034803390503),(564030.9375,5934889.,3.71539402008057),(564100.375,5934889.,2.72704458236694),(564106.3125,5934872.,4.15781736373901),(564138.5625,5934887.,3.92261242866516),(564180.5625,5934888.,2.43582701683044),(564176.75,5934889.5,3.86617732048035),(564271.25,5934887.5,3.80918908119202),(564308.375,5934885.5,3.96132516860962),(564315.4375,5934889.,4.10733938217163),(564321.625,5934889.,4.04113626480103),(564401.125,5934891.5,4.56716775894165),(564433.8125,5934877.,5.07215118408203),(564441.5,5934883.5,4.86001253128052),(564447.8125,5934882.5,5.1465802192688),(564480.6875,5934885.5,5.76526975631714),(564516.4375,5934892.,5.85515880584717),(564521.875,5934887.5,7.04293727874756),(564548.4375,5934878.,5.71922540664673),(564696.8125,5934864.5,5.64988136291504),(564865.1875,5934885.,5.01420116424561),(564924.8125,5934888.5,5.41780805587769),(564966.,5934888.,5.46495723724365),(564016.4375,5934887.,3.7633216381073),(564036.4375,5934885.,3.71017789840698),(564053.8125,5934879.5,3.8950788974762),(564077.3125,5934887.,3.48813128471375),(564096.0625,5934887.,2.46439123153687),(564116.4375,5934872.,4.44007349014282),(564173.125,5934882.,3.96534705162048),(564184.6875,5934886.,0.144892543554306),(564188.75,5934887.5,0.666479110717773),(564192.75,5934885.5,3.33813858032227),(564205.375,5934879.,3.66080594062805),(564213.625,5934883.5,3.82454705238342),(564236.75,5934884.,4.16358995437622),(564294.5625,5934878.5,3.88814783096313),(564327.875,5934884.5,4.41460466384888),(564352.5625,5934884.,4.06571531295776),(564423.375,5934883.5,5.189377784729),(564463.625,5934879.,5.35047769546509),(564497.25,5934881.5,5.82264614105225),(564502.25,5934882.,5.36818552017212),(564512.1875,5934886.,5.82597875595093),(564530.125,5934888.,5.67365264892578),(564644.4375,5934875.,5.94067096710205),(564713.1875,5934856.,5.63448143005371),(564800.1875,5934876.,5.54129266738892),(564814.8125,5934870.5,5.25443696975708),(564888.1875,5934884.,5.37496185302734),(564897.625,5934880.,5.52308225631714),(564952.375,5934887.,5.50054311752319),(564007.75,5934879.5,3.56695127487183),(564042.4375,5934880.5,3.98562812805176),(564067.875,5934877.5,4.19200754165649),(564096.1875,5934880.5,2.15846371650696),(564100.375,5934883.5,2.73570322990417),(564104.1875,5934882.5,4.03029823303223),(564141.875,5934873.5,4.28203153610229),(564149.0625,5934875.,4.17318058013916),(564155.9375,5934882.,4.48771858215332),(564162.375,5934879.,4.85792446136475),(564176.5,5934881.,3.32958769798279),(564181.1875,5934881.5,0.825482428073883),(564188.6875,5934881.5,1.34921848773956),(564192.4375,5934878.,3.64152050018311),(564249.5,5934880.5,4.24565029144287),(564256.75,5934881.5,3.9610481262207),(564260.375,5934875.,3.93787837028503),(564276.1875,5934881.5,4.06698656082153),(564285.25,5934882.5,4.14355516433716),(564319.25,5934878.,4.00405073165894),(564324.9375,5934867.,4.39718532562256),(564335.6875,5934883.,4.39274406433105),(564364.1875,5934880.5,4.40952301025391),(564449.625,5934876.5,5.15069007873535),(564469.,5934871.5,5.67854738235474),(564507.875,5934879.,5.42648315429688),(564517.875,5934881.5,6.44008588790894),(564522.1875,5934883.5,6.91086006164551),(564530.3125,5934882.,5.5307879447937),(564558.,5934876.,5.74234533309937),(564569.6875,5934877.,5.24801349639893),(564598.,5934873.5,4.94280195236206),(564616.25,5934859.5,4.8295111656189),(564628.8125,5934882.,4.8255558013916),(564634.9375,5934882.,5.86478900909424),(564741.1875,5934874.,5.6458477973938),(564843.6875,5934875.5,4.84799003601074),(564915.1875,5934879.5,5.52591800689697),(564928.4375,5934882.5,5.17496633529663),(564937.375,5934883.5,5.43711757659912),(564989.0625,5934879.,5.53718566894531),(564995.5,5934883.,5.54906988143921),(565000.,5934883.5,4.95620822906494),(564018.1875,5934876.,3.74472594261169),(564096.9375,5934875.5,3.26457381248474),(564184.8125,5934877.5,0.202459111809731),(564228.9375,5934868.5,3.67215347290039),(564238.375,5934877.5,4.41374731063843),(564273.625,5934875.5,3.83396816253662),(564344.5625,5934878.,4.54804420471191),(564384.1875,5934871.,4.46080875396729),(564396.3125,5934871.,4.40089225769043),(564405.4375,5934871.5,4.29890251159668),(564410.5,5934867.,4.59460592269897),(564523.25,5934877.5,5.87934398651123),(564574.875,5934877.,4.82670402526855),(564686.,5934856.,5.86190843582153),(564690.,5934863.,5.89776563644409),(564870.5625,5934869.,5.35088872909546),(564879.9375,5934869.5,5.60590505599976),(564944.375,5934873.,5.05308198928833),(564982.375,5934875.5,5.57077598571777),(565000.,5934877.,5.27594614028931),(564000.,5934875.,3.58234620094299),(564043.4375,5934875.,3.87202477455139),(564090.9375,5934875.,2.51697325706482),(564098.75,5934873.5,3.94232106208801),(564160.4375,5934875.5,4.88582468032837),(564167.0625,5934872.5,4.10867118835449),(564172.75,5934873.5,3.97900223731995),(564192.875,5934869.5,3.7474217414856),(564233.1875,5934875.,3.9317569732666),(564281.0625,5934873.5,4.04030418395996),(564307.5625,5934862.5,4.0018892288208),(564314.75,5934872.,4.01378536224365),(564344.3125,5934863.5,4.60336637496948),(564358.1875,5934870.5,4.54244136810303),(564416.6875,5934862.,4.95957326889038),(564477.8125,5934871.,5.85190916061401),(564489.25,5934870.5,6.01826190948486),(564501.3125,5934873.,5.7505784034729),(564514.25,5934874.,5.56276035308838),(564520.25,5934874.,5.71997308731079),(564580.875,5934868.,4.78001928329468),(564634.6875,5934874.,5.01074600219727),(564641.5,5934872.,5.97320175170898),(564836.3125,5934866.5,4.93694496154785),(564855.375,5934867.5,5.35007905960083),(564975.75,5934863.,5.03628492355347),(564000.,5934868.,3.57367563247681),(564029.875,5934862.5,3.91226887702942),(564047.9375,5934865.5,4.14192581176758),(564070.1875,5934866.,4.40078401565552),(564082.75,5934870.5,3.31789493560791),(564091.875,5934866.5,3.94827103614807),(564158.0625,5934869.,4.0312385559082),(564177.,5934869.,1.76358294487),(564180.6875,5934869.5,0.29063692688942),(564184.8125,5934869.5,0.445008605718613),(564189.5625,5934867.,2.72363042831421),(564239.25,5934871.,3.84778547286987),(564266.4375,5934869.5,4.24378681182861),(564285.625,5934869.5,4.15027236938477),(564442.5625,5934859.5,5.14928960800171),(564455.375,5934869.5,5.5625901222229),(564509.25,5934869.5,5.81224822998047),(564522.,5934869.5,5.81938076019287),(564534.3125,5934867.,5.75368642807007),(564539.1875,5934868.5,5.63878965377808),(564570.6875,5934864.,5.42808055877686),(564561.5625,5934868.5,5.46827793121338),(564603.6875,5934864.,4.93607616424561),(564629.5625,5934859.5,4.80344533920288),(564785.1875,5934858.5,5.68324565887451),(564820.25,5934866.5,5.03296566009521),(564900.125,5934864.5,5.92116212844849),(564918.625,5934862.5,5.01501369476318),(564908.,5934871.,5.69116878509521),(564996.4375,5934856.,5.39258909225464),(564096.8125,5934866.5,3.97020268440247),(564172.625,5934865.5,3.60091948509216),(564169.,5934862.5,4.11410188674927),(564203.9375,5934854.,3.91513180732727),(564211.8125,5934857.5,3.88394093513489),(564240.625,5934860.5,3.5431022644043),(564287.5625,5934861.,4.01247310638428),(564319.625,5934862.,4.13938474655151),(564352.,5934860.5,5.19026231765747),(564371.875,5934853.,4.46780347824097),(564391.25,5934861.5,5.17179679870605),(564433.4375,5934862.,5.20581674575806),(564479.25,5934860.,5.89760684967041),(564492.,5934861.5,5.8600959777832),(564515.5625,5934860.5,5.78370904922485),(564544.5,5934861.,5.49401044845581),(564574.375,5934865.5,4.99316644668579),(564626.75,5934853.,4.93047571182251),(564638.875,5934856.5,5.06318426132202),(564780.625,5934842.5,5.5084080696106),(564844.375,5934864.,5.10299825668335),(564887.5625,5934863.5,5.57224655151367),(564933.625,5934865.,4.95962381362915),(564943.625,5934867.,5.1214542388916),(564000.,5934861.5,3.78499531745911),(564056.375,5934857.,4.12524175643921),(564082.375,5934860.,4.52329921722412),(564098.25,5934860.,4.38408946990967),(564136.4375,5934857.5,4.41393184661865),(564176.8125,5934862.,1.00760066509247),(564180.75,5934861.5,0.326098799705505),(564184.625,5934861.,1.05223441123962),(564192.5625,5934858.,4.10688304901123),(564224.75,5934863.5,3.79860544204712),(564228.875,5934860.5,2.64846873283386),(564248.4375,5934860.,3.90586519241333),(564265.0625,5934859.5,4.28613948822021),(564277.125,5934859.5,4.19554376602173),(564295.5,5934859.,3.90972137451172),(564326.0625,5934860.,4.85221767425537),(564381.3125,5934859.5,4.98206520080566),(564394.5625,5934860.,5.40584754943848),(564471.875,5934847.,5.60044622421265),(564522.3125,5934860.,5.57808303833008),(564551.1875,5934856.,5.63469982147217),(564560.5625,5934856.,5.33931827545166),(564581.625,5934862.5,5.10819816589355),(564592.5,5934864.,5.34511470794678),(564644.75,5934857.,5.86386585235596),(564673.5,5934848.5,5.92316293716431),(564867.8125,5934855.,5.63071060180664),(564911.4375,5934855.,5.1342339515686),(564962.5625,5934850.,5.04786205291748),(565000.,5934857.,5.05930185317993),(564000.,5934850.5,3.59409189224243),(564040.5625,5934854.5,4.23663425445557),(564072.875,5934859.,4.47814655303955),(564101.625,5934853.,4.24459171295166),(564116.9375,5934856.,4.51923847198486),(564172.5,5934857.5,2.89987635612488),(564218.6875,5934855.5,3.55505800247192),(564224.875,5934859.5,3.20781254768372),(564314.3125,5934848.5,4.21041393280029),(564338.625,5934859.,4.99127912521362),(564357.5,5934855.,5.22067499160767),(564406.,5934857.5,5.11789417266846),(564436.5625,5934836.,5.42952585220337),(564538.4375,5934856.5,5.74706602096558),(564573.75,5934855.5,5.50419521331787),(564588.125,5934855.5,5.3070387840271),(564597.5625,5934855.5,5.4215030670166),(564696.875,5934851.5,5.44505977630615),(564725.875,5934847.5,5.68696689605713),(564822.6875,5934849.,5.07308006286621),(564834.4375,5934856.,5.13438940048218),(564844.875,5934848.,5.41850852966309),(564849.75,5934844.5,5.41887378692627),(564893.4375,5934856.,5.97823190689087),(564894.5625,5934843.,5.54547309875488),(564987.9375,5934853.,4.96179342269897),(564150.875,5934837.5,4.2252049446106),(564168.375,5934853.5,4.15163230895996),(564176.5,5934853.5,0.538260757923126),(564181.0625,5934852.5,0.548738777637482),(564188.75,5934853.,3.81882309913635),(564228.25,5934855.5,3.32307767868042),(564232.9375,5934855.5,3.0996208190918),(564241.5,5934855.,3.8360960483551),(564243.1875,5934851.5,4.67874002456665),(564255.125,5934851.5,5.01635265350342),(564306.3125,5934848.,3.95466661453247),(564321.8125,5934847.,4.32035160064697),(564346.875,5934854.5,5.22006416320801),(564340.1875,5934849.5,4.98624181747437),(564395.625,5934854.,5.29726409912109),(564420.625,5934851.5,5.24905490875244),(564454.75,5934849.5,5.58117485046387),(564503.,5934848.,5.95056962966919),(564606.6875,5934850.5,5.11697721481323),(564660.5625,5934846.,5.88844633102417),(564801.25,5934844.,5.19970798492432),(564982.5625,5934848.5,5.01208257675171),(564022.5625,5934846.,3.93035626411438),(564097.8125,5934839.,4.39183044433594),(564122.125,5934846.5,4.31600379943848),(564188.625,5934845.,4.04673910140991),(564219.625,5934851.5,4.29925632476807),(564213.0625,5934846.5,4.76430177688599),(564234.25,5934851.,4.71860790252686),(564274.25,5934851.5,4.84496879577637),(564283.3125,5934846.,4.47007751464844),(564297.5,5934845.,3.92901802062988),(564330.0625,5934846.5,4.84334897994995),(564391.1875,5934848.5,5.05831575393677),(564406.9375,5934845.5,5.22697734832764),(564496.4375,5934846.5,5.75971937179565),(564523.125,5934843.5,5.69612264633179),(564541.4375,5934844.,5.68659973144531),(564556.9375,5934844.,5.52395009994507),(564572.875,5934846.,5.43022108078003),(564589.,5934845.,5.35557794570923),(564649.8125,5934844.5,5.19874811172485),(564683.5625,5934844.,5.51646327972412),(564711.5,5934847.,5.62529611587524),(564719.4375,5934844.,5.55423402786255),(564778.625,5934850.,5.62697601318359),(564814.5,5934848.5,5.16306400299072),(564866.25,5934845.,5.62158012390137),(564884.5625,5934847.5,6.00010633468628),(564902.3125,5934844.5,5.30625915527344),(564939.75,5934839.5,5.01033926010132),(564996.3125,5934851.,4.36734676361084),(564990.25,5934849.,5.64608812332153),(565000.,5934847.5,2.43911123275757),(564030.,5934835.5,4.16046667098999),(564047.5625,5934835.,4.20195388793945),(564065.625,5934840.5,4.35893201828003),(564172.875,5934846.,1.37273287773132),(564168.625,5934845.5,3.62965083122253),(564176.625,5934845.5,0.46091502904892),(564180.25,5934842.,1.15797603130341),(564185.25,5934842.,3.41735792160034),(564207.3125,5934844.,4.01968574523926),(564217.,5934847.5,4.92417860031128),(564222.,5934847.5,4.67298984527588),(564263.5,5934840.5,4.94424867630005),(564295.75,5934839.5,4.47753524780273),(564347.375,5934844.5,5.05539226531982),(564357.0625,5934845.5,5.40577411651611),(564372.625,5934846.,4.6328330039978),(564383.8125,5934841.5,5.00648355484009),(564510.375,5934843.,5.80311965942383),(564549.625,5934843.5,6.04776000976562),(564644.0625,5934838.,5.00585412979126),(564689.0625,5934840.,5.5854058265686),(564703.5625,5934847.,5.62244510650635),(564777.,5934827.,5.55691528320312),(564829.5625,5934845.,5.21454000473022),(564836.3125,5934848.5,5.5321683883667),(564859.5,5934847.5,5.77725505828857),(564869.0625,5934832.,5.94398021697998),(564925.9375,5934843.,5.14308309555054),(564973.25,5934842.5,4.98215818405151),(564991.9375,5934847.5,5.44470977783203),(564000.,5934838.5,4.0477409362793),(564053.8125,5934831.5,4.37396430969238),(564135.125,5934839.,4.32345581054688),(564164.75,5934841.,4.25826406478882),(564215.75,5934839.,4.35100364685059),(564237.,5934838.,4.7103967666626),(564246.5625,5934841.,4.75577354431152),(564256.6875,5934829.5,4.9580192565918),(564277.3125,5934842.,4.90922975540161),(564458.875,5934837.5,5.51483964920044),(564485.1875,5934839.,5.55756139755249),(564631.8125,5934833.,5.07599687576294),(564876.0625,5934836.5,6.09396123886108),(564915.4375,5934837.5,5.53014755249023),(564983.25,5934842.5,5.67922687530518),(564987.9375,5934843.5,5.19509887695312),(564991.5625,5934840.,3.5704824924469),(564996.,5934843.5,2.51885151863098),(564012.625,5934837.,3.9334020614624),(564116.875,5934839.5,4.47503709793091),(564168.5,5934837.,2.88959169387817),(564172.6875,5934837.,0.71501761674881),(564176.8125,5934838.,0.529685318470001),(564195.6875,5934833.,4.24623155593872),(564320.8125,5934828.,5.02255344390869),(564336.4375,5934833.,5.05663442611694),(564353.25,5934834.,4.94187879562378),(564366.875,5934835.,4.82115936279297),(564412.875,5934834.5,5.12791681289673),(564501.3125,5934838.,5.54446363449097),(564549.5625,5934838.5,5.4549765586853),(564561.6875,5934833.5,5.31245279312134),(564589.4375,5934833.5,5.19603681564331),(564606.6875,5934835.,5.0846848487854),(564625.0625,5934827.5,5.28611993789673),(564666.0625,5934834.5,5.42895317077637),(564743.5625,5934834.,5.64677858352661),(564806.1875,5934831.,5.24874210357666),(564817.875,5934832.5,5.44693851470947),(564834.25,5934837.,4.94163179397583),(564841.375,5934836.5,5.3994574546814),(564847.8125,5934825.5,5.69193887710571),(564895.6875,5934835.5,5.93200397491455),(564904.6875,5934838.,5.78568983078003),(564933.5,5934834.5,5.19978952407837),(564941.9375,5934832.5,4.92694282531738),(564971.25,5934835.,5.70111751556396),(564995.1875,5934838.,2.63069987297058),(564016.6875,5934835.,4.09216928482056),(564072.375,5934833.,4.48299312591553),(564100.3125,5934831.,4.47347831726074),(564132.5,5934831.,4.51968240737915),(564160.75,5934832.,4.40384101867676),(564164.6875,5934833.5,4.13776731491089),(564188.6875,5934831.5,4.55222606658936),(564220.375,5934824.5,4.607008934021),(564286.4375,5934829.,4.950767993927),(564314.3125,5934831.5,4.93327569961548),(564511.1875,5934832.5,5.64965867996216),(564526.0625,5934833.,5.55861806869507),(564695.25,5934831.5,5.5181736946106),(564712.125,5934836.5,5.52659511566162),(564721.6875,5934831.,5.77506303787231),(564732.625,5934827.5,5.89461517333984),(564748.125,5934821.5,5.56022214889526),(564761.3125,5934825.,5.62302255630493),(564787.3125,5934830.,5.33834648132324),(564840.625,5934828.5,5.72802877426147),(564880.6875,5934826.,6.02029275894165),(564916.6875,5934831.,5.10833883285522),(564955.4375,5934831.,5.04016733169556),(564967.0625,5934837.5,5.10511541366577),(564981.75,5934835.5,4.5934591293335),(564987.625,5934833.5,2.63650250434875),(565000.,5934831.5,2.34102058410645),(564010.375,5934825.,3.58261251449585),(564032.6875,5934826.,3.72350811958313),(564092.25,5934825.5,4.42022705078125),(564148.8125,5934830.5,4.69423007965088),(564172.25,5934832.5,0.63135552406311),(564176.125,5934824.,1.12298393249512),(564181.1875,5934824.5,3.37379932403564),(564236.3125,5934823.5,4.6536865234375),(564270.625,5934815.5,4.76855373382568),(564375.0625,5934828.,4.82601547241211),(564395.1875,5934825.,5.01883983612061),(564423.0625,5934829.5,5.25981664657593),(564433.375,5934826.5,5.40704011917114),(564471.6875,5934830.,5.7123589515686),(564519.5,5934819.,5.87800025939941),(564678.0625,5934830.,5.49508047103882),(564714.9375,5934830.5,5.26846265792847),(564833.875,5934826.5,5.76139640808105),(564837.8125,5934831.5,5.27007150650024),(564911.5,5934830.5,5.78058052062988),(564958.5,5934827.5,5.75182867050171),(564972.25,5934827.,4.45212650299072),(564979.625,5934831.,4.3960919380188),(564993.0625,5934829.,2.28162240982056),(564000.,5934820.5,3.50713229179382),(564072.375,5934821.5,4.66019535064697),(564127.4375,5934822.5,4.4356894493103),(564142.,5934823.5,4.75394439697266),(564160.75,5934824.5,4.72982120513916),(564164.5,5934825.,3.73286056518555),(564168.8125,5934826.,1.41472911834717),(564172.6875,5934825.5,0.611613869667053),(564184.0625,5934821.,4.71082067489624),(564329.5625,5934825.5,4.98209524154663),(564341.,5934825.,4.88587236404419),(564481.8125,5934807.,6.05850124359131),(564538.4375,5934826.5,5.60662031173706),(564571.9375,5934822.,5.4772367477417),(564599.75,5934821.5,5.42314386367798),(564614.125,5934817.,5.1977686882019),(564644.25,5934815.5,5.25045156478882),(564654.3125,5934824.5,5.14352178573608),(564794.625,5934820.5,5.38050651550293),(564814.1875,5934821.,5.59532928466797),(564865.4375,5934824.5,6.07516717910767),(564935.4375,5934824.5,5.12878561019897),(565000.,5934824.,4.26870059967041),(564993.625,5934826.,2.60155439376831),(564038.875,5934816.5,4.1579761505127),(564064.25,5934811.5,4.50264024734497),(564103.5625,5934818.5,4.52372169494629),(564203.75,5934819.,4.43437433242798),(564403.3125,5934819.5,5.27019548416138),(564417.3125,5934812.5,5.68750524520874),(564465.875,5934817.5,5.73174905776978),(564444.3125,5934817.5,5.62069654464722),(564503.625,5934811.,6.09511995315552),(564552.9375,5934811.5,5.75073480606079),(564576.5625,5934811.5,5.82939720153809),(564585.8125,5934816.,5.50371170043945),(564654.0625,5934813.,5.31462907791138),(564673.25,5934823.,5.52776336669922),(564686.0625,5934812.5,5.79301357269287),(564707.4375,5934819.,5.51482057571411),(564723.25,5934821.,5.94897127151489),(564738.5,5934821.5,6.13234043121338),(564846.75,5934817.,5.83880376815796),(564927.0625,5934819.,5.35376405715942),(564946.6875,5934819.,5.77846002578735),(564955.5,5934822.5,5.69142198562622),(564961.5,5934816.5,4.34427070617676),(564971.6875,5934822.,4.02833700180054),(564980.625,5934823.5,4.83943033218384),(564987.9375,5934823.5,2.62095475196838),(564995.5,5934823.,3.99158644676208),(564021.9375,5934814.,3.90585517883301),(564095.,5934814.5,4.30863285064697),(564147.,5934809.5,4.83716583251953),(564160.,5934816.,4.52604246139526),(564168.5625,5934818.,0.910437822341919),(564172.6875,5934819.5,0.675378084182739),(564176.6875,5934819.5,2.52587723731995),(564180.75,5934819.5,3.95906496047974),(564254.0625,5934815.5,4.67534255981445),(564317.625,5934819.5,5.00260782241821),(564322.0625,5934807.,5.08885145187378),(564363.9375,5934817.5,5.03983306884766),(564381.0625,5934815.5,5.22255229949951),(564398.0625,5934812.5,5.22363376617432),(564433.875,5934806.,5.65163564682007),(564473.75,5934815.5,5.97147369384766),(564560.1875,5934805.,5.74458789825439),(564765.875,5934817.5,5.66160202026367),(564823.9375,5934811.,5.95236301422119),(564828.9375,5934807.5,5.93002700805664),(564839.5,5934819.,5.92325448989868),(564864.25,5934808.,6.08734035491943),(564904.75,5934813.5,5.70390892028809),(564932.3125,5934814.,5.48036193847656),(564953.8125,5934813.5,4.53875732421875),(564975.375,5934817.5,4.46421384811401),(564980.0625,5934818.,4.96044301986694),(564984.375,5934818.5,4.81902313232422),(564987.9375,5934819.5,3.86679768562317),(565000.,5934817.5,4.16075801849365),(564000.,5934806.5,3.95527744293213),(564012.6875,5934811.,3.99264335632324),(564052.875,5934800.5,4.62198781967163),(564073.,5934807.,4.77415370941162),(564082.9375,5934807.5,4.67092180252075),(564128.9375,5934808.5,4.5976185798645),(564172.6875,5934815.5,1.08941006660461),(564168.6875,5934813.,0.728722751140594),(564176.6875,5934815.5,4.1763858795166),(564176.8125,5934811.5,4.69013023376465),(564197.5,5934809.5,4.42005157470703),(564220.125,5934811.5,4.36537647247314),(564285.375,5934811.,5.00210905075073),(564408.25,5934808.,5.80191707611084),(564405.5,5934814.5,5.2729172706604),(564424.1875,5934801.5,5.53525352478027),(564532.9375,5934808.5,5.79285955429077),(564538.6875,5934809.,5.68777084350586),(564601.1875,5934808.5,5.48601293563843),(564663.75,5934806.,5.3486967086792),(564752.,5934811.,5.86275386810303),(564780.75,5934805.5,5.50472927093506),(564859.25,5934810.5,6.05642318725586),(564918.1875,5934808.5,5.53695964813232),(564937.1875,5934813.5,5.80818223953247),(564945.625,5934813.,5.44543695449829),(564974.0625,5934812.5,4.12849044799805),(564988.5625,5934815.5,4.32041692733765),(564007.1875,5934808.,3.86712288856506),(564021.0625,5934805.5,3.90331959724426),(564041.75,5934806.5,4.10442495346069),(564100.0625,5934806.,4.52704668045044),(564164.875,5934809.,1.79314148426056),(564160.375,5934805.,3.77318716049194),(564172.6875,5934811.,1.66455936431885),(564176.8125,5934807.5,4.77986764907837),(564184.875,5934802.5,4.49617528915405),(564266.5625,5934809.,4.87552833557129),(564312.9375,5934806.5,5.25200796127319),(564329.9375,5934801.5,5.30267715454102),(564337.25,5934803.,5.12065935134888),(564392.375,5934805.5,5.51519298553467),(564400.9375,5934806.5,5.92743015289307),(564446.0625,5934804.5,5.36650037765503),(564455.5625,5934811.5,5.56889963150024),(564511.4375,5934807.,5.71834564208984),(564522.5625,5934808.5,5.69261360168457),(564635.6875,5934805.,5.58764696121216),(564679.9375,5934803.,5.60666751861572),(564729.,5934801.5,6.25984048843384),(564759.25,5934805.,5.55036544799805),(564792.1875,5934801.5,5.74223566055298),(564835.625,5934807.,5.20077180862427),(564869.,5934805.5,5.95783376693726),(564907.25,5934807.5,5.81012916564941),(564973.8125,5934803.5,4.43119430541992),(564964.5625,5934808.,4.45585012435913),(564980.1875,5934810.5,3.85650706291199),(564983.9375,5934811.,3.47618365287781),(564991.125,5934807.5,3.65354037284851),(565000.,5934810.,4.18752193450928),(564156.5,5934799.,4.66111135482788),(564168.8125,5934806.,0.785530984401703),(564172.6875,5934807.,2.7502224445343),(564221.875,5934803.,4.55239772796631),(564276.,5934798.,4.74915981292725),(564341.3125,5934799.,5.35442733764648),(564361.125,5934798.5,5.34780168533325),(564461.8125,5934800.,5.49835872650146),(564497.,5934800.,5.88270425796509),(564518.25,5934802.,5.77719259262085),(564547.125,5934796.,5.73365068435669),(564576.9375,5934799.,5.94938707351685),(564582.3125,5934803.5,5.80032587051392),(564587.6875,5934800.,5.76202774047852),(564695.0625,5934799.5,5.96475791931152),(564765.9375,5934802.5,5.60929155349731),(564800.6875,5934796.,5.76022243499756),(564861.8125,5934803.5,5.87667894363403),(564935.6875,5934803.,5.80150175094604),(564946.6875,5934803.,4.23064374923706),(564989.5,5934805.5,3.42253112792969),(565000.,5934805.,4.49203109741211),(564164.6875,5934800.5,1.11883389949799),(564172.6875,5934803.,3.64666819572449),(564176.4375,5934802.5,4.72887945175171),(564206.9375,5934797.,4.69862794876099),(564258.75,5934792.,5.09077453613281),(564250.75,5934793.5,5.13753509521484),(564316.75,5934783.5,5.30527257919312),(564380.8125,5934792.,5.39012241363525),(564424.1875,5934788.5,5.64958095550537),(564441.25,5934799.,5.22089052200317),(564451.75,5934797.5,5.63678789138794),(564482.75,5934792.,6.07154273986816),(564502.25,5934797.5,5.96319961547852),(564598.5625,5934799.,5.88546419143677),(564612.5625,5934791.5,5.44984197616577),(564659.75,5934793.,5.3992395401001),(564832.9375,5934802.5,5.92624759674072),(564841.6875,5934800.,5.15826892852783),(564866.125,5934799.5,5.10682916641235),(564891.,5934797.5,5.7447338104248),(564911.625,5934802.5,5.70969390869141),(564926.25,5934796.,5.6545524597168),(564963.625,5934802.5,4.3384838104248),(564982.3125,5934802.5,3.8918285369873),(564995.25,5934803.,3.19270348548889),(564000.,5934795.5,3.27326083183289),(564018.0625,5934797.,3.27776074409485),(564036.1875,5934799.,3.27812123298645),(564044.5625,5934798.,3.55540347099304),(564136.8125,5934762.5,4.82264518737793),(564168.625,5934797.5,1.06021761894226),(564172.8125,5934797.5,4.69821739196777),(564217.4375,5934799.,4.85900259017944),(564266.1875,5934794.5,5.18484306335449),(564284.625,5934792.,5.4240403175354),(564309.4375,5934789.5,5.50267696380615),(564348.5,5934789.5,5.59257936477661),(564373.8125,5934787.,5.35275173187256),(564402.625,5934793.5,5.77945947647095),(564471.6875,5934794.5,5.79610109329224),(564558.0625,5934790.,5.93194484710693),(564569.875,5934795.5,5.84401512145996),(564582.3125,5934799.,6.29165887832642),(564584.75,5934792.,5.93967866897583),(564641.1875,5934795.,5.95937776565552),(564652.875,5934791.,5.61243724822998),(564683.5,5934794.,5.79057693481445),(564722.6875,5934795.,6.81957626342773),(564728.8125,5934793.5,6.11114311218262),(564776.4375,5934796.5,5.63653802871704),(564886.5625,5934788.,6.02879619598389),(564896.3125,5934793.,5.99232006072998),(564966.375,5934798.5,3.7344331741333),(564977.75,5934797.5,3.77410936355591),(564990.6875,5934798.,3.81868529319763),(564996.,5934799.,2.87668013572693),(565000.,5934799.,2.89822506904602),(564039.9375,5934793.,2.97541975975037),(564056.25,5934785.5,4.80806303024292),(564063.,5934769.,4.89070320129395),(564073.,5934788.5,4.89423751831055),(564089.5,5934786.,4.54559373855591),(564096.125,5934776.5,4.69058799743652),(564125.125,5934781.5,4.60269927978516),(564164.5,5934795.5,0.897717416286469),(564199.5625,5934790.,4.70384883880615),(564228.5,5934789.5,4.93662357330322),(564276.5,5934790.,5.24346876144409),(564387.625,5934790.,5.67459487915039),(564417.75,5934791.5,5.86616563796997),(564433.0625,5934785.5,5.92538022994995),(564439.875,5934790.,5.48355293273926),(564445.9375,5934792.5,5.03543090820312),(564506.125,5934791.,6.1974835395813),(564513.75,5934790.,5.77239513397217),(564525.625,5934787.,5.56239366531372),(564538.875,5934788.,5.69243907928467),(564676.6875,5934790.5,5.49703168869019),(564704.5,5934795.,6.3207859992981),(564754.125,5934790.5,5.73163843154907),(564762.75,5934788.,5.62091445922852),(564787.8125,5934794.5,6.0364408493042),(564796.375,5934783.5,5.95589160919189),(564829.,5934795.,5.94731426239014),(564835.5,5934795.,5.19957399368286),(564852.5,5934788.,5.17568206787109),(564874.375,5934792.5,5.05363464355469),(564908.8125,5934791.5,6.04914712905884),(564932.125,5934791.,5.80463123321533),(564939.9375,5934785.,4.18767166137695),(564945.375,5934795.5,4.05503702163696),(564960.5625,5934786.,3.62163901329041),(564944.5625,5934787.,4.02664422988892),(565000.,5934794.,3.59079813957214),(564000.,5934790.,3.11337161064148),(564052.0625,5934787.,4.43793916702271),(564116.5,5934773.,4.70019292831421),(564152.3125,5934788.5,4.78805494308472),(564156.375,5934787.,3.97505068778992),(564160.8125,5934789.5,1.84533965587616),(564164.75,5934789.,0.922047078609467),(564168.6875,5934791.,2.2036440372467),(564172.5625,5934788.5,4.80523920059204),(564190.,5934791.,4.86625051498413),(564323.5,5934783.5,5.51115894317627),(564336.875,5934787.,5.38399600982666),(564343.0625,5934789.5,5.71137380599976),(564358.625,5934788.,5.36764621734619),(564453.25,5934790.5,5.68677711486816),(564462.6875,5934784.5,5.67855930328369),(564549.9375,5934791.,6.18189716339111),(564599.1875,5934787.,5.84974527359009),(564588.125,5934784.5,5.89389610290527),(564639.,5934785.,5.93693780899048),(564700.25,5934785.5,6.02967882156372),(564719.9375,5934788.5,6.22256422042847),(564791.25,5934786.5,5.85638284683228),(564832.,5934789.,5.89675903320312),(564845.,5934785.5,5.08088111877441),(564860.375,5934781.,5.16430377960205),(564882.875,5934787.5,5.45779323577881),(564900.9375,5934786.5,6.03692197799683),(564917.625,5934784.5,5.84970617294312),(564922.6875,5934782.,5.73713397979736),(564974.1875,5934791.,3.83105278015137),(564020.5,5934786.,2.65376973152161),(564006.5,5934783.,2.50484728813171),(564034.875,5934787.,2.59636807441711),(564040.875,5934787.,2.67904949188232),(564072.,5934780.5,4.90289831161499),(564168.6875,5934787.,3.00641655921936),(564173.,5934782.5,4.85789155960083),(564275.75,5934782.5,5.21827983856201),(564281.,5934786.,5.55035209655762),(564295.5625,5934782.,5.43028831481934),(564377.5,5934783.,5.8649959564209),(564397.4375,5934783.5,6.09870958328247),(564416.625,5934781.5,5.9509744644165),(564447.3125,5934785.5,5.80916023254395),(564471.1875,5934780.5,6.19089460372925),(564483.375,5934785.5,6.25600957870483),(564504.5625,5934775.,6.26898956298828),(564523.5,5934780.,5.74389505386353),(564546.625,5934786.5,6.0152850151062),(564550.1875,5934787.,6.71725034713745),(564555.0625,5934787.5,6.59645509719849),(564576.5625,5934784.5,5.94972658157349),(564582.375,5934784.5,6.30827665328979),(564691.6875,5934778.5,5.95702934265137),(564731.1875,5934779.5,5.79793500900269),(564770.375,5934781.5,5.96160984039307),(564867.875,5934779.5,4.60602760314941),(564910.5,5934783.,5.23780202865601),(564948.0625,5934785.5,4.17974090576172),(564974.125,5934783.5,3.53833770751953),(564000.,5934782.5,2.59165334701538),(564020.4375,5934783.,2.74820852279663),(564030.75,5934783.,3.20537948608398),(564032.1875,5934779.,4.60537147521973),(564045.9375,5934783.,4.62487936019897),(564152.5625,5934781.,4.7159276008606),(564160.5,5934780.5,1.35270249843597),(564164.75,5934780.5,1.08002102375031),(564168.875,5934781.,4.30320119857788),(564229.1875,5934779.,5.03112983703613),(564237.875,5934770.5,5.31933641433716),(564254.5,5934773.,5.53185558319092),(564281.375,5934779.,5.4594521522522),(564333.625,5934777.,5.87924861907959),(564358.375,5934781.,5.86853265762329),(564354.25,5934781.5,5.96746110916138),(564367.75,5934783.,5.98851919174194),(564423.9375,5934765.5,5.9684796333313),(564454.1875,5934782.,5.86586952209473),(564491.5625,5934769.5,6.25396871566772),(564550.25,5934778.,5.79328966140747),(564554.625,5934783.,7.04370546340942),(564562.3125,5934783.,6.04006814956665),(564568.75,5934777.5,5.97157526016235),(564615.6875,5934767.5,5.73006534576416),(564647.5,5934765.,6.00022649765015),(564684.4375,5934778.5,5.64363241195679),(564714.875,5934776.,6.22722339630127),(564777.875,5934774.,6.03505754470825),(564851.,5934783.,5.87137126922607),(564877.125,5934781.5,5.44019937515259),(564883.6875,5934781.5,5.29446935653687),(564889.4375,5934782.,6.20325899124146),(564892.9375,5934780.5,6.24208450317383),(564927.0625,5934771.5,5.79871273040771),(564988.75,5934777.,3.39476180076599),(564006.625,5934779.,3.86838269233704),(564040.375,5934779.,4.7405424118042),(564087.8125,5934761.5,4.75904941558838),(564194.,5934771.,4.8836817741394),(564206.5625,5934776.,4.98713254928589),(564274.375,5934772.,5.55582714080811),(564345.8125,5934775.5,5.8565878868103),(564368.75,5934775.,5.98910570144653),(564379.5,5934775.,6.03194332122803),(564391.5625,5934777.,6.11076307296753),(564446.,5934775.,6.23119020462036),(564458.125,5934772.5,6.15633058547974),(564467.5,5934768.5,6.24603700637817),(564483.125,5934775.,6.50083827972412),(564532.6875,5934778.5,5.91500568389893),(564555.4375,5934778.5,6.1283597946167),(564581.125,5934778.,5.70296859741211),(564590.125,5934772.5,5.69058609008789),(564601.75,5934778.,5.78175067901611),(564659.,5934772.5,5.97567939758301),(564665.9375,5934770.,5.84006023406982),(564676.0625,5934766.,5.71038341522217),(564699.875,5934775.5,6.26833963394165),(564732.625,5934772.5,5.93394231796265),(564748.25,5934774.5,5.74037075042725),(564794.6875,5934776.,5.6755223274231),(564813.8125,5934770.5,5.95849275588989),(564834.25,5934772.5,5.1930832862854),(564827.,5934768.5,5.31078052520752),(564863.125,5934771.,5.93115139007568),(564848.0625,5934770.,6.07007741928101),(564863.5,5934778.5,4.88975477218628),(564931.5625,5934777.,5.44966888427734),(564936.3125,5934769.5,4.10343551635742),(564947.5625,5934777.,3.91629505157471),(564965.0625,5934778.5,3.45595407485962),(565000.,5934774.5,3.44602084159851),(564000.,5934769.5,5.00982189178467),(564005.3125,5934775.5,4.12476682662964),(564017.3125,5934775.5,4.36941194534302),(564043.5625,5934775.,4.80099868774414),(564051.9375,5934770.,5.01947689056396),(564148.5,5934770.,4.73056745529175),(564152.5,5934770.,4.23766136169434),(564164.6875,5934775.,1.69078755378723),(564160.625,5934775.,1.08847379684448),(564168.6875,5934773.,4.90317153930664),(564182.1875,5934769.,4.85448169708252),(564304.25,5934767.5,5.66917562484741),(564358.75,5934775.,5.32786464691162),(564416.75,5934772.,5.96362066268921),(564479.0625,5934765.5,6.3016300201416),(564557.125,5934773.5,5.94849920272827),(564637.5625,5934773.,6.01842784881592),(564745.5625,5934762.5,5.9656457901001),(564867.8125,5934772.5,5.88457918167114),(564877.375,5934769.5,6.117844581604),(564882.9375,5934754.,5.23062086105347),(564968.625,5934772.5,3.08481216430664),(564983.5625,5934775.,3.08529734611511),(564008.3125,5934769.,4.94301319122314),(564034.,5934767.5,5.00931835174561),(564044.0625,5934770.,5.38303518295288),(564076.5,5934762.,5.12190914154053),(564156.875,5934768.,1.90334963798523),(564160.6875,5934769.5,1.10293173789978),(564164.625,5934769.,2.64721608161926),(564271.8125,5934760.,5.52346086502075),(564311.5625,5934759.5,5.62161922454834),(564317.375,5934762.5,5.61720705032349),(564346.8125,5934769.5,5.78338193893433),(564360.5625,5934762.5,5.8409628868103),(564394.0625,5934767.,6.05750751495361),(564446.1875,5934767.5,6.23287963867188),(564510.4375,5934764.5,5.79971265792847),(564536.875,5934767.5,5.88343572616577),(564521.5625,5934759.5,5.82619333267212),(564564.5625,5934763.5,6.077552318573),(564576.625,5934770.,5.96687650680542),(564588.0625,5934764.,6.03572797775269),(564689.,5934761.,5.85907411575317),(564697.375,5934764.5,5.76336097717285),(564707.6875,5934770.5,6.09108924865723),(564711.6875,5934760.,5.90137577056885),(564739.6875,5934767.,5.80637502670288),(564779.125,5934762.,5.64229488372803),(564807.75,5934764.5,5.69568920135498),(564818.4375,5934764.5,5.8672456741333),(564826.3125,5934757.5,5.8562479019165),(564876.6875,5934765.5,6.2303614616394),(564896.0625,5934763.,5.69691181182861),(564910.6875,5934765.5,5.82220554351807),(564940.8125,5934764.5,4.07895135879517),(564956.3125,5934766.,3.09029030799866),(564964.0625,5934774.5,3.08794283866882),(564984.1875,5934763.,3.47082924842834),(564979.75,5934764.5,3.09555649757385),(564993.375,5934767.,3.61568284034729),(564103.75,5934760.,4.95182418823242),(564168.625,5934765.5,4.99908018112183),(564178.1875,5934756.,4.90717267990112),(564210.0625,5934764.5,5.08445167541504),(564241.3125,5934759.5,5.36904716491699),(564381.625,5934755.,5.91652679443359),(564414.625,5934761.5,6.14875841140747),(564440.5625,5934760.5,6.26668167114258),(564472.875,5934757.,6.55898857116699),(564498.25,5934758.,6.69718885421753),(564502.1875,5934762.,6.55548524856567),(564543.4375,5934761.5,5.8793478012085),(564551.8125,5934758.5,6.17377090454102),(564579.25,5934767.,6.28722190856934),(564602.,5934764.5,6.01786804199219),(564637.25,5934768.,6.42153835296631),(564625.875,5934762.,6.05262517929077),(564657.8125,5934766.5,6.64784812927246),(564714.1875,5934753.5,6.02465534210205),(564727.375,5934758.,5.99334144592285),(564827.25,5934763.,5.28893756866455),(564927.125,5934761.,5.52378273010254),(564950.75,5934764.,3.50236010551453),(564972.125,5934760.,3.07466435432434),(565000.,5934764.5,5.3355393409729),(564006.125,5934755.5,5.01354885101318),(564046.375,5934763.,5.07810401916504),(564086.75,5934751.5,4.99852275848389),(564110.5625,5934753.5,4.85299158096313),(564119.25,5934755.5,4.61285209655762),(564148.625,5934759.,4.70212888717651),(564152.5625,5934761.5,3.53787851333618),(564160.6875,5934762.,1.1656037569046),(564164.6875,5934761.,3.81754016876221),(564198.5,5934759.,5.58749914169312),(564339.8125,5934755.,5.65845823287964),(564445.5625,5934761.5,6.52820491790771),(564457.875,5934762.,6.24613475799561),(564535.625,5934759.,5.71491956710815),(564572.75,5934760.,5.98354005813599),(564578.6875,5934758.5,6.26162910461426),(564644.25,5934759.5,6.62906408309937),(564653.1875,5934761.,6.74829721450806),(564664.5,5934759.,6.6693229675293),(564674.,5934758.5,6.64381456375122),(564683.9375,5934751.,5.88104152679443),(564752.75,5934759.,5.8613977432251),(564762.1875,5934756.,5.79331159591675),(564782.75,5934754.5,5.98585987091064),(564839.5625,5934760.,5.90013027191162),(564856.,5934758.,5.87378644943237),(564874.3125,5934757.5,6.05243492126465),(564930.6875,5934754.,4.38171815872192),(564033.9375,5934754.5,4.98991203308105),(564156.3125,5934756.,1.50558698177338),(564168.4375,5934757.5,5.02043437957764),(564209.125,5934755.5,5.5753436088562),(564220.3125,5934751.5,5.72008371353149),(564360.8125,5934751.,5.80228662490845),(564397.3125,5934751.5,5.96782445907593),(564422.,5934752.5,6.0953369140625),(564451.8125,5934754.,6.4843168258667),(564485.25,5934758.,6.88751316070557),(564504.75,5934756.,6.87630128860474),(564520.5625,5934755.5,6.41139841079712),(564626.5625,5934752.,6.45125770568848),(564742.9375,5934757.5,6.28923559188843),(564737.25,5934756.,6.06283044815063),(564811.5,5934756.,5.80141496658325),(564916.375,5934756.5,5.7203540802002),(564923.1875,5934750.5,5.7352557182312),(564932.75,5934753.,4.17016649246216),(564947.6875,5934754.,3.89989328384399),(564958.8125,5934754.5,3.80152702331543),(564986.0625,5934755.5,3.72577953338623),(564978.8125,5934751.,3.62720537185669),(564045.4375,5934754.5,5.43210315704346),(564065.9375,5934744.5,5.05348253250122),(564160.625,5934753.5,1.24506044387817),(564156.625,5934749.,1.28372800350189),(564164.875,5934751.5,5.05130290985107),(564177.9375,5934744.5,5.05729341506958),(564248.3125,5934753.5,5.71981334686279),(564236.0625,5934747.5,5.70651769638062),(564258.,5934755.5,5.6045355796814),(564274.125,5934755.,5.61804056167603),(564300.625,5934752.5,5.70675468444824),(564459.,5934750.5,6.51400661468506),(564536.6875,5934752.5,6.53885793685913),(564551.875,5934753.5,6.46200180053711),(564570.0625,5934755.,6.44603633880615),(564577.75,5934755.,6.49667406082153),(564601.625,5934741.,6.23556137084961),(564613.3125,5934744.,6.01045608520508),(564644.9375,5934751.5,7.05616140365601),(564659.125,5934753.,7.09999513626099),(564668.0625,5934754.,7.23386240005493),(564746.6875,5934751.,6.09521007537842),(564769.5,5934753.,5.69649410247803),(564807.1875,5934751.,5.70071697235107),(564830.0625,5934748.5,5.6950569152832),(564864.,5934746.5,5.87268209457397),(564880.125,5934743.,5.82984304428101),(564895.875,5934754.5,5.93066787719727),(564970.5625,5934751.5,3.08870530128479),(564990.8125,5934753.5,5.14214611053467),(564992.4375,5934750.,5.54080104827881),(564010.875,5934745.,4.96713924407959),(564052.875,5934747.,5.26985502243042),(564144.4375,5934746.5,4.82657051086426),(564189.1875,5934747.5,5.4849271774292),(564264.6875,5934744.5,5.91046810150146),(564306.5625,5934745.,5.68730878829956),(564317.,5934747.,5.79802179336548),(564435.8125,5934749.,6.36714029312134),(564445.8125,5934751.,6.20205163955688),(564485.9375,5934743.,6.84269142150879),(564509.25,5934745.5,6.87495708465576),(564519.625,5934751.,6.58381795883179),(564621.3125,5934745.,6.09263277053833),(564641.5625,5934745.,6.85431051254272),(564675.9375,5934746.5,7.05527210235596),(564688.3125,5934740.5,5.91100740432739),(564726.8125,5934741.5,6.32502317428589),(564753.125,5934746.,6.32600402832031),(564763.6875,5934748.,6.38344621658325),(564784.125,5934746.,5.82061338424683),(564887.5,5934740.,5.88374423980713),(564920.1875,5934743.5,5.80404806137085),(564935.9375,5934744.5,4.25342988967896),(564948.6875,5934747.5,3.88473677635193),(564984.3125,5934749.5,5.27804231643677),(565000.,5934738.5,5.80793905258179),(564000.,5934740.,4.8014030456543),(564028.1875,5934747.5,5.20232725143433),(564041.625,5934739.,5.11896371841431),(564078.75,5934742.5,5.28510236740112),(564093.125,5934733.,5.32377767562866),(564108.9375,5934729.,5.27250576019287),(564131.6875,5934734.,4.84009075164795),(564136.1875,5934742.5,4.84305572509766),(564160.625,5934745.,1.82960426807404),(564206.1875,5934743.5,5.52722644805908),(564255.5,5934736.,5.86552858352661),(564271.9375,5934743.5,5.11055755615234),(564280.,5934739.5,5.20065116882324),(564292.1875,5934744.,5.58653831481934),(564366.3125,5934736.,6.160240650177),(564391.6875,5934743.5,6.01086902618408),(564415.0625,5934743.,6.2875804901123),(564443.9375,5934744.,6.61777448654175),(564471.0625,5934745.,6.67985248565674),(564544.5625,5934736.,6.38395977020264),(564579.3125,5934743.5,6.47137117385864),(564716.875,5934731.5,6.25112342834473),(564798.5625,5934743.5,5.51166200637817),(564827.4375,5934743.,5.8232593536377),(564845.,5934739.,6.01142978668213),(564870.1875,5934741.,5.29042053222656),(564874.625,5934740.,5.34082555770874),(564901.625,5934734.5,5.95406866073608),(564910.9375,5934731.,5.703049659729),(564967.9375,5934746.,3.44273233413696),(564972.5,5934740.,3.52377414703369),(564978.,5934744.5,3.79798769950867),(564986.8125,5934745.,5.65603828430176),(564015.875,5934740.5,5.17553377151489),(564148.25,5934735.5,4.36518621444702),(564152.625,5934743.,2.61861276626587),(564156.75,5934742.5,1.30744111537933),(564198.,5934736.5,5.59779691696167),(564224.3125,5934740.,5.62153244018555),(564240.5,5934737.5,5.68619680404663),(564329.3125,5934738.,5.72044801712036),(564341.3125,5934735.,6.28172206878662),(564353.6875,5934735.5,6.35313749313354),(564377.375,5934731.,6.16903162002563),(564403.25,5934739.,6.32777118682861),(564459.4375,5934738.5,6.87300729751587),(564510.,5934734.5,6.4681339263916),(564522.6875,5934736.,6.38987731933594),(564568.75,5934736.5,6.30383968353271),(564626.5625,5934738.,6.41097545623779),(564647.75,5934736.5,7.16093587875366),(564678.75,5934738.5,6.55338287353516),(564734.75,5934737.5,6.27121591567993),(564784.875,5934737.,5.59200525283813),(564927.,5934738.5,4.38114070892334),(564954.9375,5934738.,3.36405825614929),(564967.75,5934737.5,3.21990180015564),(564989.1875,5934738.5,5.47659969329834),(564005.5625,5934739.,3.94167923927307),(564012.0625,5934739.,4.559974193573),(564018.6875,5934727.,5.16766738891602),(564049.6875,5934733.5,4.91275262832642),(564144.4375,5934736.5,5.15560913085938),(564152.5,5934735.5,1.87272262573242),(564160.625,5934735.,2.32448410987854),(564164.5,5934731.5,5.28110837936401),(564204.8125,5934734.5,5.95223331451416),(564208.,5934731.5,5.75953388214111),(564271.25,5934739.,5.48106002807617),(564289.9375,5934734.5,6.00909090042114),(564286.3125,5934736.5,5.6591157913208),(564361.0625,5934735.5,5.88443756103516),(564393.875,5934731.,6.00289487838745),(564430.8125,5934730.5,6.63649129867554),(564443.8125,5934735.,6.55544137954712),(564476.5625,5934738.,7.0670485496521),(564504.3125,5934735.5,7.0530571937561),(564579.5625,5934736.,6.38945007324219),(564622.75,5934731.5,6.22249698638916),(564639.375,5934737.,6.79312372207642),(564661.4375,5934730.5,7.1645679473877),(564682.5,5934734.,5.99898386001587),(564736.9375,5934726.5,6.50656270980835),(564767.8125,5934737.,6.4413423538208),(564807.1875,5934737.,5.51662969589233),(564827.5625,5934732.,5.39438915252686),(564861.5625,5934739.,5.9593448638916),(564881.625,5934738.5,5.95033884048462),(564941.5,5934731.5,4.14079093933105),(564976.,5934736.,4.06795358657837),(564980.125,5934739.,4.73244190216064),(564004.5625,5934733.5,4.84241914749146),(564000.,5934723.5,5.14427757263184),(564010.625,5934735.5,4.4511775970459),(564013.9375,5934732.5,4.85996437072754),(564057.75,5934724.,5.31568336486816),(564070.1875,5934725.,5.24266815185547),(564137.375,5934734.,4.41652536392212),(564156.625,5934735.,1.39478230476379),(564168.25,5934722.5,5.19672536849976),(564177.5625,5934717.,5.30407762527466),(564222.125,5934728.,5.76380825042725),(564265.125,5934733.5,5.85888481140137),(564269.0625,5934735.,5.29252481460571),(564296.8125,5934734.5,5.92582941055298),(564306.875,5934727.5,5.69334697723389),(564328.5625,5934730.5,5.92383146286011),(564333.5,5934734.5,6.06536102294922),(564345.375,5934735.,6.26059722900391),(564351.375,5934734.,6.32527780532837),(564419.6875,5934721.5,6.30926704406738),(564467.375,5934732.5,6.76050758361816),(564482.375,5934733.,6.90475988388062),(564564.6875,5934724.5,6.51382923126221),(564612.625,5934721.5,6.27508735656738),(564749.125,5934728.5,6.70142555236816),(564888.125,5934734.,5.29970645904541),(564903.75,5934723.,5.78417301177979),(564918.5,5934733.5,5.77710580825806),(564923.375,5934728.,4.5402455329895),(564965.375,5934727.,3.26549029350281),(564980.5625,5934732.5,5.73104000091553),(564034.4375,5934727.5,4.92542934417725),(564098.,5934731.,5.53255796432495),(564145.625,5934728.5,5.47898244857788),(564148.625,5934731.,4.72155857086182),(564152.625,5934731.,3.62512254714966),(564156.625,5934731.,3.15395045280457),(564160.625,5934731.,3.12912726402283),(564181.75,5934726.5,5.44115686416626),(564239.3125,5934725.,5.78745365142822),(564281.125,5934730.,5.31315898895264),(564336.625,5934730.5,5.12385272979736),(564341.375,5934731.,3.92253279685974),(564345.375,5934731.,4.18949842453003),(564349.375,5934731.,5.436279296875),(564361.875,5934731.5,6.4775767326355),(564369.6875,5934727.,6.21437215805054),(564378.0625,5934723.5,6.43960094451904),(564413.5,5934729.5,6.46578073501587),(564452.125,5934728.,6.63664150238037),(564499.875,5934729.,6.88120460510254),(564636.625,5934721.5,6.94768714904785),(564645.75,5934730.,7.06591415405273),(564650.75,5934731.,7.39985609054565),(564668.25,5934725.,6.88638877868652),(564676.75,5934727.5,6.23521566390991),(564700.4375,5934724.5,6.18295955657959),(564759.125,5934729.,6.58671045303345),(564780.3125,5934730.,5.65292692184448),(564792.125,5934723.5,5.4872841835022),(564813.3125,5934730.5,5.52080774307251),(564848.3125,5934731.,5.98870849609375),(564869.3125,5934716.5,5.93642997741699),(564883.5,5934723.,5.63191032409668),(564883.5,5934730.5,5.15854072570801),(564932.1875,5934724.,4.21471738815308),(564948.3125,5934719.5,3.44941353797913),(564971.8125,5934725.5,3.70384860038757),(564975.75,5934729.5,4.21965312957764),(564984.75,5934725.5,5.56352472305298),(564992.,5934725.,5.7578296661377),(564093.9375,5934725.,5.24769735336304),(564102.6875,5934726.,5.39215850830078),(564136.75,5934722.5,5.25519037246704),(564152.625,5934727.,5.52850389480591),(564160.375,5934727.,5.42592906951904),(564192.5625,5934716.5,5.3989896774292),(564255.625,5934721.5,5.84015893936157),(564279.125,5934721.5,5.83175754547119),(564331.25,5934726.,5.94422578811646),(564337.375,5934727.,4.84005403518677),(564341.375,5934727.,2.99985957145691),(564345.625,5934727.,2.75661087036133),(564353.4375,5934727.,5.96833801269531),(564358.5625,5934723.5,6.56148958206177),(564400.0625,5934724.5,6.22231006622314),(564392.8125,5934722.5,6.62564563751221),(564459.5,5934721.,6.77618455886841),(564475.,5934723.5,6.80469274520874),(564505.875,5934724.5,6.49012994766235),(564541.6875,5934720.5,6.42853546142578),(564520.9375,5934720.,6.43862819671631),(564577.9375,5934718.,6.43450736999512),(564650.4375,5934725.,6.99457120895386),(564659.125,5934722.5,6.91883945465088),(564710.375,5934721.,6.25203895568848),(564777.375,5934723.5,6.48654890060425),(564800.6875,5934720.,5.54320383071899),(564829.4375,5934716.5,5.01653671264648),(564898.625,5934723.,5.17858266830444),(564915.6875,5934724.,5.76023149490356),(564924.3125,5934722.,4.47330379486084),(564959.5625,5934722.5,3.35089683532715),(564979.8125,5934725.,5.00877618789673),(565000.,5934717.,5.33140516281128),(564026.5,5934720.,4.89731693267822),(564041.4375,5934716.,5.27616739273071),(564302.75,5934712.5,5.85284519195557),(564318.9375,5934716.,5.97038602828979),(564337.375,5934723.,5.42503786087036),(564341.375,5934723.,3.77125120162964),(564345.375,5934723.,3.23497748374939),(564349.375,5934723.,4.54451751708984),(564353.4375,5934723.,5.87888097763062),(564426.25,5934715.5,6.59975481033325),(564440.25,5934720.5,6.6612286567688),(564448.875,5934717.5,7.10212373733521),(564466.,5934713.5,6.54412889480591),(564499.,5934721.5,6.8304500579834),(564566.9375,5934715.5,6.43895673751831),(564585.875,5934717.,6.6332836151123),(564603.75,5934712.5,6.58423137664795),(564667.25,5934720.,6.52536821365356),(564682.9375,5934717.,6.33452606201172),(564730.,5934713.,6.33600902557373),(564745.5,5934718.5,6.57293367385864),(564773.5625,5934715.5,6.55035972595215),(564783.125,5934723.,5.66286182403564),(564792.5625,5934710.,5.67348861694336),(564818.625,5934715.5,4.73369073867798),(564916.1875,5934716.5,4.96053409576416),(564964.4375,5934709.5,3.51630091667175),(564013.8125,5934713.5,5.12075805664062),(564086.25,5934719.5,5.07062101364136),(564142.9375,5934719.,5.24347639083862),(564241.6875,5934711.5,5.5161566734314),(564336.625,5934719.,6.29977226257324),(564341.375,5934719.,6.23202610015869),(564345.375,5934719.,6.11600685119629),(564349.9375,5934719.,6.03007507324219),(564369.9375,5934707.,6.31838607788086),(564409.0625,5934709.,6.48290920257568),(564494.3125,5934712.,6.62812948226929),(564507.9375,5934719.,6.09014463424683),(564500.8125,5934718.,6.43681907653809),(564560.6875,5934712.5,6.13174057006836),(564618.25,5934711.5,6.42997455596924),(564637.75,5934714.,6.6643590927124),(564628.8125,5934714.,6.61285400390625),(564651.4375,5934715.,7.00926923751831),(564666.5625,5934712.,6.34741497039795),(564690.75,5934713.,6.22079229354858),(564703.8125,5934715.,6.59689378738403),(564782.4375,5934712.5,6.1401195526123),(564846.6875,5934709.,5.88013172149658),(564852.375,5934724.,6.10265016555786),(564887.75,5934713.5,5.93671560287476),(564901.4375,5934716.,5.79136085510254),(564905.9375,5934714.5,5.62895584106445),(564919.9375,5934717.5,4.62320470809937),(564933.3125,5934707.5,4.29123592376709),(564941.625,5934710.5,3.81518054008484),(564979.25,5934715.5,4.54887247085571),(564994.375,5934713.5,5.25299596786499),(564025.3125,5934712.,5.15453481674194),(564053.9375,5934712.5,5.08945894241333),(564085.875,5934711.5,5.11403465270996),(564180.,5934710.5,5.41753387451172),(564331.75,5934709.5,6.11036252975464),(564353.3125,5934708.,6.30233192443848),(564391.4375,5934702.5,6.43888711929321),(564442.5625,5934715.,7.36257696151733),(564458.1875,5934710.5,6.70813512802124),(564487.3125,5934708.,6.59342956542969),(564502.875,5934715.5,5.62518644332886),(564513.8125,5934715.,5.42245244979858),(564522.4375,5934714.5,5.97655963897705),(564530.8125,5934713.,6.19840860366821),(564551.1875,5934711.,6.34304285049438),(564646.25,5934709.,6.64662551879883),(564655.25,5934709.5,6.32750034332275),(564720.,5934707.5,6.29651165008545),(564856.5625,5934709.5,5.95793628692627),(564926.375,5934713.5,4.54823350906372),(564959.8125,5934709.,3.22325396537781),(564000.,5934702.,4.83737945556641),(564133.3125,5934711.,5.28258466720581),(564297.25,5934708.5,5.72537279129028),(564435.125,5934710.5,6.82180547714233),(564444.,5934711.,7.3617148399353),(564498.875,5934711.5,5.78957319259644),(564505.875,5934707.,6.06723213195801),(564510.125,5934707.,5.39665222167969),(564515.4375,5934706.5,5.90370321273804),(564577.5625,5934710.,6.1890983581543),(564624.5,5934711.,7.02113056182861),(564691.125,5934700.,6.62147331237793),(564742.,5934699.5,6.42676496505737),(564759.0625,5934704.,6.69233417510986),(564790.3125,5934703.5,6.51685953140259),(564809.5625,5934707.5,5.78854846954346),(564866.25,5934712.5,6.17753934860229),(564874.8125,5934707.5,6.13679456710815),(564893.75,5934710.5,5.94147872924805),(564954.9375,5934709.5,3.51084184646606),(564973.4375,5934708.,3.92086672782898),(564026.9375,5934705.,4.96393871307373),(564045.75,5934698.,4.81421184539795),(564082.,5934705.,4.95634746551514),(564113.375,5934703.5,5.08395767211914),(564203.1875,5934704.,5.40961933135986),(564249.125,5934701.5,5.56421136856079),(564371.125,5934694.,6.05746078491211),(564424.625,5934690.5,6.43166637420654),(564440.8125,5934707.,6.67951726913452),(564451.8125,5934706.5,6.59593200683594),(564465.875,5934707.5,6.86945295333862),(564460.375,5934705.5,6.674644947052),(564498.,5934707.,6.28214120864868),(564502.,5934707.,6.38049793243408),(564522.4375,5934703.,6.05866479873657),(564546.4375,5934700.,6.19970417022705),(564586.25,5934699.5,6.72836494445801),(564600.5625,5934703.5,6.58900165557861),(564625.1875,5934705.5,6.61025238037109),(564634.8125,5934694.5,6.78791570663452),(564676.75,5934696.5,6.38051176071167),(564711.25,5934702.5,6.58968067169189),(564770.5,5934703.,6.77949237823486),(564802.1875,5934699.,5.93054056167603),(564818.9375,5934702.,5.75523328781128),(564828.125,5934706.5,4.87965059280396),(564840.5625,5934703.5,5.51566982269287),(564870.625,5934706.5,6.68571662902832),(564882.9375,5934704.,5.89930248260498),(564904.5,5934700.5,5.15695381164551),(564919.3125,5934696.5,4.61709833145142),(564981.,5934703.5,4.12275123596191),(564992.8125,5934705.5,5.14949941635132),(564148.375,5934703.,5.21799516677856),(564296.1875,5934698.,5.74661016464233),(564268.6875,5934698.5,5.60986471176147),(564334.75,5934701.5,5.88550233840942),(564472.75,5934700.5,6.90970993041992),(564483.0625,5934698.,7.11508321762085),(564490.,5934702.5,7.1628098487854),(564493.9375,5934703.,6.9075345993042),(564498.,5934703.,7.43946361541748),(564503.1875,5934703.,8.23479652404785),(564511.125,5934699.,8.20824146270752),(564514.75,5934703.5,6.23894691467285),(564531.25,5934701.,6.47955894470215),(564561.3125,5934695.5,6.412278175354),(564605.125,5934700.,6.74455595016479),(564652.75,5934693.5,6.52833271026611),(564646.375,5934695.,6.42790031433105),(564665.3125,5934693.,6.55342578887939),(564737.25,5934686.5,6.43148899078369),(564855.75,5934696.,5.78442811965942),(564864.4375,5934701.5,6.27860116958618),(564868.625,5934698.5,6.12469339370728),(564888.9375,5934695.,5.82723569869995),(564940.125,5934698.,3.46403980255127),(564958.5,5934703.5,3.20235419273376),(565000.,5934680.5,5.15464353561401),(564017.6875,5934691.,4.73232841491699),(564063.4375,5934694.5,5.05216979980469),(564073.875,5934689.,5.10685205459595),(564087.375,5934696.5,5.17439985275269),(564100.3125,5934694.,5.24835252761841),(564123.4375,5934695.5,5.2542085647583),(564176.8125,5934692.5,5.51270484924316),(564218.5625,5934698.,5.54174375534058),(564192.5,5934693.,5.60506963729858),(564250.375,5934695.,5.72196865081787),(564354.6875,5934697.,5.98459005355835),(564407.4375,5934692.5,6.27269268035889),(564440.8125,5934683.5,6.53245878219604),(564498.,5934699.,6.78047800064087),(564502.4375,5934699.,8.67556190490723),(564524.75,5934699.,6.85340976715088),(564528.25,5934695.5,6.8881721496582),(564577.125,5934696.5,6.49203062057495),(564696.5,5934687.5,6.35418939590454),(564720.8125,5934690.5,6.67729520797729),(564782.5,5934688.5,6.76739931106567),(564810.4375,5934696.5,5.65013885498047),(564830.0625,5934693.5,5.59854125976562),(564844.4375,5934689.,5.58732080459595),(564921.9375,5934684.,4.70324373245239),(564955.4375,5934693.5,3.07436108589172),(564978.75,5934695.,4.19701766967773),(564985.5625,5934699.,4.86060094833374),(564989.125,5934694.5,5.1365122795105),(564044.,5934693.,4.94144010543823),(564109.75,5934694.5,5.39031267166138),(564138.875,5934694.5,5.42354726791382),(564151.25,5934691.,5.502845287323),(564233.75,5934687.,5.85802793502808),(564277.3125,5934693.5,5.86629199981689),(564313.5,5934694.,5.86316013336182),(564445.5625,5934691.,6.48452758789062),(564490.5,5934690.,6.73472833633423),(564499.8125,5934692.5,6.64258003234863),(564502.,5934695.,7.34813404083252),(564510.3125,5934696.,7.92215728759766),(564521.,5934694.5,7.29915761947632),(564546.6875,5934693.5,6.91606283187866),(564553.875,5934695.5,6.58746671676636),(564580.8125,5934691.,6.56609296798706),(564593.5,5934687.,6.73362588882446),(564607.625,5934683.5,6.85068130493164),(564797.875,5934693.,6.27532052993774),(564815.625,5934689.,5.91768741607666),(564858.75,5934693.,6.35296297073364),(564906.8125,5934693.5,5.06326341629028),(564961.125,5934690.5,3.48768448829651),(564971.0625,5934689.5,3.73938822746277),(564984.0625,5934695.,5.19424438476562),(564000.,5934684.5,4.73149919509888),(564109.8125,5934679.5,5.2503867149353),(564204.0625,5934688.5,5.81480503082275),(564222.5,5934683.,6.09287071228027),(564305.5,5934688.,5.95051431655884),(564330.3125,5934691.,5.84146404266357),(564373.1875,5934683.,6.06782627105713),(564465.4375,5934680.5,6.76144075393677),(564517.8125,5934690.5,6.88583564758301),(564541.8125,5934687.,6.6696343421936),(564563.1875,5934691.,6.83924055099487),(564571.875,5934688.5,6.66803073883057),(564627.,5934682.5,6.85745477676392),(564680.875,5934688.,6.71902656555176),(564705.,5934677.5,6.32941579818726),(564755.625,5934686.5,6.39713764190674),(564771.375,5934682.5,6.80770111083984),(564775.0625,5934688.5,6.82470369338989),(564831.875,5934687.5,5.58029842376709),(564873.375,5934678.5,6.0029182434082),(564893.125,5934679.5,5.69945335388184),(564946.0625,5934684.,3.33720993995667),(564035.25,5934685.,4.96401596069336),(564043.5625,5934676.5,4.77193450927734),(564132.,5934684.,5.31356287002563),(564177.,5934680.5,5.5609884262085),(564194.0625,5934677.,5.50341129302979),(564253.8125,5934684.,5.89766407012939),(564282.9375,5934684.,5.8827600479126),(564320.125,5934685.5,5.99654483795166),(564330.3125,5934681.5,6.19043207168579),(564350.8125,5934686.5,5.93484020233154),(564421.375,5934683.5,6.21533012390137),(564479.125,5934678.,6.81946516036987),(564498.375,5934685.5,6.83593368530273),(564512.5,5934683.,6.72034311294556),(564520.6875,5934685.5,6.72213315963745),(564540.4375,5934682.5,6.72362470626831),(564578.3125,5934686.,7.12285423278809),(564611.3125,5934669.5,6.87954998016357),(564630.5,5934672.,6.6500301361084),(564663.5,5934678.,6.59365367889404),(564736.625,5934681.,6.52447986602783),(564806.75,5934682.5,6.4146089553833),(564847.9375,5934679.,6.42826795578003),(564886.375,5934680.,6.00160551071167),(564912.875,5934683.5,4.86993312835693),(564928.75,5934675.5,3.74805593490601),(564937.125,5934678.5,3.4266791343689),(564972.5625,5934681.,4.5221962928772),(564979.875,5934681.5,4.76223039627075),(564983.75,5934682.5,5.12192726135254),(564014.1875,5934678.5,5.32528448104858),(564032.3125,5934682.,5.21056365966797),(564063.4375,5934679.5,4.89847993850708),(564085.,5934668.5,5.11212396621704),(564122.375,5934672.5,5.28250980377197),(564139.6875,5934673.,5.77422142028809),(564153.3125,5934678.5,5.58769273757935),(564236.25,5934680.,6.31684446334839),(564226.5625,5934674.5,6.56054353713989),(564275.625,5934678.5,6.09501171112061),(564311.5625,5934678.5,6.42566585540771),(564319.375,5934675.,6.20388174057007),(564336.5,5934677.5,6.25053358078003),(564344.875,5934676.5,6.32818412780762),(564357.125,5934679.,6.17296075820923),(564552.875,5934681.5,7.08125877380371),(564567.,5934680.,7.15972566604614),(564585.75,5934679.5,7.17731714248657),(564637.5,5934672.5,6.73972606658936),(564677.4375,5934679.,6.98844528198242),(564694.,5934675.,6.3679313659668),(564722.125,5934681.5,6.82699298858643),(564776.6875,5934681.5,7.27889204025269),(564789.3125,5934677.5,7.46171903610229),(564809.,5934666.5,6.7626633644104),(564820.75,5934680.,6.49167633056641),(564825.875,5934682.,5.74252605438232),(564861.5625,5934677.5,6.4869384765625),(564903.,5934673.,5.00517177581787),(564947.,5934670.5,3.06384539604187),(564959.0625,5934677.5,3.2101149559021),(564965.625,5934679.5,3.37151193618774),(564000.,5934677.,5.33847236633301),(564034.,5934667.,5.00885152816772),(564097.,5934667.5,5.15773582458496),(564127.4375,5934675.,5.59357404708862),(564129.3125,5934668.,5.85680246353149),(564230.375,5934668.5,6.71664047241211),(564243.4375,5934678.,6.67407608032227),(564255.5,5934677.,6.73762369155884),(564267.3125,5934674.5,6.79291677474976),(564289.625,5934678.5,6.03006458282471),(564303.1875,5934676.,6.09505128860474),(564362.125,5934672.,6.35156917572021),(564427.0625,5934671.5,6.28771591186523),(564392.5,5934677.5,6.10204029083252),(564448.5625,5934675.,6.33736658096313),(564499.875,5934669.5,6.87355184555054),(564560.6875,5934676.5,6.97078704833984),(564576.875,5934674.5,7.10783243179321),(564646.875,5934670.5,6.8025951385498),(564671.125,5934671.5,6.92470026016235),(564769.375,5934670.5,6.41359996795654),(564800.875,5934668.,7.311363697052),(564828.0625,5934676.5,6.37459754943848),(564839.8125,5934675.5,6.31157636642456),(564861.5,5934671.5,6.35433864593506),(564875.9375,5934670.5,6.21920585632324),(564896.875,5934674.5,5.3865122795105),(564915.75,5934674.,4.64733934402466),(564987.375,5934671.,5.14838075637817),(564013.875,5934674.5,5.31192541122437),(564076.125,5934661.5,5.24508094787598),(564150.9375,5934667.,5.88378190994263),(564212.1875,5934670.,6.03398847579956),(564223.4375,5934659.,6.3793625831604),(564245.5,5934673.5,6.99944686889648),(564274.5625,5934673.,6.92969846725464),(564282.375,5934670.5,6.69924783706665),(564310.5625,5934673.5,6.50008726119995),(564354.25,5934669.,6.67289924621582),(564377.,5934672.,6.24757671356201),(564417.5625,5934672.,6.22831058502197),(564479.875,5934666.,6.48714780807495),(564537.25,5934673.,6.67931175231934),(564557.75,5934670.,6.63671064376831),(564567.0625,5934671.5,7.38311862945557),(564597.75,5934668.5,7.18971824645996),(564616.625,5934667.5,6.95416975021362),(564686.8125,5934667.5,6.26810598373413),(564717.3125,5934671.,6.77153587341309),(564724.6875,5934666.,6.83778715133667),(564752.5625,5934666.5,6.59674835205078),(564778.8125,5934668.,6.4512791633606),(564882.375,5934670.,6.10575294494629),(564890.875,5934673.,5.05257892608643),(564979.625,5934670.5,4.71634197235107),(564964.25,5934666.5,4.26668548583984),(564000.,5934668.,4.99649620056152),(564052.9375,5934664.5,4.93289566040039),(564104.,5934661.,5.08435583114624),(564135.4375,5934665.,6.08591651916504),(564175.6875,5934668.,5.83895635604858),(564204.3125,5934656.,5.93698883056641),(564255.5625,5934668.,6.97574853897095),(564297.875,5934669.5,6.8017897605896),(564345.375,5934663.,6.50074672698975),(564394.4375,5934663.5,6.52517604827881),(564404.25,5934665.,6.53191709518433),(564458.3125,5934665.,6.43767738342285),(564526.375,5934655.5,6.90830278396606),(564649.9375,5934660.,6.78344488143921),(564768.1875,5934659.,6.42096471786499),(564797.375,5934665.5,7.3378210067749),(564834.3125,5934661.,6.51834154129028),(564958.625,5934668.5,4.11625003814697),(564978.4375,5934657.5,5.17813920974731),(564124.9375,5934662.5,5.22848033905029),(564148.4375,5934662.,6.56346130371094),(564181.,5934643.,5.96312189102173),(564230.375,5934660.5,6.97093105316162),(564241.3125,5934664.5,6.80876636505127),(564286.8125,5934665.5,6.89920902252197),(564312.5625,5934655.5,6.66170024871826),(564377.75,5934649.5,6.42982625961304),(564442.9375,5934664.5,6.32457876205444),(564564.4375,5934661.5,7.21737909317017),(564576.375,5934647.,7.19871950149536),(564659.875,5934660.5,7.0177059173584),(564663.625,5934658.5,6.98300361633301),(564691.5625,5934654.5,6.27466583251953),(564715.8125,5934662.5,6.74014472961426),(564739.9375,5934664.5,6.50870227813721),(564793.5625,5934660.5,6.6098575592041),(564843.0625,5934664.,6.54535579681396),(564851.1875,5934658.,6.55047082901001),(564884.,5934664.,5.0743727684021),(564900.5,5934659.,4.87570285797119),(564925.9375,5934662.5,3.52405333518982),(564943.75,5934663.,3.10446524620056),(564951.1875,5934662.,3.39215731620789),(565000.,5934666.,4.80380201339722),(564020.6875,5934654.5,5.23492050170898),(564092.3125,5934657.5,5.33062267303467),(564111.5625,5934650.5,5.40797090530396),(564128.25,5934661.5,5.81636524200439),(564175.25,5934655.,5.87746286392212),(564259.75,5934661.,6.85362100601196),(564271.8125,5934662.5,7.28413248062134),(564284.0625,5934658.5,7.03862714767456),(564297.4375,5934660.,6.43630123138428),(564336.125,5934655.5,6.53843212127686),(564352.0625,5934651.5,6.58831691741943),(564440.0625,5934654.5,6.67266798019409),(564492.9375,5934660.5,6.52126979827881),(564547.25,5934654.,7.01447010040283),(564615.125,5934645.,6.93831634521484),(564676.4375,5934655.,6.08743047714233),(564728.25,5934656.,7.01035976409912),(564866.875,5934657.5,6.3376030921936),(564871.125,5934656.,5.96355390548706),(564914.25,5934650.,3.75190663337708),(564966.5625,5934658.,4.85519170761108),(564000.,5934659.,5.17693710327148),(564050.75,5934648.5,5.30136251449585),(564067.25,5934654.5,5.02817106246948),(564153.3125,5934654.5,5.94007110595703),(564219.75,5934650.5,6.45599508285522),(564254.625,5934653.5,7.19000864028931),(564272.9375,5934652.5,6.97897624969482),(564291.8125,5934657.,6.632164478302),(564305.125,5934655.5,6.82388162612915),(564346.0625,5934652.5,6.78047323226929),(564435.125,5934648.5,6.69045686721802),(564463.125,5934657.5,6.45269727706909),(564483.,5934651.,6.51489734649658),(564520.5,5934651.,6.64021730422974),(564604.3125,5934648.5,7.07591676712036),(564611.9375,5934652.5,6.86830234527588),(564702.5,5934647.,7.00743722915649),(564786.0625,5934649.,6.45694160461426),(564804.75,5934656.5,6.75765323638916),(564826.875,5934649.5,6.68259191513062),(564857.3125,5934649.,6.39148235321045),(564872.875,5934651.,4.64376068115234),(564905.125,5934653.5,4.49265146255493),(564958.375,5934660.,3.95466804504395),(564063.875,5934643.,5.26183986663818),(564102.9375,5934651.5,5.29116916656494),(564119.6875,5934647.5,5.38025188446045),(564124.3125,5934653.,5.49362182617188),(564128.375,5934649.5,6.87779998779297),(564195.4375,5934630.,6.10934257507324),(564208.6875,5934634.,6.29687452316284),(564225.0625,5934653.5,6.91719627380371),(564230.5,5934646.,6.88469886779785),(564233.8125,5934642.,7.11203527450562),(564279.125,5934650.5,6.71996355056763),(564396.,5934652.,6.78530502319336),(564413.9375,5934644.5,6.76694917678833),(564561.625,5934646.,7.15228891372681),(564591.4375,5934641.,7.16325330734253),(564628.375,5934643.5,7.01574325561523),(564639.5625,5934635.5,7.12145519256592),(564657.3125,5934649.,7.1867938041687),(564671.25,5934650.,6.0917820930481),(564712.75,5934650.5,7.41220426559448),(564742.1875,5934650.,6.70190334320068),(564731.875,5934639.5,6.68595314025879),(564810.1875,5934640.,6.39960527420044),(564878.9375,5934652.5,4.45680999755859),(564890.5625,5934645.5,4.10089206695557),(564895.9375,5934652.5,4.58798599243164),(564926.3125,5934648.5,3.43453454971313),(564942.8125,5934652.5,3.07740020751953),(564966.8125,5934654.,4.90427494049072),(564967.5625,5934639.5,5.02119588851929),(564972.375,5934638.5,4.94472026824951),(564990.375,5934649.,4.42011880874634),(565000.,5934656.5,4.31337308883667),(564008.0625,5934651.5,5.22631454467773),(564037.1875,5934642.,5.82385730743408),(564089.125,5934645.,5.09186124801636),(564128.625,5934645.5,7.19414472579956),(564142.5,5934648.,6.93724870681763),(564164.8125,5934648.5,6.38765525817871),(564157.1875,5934648.,6.21414756774902),(564173.25,5934647.5,6.43208885192871),(564276.375,5934641.5,7.04378843307495),(564287.125,5934650.,7.09012699127197),(564295.125,5934648.,7.13667106628418),(564306.25,5934644.5,6.94980096817017),(564324.5,5934637.,6.90449190139771),(564360.625,5934639.,6.56314945220947),(564425.8125,5934635.5,6.89868402481079),(564461.,5934651.5,6.76423978805542),(564725.8125,5934647.,6.70189046859741),(564761.9375,5934650.5,6.62022924423218),(564776.6875,5934647.5,6.49851942062378),(564842.75,5934645.,6.62318897247314),(564860.5625,5934647.5,5.86353874206543),(564866.9375,5934650.,4.61687707901001),(564930.1875,5934644.,3.11953330039978),(564955.6875,5934646.5,4.0674204826355),(564021.,5934633.5,5.96459484100342),(564050.5,5934634.5,6.35239219665527),(564073.,5934641.5,5.192298412323),(564149.5,5934642.,6.99118947982788),(564156.375,5934642.5,6.0898551940918),(564214.3125,5934641.,6.36467504501343),(564223.,5934644.5,7.3778190612793),(564237.3125,5934634.,7.17762470245361),(564406.6875,5934641.5,6.91532230377197),(564485.375,5934641.,6.89311408996582),(564519.1875,5934644.5,6.69213676452637),(564635.3125,5934641.5,6.92200946807861),(564666.375,5934644.5,6.60865783691406),(564679.5,5934642.,6.18193769454956),(564713.5625,5934639.5,7.32152223587036),(564829.,5934633.5,6.52971649169922),(564847.,5934640.5,6.48115682601929),(564873.,5934643.,3.68736004829407),(564869.,5934644.,4.57642936706543),(564890.375,5934639.,3.70342087745667),(564940.5,5934645.,3.77182626724243),(564960.625,5934642.,4.82250070571899),(564124.6875,5934641.,6.98565196990967),(564118.625,5934638.5,5.55924558639526),(564146.25,5934634.5,6.96969699859619),(564164.0625,5934641.5,7.04431056976318),(564172.875,5934642.5,6.9702525138855),(564304.625,5934635.,7.12715673446655),(564314.5,5934636.5,7.13436508178711),(564334.1875,5934632.,6.97946262359619),(564440.6875,5934638.5,6.93860054016113),(564457.,5934632.,6.94659948348999),(564503.0625,5934642.5,6.54702997207642),(564550.1875,5934640.5,6.76691818237305),(564659.25,5934633.5,6.98600053787231),(564692.4375,5934634.5,6.92284440994263),(564701.1875,5934634.5,6.89300918579102),(564783.3125,5934635.5,5.92942190170288),(564792.375,5934635.,6.53137254714966),(564852.5,5934639.5,6.17122077941895),(564861.0625,5934642.5,4.68243026733398),(564880.3125,5934639.,3.26959800720215),(564897.0625,5934642.,3.80504250526428),(564921.125,5934637.5,3.11185121536255),(564907.6875,5934635.5,3.52221393585205),(564993.4375,5934640.,4.49012422561646),(564089.25,5934622.,5.26265144348145),(564110.5625,5934628.,5.34224653244019),(564126.1875,5934636.5,7.2763204574585),(564156.3125,5934636.5,6.88671445846558),(564176.375,5934632.5,6.80212211608887),(564216.9375,5934636.5,7.17090082168579),(564221.6875,5934635.5,7.04068279266357),(564338.9375,5934626.,6.73385429382324),(564382.5625,5934625.,6.72049045562744),(564422.375,5934627.,7.08440446853638),(564473.375,5934635.,6.88482284545898),(564504.9375,5934632.,7.03309535980225),(564521.75,5934631.5,6.60330724716187),(564545.3125,5934632.5,6.91557788848877),(564569.875,5934632.,7.01040649414062),(564667.8125,5934634.5,7.01154947280884),(564677.3125,5934630.5,6.89668750762939),(564716.5625,5934632.5,6.61121082305908),(564768.6875,5934628.,5.74272966384888),(564757.125,5934628.,6.41104936599731),(564795.9375,5934638.,6.43340539932251),(564850.3125,5934634.,5.06937170028687),(564866.9375,5934634.5,2.82680869102478),(564924.0625,5934634.,3.54489088058472),(564945.1875,5934637.,4.05760049819946),(564955.875,5934629.,5.06414175033569),(564969.5625,5934627.,4.70101737976074),(564039.3125,5934629.,6.32985353469849),(564057.4375,5934624.5,6.95355319976807),(564069.6875,5934635.,5.26002168655396),(564076.125,5934619.5,5.17890501022339),(564084.25,5934627.5,5.18111610412598),(564098.0625,5934616.,5.40983104705811),(564121.125,5934632.5,6.91198921203613),(564142.8125,5934630.,7.05523777008057),(564181.0625,5934624.,6.18340873718262),(564229.75,5934626.,7.11013984680176),(564289.0625,5934632.,7.19239044189453),(564578.8125,5934629.5,7.04032325744629),(564600.25,5934630.5,6.90708255767822),(564613.5625,5934632.5,6.98048162460327),(564625.,5934626.5,6.827073097229),(564639.25,5934627.,7.17879247665405),(564708.,5934631.,6.91059541702271),(564842.25,5934634.5,6.4362940788269),(564852.,5934630.5,4.5172324180603),(564858.9375,5934632.,4.40376472473145),(564878.8125,5934632.,2.8402988910675),(564886.75,5934633.5,3.19872188568115),(564891.625,5934631.5,3.02481293678284),(564897.5625,5934630.,3.08969473838806),(564908.25,5934629.5,3.06193137168884),(564923.75,5934626.,3.71060466766357),(564949.25,5934631.,4.21025133132935),(565000.,5934628.5,4.28579950332642),(564000.,5934588.5,5.31023550033569),(564068.125,5934615.5,7.46397924423218),(564113.625,5934626.5,5.59192514419556),(564121.125,5934625.5,7.20484972000122),(564168.5,5934627.5,7.08407783508301),(564214.125,5934627.5,7.03686904907227),(564282.25,5934596.5,7.18311262130737),(564283.25,5934622.,7.00687456130981),(564314.125,5934625.5,7.18684101104736),(564328.25,5934631.,7.16140413284302),(564346.0625,5934615.,6.67211866378784),(564400.0625,5934624.,6.84412145614624),(564480.9375,5934624.5,7.08654928207397),(564522.0625,5934623.,7.18106174468994),(564537.1875,5934624.5,6.68305635452271),(564561.0625,5934626.5,7.08203983306885),(564722.1875,5934625.,6.74338150024414),(564792.4375,5934628.,5.44080686569214),(564799.75,5934630.5,6.35094261169434),(564815.5,5934626.5,6.27855730056763),(564829.8125,5934623.5,6.23452758789062),(564839.4375,5934623.5,6.44105386734009),(564843.6875,5934629.,6.38613891601562),(564847.8125,5934628.5,5.21463871002197),(564868.75,5934628.,2.51625061035156),(564886.4375,5934629.,2.38198947906494),(564046.6875,5934619.,6.80457401275635),(564072.8125,5934624.,5.4405632019043),(564208.1875,5934622.5,6.38574695587158),(564298.75,5934622.5,7.30035734176636),(564327.9375,5934619.,7.15391731262207),(564364.125,5934622.,6.6097354888916),(564447.8125,5934619.,7.12545680999756),(564492.4375,5934619.5,7.23693227767944),(564505.1875,5934620.,7.14766359329224),(564577.5625,5934621.5,7.19036531448364),(564653.9375,5934626.5,6.88427019119263),(564685.8125,5934627.,6.96561431884766),(564689.5,5934619.5,6.73062038421631),(564707.,5934619.5,6.53764820098877),(564781.4375,5934618.5,5.09419012069702),(564803.6875,5934626.5,5.95003366470337),(564856.3125,5934624.,2.37052655220032),(564872.9375,5934626.,2.13353109359741),(564896.875,5934622.,2.58883714675903),(564903.9375,5934622.5,3.30631971359253),(564909.6875,5934615.5,3.6903064250946),(564973.8125,5934620.,4.78080606460571),(564980.6875,5934611.5,4.53646326065063),(564031.875,5934612.5,6.6258692741394),(564084.,5934620.5,5.71714353561401),(564106.75,5934612.,5.45802354812622),(564116.1875,5934620.5,6.89394950866699),(564135.5,5934621.5,6.98973512649536),(564156.0625,5934619.,6.89920139312744),(564211.6875,5934620.,7.05910062789917),(564234.75,5934620.,7.28863954544067),(564314.875,5934615.,7.17864274978638),(564638.25,5934615.5,6.81662464141846),(564667.1875,5934621.5,6.92953777313232),(564744.8125,5934609.,6.36828994750977),(564762.125,5934613.,5.60135650634766),(564789.5625,5934622.5,5.65685319900513),(564798.4375,5934622.,5.35000658035278),(564803.,5934620.5,4.84515333175659),(564816.8125,5934616.,4.09166717529297),(564823.625,5934622.,5.8058385848999),(564842.5625,5934621.,5.47556400299072),(564847.375,5934622.5,3.39422035217285),(564850.,5934621.5,2.47138690948486),(564854.0625,5934621.5,2.37996315956116),(564871.6875,5934621.5,2.32337737083435),(564878.0625,5934621.5,1.7321445941925),(564890.5,5934618.,2.08445429801941),(564924.3125,5934614.5,4.63175439834595),(564944.375,5934619.,5.12015151977539),(564937.5,5934619.5,4.61427640914917),(564949.3125,5934619.5,5.14195680618286),(564080.3125,5934618.5,5.55571126937866),(564109.875,5934618.5,5.56629323959351),(564139.5625,5934611.,7.15988874435425),(564124.8125,5934609.5,7.21445178985596),(564172.9375,5934607.5,7.08784484863281),(564177.3125,5934606.5,6.94914674758911),(564221.875,5934617.,6.83779430389404),(564298.0625,5934604.,7.03797197341919),(564331.5625,5934613.,6.87503004074097),(564416.1875,5934604.,7.01827192306519),(564432.0625,5934613.,7.3142728805542),(564465.4375,5934608.5,7.16678285598755),(564518.8125,5934613.,7.1588339805603),(564531.625,5934617.5,7.00473070144653),(564555.875,5934611.5,6.82013702392578),(564593.375,5934609.5,7.02157497406006),(564712.,5934612.5,6.66005992889404),(564728.3125,5934613.,6.50954818725586),(564768.6875,5934618.5,5.40086078643799),(564788.,5934615.5,5.36789894104004),(564792.625,5934615.,5.39255237579346),(564808.4375,5934616.,3.81087875366211),(564837.625,5934617.,5.49856376647949),(564860.625,5934609.5,2.22102880477905),(564890.625,5934610.,3.15104699134827),(564994.,5934614.5,4.70351123809814),(565000.,5934618.,4.86700439453125),(564054.25,5934608.,7.32778739929199),(564068.4375,5934607.5,7.94367456436157),(564072.375,5934611.5,6.39020681381226),(564076.0625,5934611.,5.5750036239624),(564080.3125,5934614.5,6.28354644775391),(564084.3125,5934614.5,5.5163688659668),(564083.9375,5934607.5,5.26112747192383),(564111.25,5934609.5,6.77718067169189),(564111.5,5934603.5,7.03915977478027),(564181.625,5934602.,6.53103256225586),(564196.375,5934602.,6.49535369873047),(564206.125,5934610.5,6.93845415115356),(564289.125,5934605.,6.87380456924438),(564303.5,5934602.5,7.2558126449585),(564324.9375,5934613.,7.26362466812134),(564398.75,5934610.5,6.91123342514038),(564443.1875,5934606.5,7.26676321029663),(564485.375,5934608.5,7.30213689804077),(564508.5,5934607.5,7.61962890625),(564551.0625,5934606.5,7.16208457946777),(564582.5625,5934604.5,7.01522827148438),(564648.5,5934609.5,6.68108224868774),(564690.125,5934613.,6.72989702224731),(564719.8125,5934607.5,6.62479019165039),(564800.8125,5934610.,3.73920226097107),(564826.5625,5934610.,3.28574228286743),(564831.25,5934614.5,4.49247884750366),(564841.875,5934613.5,2.88786005973816),(564873.,5934611.5,2.45289611816406),(564883.,5934611.,2.96169662475586),(564886.125,5934613.5,2.1171441078186),(564888.25,5934611.,3.15895104408264),(564946.125,5934607.,4.9973464012146),(564959.8125,5934606.5,4.94078397750854),(564079.75,5934609.,6.40167999267578),(564099.5625,5934602.5,5.37080717086792),(564160.25,5934604.5,6.97278451919556),(564219.0625,5934608.5,7.03079509735107),(564385.8125,5934595.5,7.19282197952271),(564431.3125,5934603.,7.15532064437866),(564463.25,5934604.,7.3834981918335),(564500.1875,5934603.5,7.3823938369751),(564619.125,5934605.,6.93759489059448),(564678.5,5934602.,6.5376558303833),(564771.,5934608.,4.76664590835571),(564791.5,5934609.5,4.15769052505493),(564809.1875,5934608.,3.1753625869751),(564821.5,5934606.5,2.95616912841797),(564835.5,5934607.5,2.67664837837219),(564843.8125,5934610.5,2.41090559959412),(564927.0625,5934605.,5.29882335662842),(564963.25,5934593.,4.78934478759766),(564041.,5934597.,7.15767574310303),(564072.3125,5934606.5,5.62362432479858),(564076.3125,5934606.5,6.54817056655884),(564102.625,5934600.5,5.54905271530151),(564136.25,5934605.,7.07702207565308),(564153.3125,5934601.5,7.16972589492798),(564375.375,5934582.5,7.37563705444336),(564439.9375,5934600.,7.47688102722168),(564533.3125,5934597.,7.34166669845581),(564570.4375,5934602.5,6.87255048751831),(564605.1875,5934601.,6.87151145935059),(564691.9375,5934598.5,6.49837160110474),(564763.5,5934603.5,5.00926637649536),(564784.0625,5934597.,3.65716409683228),(564831.9375,5934606.5,2.85619902610779),(564868.9375,5934603.,3.24326348304749),(564863.5625,5934603.5,2.47958016395569),(564878.3125,5934604.5,2.99090099334717),(564896.25,5934603.5,3.58149909973145),(564908.125,5934599.5,5.05759286880493),(564914.875,5934594.,5.36049556732178),(564972.625,5934602.,4.67786359786987),(564984.5,5934600.5,4.83518123626709),(564064.5,5934599.5,7.93297815322876),(564068.25,5934602.5,7.63523864746094),(564072.3125,5934602.5,5.31637907028198),(564076.0625,5934601.5,7.28533554077148),(564080.3125,5934602.5,5.42878532409668),(564085.0625,5934588.5,5.40711259841919),(564121.875,5934599.,7.31857395172119),(564141.9375,5934596.,7.22741746902466),(564199.75,5934598.5,6.82514238357544),(564213.375,5934595.5,7.19401741027832),(564232.625,5934594.,7.25388717651367),(564272.5,5934585.,7.24182653427124),(564251.0625,5934582.5,7.33901834487915),(564312.3125,5934594.5,7.37417316436768),(564313.9375,5934591.5,7.22970771789551),(564346.625,5934593.5,6.72836494445801),(564412.1875,5934587.,7.08218717575073),(564458.0625,5934594.5,7.34624242782593),(564516.5625,5934594.5,7.77593326568604),(564528.,5934585.5,7.70893144607544),(564639.0625,5934593.,7.22886419296265),(564659.6875,5934599.5,6.8123254776001),(564709.875,5934599.,6.53954458236694),(564751.5,5934600.,4.98294878005981),(564802.9375,5934600.5,3.17337441444397),(564810.75,5934601.,2.58722281455994),(564816.5,5934602.,2.80375814437866),(564828.0625,5934594.,2.49478960037231),(564850.5,5934591.,2.51650500297546),(564886.,5934596.,3.40629887580872),(564953.,5934598.,5.0497407913208),(564072.3125,5934598.5,6.83293581008911),(564079.875,5934597.,5.28712368011475),(564105.25,5934597.,6.53084087371826),(564169.125,5934596.,6.86867475509644),(564175.875,5934596.5,6.51278114318848),(564223.25,5934587.5,7.28215408325195),(564291.3125,5934593.5,7.05960893630981),(564314.375,5934580.5,7.00217056274414),(564488.,5934601.,7.46452522277832),(564502.375,5934591.,7.47011804580688),(564510.8125,5934588.5,7.62429666519165),(564597.4375,5934585.,7.24058818817139),(564629.375,5934594.5,7.32375764846802),(564742.25,5934599.,6.00463056564331),(564734.375,5934594.5,6.45212936401367),(564751.875,5934595.,5.10088062286377),(564773.3125,5934595.,4.32897853851318),(564824.8125,5934597.5,2.79817390441895),(564834.0625,5934589.5,2.59221839904785),(564856.5625,5934595.5,2.6785295009613),(564866.3125,5934598.5,4.6564245223999),(564871.5,5934598.5,4.34827375411987),(564878.1875,5934596.5,3.79618310928345),(564883.5,5934595.,3.47092962265015),(564897.0625,5934593.,5.1762261390686),(564920.125,5934583.,5.13974905014038),(565000.,5934586.5,4.49609756469727),(564000.,5934553.,5.51959943771362),(564072.1875,5934594.5,7.87251043319702),(564076.3125,5934594.5,5.79738616943359),(564093.75,5934587.5,5.35347032546997),(564104.8125,5934589.,6.94047784805298),(564160.6875,5934589.5,7.20702457427979),(564301.6875,5934594.5,7.28733348846436),(564447.75,5934586.5,7.62558031082153),(564472.6875,5934590.,7.57177495956421),(564488.25,5934584.,7.40528583526611),(564499.375,5934586.,7.68057298660278),(564557.6875,5934583.5,7.37271738052368),(564545.375,5934586.,7.44809865951538),(564572.375,5934584.5,7.13678598403931),(564618.0625,5934594.,7.37492847442627),(564648.75,5934587.5,7.12201499938965),(564659.75,5934595.,6.52247428894043),(564669.5625,5934592.,6.89089775085449),(564706.375,5934590.5,6.34115839004517),(564744.8125,5934590.5,5.95069122314453),(564763.25,5934591.5,4.68121719360352),(564812.6875,5934594.,2.59882664680481),(564856.875,5934593.,3.24397039413452),(564867.5,5934594.5,5.20209836959839),(564871.6875,5934594.,5.79355382919312),(564882.5625,5934590.,5.23427438735962),(564938.875,5934583.5,5.24674129486084),(564969.625,5934588.,5.04624509811401),(564021.6875,5934562.5,6.48028612136841),(564053.6875,5934579.,7.88025569915771),(564076.3125,5934590.5,5.23301029205322),(564072.3125,5934590.5,7.44649028778076),(564076.5625,5934586.5,5.23177003860474),(564097.25,5934587.,5.60379791259766),(564175.5,5934586.5,6.82014322280884),(564186.75,5934586.,6.74734735488892),(564199.6875,5934587.5,6.77633666992188),(564323.375,5934572.5,6.82005310058594),(564338.0625,5934575.5,6.78588438034058),(564522.5,5934585.,7.96807432174683),(564580.125,5934582.5,7.22495460510254),(564603.75,5934584.5,7.61203384399414),(564681.125,5934581.5,7.0682520866394),(564721.125,5934582.,6.38388776779175),(564742.75,5934586.,6.51766633987427),(564752.4375,5934588.5,5.48300075531006),(564781.8125,5934577.5,3.26257610321045),(564792.4375,5934586.,3.22170901298523),(564871.,5934590.,5.92097187042236),(564858.5,5934583.5,3.56905627250671),(564889.625,5934590.,5.37871980667114),(564908.375,5934575.5,5.23748064041138),(564068.1875,5934586.5,7.95757293701172),(564072.3125,5934586.5,6.23483657836914),(564098.8125,5934580.,6.71063137054443),(564123.1875,5934577.,7.19704580307007),(564180.,5934578.,7.21619558334351),(564228.0625,5934581.5,7.14334583282471),(564283.9375,5934583.5,7.10405158996582),(564291.8125,5934575.5,7.32527780532837),(564427.5,5934571.,7.19972848892212),(564456.5,5934577.,7.65107154846191),(564472.5625,5934573.5,7.62515115737915),(564586.,5934579.5,7.15749549865723),(564604.75,5934580.5,7.41606426239014),(564630.375,5934577.5,7.37849235534668),(564650.5625,5934581.5,6.54677724838257),(564674.125,5934582.5,6.53323221206665),(564689.25,5934575.5,6.91001033782959),(564699.9375,5934577.,6.6707878112793),(564754.0625,5934579.5,6.46424579620361),(564757.0625,5934584.,5.34097146987915),(564769.125,5934578.5,4.23542833328247),(564809.125,5934585.,2.34681844711304),(564800.5,5934584.5,2.75855779647827),(564812.,5934582.,2.4982213973999),(564837.625,5934577.5,2.69260573387146),(564853.375,5934584.5,2.57205438613892),(564880.125,5934584.5,5.96615743637085),(564884.625,5934585.5,5.98222589492798),(564900.8125,5934586.5,5.56377458572388),(564064.25,5934579.,7.98572587966919),(564067.5625,5934579.5,7.48616027832031),(564072.3125,5934582.5,5.22504758834839),(564072.0625,5934577.5,5.26919651031494),(564081.6875,5934576.5,5.41983890533447),(564092.125,5934575.5,5.58466911315918),(564130.875,5934578.,7.21055746078491),(564195.4375,5934576.,6.81215524673462),(564242.125,5934580.5,7.15510129928589),(564391.9375,5934573.5,7.32127237319946),(564452.75,5934572.,7.41216516494751),(564481.125,5934576.5,7.71686553955078),(564507.,5934574.,7.83918857574463),(564590.,5934574.5,7.38635635375977),(564642.375,5934577.5,7.23769378662109),(564826.0625,5934571.,2.92098116874695),(564846.75,5934582.5,2.35044264793396),(564861.5625,5934578.5,4.08155155181885),(564949.875,5934575.5,5.00757169723511),(564060.1875,5934578.5,7.89799785614014),(564086.9375,5934571.,5.34164762496948),(564098.,5934572.5,6.97675609588623),(564228.625,5934572.5,6.90098524093628),(564275.25,5934578.,7.34720325469971),(564499.25,5934574.5,7.65715312957764),(564596.125,5934576.,7.68601322174072),(564663.5625,5934569.,7.04854393005371),(564681.5625,5934575.,6.60949277877808),(564724.875,5934567.,6.58981323242188),(564711.3125,5934568.5,6.65150308609009),(564761.0625,5934576.,6.42034530639648),(564763.0625,5934578.5,4.97915744781494),(564788.5625,5934571.,3.19334983825684),(564842.9375,5934573.5,2.3976092338562),(564846.625,5934569.,3.43333721160889),(564871.3125,5934570.5,5.32975435256958),(564875.4375,5934575.,5.66744756698608),(564940.25,5934570.5,5.10787963867188),(564958.5625,5934576.,5.23057889938354),(564060.0625,5934571.,5.72167062759399),(564064.125,5934574.,7.71527814865112),(564068.25,5934574.5,5.72572708129883),(564210.875,5934568.5,6.85479068756104),(564246.5625,5934567.5,7.19495391845703),(564257.9375,5934565.,7.48630332946777),(564280.5,5934565.5,7.30916500091553),(564352.625,5934559.5,7.26559114456177),(564490.9375,5934561.5,7.84148836135864),(564526.25,5934568.,7.94491672515869),(564539.125,5934560.5,7.67526340484619),(564547.6875,5934570.5,7.51605653762817),(564554.0625,5934560.5,7.28438663482666),(564593.5625,5934569.5,7.56334400177002),(564606.0625,5934570.5,7.33837080001831),(564620.3125,5934569.,7.36021900177002),(564633.5,5934564.,7.29773235321045),(564640.6875,5934568.5,6.65240478515625),(564744.75,5934563.5,6.32534599304199),(564767.0625,5934574.5,5.66062545776367),(564774.5625,5934574.5,3.91782116889954),(564802.5,5934569.,2.73793625831604),(564866.0625,5934573.,4.73173856735229),(564897.,5934570.5,5.40251207351685),(564921.1875,5934563.5,5.59033298492432),(565000.,5934551.,4.35000705718994),(564052.1875,5934570.5,7.89522933959961),(564039.5625,5934563.5,7.24751424789429),(564056.25,5934570.5,6.55706977844238),(564067.75,5934569.,5.25566625595093),(564165.5625,5934564.5,7.33753538131714),(564196.5625,5934569.5,7.21126556396484),(564298.25,5934558.5,7.06518602371216),(564402.875,5934555.5,7.63652276992798),(564439.25,5934551.5,7.3546199798584),(564468.1875,5934556.5,7.86670064926147),(564517.125,5934562.,7.95855903625488),(564570.5625,5934561.,7.30726528167725),(564654.125,5934562.,7.11440324783325),(564638.5,5934562.,6.68902206420898),(564673.9375,5934568.,7.12386512756348),(564695.5,5934566.5,6.53840780258179),(564697.6875,5934570.5,7.14748001098633),(564767.,5934569.5,6.47661924362183),(564771.0625,5934570.5,6.41047191619873),(564775.125,5934570.5,5.44143056869507),(564779.125,5934570.5,3.68320035934448),(564784.9375,5934569.,3.41852784156799),(564830.125,5934561.,2.29874038696289),(564954.6875,5934565.5,5.25790548324585),(564979.5,5934557.,4.76075983047485),(564048.6875,5934562.5,7.79364967346191),(564052.1875,5934566.5,7.92983913421631),(564056.25,5934566.5,5.7341570854187),(564060.6875,5934563.5,6.795334815979),(564064.25,5934566.5,5.96552801132202),(564087.5625,5934564.,5.48864269256592),(564091.75,5934560.5,6.79520320892334),(564228.375,5934558.5,6.93177223205566),(564509.25,5934559.5,7.91540622711182),(564625.375,5934563.5,7.2660961151123),(564690.9375,5934557.5,7.03378915786743),(564704.375,5934565.5,7.42049407958984),(564758.5,5934553.,6.23049974441528),(564775.4375,5934566.5,6.35998582839966),(564780.8125,5934565.,6.34330224990845),(564783.125,5934566.5,4.81991481781006),(564792.5,5934561.,2.82866716384888),(564813.4375,5934566.,2.71554756164551),(564874.6875,5934563.5,5.70306491851807),(564031.125,5934557.5,6.79989194869995),(564052.1875,5934562.,7.6347713470459),(564056.25,5934562.,6.15146780014038),(564062.625,5934558.5,5.38965177536011),(564071.9375,5934553.,5.38785648345947),(564112.,5934538.5,7.23754739761353),(564220.625,5934556.5,7.22796058654785),(564254.8125,5934558.5,7.02663373947144),(564272.5,5934554.,7.30229806900024),(564284.9375,5934561.,7.14767694473267),(564327.6875,5934553.,6.88606739044189),(564378.9375,5934548.,7.38322639465332),(564577.625,5934550.,7.58881807327271),(564589.3125,5934548.5,7.441819190979),(564617.75,5934555.,7.56252861022949),(564662.125,5934558.,6.95648050308228),(564685.125,5934555.,7.05901575088501),(564696.5,5934562.5,6.6800684928894),(564715.5,5934558.,7.25177192687988),(564787.125,5934562.,3.97030520439148),(564814.8125,5934562.,2.32808446884155),(564824.75,5934551.,2.29007959365845),(564853.375,5934551.5,4.8892183303833),(564884.4375,5934555.5,5.71609210968018),(564905.5,5934551.,5.82555723190308),(564924.9375,5934552.5,5.40887451171875),(564937.9375,5934556.,5.31713104248047),(564967.4375,5934545.,5.32865524291992),(564020.8125,5934551.,6.16705989837646),(564043.9375,5934558.,7.32710933685303),(564052.1875,5934558.,6.57955169677734),(564055.5,5934556.5,6.6212215423584),(564063.,5934556.5,5.25354194641113),(564082.5625,5934553.5,5.43821096420288),(564086.0625,5934544.5,6.97319936752319),(564312.375,5934543.5,6.87862873077393),(564353.9375,5934540.5,7.47576189041138),(564492.75,5934545.,7.96379899978638),(564525.4375,5934549.5,7.62371206283569),(564511.3125,5934548.,7.81899785995483),(564607.,5934540.,7.67439651489258),(564623.75,5934549.,7.46782684326172),(564637.875,5934555.,7.26523542404175),(564642.375,5934549.5,7.37802696228027),(564699.8125,5934558.5,7.59153461456299),(564707.,5934557.5,7.83907747268677),(564729.5,5934553.5,6.67207527160645),(564788.0625,5934557.,6.36662721633911),(564791.1875,5934558.,4.37731218338013),(564799.25,5934554.,2.77316570281982),(564798.25,5934548.,2.80548214912415),(564808.5,5934553.5,2.33493828773499),(564867.625,5934553.5,5.46845245361328),(564873.75,5934553.5,6.00540065765381),(564951.1875,5934552.,5.18961620330811),(564030.,5934554.,6.72674226760864),(564037.125,5934554.5,6.58095264434814),(564052.,5934554.5,5.33788204193115),(564087.9375,5934551.5,6.76917839050293),(564141.8125,5934539.5,7.37344217300415),(564257.25,5934543.,7.02588272094727),(564274.4375,5934548.5,7.08724594116211),(564281.875,5934536.5,7.11332559585571),(564452.5,5934536.,7.48377656936646),(564465.625,5934547.5,7.68239116668701),(564530.4375,5934543.,7.72513484954834),(564541.5,5934535.,7.32420825958252),(564549.875,5934538.,7.40027666091919),(564656.125,5934549.,7.10316228866577),(564661.9375,5934539.,7.14435625076294),(564691.1875,5934553.,7.19625520706177),(564707.0625,5934550.,7.47739553451538),(564714.9375,5934553.,6.56352996826172),(564791.1875,5934554.,5.57210445404053),(564796.75,5934554.,3.32654714584351),(564822.875,5934546.,2.61864995956421),(564828.75,5934546.5,3.29761242866516),(564008.1875,5934547.,5.50602006912231),(564025.3125,5934550.5,6.05471992492676),(564039.75,5934550.5,5.2538914680481),(564046.9375,5934548.,5.1062331199646),(564056.125,5934549.,5.63646793365479),(564250.625,5934541.,7.21516704559326),(564472.4375,5934546.5,7.70076847076416),(564566.3125,5934545.5,7.32858180999756),(564578.75,5934535.5,7.23700571060181),(564678.875,5934545.5,6.92741680145264),(564707.75,5934542.5,7.11914491653442),(564712.0625,5934548.5,6.8500599861145),(564724.6875,5934545.,6.5405592918396),(564724.375,5934550.5,6.82962274551392),(564786.9375,5934551.,5.94385099411011),(564774.75,5934549.,6.1702036857605),(564791.1875,5934547.5,4.21559381484985),(564807.25,5934550.,1.99756419658661),(564803.6875,5934548.,2.35502123832703),(564814.625,5934549.5,2.29553914070129),(564860.5,5934540.5,5.68837690353394),(564887.5,5934537.,6.09716939926147),(564911.0625,5934540.,5.75788593292236),(564986.75,5934540.,4.81975078582764),(564993.1875,5934540.5,4.59556341171265),(564000.,5934542.,4.65105056762695),(564016.75,5934545.5,5.35003185272217),(564012.125,5934542.,5.21898365020752),(564030.3125,5934546.5,5.17893743515015),(564051.6875,5934540.,5.19328594207764),(564057.25,5934544.5,5.23591279983521),(564078.5,5934541.5,5.53066396713257),(564164.9375,5934520.,7.23761892318726),(564173.8125,5934518.5,7.23183250427246),(564206.8125,5934531.5,7.37789297103882),(564329.625,5934538.,7.09048891067505),(564388.9375,5934524.5,7.7268385887146),(564420.375,5934527.,7.52921438217163),(564531.75,5934534.5,7.55447864532471),(564574.8125,5934542.,7.57041692733765),(564737.25,5934543.5,6.80313730239868),(564763.3125,5934544.5,6.32421875),(564768.1875,5934544.5,5.8580527305603),(564781.6875,5934543.,4.52735948562622),(564793.25,5934542.5,2.95985198020935),(564807.625,5934546.,2.68506407737732),(564876.0625,5934535.,6.09351062774658),(564941.0625,5934545.5,5.34279870986938),(564965.125,5934533.5,5.2083945274353),(564006.5625,5934542.,4.79225635528564),(564024.375,5934538.5,4.59328842163086),(564033.125,5934542.5,4.88520574569702),(564032.5,5934537.5,5.20750951766968),(564062.125,5934528.,5.41053867340088),(564368.6875,5934526.,7.40195798873901),(564489.375,5934536.,7.84217977523804),(564513.875,5934531.,7.69167947769165),(564613.3125,5934532.5,7.44883680343628),(564758.4375,5934538.5,6.45958423614502),(564775.1875,5934538.,3.11338973045349),(564798.875,5934537.5,2.78324627876282),(564802.9375,5934542.,2.92729473114014),(564831.5,5934543.,3.89657354354858),(564849.625,5934537.5,5.71712255477905),(564861.,5934535.,6.13154745101929),(564924.9375,5934536.5,5.54658031463623),(565000.,5934537.5,4.67344379425049),(564011.4375,5934537.5,4.61129808425903),(564042.375,5934532.,5.08842372894287),(564083.1875,5934537.5,6.9339804649353),(564141.625,5934522.,7.35264921188354),(564258.0625,5934529.5,7.24381065368652),(564318.375,5934534.5,6.93630170822144),(564473.6875,5934514.,7.70881414413452),(564564.25,5934534.,7.47208023071289),(564588.0625,5934536.5,7.52305793762207),(564593.625,5934535.5,7.36993026733398),(564636.8125,5934533.5,7.22753858566284),(564644.0625,5934531.5,7.01717042922974),(564671.625,5934533.,7.04410362243652),(564681.6875,5934532.,7.25891876220703),(564692.8125,5934528.5,7.2435245513916),(564717.375,5934535.,7.05148363113403),(564740.125,5934537.5,6.44910717010498),(564752.75,5934535.5,6.74792432785034),(564761.875,5934538.,5.64999723434448),(564770.375,5934538.,3.80220723152161),(564787.5,5934534.,2.97953271865845),(564807.125,5934530.,5.76451253890991),(564818.375,5934530.,5.87727546691895),(564840.375,5934534.,5.83087158203125),(564933.125,5934538.,5.37085628509521),(564947.,5934539.,5.04634952545166),(564956.0625,5934533.5,5.11779117584229),(564000.,5934523.,5.13421869277954),(564029.,5934532.,4.7917537689209),(564075.75,5934532.,5.81024026870728),(564300.75,5934524.5,7.05319786071777),(564394.5625,5934518.5,7.66400957107544),(564521.375,5934528.5,7.85978126525879),(564585.9375,5934530.5,7.22289419174194),(564704.3125,5934531.5,6.89226484298706),(564729.875,5934527.,7.11481952667236),(564739.4375,5934529.,6.74547910690308),(564762.5625,5934530.,6.97129344940186),(564767.0625,5934534.,4.2887921333313),(564771.75,5934533.5,2.75997591018677),(564781.75,5934533.,2.58063340187073),(564803.0625,5934530.,5.48081302642822),(564797.125,5934532.,3.15227842330933),(564906.4375,5934521.,5.79923582077026),(564937.0625,5934525.5,5.08964967727661),(564946.5,5934529.5,5.20954132080078),(564027.625,5934521.5,4.95915985107422),(564071.625,5934528.,5.60310888290405),(564079.375,5934528.,6.94192171096802),(564098.8125,5934516.5,7.20925903320312),(564292.125,5934518.5,7.00574588775635),(564342.6875,5934519.,7.52508974075317),(564494.8125,5934524.5,7.89870929718018),(564509.4375,5934517.,7.81127214431763),(564546.625,5934520.,7.35133695602417),(564581.6875,5934522.5,7.78955745697021),(564600.3125,5934527.5,7.57243251800537),(564676.875,5934527.5,6.88049459457397),(564749.125,5934520.5,6.54525756835938),(564753.375,5934529.5,6.54752731323242),(564767.0625,5934530.,5.75944900512695),(564771.125,5934530.,2.69261288642883),(564789.75,5934530.5,3.0177276134491),(564837.0625,5934530.,6.1164231300354),(564925.1875,5934520.,5.47651386260986),(564931.0625,5934527.,5.81329488754272),(565000.,5934530.,4.45439529418945),(564037.9375,5934522.,4.96887493133545),(564249.0625,5934516.,7.36025762557983),(564302.5,5934505.,7.05123805999756),(564519.,5934520.,7.72978830337524),(564568.125,5934525.5,7.67136526107788),(564589.5625,5934519.5,7.66355895996094),(564596.25,5934520.5,7.27852392196655),(564637.5625,5934522.,7.15523862838745),(564673.5625,5934525.,7.18747043609619),(564685.5625,5934523.5,6.79753351211548),(564692.375,5934522.5,7.07369327545166),(564702.875,5934511.5,7.08034753799438),(564721.3125,5934519.5,6.91757297515869),(564764.5,5934523.,4.23298597335815),(564763.0625,5934526.,6.86946773529053),(564768.5,5934524.,3.0468053817749),(564780.5,5934517.,2.93808507919312),(564795.1875,5934526.,4.48831510543823),(564791.1875,5934526.,3.24293971061707),(564799.1875,5934526.,6.11025190353394),(564804.875,5934526.,6.29873561859131),(564819.9375,5934524.5,6.0111927986145),(564857.375,5934520.,6.15364933013916),(564872.3125,5934518.5,6.32502841949463),(564883.6875,5934515.5,6.22495889663696),(564953.,5934523.,5.06242799758911),(564973.8125,5934521.,4.86594772338867),(564962.4375,5934520.,5.33344650268555),(564063.125,5934517.,5.44098806381226),(564068.125,5934516.5,6.34712553024292),(564430.5625,5934509.,7.83978509902954),(564522.8125,5934502.,7.37175369262695),(564537.875,5934516.5,7.42731761932373),(564578.6875,5934518.5,8.17223930358887),(564573.5,5934520.,7.78413152694702),(564615.75,5934512.,7.30250263214111),(564657.125,5934514.5,6.98804235458374),(564685.4375,5934516.5,7.15941429138184),(564692.4375,5934515.5,6.92650604248047),(564751.375,5934517.,6.99395370483398),(564757.3125,5934520.,7.1568546295166),(564771.5625,5934510.,3.3010425567627),(564785.4375,5934517.,3.60174894332886),(564791.125,5934520.,3.65079665184021),(564795.4375,5934519.5,6.45851230621338),(564799.6875,5934522.,6.64864873886108),(564831.5625,5934519.,5.99019241333008),(564932.5625,5934518.5,5.42836284637451),(564984.375,5934516.,4.7078595161438),(564000.,5934511.5,5.78682994842529),(564016.6875,5934509.5,5.69939804077148),(564076.3125,5934517.5,6.98139572143555),(564196.8125,5934500.5,7.39705276489258),(564331.875,5934500.5,7.55487966537476),(564375.125,5934513.5,7.66102504730225),(564397.125,5934514.,7.89431428909302),(564406.375,5934510.5,7.62702989578247),(564459.4375,5934510.5,7.67582893371582),(564582.3125,5934518.,8.7761697769165),(564586.375,5934518.,8.35042858123779),(564663.6875,5934511.5,7.19667148590088),(564723.375,5934512.5,7.06860256195068),(564741.,5934508.5,6.58410882949829),(564761.75,5934516.5,3.47869205474854),(564759.0625,5934518.,6.16505098342896),(564928.125,5934505.,5.53192949295044),(564943.8125,5934514.,5.35839509963989),(565000.,5934508.,4.48222923278809),(564046.125,5934509.5,5.30728340148926),(564073.125,5934507.5,6.92810869216919),(564231.625,5934502.,7.2272515296936),(564266.8125,5934504.,7.18181085586548),(564485.875,5934497.5,7.5713996887207),(564568.5625,5934494.,8.24437808990479),(564557.4375,5934503.5,8.06292724609375),(564578.8125,5934511.5,7.87600612640381),(564582.3125,5934514.,8.76586532592773),(564586.375,5934514.,9.28012752532959),(564590.375,5934514.,8.90496921539307),(564597.9375,5934513.,8.01504898071289),(564755.,5934514.,6.96641778945923),(564759.875,5934511.,3.61803817749023),(564791.1875,5934514.,5.22411155700684),(564787.125,5934514.,3.85368347167969),(564795.125,5934513.5,6.89012145996094),(564800.625,5934509.5,7.3685040473938),(564818.5,5934507.,6.71007013320923),(564825.75,5934513.,6.55645942687988),(564831.8125,5934512.,6.68420124053955),(564841.125,5934511.5,6.07162666320801),(564891.3125,5934504.5,6.02956438064575),(564915.9375,5934503.5,5.76220750808716),(564984.375,5934510.,4.81553506851196),(564058.125,5934506.5,5.44684028625488),(564067.375,5934508.,6.32013320922852),(564087.0625,5934486.,6.72579336166382),(564105.8125,5934497.5,6.99786138534546),(564144.75,5934493.5,7.22603559494019),(564240.625,5934500.5,7.39393472671509),(564250.25,5934505.5,7.2532844543457),(564350.125,5934491.,7.48233795166016),(564402.4375,5934508.,7.86100673675537),(564511.5625,5934504.,7.72041511535645),(564548.9375,5934503.,7.59366321563721),(564582.625,5934504.5,7.9667329788208),(564587.5,5934509.5,9.44412040710449),(564593.6875,5934510.,10.0104074478149),(564598.375,5934510.,9.17052936553955),(564605.,5934509.5,7.61453533172607),(564612.5625,5934506.5,7.3221755027771),(564626.875,5934510.5,7.37451124191284),(564711.0625,5934504.5,6.90131950378418),(564742.5,5934502.5,7.26580429077148),(564749.75,5934508.5,7.18938302993774),(564755.,5934510.,5.01194334030151),(564786.75,5934508.,4.36587381362915),(564791.3125,5934509.,6.63375473022461),(564942.1875,5934504.,5.26852178573608),(564952.5,5934507.,5.2314600944519),(564967.25,5934501.,4.87891864776611),(564032.0625,5934500.,5.70411062240601),(564119.6875,5934495.5,7.20666027069092),(564371.3125,5934494.,7.78702974319458),(564378.3125,5934494.5,7.99258899688721),(564403.5,5934498.5,7.65464401245117),(564526.25,5934495.,7.45148038864136),(564535.25,5934497.5,7.37155675888062),(564577.5,5934485.5,8.11810398101807),(564594.4375,5934502.,9.98052787780762),(564598.375,5934506.,9.97845458984375),(564602.4375,5934506.,8.03006744384766),(564606.4375,5934506.,6.92988538742065),(564612.,5934504.,7.09470558166504),(564646.6875,5934496.5,7.40354299545288),(564656.125,5934504.5,7.18172597885132),(564671.8125,5934496.5,7.16310262680054),(564734.1875,5934499.,6.65512466430664),(564722.75,5934503.,7.09867715835571),(564751.,5934506.,6.19970941543579),(564754.1875,5934505.,4.04843330383301),(564780.9375,5934504.5,4.1406626701355),(564774.6875,5934499.5,3.97302842140198),(564793.0625,5934502.,7.4315037727356),(564832.3125,5934505.5,6.4722146987915),(564845.5625,5934497.5,6.10092306137085),(564858.625,5934494.5,6.35171890258789),(564994.4375,5934505.,4.29878759384155),(564981.875,5934504.,4.57841348648071),(564050.375,5934498.5,5.63289356231689),(564155.3125,5934481.5,7.23267030715942),(564389.8125,5934496.,7.93150234222412),(564457.1875,5934485.,7.78818464279175),(564590.625,5934500.,9.59760093688965),(564597.625,5934500.,8.8368673324585),(564602.4375,5934502.,6.40906715393066),(564606.4375,5934501.5,5.81525897979736),(564625.9375,5934494.5,7.27504873275757),(564682.1875,5934497.,6.93408632278442),(564700.5,5934490.5,6.91142702102661),(564719.3125,5934495.,7.12772178649902),(564745.625,5934500.5,7.14693307876587),(564755.25,5934500.,4.36622858047485),(564764.6875,5934494.5,4.27606439590454),(564787.9375,5934500.5,6.60259342193604),(564783.3125,5934500.5,4.63305950164795),(564811.3125,5934497.,7.45683193206787),(564821.375,5934495.5,6.79043054580688),(564912.9375,5934497.,5.69102334976196),(564956.0625,5934501.5,5.21747779846191),(564987.375,5934494.,3.08044576644897),(564064.,5934498.,6.2749342918396),(564064.1875,5934492.,6.74363899230957),(564283.,5934487.,7.09449481964111),(564406.5625,5934494.,7.74629545211792),(564481.625,5934475.5,7.4762225151062),(564505.0625,5934486.,7.67662382125854),(564560.5625,5934494.5,7.97064733505249),(564594.125,5934498.,9.68027496337891),(564603.,5934499.,5.47856187820435),(564618.9375,5934490.5,5.53116321563721),(564632.75,5934491.5,7.32340288162231),(564687.8125,5934487.5,7.04007768630981),(564747.,5934498.,5.68638467788696),(564750.875,5934497.5,5.02915668487549),(564791.3125,5934493.,7.52015066146851),(564829.0625,5934490.5,6.55985689163208),(564866.9375,5934485.,6.0634298324585),(564969.75,5934494.,4.94167327880859),(564993.6875,5934495.5,3.05786061286926),(565000.,5934494.5,3.55681824684143),(564010.5625,5934485.,5.73070192337036),(564000.,5934488.5,5.70366191864014),(564133.5625,5934491.5,7.28164625167847),(564218.75,5934479.,7.22599935531616),(564242.5,5934491.5,7.2484016418457),(564384.,5934485.5,7.69947385787964),(564543.75,5934491.,7.64492273330688),(564581.875,5934490.5,8.29472541809082),(564586.375,5934491.5,9.29526901245117),(564596.0625,5934491.,6.41200399398804),(564593.8125,5934494.,8.77984237670898),(564599.9375,5934492.,5.5673360824585),(564646.9375,5934484.5,7.26333808898926),(564662.4375,5934486.5,7.34314393997192),(564708.8125,5934490.5,7.05726146697998),(564733.8125,5934493.,7.55618143081665),(564738.5,5934492.5,7.42803430557251),(564746.9375,5934494.5,5.13430643081665),(564781.6875,5934494.5,5.18194150924683),(564786.375,5934493.,6.93078517913818),(564793.4375,5934479.,7.48958396911621),(564840.375,5934485.,6.11862134933472),(564851.4375,5934486.,6.23571920394897),(564889.375,5934494.5,6.2375807762146),(564907.9375,5934483.5,6.0457181930542),(564956.25,5934490.,5.04600811004639),(564976.9375,5934490.,3.46107530593872),(564034.0625,5934486.,5.75435304641724),(564054.5625,5934483.5,5.97405433654785),(564230.4375,5934481.,7.34374904632568),(564285.6875,5934474.5,7.09253263473511),(564418.8125,5934484.,7.90575265884399),(564514.5625,5934480.,7.47200775146484),(564525.6875,5934479.5,7.45651435852051),(564550.6875,5934487.,8.23435115814209),(564615.75,5934486.5,5.42989301681519),(564624.4375,5934489.,6.29606628417969),(564672.75,5934481.,7.22662925720215),(564723.5,5934484.,6.52503204345703),(564730.625,5934486.5,7.55983734130859),(564742.4375,5934489.5,6.49403953552246),(564748.5,5934491.,5.04302883148193),(564759.0625,5934485.5,5.04590940475464),(564760.875,5934490.,5.12315368652344),(564771.125,5934485.,5.10548734664917),(564779.,5934488.5,5.29159069061279),(564810.875,5934489.5,7.10707759857178),(564946.1875,5934478.5,5.2948842048645),(564967.8125,5934489.5,5.01517486572266),(564982.9375,5934486.,2.02674508094788),(565000.,5934486.5,4.29068994522095),(564991.8125,5934485.,1.84639155864716),(564108.75,5934464.,6.96686315536499),(564177.4375,5934474.,7.22740650177002),(564268.125,5934464.,7.13408279418945),(564313.75,5934468.,7.63053321838379),(564499.4375,5934475.,7.43903160095215),(564582.625,5934485.5,8.55653095245361),(564586.4375,5934485.5,8.85244941711426),(564594.3125,5934486.,5.55064105987549),(564634.125,5934481.,6.22689151763916),(564640.6875,5934483.,7.12575960159302),(564700.5625,5934479.5,7.0493950843811),(564729.25,5934477.5,7.24779272079468),(564748.25,5934485.,6.50631666183472),(564752.375,5934484.,6.29238605499268),(564783.8125,5934483.,7.25169610977173),(564815.5,5934480.5,6.25453615188599),(564873.5625,5934477.5,6.17571830749512),(564892.3125,5934484.5,5.99802017211914),(564929.6875,5934477.5,5.55190420150757),(564977.4375,5934484.,2.84092307090759),(564971.3125,5934484.5,4.84047842025757),(564987.75,5934484.,1.3712705373764),(564996.25,5934484.,3.50166893005371),(564007.75,5934479.,5.68544673919678),(564030.375,5934479.,5.32329177856445),(564039.75,5934468.,5.57402324676514),(564056.9375,5934477.5,6.78326845169067),(564083.6875,5934475.5,6.87785148620605),(564127.375,5934474.5,7.09996175765991),(564138.75,5934475.5,7.09640884399414),(564359.75,5934468.5,7.8201904296875),(564389.75,5934477.,7.69248962402344),(564467.25,5934466.,7.7639331817627),(564508.0625,5934477.5,7.62067031860352),(564552.6875,5934476.5,8.31902408599854),(564564.5625,5934478.5,8.13967227935791),(564586.3125,5934479.,7.9343433380127),(564590.375,5934482.,7.11582517623901),(564594.9375,5934482.,5.86304998397827),(564613.6875,5934480.5,5.518385887146),(564617.875,5934480.5,6.13643026351929),(564656.375,5934472.,7.19758892059326),(564719.0625,5934478.5,6.44438743591309),(564713.75,5934477.5,6.67229986190796),(564725.5625,5934478.5,7.29789781570435),(564736.0625,5934478.5,6.5962610244751),(564762.6875,5934478.5,5.44742107391357),(564766.1875,5934480.,4.99210166931152),(564774.5625,5934480.,5.34543228149414),(564804.625,5934482.5,6.90349626541138),(564809.,5934480.,6.05376768112183),(564822.625,5934475.5,6.38245677947998),(564882.5,5934470.5,5.90073823928833),(564959.875,5934474.5,5.06103086471558),(564975.5,5934479.5,4.244215965271),(564983.4375,5934480.5,1.41037607192993),(564035.4375,5934475.5,5.64810371398926),(564047.5,5934469.5,5.72231721878052),(564098.4375,5934469.5,6.95166492462158),(564165.5,5934474.,7.02285146713257),(564198.875,5934458.,7.19699382781982),(564226.125,5934475.5,7.25098991394043),(564378.5,5934455.5,7.70629119873047),(564408.8125,5934463.5,7.96492576599121),(564438.4375,5934459.,7.81514501571655),(564582.5,5934476.5,8.05590438842773),(564594.125,5934478.,6.64436674118042),(564643.5,5934474.5,7.3217568397522),(564660.625,5934471.5,7.14649868011475),(564736.1875,5934470.5,6.66443347930908),(564758.6875,5934478.,6.39515829086304),(564779.125,5934478.,6.37206602096558),(564784.5,5934476.5,7.00616836547852),(564799.5625,5934474.,5.8816294670105),(564791.5,5934471.,6.71926116943359),(564832.625,5934469.5,6.0039529800415),(564837.875,5934462.,6.11745119094849),(564858.875,5934472.,5.94122695922852),(564894.1875,5934469.5,6.05710506439209),(564974.9375,5934475.5,4.93692874908447),(564979.9375,5934478.,3.15301418304443),(564989.0625,5934478.5,1.34567356109619),(564996.9375,5934477.5,3.4288694858551),(565000.,5934477.5,3.40956711769104),(564026.4375,5934473.,5.30826139450073),(564054.75,5934472.5,6.81333112716675),(564251.3125,5934459.,7.30956840515137),(564444.75,5934459.5,7.86039686203003),(564510.875,5934464.,7.47580909729004),(564531.0625,5934463.5,7.72741413116455),(564569.25,5934462.5,8.23879718780518),(564590.3125,5934474.,6.60849046707153),(564590.0625,5934469.5,6.50183773040771),(564599.,5934473.,6.03528833389282),(564616.0625,5934473.5,5.53295516967773),(564622.9375,5934471.,6.00903701782227),(564627.1875,5934470.5,5.55817556381226),(564635.25,5934474.5,5.90433931350708),(564686.75,5934468.,7.22399473190308),(564672.3125,5934463.5,7.25884485244751),(564696.75,5934461.,7.17046689987183),(564718.8125,5934474.,6.71617937088013),(564749.1875,5934473.5,6.34646081924438),(564759.9375,5934474.,5.66608667373657),(564779.125,5934464.,5.60806846618652),(564782.375,5934471.,5.06581020355225),(564803.625,5934474.,5.03398847579956),(564813.8125,5934473.5,5.93218183517456),(564899.25,5934457.5,5.8431134223938),(564910.75,5934460.5,5.9494800567627),(564966.8125,5934462.5,5.02390289306641),(564979.9375,5934474.,3.281813621521),(564983.9375,5934474.,1.75261092185974),(564987.9375,5934474.,2.5057373046875),(564992.6875,5934471.5,3.84533524513245),(564000.,5934450.5,5.70322847366333),(564025.,5934466.,5.73550987243652),(564141.875,5934451.,6.92564535140991),(564182.125,5934463.5,7.0523886680603),(564479.75,5934460.,7.65978908538818),(564503.4375,5934467.,7.3234715461731),(564515.8125,5934460.,7.43081188201904),(564549.3125,5934468.,8.28000164031982),(564584.9375,5934466.5,7.7730598449707),(564594.625,5934469.5,5.99877119064331),(564631.4375,5934469.,5.83983659744263),(564646.5,5934470.,7.2458610534668),(564710.4375,5934465.5,6.4907808303833),(564716.8125,5934466.5,7.27894067764282),(564730.6875,5934469.5,7.33292531967163),(564738.6875,5934461.,6.45035314559937),(564754.8125,5934470.,5.75359487533569),(564785.25,5934466.,5.04955673217773),(564790.9375,5934466.,5.04432058334351),(564796.25,5934467.5,5.02837705612183),(564805.,5934468.5,5.180495262146),(564815.5625,5934465.,6.23999500274658),(564927.0625,5934454.5,5.36708116531372),(564976.5625,5934468.,4.86536169052124),(564979.9375,5934470.,4.67940616607666),(564984.625,5934470.,3.93261885643005),(564995.75,5934466.5,4.42145872116089),(564051.,5934464.5,6.66583824157715),(564220.875,5934455.5,7.25507402420044),(564229.25,5934466.,7.44594144821167),(564333.8125,5934455.5,7.58820676803589),(564554.8125,5934453.5,8.06869220733643),(564582.9375,5934462.5,8.09801864624023),(564611.875,5934453.5,5.82786417007446),(564622.4375,5934466.,5.51170778274536),(564646.8125,5934464.5,6.26845455169678),(564659.9375,5934466.,6.44054937362671),(564679.4375,5934460.,7.19344615936279),(564714.875,5934458.,7.46603488922119),(564727.9375,5934462.,7.467360496521),(564756.875,5934465.5,5.66340494155884),(564851.75,5934453.5,6.15266084671021),(564878.8125,5934452.5,5.96299886703491),(564949.9375,5934459.,5.17908430099487),(564958.5625,5934462.,4.96775102615356),(564985.8125,5934466.,4.83629083633423),(564041.,5934458.5,5.79894733428955),(564031.,5934460.5,5.74433708190918),(564083.75,5934454.5,7.13684940338135),(564090.625,5934451.,6.95955657958984),(564243.5625,5934457.,7.47201347351074),(564298.375,5934435.5,7.73257970809937),(564482.625,5934454.,7.83369302749634),(564491.5625,5934455.,7.55499839782715),(564532.8125,5934452.5,8.25617980957031),(564590.6875,5934455.,6.99186563491821),(564595.,5934454.,6.38940763473511),(564643.8125,5934459.,5.51855611801147),(564650.75,5934459.,5.61078357696533),(564654.8125,5934461.5,6.12339878082275),(564669.875,5934458.,6.25441980361938),(564706.9375,5934459.,6.69894599914551),(564733.1875,5934459.5,6.75643587112427),(564745.625,5934456.,6.35272073745728),(564820.4375,5934444.,6.08928442001343),(564811.875,5934451.,6.33397340774536),(564884.125,5934455.5,5.79235124588013),(564935.125,5934455.,5.41027021408081),(564989.8125,5934452.,4.6246976852417),(564989.8125,5934458.,4.82299470901489),(565000.,5934457.,4.69621515274048),(564057.8125,5934455.5,6.7971076965332),(564046.0625,5934449.5,6.37258815765381),(564041.375,5934452.5,6.50088548660278),(564107.9375,5934452.,7.04116153717041),(564163.6875,5934441.5,6.92732334136963),(564177.375,5934449.5,6.98488330841064),(564191.6875,5934451.5,6.92187833786011),(564211.0625,5934449.5,7.20699882507324),(564287.0625,5934448.5,7.41965436935425),(564461.625,5934443.5,8.0564022064209),(564562.9375,5934454.5,8.38562965393066),(564602.375,5934451.5,5.77594137191772),(564664.1875,5934450.5,6.14619016647339),(564674.8125,5934454.5,5.73245573043823),(564686.25,5934455.5,7.23002624511719),(564697.75,5934452.,7.15189647674561),(564707.25,5934455.,7.11070585250854),(564753.1875,5934450.,5.74030733108521),(564774.375,5934446.5,5.56302499771118),(564789.25,5934448.,5.05974102020264),(564805.1875,5934450.,6.30238771438599),(564842.,5934452.,5.97930526733398),(564958.1875,5934450.5,4.99723386764526),(564977.125,5934453.,4.79627275466919),(564023.8125,5934443.5,5.73723030090332),(564035.5625,5934452.,6.39937400817871),(564051.9375,5934448.5,6.83662271499634),(564080.3125,5934445.5,6.97340202331543),(564086.8125,5934422.,7.02630376815796),(564255.3125,5934440.,7.22149276733398),(564268.1875,5934441.5,7.19779491424561),(564392.0625,5934437.,8.00396537780762),(564442.125,5934443.,7.83222723007202),(564473.375,5934440.5,7.94601058959961),(564499.3125,5934450.5,7.50723075866699),(564543.9375,5934449.5,8.22403907775879),(564573.,5934447.5,8.23519229888916),(564578.8125,5934450.5,8.03245735168457),(564587.625,5934451.5,7.98059177398682),(564628.5,5934439.,5.7848482131958),(564654.25,5934450.,6.13698577880859),(564671.1875,5934452.,5.47544145584106),(564709.125,5934448.5,7.29928922653198),(564779.9375,5934446.,5.06336450576782),(564905.6875,5934442.,5.68151044845581),(564964.4375,5934448.5,4.81963014602661),(564207.3125,5934441.,7.00763845443726),(564337.125,5934426.,7.91582679748535),(564410.625,5934447.5,7.95693159103394),(564562.375,5934449.,8.22172451019287),(564649.3125,5934449.5,5.54255390167236),(564686.0625,5934446.,5.79883813858032),(564691.5,5934447.,6.88580083847046),(564695.375,5934446.,7.41773653030396),(564710.25,5934438.5,6.4749059677124),(564800.75,5934441.5,6.39440393447876),(564929.8125,5934445.5,5.52550315856934),(564941.5,5934446.5,4.41907501220703),(564947.5,5934440.5,3.61983251571655),(564952.4375,5934438.5,3.36865901947021),(564975.875,5934446.5,4.64299011230469),(564036.75,5934446.,6.76419401168823),(564153.875,5934435.,7.03109169006348),(564180.9375,5934433.5,7.00529289245605),(564216.8125,5934443.,7.44209671020508),(564234.75,5934429.5,7.35104990005493),(564359.6875,5934416.5,7.77700233459473),(564503.25,5934438.5,7.50168752670288),(564529.375,5934437.5,8.24892330169678),(564549.8125,5934433.,8.30481052398682),(564585.8125,5934440.5,7.91038370132446),(564606.625,5934443.,5.80255508422852),(564616.375,5934438.5,5.67724084854126),(564655.625,5934445.5,5.4851541519165),(564665.375,5934445.5,5.5833477973938),(564729.75,5934445.,6.30709075927734),(564742.875,5934442.,5.77783870697021),(564832.1875,5934437.5,6.06836700439453),(564914.0625,5934438.5,5.59960603713989),(564933.125,5934444.,5.23540353775024),(564960.25,5934440.,3.76049137115479),(565000.,5934442.5,4.4231538772583),(564016.6875,5934438.,5.64061498641968),(564034.5,5934441.5,6.29729413986206),(564042.375,5934441.,6.34592628479004),(564047.625,5934439.5,6.73875188827515),(564229.25,5934436.5,7.48036527633667),(564317.3125,5934420.5,7.70653104782104),(564490.1875,5934437.5,7.44989728927612),(564512.8125,5934432.,7.74723720550537),(564577.5,5934438.5,9.27345943450928),(564593.0625,5934439.,7.98554706573486),(564599.6875,5934436.,7.67602777481079),(564649.,5934430.5,5.72755241394043),(564684.125,5934440.,5.52141904830933),(564690.8125,5934441.5,7.30783414840698),(564696.375,5934435.,6.88238954544067),(564785.3125,5934434.,5.64663600921631),(564801.8125,5934433.5,6.4393630027771),(564821.125,5934421.,6.10247945785522),(564838.3125,5934435.,6.20997762680054),(564899.0625,5934433.,5.87225341796875),(564978.8125,5934433.5,4.62123441696167),(564031.5,5934436.5,5.60412120819092),(564036.6875,5934435.5,6.39475345611572),(564077.75,5934433.,6.90654993057251),(564405.6875,5934438.5,8.11093521118164),(564421.0625,5934421.,7.9231128692627),(564529.75,5934423.,8.38787269592285),(564564.375,5934434.,8.19628047943115),(564587.3125,5934435.,7.8238263130188),(564678.,5934430.5,5.57161664962769),(564684.0625,5934435.,6.55523300170898),(564685.,5934431.5,7.08443927764893),(564697.0625,5934422.5,6.23861074447632),(564706.875,5934422.5,6.17619800567627),(564723.75,5934430.,5.80018615722656),(564776.75,5934428.5,5.09541940689087),(564890.625,5934413.,5.87942171096802),(564948.0625,5934437.5,3.62834024429321),(564986.5625,5934428.5,4.51895999908447),(564024.125,5934430.,5.57968378067017),(564044.125,5934430.,6.81616926193237),(564204.1875,5934426.5,6.99593067169189),(564218.5625,5934428.5,7.08905935287476),(564261.125,5934426.,7.25056409835815),(564406.75,5934429.5,7.9656343460083),(564448.125,5934412.5,8.25540828704834),(564468.4375,5934425.5,7.83247423171997),(564464.6875,5934426.5,8.07893180847168),(564519.5625,5934429.5,8.24329948425293),(564537.75,5934426.5,8.3910026550293),(564572.3125,5934433.5,8.96071815490723),(564578.875,5934433.5,8.95381259918213),(564593.0625,5934431.5,7.68984079360962),(564612.5625,5934428.5,6.82825613021851),(564617.4375,5934433.5,5.77985525131226),(564630.0625,5934425.5,5.72339534759521),(564668.0625,5934426.5,6.09612035751343),(564755.5625,5934416.5,5.54973173141479),(564768.9375,5934427.5,5.58487844467163),(564773.4375,5934427.,5.09524011611938),(564936.25,5934427.5,5.60399770736694),(564940.875,5934432.5,4.78294992446899),(564956.125,5934430.,3.33746147155762),(564961.3125,5934433.5,3.36743998527527),(564994.125,5934426.5,4.26033401489258),(565000.,5934422.,4.20654010772705),(564012.8125,5934417.5,5.60350465774536),(564032.125,5934429.5,6.37066125869751),(564035.,5934421.,6.49195289611816),(564192.625,5934429.,7.11300992965698),(564430.6875,5934416.,7.93265771865845),(564497.25,5934421.5,7.54237651824951),(564546.125,5934426.,8.61783885955811),(564551.5625,5934426.5,8.35897445678711),(564569.9375,5934426.5,8.1620922088623),(564578.,5934428.5,8.10193634033203),(564638.3125,5934421.,5.56413125991821),(564735.1875,5934417.,5.64001035690308),(564781.4375,5934414.,6.45235013961792),(564835.3125,5934426.,6.44941902160645),(564858.6875,5934420.,6.08838987350464),(564943.6875,5934425.5,5.43927240371704),(564031.125,5934422.5,6.44784498214722),(564025.125,5934421.5,5.6152548789978),(564072.5,5934418.,6.94927883148193),(564160.0625,5934419.,6.93447017669678),(564245.,5934418.,7.29020500183105),(564372.9375,5934410.5,8.01430988311768),(564388.,5934421.,8.07074069976807),(564403.9375,5934417.5,7.99635744094849),(564456.0625,5934409.,8.18581485748291),(564475.9375,5934413.,7.47816610336304),(564520.125,5934425.5,8.0745153427124),(564511.9375,5934424.,7.85041904449463),(564596.625,5934420.,7.45353746414185),(564606.875,5934423.,7.25387096405029),(564650.125,5934417.5,5.59166049957275),(564677.25,5934424.5,6.3791356086731),(564694.,5934425.5,6.67854690551758),(564803.8125,5934420.5,6.15423965454102),(564806.5625,5934412.5,6.27045726776123),(564857.6875,5934411.5,6.33522319793701),(564914.0625,5934408.,5.66960144042969),(564925.625,5934417.5,5.71376180648804),(564954.625,5934423.5,3.82932496070862),(564961.1875,5934427.,3.46357917785645),(564981.9375,5934412.5,3.88500618934631),(564000.,5934409.,5.64652538299561),(564039.4375,5934419.5,6.7882833480835),(564079.75,5934369.5,7.08336305618286),(564224.25,5934405.5,7.29740905761719),(564460.9375,5934407.5,7.81259727478027),(564487.1875,5934404.,7.53563356399536),(564516.75,5934419.,8.51402759552002),(564543.5,5934419.5,8.33070373535156),(564566.5,5934413.,8.18356037139893),(564577.5625,5934419.,7.89332914352417),(564583.3125,5934415.,7.83058977127075),(564626.,5934419.5,6.55775165557861),(564679.0625,5934422.,6.49209547042847),(564710.125,5934414.5,5.76406002044678),(564717.0625,5934410.5,5.71936464309692),(564767.3125,5934415.5,5.0603404045105),(564770.875,5934413.5,5.6334114074707),(564932.625,5934419.,5.65848064422607),(564949.625,5934419.,4.65358734130859),(564957.1875,5934415.,4.71700048446655),(564026.0625,5934413.,6.44462776184082),(564099.8125,5934379.,7.11964273452759),(564191.125,5934396.,6.94946956634521),(564206.875,5934404.5,6.89098739624023),(564254.625,5934405.5,7.40654802322388),(564480.4375,5934405.,7.54829025268555),(564524.625,5934418.,8.43096828460693),(564532.25,5934415.,8.73268604278564),(564541.,5934413.,8.96038913726807),(564555.5625,5934409.,8.28362846374512),(564548.625,5934411.5,8.26870918273926),(564605.0625,5934410.5,7.14473533630371),(564623.5,5934413.5,6.77103090286255),(564671.8125,5934410.5,5.98175239562988),(564686.375,5934406.5,5.87763977050781),(564810.3125,5934406.,6.205397605896),(564833.6875,5934421.,6.35669040679932),(564904.3125,5934410.5,5.89691209793091),(564943.3125,5934415.5,5.16690444946289),(564061.375,5934407.,6.90604496002197),(564277.5625,5934397.5,7.85431241989136),(564421.25,5934400.5,7.95075988769531),(564413.875,5934397.5,8.01550388336182),(564500.75,5934406.,7.73168277740479),(564520.8125,5934411.5,7.7910041809082),(564573.1875,5934411.,7.12318754196167),(564597.1875,5934413.5,7.47525072097778),(564630.75,5934410.5,6.67348337173462),(564646.4375,5934411.,5.91938257217407),(564662.625,5934411.5,5.95374631881714),(564697.5625,5934408.,5.77433586120605),(564755.1875,5934410.,5.05716180801392),(564780.9375,5934404.,6.54549169540405),(564820.5625,5934409.5,6.39180850982666),(564879.6875,5934404.5,5.88133382797241),(564980.625,5934408.5,3.94446706771851),(565000.,5934406.5,3.96341919898987),(564018.25,5934406.5,5.63411521911621),(564032.5,5934403.,6.72542524337769),(564149.375,5934398.5,6.93004274368286),(564248.1875,5934402.5,7.28793478012085),(564307.8125,5934403.,7.73231983184814),(564323.375,5934397.,7.9879264831543),(564362.625,5934402.,7.97970294952393),(564379.3125,5934403.,8.07678031921387),(564404.9375,5934399.,7.96309518814087),(564510.1875,5934407.5,8.2315502166748),(564530.5625,5934405.5,7.69214677810669),(564541.25,5934405.5,8.42197704315186),(564558.,5934405.5,7.87696599960327),(564582.4375,5934406.,7.01423263549805),(564593.6875,5934406.5,6.71820592880249),(564642.75,5934404.5,6.29970645904541),(564710.125,5934403.5,6.59384441375732),(564727.375,5934405.5,5.69220876693726),(564741.25,5934399.5,5.61019992828369),(564748.3125,5934405.,5.54965972900391),(564784.6875,5934395.5,6.23169660568237),(564871.125,5934402.,6.27163124084473),(564887.5,5934397.,5.69866323471069),(564933.0625,5934405.,5.08966588973999),(564946.0625,5934409.5,5.16125440597534),(564015.,5934400.5,5.52971363067627),(564021.3125,5934401.,6.55564641952515),(564026.9375,5934400.5,6.5497784614563),(564136.8125,5934389.,7.01170873641968),(564235.4375,5934396.5,7.23824691772461),(564346.5625,5934390.,7.84882354736328),(564501.8125,5934399.,8.17380046844482),(564519.1875,5934399.,7.82403326034546),(564563.25,5934405.,7.10003566741943),(564567.875,5934397.,6.82883930206299),(564601.875,5934398.5,6.73389863967896),(564613.75,5934401.5,6.68948411941528),(564655.6875,5934401.,6.23686790466309),(564756.6875,5934400.5,5.02127265930176),(564764.375,5934400.,5.85408449172974),(564773.625,5934401.,6.6679573059082),(564792.0625,5934393.,6.32681655883789),(564817.125,5934400.5,6.4936990737915),(564869.3125,5934396.,6.05056285858154),(564895.875,5934398.,5.9264965057373),(564922.0625,5934405.,5.65419578552246),(564958.4375,5934394.5,5.02030849456787),(564996.25,5934402.,3.99522161483765),(564007.625,5934396.5,5.60279130935669),(564057.9375,5934392.5,6.91178941726685),(564159.4375,5934387.,6.96243190765381),(564243.8125,5934394.5,7.22301292419434),(564252.6875,5934400.5,7.63041496276855),(564257.1875,5934401.,7.44777584075928),(564512.875,5934399.,8.33030700683594),(564530.375,5934402.,7.49694299697876),(564538.125,5934401.5,8.33684539794922),(564543.0625,5934398.5,8.23906803131104),(564557.125,5934402.,7.98782873153687),(564583.8125,5934395.5,6.64953708648682),(564656.9375,5934394.5,5.8940258026123),(564669.,5934395.,5.79890251159668),(564698.375,5934400.5,5.71038961410522),(564718.375,5934401.,6.33741903305054),(564730.,5934392.5,6.27078676223755),(564735.6875,5934398.,5.76892852783203),(564750.9375,5934393.5,4.95968675613403),(564964.4375,5934398.5,4.51441860198975),(564968.5,5934393.5,4.11142826080322),(564028.8125,5934391.5,6.80808305740356),(564199.,5934385.5,6.9082293510437),(564249.125,5934395.5,7.60940742492676),(564442.4375,5934384.,8.26605224609375),(564462.125,5934386.,7.45876312255859),(564475.25,5934384.,7.462158203125),(564492.875,5934390.5,7.73731756210327),(564508.625,5934394.,8.37259864807129),(564525.6875,5934397.5,7.77987718582153),(564533.6875,5934397.5,7.16262340545654),(564548.625,5934394.5,7.82237958908081),(564556.0625,5934397.5,7.33887672424316),(564577.875,5934390.,7.05922698974609),(564571.875,5934392.,6.8687219619751),(564644.,5934390.,5.91669416427612),(564686.1875,5934394.5,5.28961324691772),(564713.9375,5934391.,5.3872652053833),(564715.375,5934397.5,6.33118343353271),(564745.1875,5934393.5,5.57631206512451),(564755.375,5934392.5,5.47646284103394),(564767.0625,5934395.5,6.94018888473511),(564810.125,5934393.,6.42875337600708),(564843.375,5934378.,6.24436044692993),(564889.625,5934392.,5.83340072631836),(564906.875,5934392.,5.74287176132202),(564923.3125,5934383.,5.74858570098877),(564934.9375,5934391.,4.92977142333984),(564972.875,5934391.5,4.07306098937988),(564989.75,5934398.,4.15047788619995),(564996.3125,5934396.5,3.70324802398682),(565000.,5934396.,2.02011728286743),(564000.,5934380.,5.69231414794922),(564010.3125,5934389.5,6.02560186386108),(564215.3125,5934387.5,7.22618007659912),(564249.625,5934388.5,7.381263256073),(564296.8125,5934381.,7.75794982910156),(564364.125,5934377.5,8.14130210876465),(564396.0625,5934384.5,7.91410112380981),(564432.3125,5934380.5,8.28926372528076),(564445.8125,5934379.5,7.80062532424927),(564501.,5934393.5,8.47667217254639),(564517.375,5934393.5,8.61324024200439),(564523.5625,5934389.,8.3742094039917),(564533.625,5934393.5,8.3433666229248),(564538.125,5934393.5,7.63758134841919),(564542.1875,5934393.5,7.15048503875732),(564551.4375,5934390.,7.25326442718506),(564594.125,5934387.5,6.47057247161865),(564603.,5934389.,6.10554122924805),(564617.125,5934394.5,6.42027997970581),(564701.1875,5934387.5,5.01715612411499),(564735.25,5934394.,6.66317224502563),(564760.375,5934390.5,6.85764455795288),(564774.,5934393.5,6.62708187103271),(564823.,5934389.,6.40468597412109),(564895.125,5934394.,5.50885677337646),(564953.6875,5934387.,4.64394617080688),(564991.5625,5934393.5,4.42665958404541),(564012.375,5934383.5,6.66257810592651),(564019.8125,5934385.5,6.58075046539307),(564404.8125,5934377.,7.94860029220581),(564497.,5934386.5,8.29073619842529),(564502.625,5934389.,8.26951885223389),(564513.875,5934388.5,8.26330471038818),(564539.75,5934387.,8.28733062744141),(564542.375,5934390.,7.54746770858765),(564551.9375,5934380.5,7.09194421768188),(564581.5,5934386.5,6.57802391052246),(564623.375,5934386.5,5.53083896636963),(564625.375,5934390.,6.18681383132935),(564659.8125,5934385.5,5.72492074966431),(564652.,5934385.,5.77962350845337),(564660.125,5934379.,5.08923816680908),(564716.1875,5934386.,5.21102905273438),(564723.25,5934386.5,6.63989067077637),(564735.5625,5934390.,7.12044048309326),(564730.5,5934383.5,7.04788541793823),(564745.6875,5934389.5,7.13794708251953),(564751.,5934389.5,6.49852466583252),(564759.1875,5934384.5,7.4670238494873),(564792.3125,5934381.,6.30411243438721),(564863.375,5934380.,5.90211009979248),(564895.375,5934382.,4.16815996170044),(564900.375,5934387.5,4.76038122177124),(564934.4375,5934383.,5.05517578125),(564962.9375,5934388.5,4.81445455551147),(564966.,5934387.,4.59565162658691),(564979.625,5934389.,5.01442384719849),(564992.,5934389.5,4.94015836715698),(564996.,5934389.5,4.10425758361816),(565000.,5934389.,1.80908930301666),(564007.75,5934383.,5.88492441177368),(564020.8125,5934374.5,6.86082935333252),(564057.875,5934380.,6.96924877166748),(564143.5625,5934374.5,6.90136814117432),(564225.9375,5934378.5,7.19542503356934),(564277.75,5934378.5,7.79938268661499),(564337.4375,5934371.5,7.89667987823486),(564354.625,5934374.,8.13117694854736),(564518.4375,5934375.,8.38981056213379),(564546.625,5934385.,7.37037086486816),(564568.375,5934382.5,6.79940366744995),(564631.0625,5934382.5,5.21497011184692),(564644.0625,5934386.5,5.38789701461792),(564688.,5934385.,5.04706287384033),(564676.125,5934379.5,5.00573301315308),(564740.4375,5934384.,7.34486055374146),(564749.5625,5934386.,7.30385065078735),(564754.6875,5934385.,7.55295276641846),(564824.9375,5934374.,5.89604330062866),(564847.375,5934372.5,6.18551445007324),(564972.75,5934383.5,4.33542346954346),(564991.875,5934385.,4.92999362945557),(564996.,5934385.5,3.49444985389709),(564008.5625,5934378.,6.54696321487427),(564311.5,5934371.5,7.99169397354126),(564490.875,5934377.5,8.13715839385986),(564502.,5934370.5,8.4338960647583),(564524.25,5934374.,8.24712562561035),(564543.6875,5934371.5,7.22530269622803),(564575.1875,5934378.5,6.41723251342773),(564586.,5934378.,6.57901096343994),(564591.375,5934376.5,6.10733127593994),(564598.875,5934379.5,6.10732841491699),(564606.625,5934381.,5.68494176864624),(564635.5,5934380.,4.4694995880127),(564647.25,5934381.5,4.44716119766235),(564688.75,5934379.,4.43133211135864),(564701.0625,5934382.,4.41074514389038),(564710.1875,5934378.,5.12839794158936),(564722.3125,5934374.5,7.06740808486938),(564719.,5934379.5,5.90182590484619),(564768.4375,5934372.5,6.326096534729),(564794.6875,5934371.,6.50496292114258),(564810.875,5934382.,6.11271953582764),(564833.3125,5934375.,6.15748739242554),(564877.875,5934375.5,5.82532072067261),(564908.5,5934369.5,5.66378021240234),(564946.125,5934378.,4.86792373657227),(564955.6875,5934376.,4.46332454681396),(564982.75,5934379.,4.66158485412598),(564992.5625,5934380.5,4.84013891220093),(565000.,5934374.,4.4856595993042),(564065.4375,5934361.5,6.98758888244629),(564172.9375,5934362.,6.97609233856201),(564226.9375,5934360.5,7.15282583236694),(564263.25,5934368.5,7.76443099975586),(564509.5625,5934369.5,8.29002285003662),(564569.4375,5934374.,6.82725858688354),(564620.6875,5934372.5,5.15171813964844),(564660.0625,5934372.5,4.42797565460205),(564670.625,5934373.5,5.09069538116455),(564679.8125,5934377.,4.45741128921509),(564711.5,5934366.5,6.05550289154053),(564737.875,5934366.5,7.42155027389526),(564743.375,5934373.5,7.40150594711304),(564752.75,5934375.,7.32088136672974),(564754.9375,5934366.,6.64774799346924),(564768.4375,5934360.,6.44925355911255),(564811.5625,5934366.5,5.90018701553345),(564888.8125,5934373.5,4.2498631477356),(564880.3125,5934373.5,5.49552965164185),(564897.8125,5934373.,4.08087921142578),(564936.3125,5934375.5,5.54352331161499),(564978.5,5934377.,4.28727912902832),(564983.4375,5934371.,4.78070211410522),(564000.,5934367.5,5.93458843231201),(564052.0625,5934363.5,6.94361257553101),(564198.1875,5934357.,7.14097595214844),(564282.75,5934354.5,7.67854070663452),(564383.8125,5934361.,7.98856782913208),(564439.0625,5934365.,7.74316072463989),(564463.9375,5934360.5,7.49521780014038),(564480.5,5934367.5,7.70789480209351),(564494.,5934367.,8.36232566833496),(564565.5625,5934367.,6.7261905670166),(564597.9375,5934368.,5.96264600753784),(564609.4375,5934373.,5.39554214477539),(564628.25,5934369.,5.04456233978271),(564633.875,5934366.5,4.42846155166626),(564671.9375,5934370.,4.46975612640381),(564694.,5934358.,4.45962810516357),(564710.,5934372.5,5.42207622528076),(564700.6875,5934372.,4.45516204833984),(564717.3125,5934363.,7.22493028640747),(564816.6875,5934366.5,5.67988300323486),(564923.125,5934362.5,5.73627710342407),(564996.125,5934373.5,4.81464099884033),(564016.,5934357.5,6.28060865402222),(564087.5625,5934349.,6.97246551513672),(564131.75,5934354.5,6.91453504562378),(564185.625,5934352.5,6.9204535484314),(564301.0625,5934347.,7.9301176071167),(564422.375,5934361.5,8.06408023834229),(564430.75,5934359.5,8.04272747039795),(564453.375,5934363.,7.47905349731445),(564481.9375,5934361.,8.15835189819336),(564516.75,5934367.,8.37848663330078),(564531.,5934368.,7.82528972625732),(564555.6875,5934362.5,6.90413904190063),(564585.375,5934369.,6.25469398498535),(564606.1875,5934368.,5.53399085998535),(564703.125,5934367.,5.56676340103149),(564707.4375,5934363.5,5.70602369308472),(564746.1875,5934365.5,7.23216199874878),(564777.4375,5934361.5,6.3265175819397),(564828.1875,5934370.,6.6782603263855),(564846.5625,5934364.5,6.15954923629761),(564873.6875,5934364.5,5.94814920425415),(564863.6875,5934362.5,5.83048248291016),(564882.25,5934370.,5.80353927612305),(564887.75,5934368.5,5.86485385894775),(564894.6875,5934369.5,5.82167530059814),(564899.625,5934369.5,4.43257856369019),(564905.125,5934368.5,5.26624202728271),(564953.8125,5934364.5,5.08231639862061),(564971.25,5934367.,4.86541318893433),(564983.5,5934365.,4.61325120925903),(564140.0625,5934362.5,7.00482988357544),(564210.8125,5934350.5,7.1008734703064),(564350.4375,5934354.,8.16514778137207),(564501.75,5934365.5,8.37471866607666),(564526.875,5934363.5,8.23244857788086),(564534.75,5934361.5,7.95762062072754),(564547.1875,5934354.,7.31377506256104),(564554.625,5934359.,7.10067224502563),(564611.125,5934365.,4.46190643310547),(564626.5625,5934363.5,4.45473527908325),(564639.125,5934362.,4.48150157928467),(564665.0625,5934361.5,4.42602729797363),(564697.4375,5934365.5,4.49837493896484),(564729.3125,5934355.5,7.67612075805664),(564753.625,5934352.,6.41452407836914),(564811.25,5934361.,6.32134008407593),(564818.25,5934361.,6.7416820526123),(564825.25,5934363.5,6.89484119415283),(564831.375,5934363.5,6.21654081344604),(564883.25,5934363.5,5.61736822128296),(564900.375,5934361.,5.96971845626831),(564899.625,5934365.5,5.57116794586182),(564911.,5934349.,5.65898323059082),(564937.8125,5934358.,5.49717950820923),(564950.9375,5934358.5,5.26646089553833),(565000.,5934365.,4.35400009155273),(564388.375,5934351.5,8.06662178039551),(564399.3125,5934361.,8.00046825408936),(564445.25,5934353.5,7.37851333618164),(564500.4375,5934361.5,8.59315204620361),(564504.5,5934359.5,8.26614761352539),(564517.8125,5934357.5,8.04282855987549),(564563.6875,5934354.5,7.04705429077148),(564576.375,5934356.,6.24302530288696),(564595.5,5934360.5,5.67629766464233),(564611.9375,5934356.,4.43433237075806),(564698.625,5934361.5,4.43807697296143),(564703.,5934359.5,5.4451732635498),(564780.875,5934358.,6.44758653640747),(564822.5,5934353.5,6.23593378067017),(564838.9375,5934353.5,6.22839641571045),(564844.6875,5934351.5,5.87184143066406),(564968.625,5934351.5,5.04962253570557),(564000.,5934355.,5.9850287437439),(564067.3125,5934350.5,6.96829986572266),(564114.375,5934333.5,6.9680552482605),(564274.6875,5934337.5,7.61719036102295),(564360.,5934347.,8.10309982299805),(564397.6875,5934354.5,8.27118301391602),(564405.4375,5934352.5,8.01031970977783),(564472.75,5934352.,7.70209693908691),(564493.8125,5934358.,8.38983917236328),(564532.5625,5934343.5,8.05497646331787),(564607.125,5934356.,5.33445453643799),(564638.6875,5934356.,5.06524467468262),(564655.625,5934357.5,5.14091205596924),(564680.9375,5934357.5,4.76694250106812),(564698.8125,5934355.,5.22884178161621),(564703.,5934353.5,5.93126583099365),(564709.75,5934355.5,7.21936798095703),(564729.75,5934344.,7.55923414230347),(564742.0625,5934349.5,6.72560787200928),(564889.6875,5934353.5,5.95974349975586),(564923.75,5934348.,5.69575786590576),(564016.125,5934345.5,6.32183837890625),(564163.625,5934343.,6.97153425216675),(564322.6875,5934342.,7.80823802947998),(564415.5625,5934343.5,7.79126119613647),(564456.625,5934347.5,7.36790990829468),(564485.375,5934349.5,8.2530345916748),(564556.8125,5934351.5,7.63499927520752),(564568.4375,5934348.,6.36394786834717),(564590.25,5934350.5,5.71831607818604),(564630.4375,5934351.,4.44322538375854),(564646.9375,5934352.,5.44813108444214),(564665.9375,5934353.,5.52202558517456),(564677.625,5934354.5,5.33467674255371),(564703.875,5934350.5,6.89567947387695),(564706.4375,5934340.,7.69674491882324),(564772.75,5934347.5,6.46048355102539),(564813.625,5934348.,6.25051259994507),(564835.125,5934348.5,6.12042284011841),(564851.75,5934344.5,5.7597918510437),(564862.6875,5934349.5,6.03863859176636),(564874.8125,5934345.5,6.17004203796387),(564938.9375,5934353.5,5.08449602127075),(564945.375,5934353.,5.4395809173584),(564983.9375,5934349.,4.65929079055786),(564000.,5934350.,6.53380298614502),(564008.5625,5934346.,6.44619083404541),(564099.9375,5934341.5,6.94286918640137),(564232.5625,5934343.,7.40140724182129),(564425.0625,5934346.,7.83058500289917),(564448.,5934331.5,7.44653463363647),(564474.8125,5934345.,8.19072723388672),(564525.5,5934348.5,8.00696849822998),(564508.,5934342.5,8.27658557891846),(564547.1875,5934343.,7.18718385696411),(564552.375,5934347.,7.18430757522583),(564597.9375,5934341.5,5.06477117538452),(564612.25,5934345.,5.11626529693604),(564619.875,5934341.5,4.42565488815308),(564654.125,5934349.5,5.96904850006104),(564673.875,5934349.,5.64026212692261),(564680.625,5934348.5,6.25933313369751),(564698.,5934349.5,6.04829168319702),(564699.,5934342.,7.50183868408203),(564765.5,5934342.5,6.42010307312012),(564801.8125,5934339.5,6.3770227432251),(564896.375,5934346.,5.82070970535278),(564931.875,5934348.,4.91311168670654),(564952.25,5934344.5,5.16106796264648),(564961.1875,5934337.5,5.0333080291748),(565000.,5934345.,4.69228839874268),(564000.,5934345.5,5.85906457901001),(564043.1875,5934352.,6.83458375930786),(564073.4375,5934335.,6.81257629394531),(564133.5625,5934344.5,7.01346969604492),(564214.25,5934335.,7.06304121017456),(564241.9375,5934327.,7.65013980865479),(564362.4375,5934330.,7.99194765090942),(564499.1875,5934337.,8.03601455688477),(564516.75,5934339.,8.21912479400635),(564527.3125,5934339.5,8.20865917205811),(564558.3125,5934342.,6.64227962493896),(564633.125,5934345.5,5.20704746246338),(564647.625,5934345.5,5.6949257850647),(564658.25,5934345.5,6.76551103591919),(564666.6875,5934345.5,6.8928861618042),(564668.375,5934341.5,7.30940914154053),(564674.875,5934342.5,6.71772766113281),(564685.0625,5934345.,7.14505290985107),(564697.9375,5934345.,7.21218776702881),(564743.625,5934336.,6.4185037612915),(564817.5,5934342.,6.13182878494263),(564917.3125,5934333.,5.51161098480225),(564939.1875,5934345.,3.8659827709198),(564943.75,5934345.5,3.88001251220703),(564947.875,5934344.,4.73390531539917),(564966.25,5934339.5,4.62078523635864),(564009.5625,5934341.,5.81523942947388),(564016.125,5934340.,5.75259208679199),(564026.0625,5934335.5,6.58083200454712),(564032.625,5934326.,6.52525472640991),(564088.5625,5934340.5,7.02045917510986),(564122.5,5934332.5,6.90163898468018),(564163.3125,5934329.,6.98508501052856),(564173.4375,5934328.,6.94894552230835),(564401.,5934333.5,7.86638402938843),(564422.375,5934333.5,7.66184329986572),(564464.4375,5934336.5,7.68986988067627),(564484.25,5934336.,8.0021800994873),(564474.875,5934334.5,8.28651237487793),(564629.375,5934338.,5.24853706359863),(564648.875,5934339.,5.15817880630493),(564662.1875,5934333.5,5.19184112548828),(564662.1875,5934341.5,6.66193580627441),(564678.6875,5934341.5,6.71771764755249),(564687.1875,5934341.5,7.60197496414185),(564733.625,5934334.,6.69274616241455),(564750.3125,5934335.,6.5423412322998),(564809.25,5934338.,6.4792685508728),(564873.9375,5934331.,6.10486936569214),(564885.6875,5934337.,6.09083557128906),(564927.6875,5934333.5,5.49245309829712),(564987.125,5934333.5,4.06118965148926),(564992.3125,5934334.,4.66668605804443),(564000.,5934326.,5.81382513046265),(564191.5,5934318.5,6.97698068618774),(564366.5625,5934323.5,8.03251552581787),(564431.0625,5934325.5,7.37202835083008),(564465.6875,5934328.,8.21657848358154),(564532.0625,5934334.,7.83121728897095),(564541.125,5934337.,7.84057188034058),(564550.8125,5934332.5,6.70988082885742),(564567.0625,5934332.5,5.90144395828247),(564604.8125,5934330.,4.89580297470093),(564617.5625,5934337.,5.03974771499634),(564666.5625,5934333.,5.29470920562744),(564670.6875,5934337.5,6.89007616043091),(564677.5,5934337.,7.55448436737061),(564698.9375,5934332.5,7.87653541564941),(564692.4375,5934328.,7.72583293914795),(564714.0625,5934330.,7.70310258865356),(564766.1875,5934334.5,6.59247016906738),(564789.9375,5934326.,6.42187118530273),(564812.3125,5934332.5,6.14355087280273),(564851.,5934333.,5.98837661743164),(564866.5625,5934328.5,5.91686773300171),(564899.,5934336.,5.94721841812134),(564940.25,5934332.5,3.84172177314758),(564944.3125,5934335.5,3.84704780578613),(564952.0625,5934331.,5.07351732254028),(564103.3125,5934334.,6.99253749847412),(564141.5,5934315.,7.01356267929077),(564203.,5934316.5,7.01794672012329),(564326.1875,5934318.,7.99401140213013),(564398.9375,5934328.,7.87761926651001),(564490.6875,5934322.5,7.81950378417969),(564504.375,5934333.,7.57342147827148),(564510.875,5934326.,7.64721059799194),(564523.6875,5934327.,7.41549730300903),(564591.8125,5934330.,5.08825588226318),(564618.75,5934332.5,5.22258758544922),(564630.0625,5934332.,5.64139747619629),(564635.25,5934331.,5.15211343765259),(564671.,5934332.,5.94900274276733),(564675.25,5934331.5,7.31392431259155),(564675.0625,5934326.,7.73003339767456),(564718.25,5934323.5,7.21598243713379),(564751.25,5934322.5,6.47187995910645),(564823.8125,5934318.,5.87624740600586),(564948.625,5934332.,4.41751146316528),(564970.375,5934332.,4.62466955184937),(565000.,5934330.5,4.6162223815918),(564026.125,5934327.,5.7629542350769),(564070.1875,5934310.,6.54638910293579),(564090.125,5934307.5,6.59958457946777),(564287.75,5934321.5,7.85792779922485),(564307.25,5934309.5,7.7139892578125),(564455.75,5934320.,7.66231060028076),(564474.6875,5934326.,8.33511161804199),(564478.25,5934319.5,7.70622777938843),(564497.625,5934323.,7.46017074584961),(564536.5,5934326.5,6.98580646514893),(564580.1875,5934321.5,5.11648607254028),(564764.6875,5934313.,6.54850244522095),(564798.1875,5934324.,6.55570650100708),(564839.8125,5934324.,5.80592012405396),(564925.1875,5934326.,5.49618625640869),(564957.4375,5934318.,5.06026601791382),(564967.5,5934323.5,4.59031629562378),(564984.875,5934328.,4.85262107849121),(564990.9375,5934326.,4.94128131866455),(564119.4375,5934319.5,6.58655548095703),(564347.8125,5934319.5,8.02570343017578),(564412.8125,5934321.5,7.74314975738525),(564530.25,5934316.5,6.64923191070557),(564552.25,5934323.,5.84707117080688),(564585.9375,5934319.5,5.11736440658569),(564590.375,5934323.5,5.29259395599365),(564612.5625,5934321.,5.23940181732178),(564629.5,5934325.,5.12621879577637),(564661.875,5934318.,5.20228862762451),(564666.3125,5934322.5,5.46065807342529),(564674.5,5934321.,7.75973320007324),(564704.5625,5934322.,7.99641418457031),(564861.125,5934318.5,5.9417839050293),(564880.25,5934318.,6.11583232879639),(564893.4375,5934316.5,6.0647144317627),(564946.4375,5934323.5,4.6634726524353),(564940.3125,5934324.,3.73632860183716),(564952.5,5934315.5,5.09998464584351),(565000.,5934326.,4.37433242797852),(564022.375,5934321.5,5.7526741027832),(564118.1875,5934309.5,6.54482364654541),(564176.,5934319.5,7.10104084014893),(564215.625,5934311.,7.2924690246582),(564259.,5934304.5,7.52589845657349),(564364.625,5934311.,7.97900533676147),(564386.625,5934303.5,8.15207290649414),(564436.8125,5934310.5,7.38177108764648),(564430.375,5934311.5,7.43981218338013),(564562.5,5934313.,5.12207126617432),(564590.875,5934313.5,5.72120475769043),(564599.,5934311.,5.03481292724609),(564726.3125,5934316.5,6.54552745819092),(564735.4375,5934314.5,6.64052104949951),(564759.375,5934317.,6.74958515167236),(564801.5,5934319.,6.15285396575928),(564811.375,5934313.5,6.17001438140869),(564870.5,5934321.5,5.65818500518799),(564899.5625,5934317.5,5.76625108718872),(564911.75,5934311.,5.57590007781982),(564927.625,5934316.,5.45182180404663),(564934.6875,5934318.5,4.30168724060059),(564946.9375,5934316.,4.13657283782959),(564966.375,5934316.,5.01778268814087),(564975.4375,5934315.,4.44015598297119),(564980.9375,5934313.5,4.37045097351074),(564990.8125,5934316.5,4.43152236938477),(564028.375,5934305.,5.94037008285522),(564032.625,5934310.,6.08950185775757),(564401.6875,5934311.,8.07249546051025),(564459.,5934314.5,8.23826885223389),(564467.6875,5934311.5,8.43108463287354),(564491.1875,5934314.,8.19315528869629),(564486.5625,5934309.5,7.78814125061035),(564502.9375,5934313.5,7.67802095413208),(564515.8125,5934309.5,7.03469514846802),(564611.,5934312.,5.12866163253784),(564670.25,5934317.,7.35938882827759),(564674.9375,5934306.5,7.72481203079224),(564697.3125,5934310.,8.23020935058594),(564777.8125,5934301.5,6.24303483963013),(564792.5625,5934308.,6.12726211547852),(564841.375,5934311.5,5.92058420181274),(564871.8125,5934317.,4.9087085723877),(564941.5,5934318.,3.86121296882629),(564060.9375,5934307.5,6.515869140625),(564184.25,5934306.,6.81049203872681),(564230.625,5934302.5,7.58663845062256),(564323.25,5934302.,8.00683307647705),(564534.25,5934308.,5.35520601272583),(564544.8125,5934309.5,5.0555272102356),(564584.6875,5934307.,4.91278171539307),(564662.,5934310.5,5.61405515670776),(564670.1875,5934311.5,7.77250671386719),(564701.8125,5934298.5,7.25628852844238),(564749.5625,5934303.5,6.41577863693237),(564757.75,5934308.,6.38893699645996),(564826.875,5934305.5,5.80426359176636),(564862.25,5934312.,5.92415189743042),(564879.0625,5934311.,6.03298616409302),(564885.0625,5934309.,6.08730030059814),(564894.5,5934307.5,5.91764116287231),(564916.8125,5934297.5,5.37856197357178),(564939.625,5934311.5,4.99511814117432),(564943.75,5934313.5,4.83021879196167),(564000.,5934289.5,5.73506355285645),(564019.4375,5934299.5,5.74020290374756),(564107.375,5934301.5,6.53035306930542),(564174.1875,5934304.,7.01650190353394),(564189.8125,5934303.,6.87209177017212),(564199.5625,5934305.5,6.80115699768066),(564216.3125,5934305.,6.97196054458618),(564344.375,5934295.,7.91242837905884),(564446.6875,5934302.,7.65284109115601),(564463.5625,5934306.5,8.26573657989502),(564472.8125,5934305.5,7.55889987945557),(564496.875,5934308.,7.91222238540649),(564518.375,5934303.,6.385910987854),(564568.625,5934303.5,4.85276412963867),(564599.375,5934293.5,5.11386013031006),(564642.5625,5934277.,5.19924974441528),(564657.875,5934305.5,5.24076175689697),(564666.75,5934307.,7.68078231811523),(564680.1875,5934303.5,8.07515716552734),(564716.0625,5934300.5,6.58169031143188),(564735.5,5934303.,6.56327533721924),(564720.8125,5934293.5,6.70570707321167),(564871.9375,5934305.5,5.69925594329834),(564878.5,5934303.5,5.65221214294434),(564939.9375,5934307.5,5.36997890472412),(564947.5,5934309.,5.24800205230713),(564955.1875,5934309.,5.27126455307007),(564959.25,5934306.5,4.88454437255859),(564964.9375,5934308.5,5.0849175453186),(565000.,5934292.,4.35822534561157),(564079.5,5934294.,6.42660713195801),(564145.1875,5934297.,6.85885381698608),(564275.6875,5934295.,7.77560901641846),(564405.4375,5934298.,7.65992116928101),(564417.875,5934298.5,7.39573812484741),(564451.0625,5934299.,8.170578956604),(564465.6875,5934304.,8.39779567718506),(564491.5625,5934302.5,7.53198003768921),(564470.9375,5934290.5,7.51660871505737),(564551.4375,5934304.5,4.87091875076294),(564663.125,5934302.5,7.21630144119263),(564692.75,5934303.,8.51101779937744),(564803.4375,5934302.,6.13675689697266),(564807.5,5934290.5,5.84009838104248),(564830.125,5934298.5,6.0389552116394),(564844.375,5934298.,5.94444227218628),(564857.3125,5934299.5,5.97011518478394),(564888.625,5934301.,5.1450457572937),(564927.625,5934295.,5.44677972793579),(564964.1875,5934305.,4.80927419662476),(564971.9375,5934304.,3.82472348213196),(564066.875,5934291.,6.28356695175171),(564221.25,5934294.,6.97747325897217),(564228.8125,5934297.5,7.08890008926392),(564399.6875,5934297.5,8.03140354156494),(564429.125,5934285.,7.50357675552368),(564462.1875,5934299.,8.18862056732178),(564463.3125,5934294.5,7.80602264404297),(564502.5625,5934297.,7.2273850440979),(564527.1875,5934294.5,4.70322179794312),(564539.9375,5934302.,4.69187307357788),(564591.,5934300.,5.02816152572632),(564656.125,5934297.5,5.44583940505981),(564663.6875,5934298.,7.74609565734863),(564679.5,5934295.,8.44203758239746),(564740.625,5934298.5,6.74626684188843),(564787.,5934296.,6.23433971405029),(564863.9375,5934288.5,5.9224214553833),(564896.,5934296.,5.43276882171631),(564968.,5934291.,4.13735485076904),(564984.4375,5934290.5,4.36144161224365),(564100.0625,5934288.,6.53143405914307),(564114.5,5934289.,6.53060531616211),(564164.875,5934286.5,7.01604652404785),(564248.5625,5934291.,7.4592490196228),(564354.,5934290.,7.9293475151062),(564514.3125,5934289.,5.86434364318848),(564561.5625,5934286.5,4.69337892532349),(564565.1875,5934290.,4.94279766082764),(564574.4375,5934289.5,5.15339851379395),(564584.0625,5934289.,5.10074234008789),(564649.4375,5934284.5,5.23016595840454),(564659.75,5934293.,7.26104354858398),(564671.625,5934291.5,7.77646684646606),(564687.1875,5934292.5,8.24750709533691),(564754.4375,5934295.5,6.4683780670166),(564762.125,5934290.5,6.28466892242432),(564796.3125,5934287.5,6.02070903778076),(564820.9375,5934290.5,5.93693780899048),(564883.8125,5934289.,5.63489580154419),(564900.5625,5934288.,5.44182109832764),(564947.375,5934289.5,4.95121002197266),(564972.25,5934289.,3.79725027084351),(564016.0625,5934280.5,5.545729637146),(564108.5,5934293.,6.65893363952637),(564174.75,5934282.5,6.83221769332886),(564186.0625,5934283.,6.80553913116455),(564203.375,5934278.5,7.07495403289795),(564240.1875,5934290.5,7.07119941711426),(564265.125,5934277.,7.7260046005249),(564368.1875,5934280.5,8.10755920410156),(564393.9375,5934279.5,7.71051263809204),(564420.25,5934277.5,7.35635566711426),(564436.3125,5934283.,7.61529684066772),(564452.0625,5934291.5,8.30912399291992),(564457.9375,5934290.,8.31857872009277),(564462.0625,5934280.5,8.00935649871826),(564484.,5934281.5,7.39217233657837),(564662.0625,5934291.,7.78220129013062),(564675.,5934285.5,8.50809383392334),(564704.,5934283.,6.67737770080566),(564725.75,5934286.,6.61347579956055),(564874.75,5934283.,5.65375804901123),(564911.0625,5934288.,5.32393264770508),(564919.625,5934283.,5.39504718780518),(564954.25,5934283.5,5.06937122344971),(564963.625,5934285.5,4.90126895904541),(564033.8125,5934274.,5.7520694732666),(564059.875,5934277.,6.11014747619629),(564071.0625,5934282.,6.79935646057129),(564078.625,5934287.5,6.61782169342041),(564136.5625,5934281.5,6.83867216110229),(564230.75,5934284.5,6.96519994735718),(564284.8125,5934267.5,7.60892868041992),(564387.6875,5934278.5,8.12248420715332),(564405.1875,5934277.,7.35181760787964),(564443.5625,5934285.5,8.14847373962402),(564454.0625,5934287.5,8.73342895507812),(564460.5,5934287.5,8.06564044952393),(564492.5,5934278.,7.12679147720337),(564522.625,5934287.,4.83784818649292),(564638.25,5934273.,5.18375873565674),(564653.8125,5934286.5,6.06349802017212),(564681.6875,5934282.,8.21828365325928),(564746.8125,5934277.5,6.29636430740356),(564785.4375,5934279.,6.027015209198),(564838.8125,5934288.5,5.77093505859375),(564934.625,5934277.,5.44006299972534),(564239.9375,5934272.,7.40113306045532),(564304.8125,5934263.5,7.90835523605347),(564327.75,5934260.5,7.79162263870239),(564451.6875,5934282.,8.31248092651367),(564467.9375,5934275.,7.47097444534302),(564568.375,5934284.5,5.47050333023071),(564658.,5934283.,7.74537897109985),(564688.25,5934275.,7.21375513076782),(564732.8125,5934285.,6.80550622940063),(564753.5,5934283.5,6.32619667053223),(564760.25,5934281.5,7.33555555343628),(564771.0625,5934282.5,6.41773748397827),(564847.3125,5934278.,5.84901571273804),(564856.25,5934276.,5.72463703155518),(564947.625,5934279.5,5.27027177810669),(564967.875,5934285.,3.84853219985962),(564971.6875,5934282.,4.0051851272583),(564973.4375,5934277.5,4.76086950302124),(564992.1875,5934277.5,4.54792785644531),(564092.9375,5934280.5,6.59920978546143),(564110.9375,5934272.,6.71465253829956),(564123.25,5934265.5,6.76312828063965),(564157.5625,5934268.,6.66625356674194),(564233.125,5934272.5,7.1233983039856),(564317.125,5934270.,7.88184356689453),(564341.4375,5934266.,7.85998773574829),(564405.875,5934265.,7.41217565536499),(564518.125,5934273.5,5.15726757049561),(564553.3125,5934277.5,4.72518110275269),(564558.5625,5934277.,5.46013021469116),(564584.625,5934278.,5.36632347106934),(564652.75,5934281.,7.06762027740479),(564661.25,5934277.,7.80125713348389),(564672.125,5934276.,8.74278259277344),(564706.75,5934273.5,6.79501438140869),(564716.1875,5934272.5,6.67340183258057),(564755.375,5934277.5,7.79799890518188),(564794.125,5934275.,5.94729900360107),(564816.5,5934268.,5.9480996131897),(564966.3125,5934278.5,4.77295064926147),(564015.375,5934261.5,5.43297290802002),(564074.5625,5934271.,6.63957595825195),(564145.9375,5934264.5,6.74299955368042),(564377.5625,5934261.5,8.11302852630615),(564433.8125,5934269.,8.00857639312744),(564451.5,5934272.,7.14383888244629),(564447.5625,5934275.,8.0049352645874),(564459.6875,5934273.,7.150954246521),(564488.1875,5934262.5,6.9100604057312),(564505.125,5934267.5,6.01520347595215),(564564.8125,5934269.5,5.41340589523315),(564646.5625,5934277.,5.87888240814209),(564650.75,5934277.,7.83961582183838),(564662.1875,5934266.,8.61049365997314),(564723.25,5934270.,6.86903715133667),(564747.4375,5934274.,6.4759669303894),(564763.3125,5934272.5,7.98408269882202),(564768.25,5934274.,7.05268239974976),(564836.6875,5934273.5,5.83763647079468),(564875.0625,5934272.5,5.76905155181885),(564893.125,5934274.,5.59885120391846),(564909.3125,5934275.5,5.53095102310181),(564924.1875,5934272.,5.26200199127197),(565000.,5934286.5,4.62025117874146),(564000.,5934272.,5.51663255691528),(564061.1875,5934266.5,6.71219062805176),(564095.625,5934276.,6.35949945449829),(564109.625,5934267.5,6.34821653366089),(564177.0625,5934268.,6.77270030975342),(564394.625,5934258.,7.32765674591064),(564440.6875,5934267.5,8.22784328460693),(564467.75,5934265.,7.44836139678955),(564522.3125,5934256.5,4.68966865539551),(564550.9375,5934266.,4.72563695907593),(564558.75,5934270.,4.73850107192993),(564582.,5934269.5,5.2542519569397),(564590.3125,5934261.,5.15638256072998),(564642.5625,5934273.,6.8043646812439),(564644.0625,5934271.,7.65363788604736),(564673.5625,5934270.,8.59376049041748),(564750.25,5934271.5,7.87047576904297),(564758.6875,5934265.5,8.07975101470947),(564779.4375,5934269.5,6.91741466522217),(564933.8125,5934268.,5.31719970703125),(564945.0625,5934269.5,5.05067777633667),(564964.1875,5934273.5,4.9612889289856),(564983.25,5934269.5,4.84662103652954),(565000.,5934269.5,4.46597003936768),(564049.5625,5934259.,5.88146066665649),(564083.875,5934266.5,6.67688941955566),(564129.9375,5934260.,6.74589872360229),(564188.4375,5934261.5,6.76567316055298),(564203.875,5934254.,6.91029977798462),(564214.9375,5934258.,7.11556673049927),(564366.625,5934263.5,8.11295223236084),(564385.0625,5934265.,7.66355800628662),(564425.875,5934262.5,7.6175365447998),(564445.5,5934266.5,7.99563074111938),(564462.,5934264.,7.10008859634399),(564571.625,5934263.5,5.22102928161621),(564586.3125,5934265.5,5.38236331939697),(564637.875,5934268.5,5.51259851455688),(564651.3125,5934263.,7.83846616744995),(564680.1875,5934262.,7.20664596557617),(564710.4375,5934263.,6.70938062667847),(564735.75,5934265.,6.42526483535767),(564745.75,5934269.,6.59849500656128),(564765.5,5934266.,7.07568597793579),(564791.125,5934266.5,5.99979972839355),(564837.4375,5934266.,6.02398777008057),(564875.375,5934263.5,4.85480260848999),(564882.5625,5934267.,5.73952960968018),(564890.875,5934267.,6.19325351715088),(564898.75,5934266.5,5.48645353317261),(564921.4375,5934252.,5.39687013626099),(564965.25,5934269.5,4.87990283966064),(564069.625,5934260.5,6.51750469207764),(564250.625,5934248.,7.63751935958862),(564405.75,5934251.,7.33327722549438),(564425.375,5934252.,8.12218379974365),(564449.375,5934264.,7.44762754440308),(564460.8125,5934254.5,7.57397317886353),(564479.6875,5934256.,7.13816022872925),(564540.,5934262.5,4.72048807144165),(564556.4375,5934263.,5.34730100631714),(564578.3125,5934265.,5.45360851287842),(564582.875,5934263.5,6.38701248168945),(564638.5625,5934265.,7.57856750488281),(564638.5625,5934261.,7.81628847122192),(564667.25,5934256.5,8.59258842468262),(564681.8125,5934247.5,6.85621356964111),(564691.6875,5934250.5,6.88472366333008),(564718.5625,5934263.,7.16607904434204),(564756.6875,5934261.5,8.03581809997559),(564750.,5934261.5,6.88048648834229),(564771.5625,5934259.5,6.98732233047485),(564806.5625,5934258.5,6.15468406677246),(564846.,5934261.5,6.06130504608154),(564861.1875,5934261.,6.03021001815796),(564870.3125,5934260.,5.23497819900513),(564879.3125,5934263.5,5.48040533065796),(564884.25,5934262.,6.36635398864746),(564896.5625,5934253.,5.39103746414185),(564953.875,5934264.5,5.19606399536133),(564966.4375,5934264.,5.58900594711304),(564975.4375,5934265.5,5.25123071670532),(564984.8125,5934264.5,5.12474536895752),(565000.,5934265.,4.80033016204834),(564000.,5934254.,5.15072154998779),(564085.875,5934261.,6.78892993927002),(564107.6875,5934256.5,6.3153223991394),(564112.125,5934260.5,6.4793906211853),(564120.6875,5934260.5,6.30337762832642),(564173.375,5934247.5,6.68054389953613),(564231.3125,5934255.,7.33328866958618),(564292.25,5934253.5,7.83216285705566),(564338.5625,5934253.5,7.81261110305786),(564447.625,5934259.,8.11216449737549),(564438.125,5934251.5,8.07787799835205),(564455.5625,5934260.5,7.15886402130127),(564509.875,5934250.,5.6437668800354),(564547.8125,5934260.5,5.41902446746826),(564578.375,5934257.,5.21689558029175),(564586.375,5934261.,6.89991092681885),(564602.75,5934241.,5.20059680938721),(564634.5625,5934261.,6.75846481323242),(564629.0625,5934259.,5.2346510887146),(564642.75,5934250.5,7.79154014587402),(564714.0625,5934257.,7.17859697341919),(564739.0625,5934257.5,6.15129280090332),(564744.8125,5934258.5,6.76540565490723),(564764.125,5934259.5,8.09217643737793),(564792.375,5934248.,6.14260292053223),(564826.5,5934258.,6.18306684494019),(564891.1875,5934259.,6.01223373413086),(564929.5,5934254.5,5.269202709198),(564939.5,5934255.5,5.49682664871216),(564956.1875,5934255.,5.54776382446289),(564990.25,5934255.,4.91523361206055),(564041.5625,5934251.5,5.59619569778442),(564055.5625,5934253.5,6.58264446258545),(564079.3125,5934249.5,6.78394746780396),(564121.5625,5934248.,6.56900596618652),(564117.25,5934251.,6.18958902359009),(564345.3125,5934241.,7.97338771820068),(564359.,5934241.,8.10413932800293),(564430.75,5934248.,8.32045555114746),(564454.4375,5934254.5,8.02182960510254),(564537.0625,5934255.5,4.74208736419678),(564559.0625,5934253.,5.18495082855225),(564570.25,5934257.,5.37658357620239),(564582.3125,5934257.,6.83715057373047),(564586.6875,5934257.,7.92025566101074),(564591.9375,5934256.,5.53608798980713),(564594.6875,5934256.5,5.18565320968628),(564621.,5934247.,5.219895362854),(564632.75,5934255.,7.78366804122925),(564628.25,5934255.,5.44314432144165),(564653.3125,5934249.,8.79678249359131),(564674.125,5934254.,7.33092737197876),(564701.3125,5934245.,6.8384165763855),(564724.6875,5934256.,6.75263738632202),(564752.1875,5934253.5,8.16485023498535),(564747.3125,5934253.5,7.85214042663574),(564764.9375,5934254.,7.48613262176514),(564781.75,5934251.,6.16961240768433),(564838.75,5934251.5,6.05321931838989),(564853.5,5934246.5,6.03904247283936),(564867.875,5934252.,5.72082710266113),(564876.4375,5934255.5,5.36403846740723),(564883.0625,5934251.,5.77393960952759),(564967.625,5934253.,5.48719835281372),(565000.,5934244.5,4.99262285232544),(564065.375,5934249.5,6.7821159362793),(564151.4375,5934248.,6.64167594909668),(564163.875,5934247.,6.79774045944214),(564184.875,5934238.5,6.90067434310913),(564376.125,5934242.5,7.57708501815796),(564392.625,5934247.,7.3542332649231),(564417.3125,5934245.5,7.60735034942627),(564566.25,5934253.,5.39553213119507),(564570.625,5934252.5,6.88214683532715),(564578.3125,5934253.,7.72094964981079),(564581.6875,5934252.,8.24960422515869),(564707.3125,5934246.,7.24497175216675),(564715.5625,5934250.,7.35299777984619),(564742.5,5934253.5,6.76378631591797),(564757.3125,5934252.,8.15728569030762),(564774.4375,5934248.,6.57237863540649),(564823.25,5934245.,6.17657136917114),(564862.3125,5934249.,6.02199363708496),(564923.3125,5934246.,5.39072704315186),(564973.625,5934245.5,5.35668087005615),(564988.0625,5934244.5,5.09482192993164),(564050.125,5934244.5,6.56637239456177),(564071.25,5934241.5,6.49934244155884),(564131.5,5934242.,6.67174196243286),(564200.8125,5934245.5,7.29182243347168),(564195.125,5934245.5,6.8716778755188),(564216.375,5934235.5,6.99303245544434),(564259.5625,5934236.5,7.58910703659058),(564317.3125,5934239.5,7.73836231231689),(564369.4375,5934240.,8.04771137237549),(564398.,5934236.5,7.34390687942505),(564456.625,5934242.,7.7158055305481),(564462.3125,5934238.,7.58798503875732),(564482.375,5934243.,7.00086164474487),(564491.1875,5934243.,6.49310827255249),(564521.8125,5934242.,4.84902620315552),(564518.25,5934246.,4.90484094619751),(564527.6875,5934249.,5.0525951385498),(564537.375,5934249.,5.53870391845703),(564566.25,5934249.,5.4966983795166),(564570.25,5934249.,7.81509113311768),(564573.,5934248.5,8.19993209838867),(564590.125,5934248.5,7.91371536254883),(564594.375,5934249.,6.69945240020752),(564598.375,5934249.,5.19085693359375),(564624.375,5934248.,6.02807426452637),(564627.8125,5934246.,7.80918025970459),(564657.1875,5934237.5,8.24570655822754),(564665.9375,5934242.,7.49383640289307),(564729.5625,5934249.,7.62130880355835),(564741.75,5934248.5,7.6951470375061),(564744.3125,5934244.5,8.12499332427979),(564756.1875,5934245.5,8.03865242004395),(564761.,5934244.5,7.08641672134399),(564800.4375,5934248.,6.32312917709351),(564892.,5934245.5,5.56856679916382),(564942.5,5934238.5,5.34037590026855),(564038.3125,5934240.5,5.50580787658691),(564056.75,5934239.,6.60685014724731),(564090.5,5934240.,6.47114229202271),(564111.9375,5934244.,6.19375038146973),(564134.375,5934226.,6.74843883514404),(564208.5625,5934244.,6.94446182250977),(564270.4375,5934233.,7.55684995651245),(564300.0625,5934233.5,7.78952312469482),(564329.9375,5934237.5,7.7502236366272),(564337.0625,5934243.5,7.99751901626587),(564383.,5934236.5,7.29288911819458),(564436.1875,5934241.,8.32189464569092),(564446.5,5934235.,7.99994277954102),(564525.9375,5934226.,5.35043287277222),(564566.125,5934245.,5.33181095123291),(564570.25,5934245.,7.01934289932251),(564594.9375,5934244.,7.76134729385376),(564598.375,5934245.,5.67889070510864),(564637.25,5934239.,7.7867865562439),(564645.,5934242.5,8.1835880279541),(564667.9375,5934234.,7.07466888427734),(564690.5,5934233.5,6.8433198928833),(564734.875,5934244.5,7.83300971984863),(564773.4375,5934236.,6.28259754180908),(564850.25,5934241.,6.29793977737427),(564862.4375,5934242.5,6.39324331283569),(564871.375,5934238.,5.63097715377808),(564886.0625,5934243.,5.48757886886597),(564894.8125,5934235.,5.39772939682007),(564960.5625,5934240.,5.56359195709229),(564000.,5934240.5,5.10739135742188),(564026.,5934224.,5.16257286071777),(564045.625,5934240.5,6.27910184860229),(564066.3125,5934231.5,6.02008819580078),(564200.0625,5934237.,6.86223316192627),(564419.6875,5934238.,8.32826995849609),(564470.3125,5934229.5,7.03557300567627),(564553.125,5934237.5,5.67277050018311),(564558.75,5934236.,6.11515998840332),(564566.25,5934241.,6.24841928482056),(564570.25,5934241.,6.5936017036438),(564574.8125,5934240.5,7.89558744430542),(564584.125,5934232.,7.84821557998657),(564598.375,5934241.,7.24977779388428),(564618.5,5934241.,5.22598552703857),(564622.5,5934241.,6.67135000228882),(564625.3125,5934239.,7.84428358078003),(564641.4375,5934239.,8.15957736968994),(564709.375,5934238.,6.67184019088745),(564703.1875,5934238.5,6.34699010848999),(564733.6875,5934226.5,8.07611083984375),(564751.3125,5934235.5,8.0101432800293),(564794.1875,5934235.,6.36855840682983),(564883.4375,5934237.,5.69145250320435),(564891.5625,5934241.,5.71666479110718),(564927.75,5934236.,5.30102109909058),(564969.375,5934240.5,5.3190221786499),(564164.25,5934230.,6.58104467391968),(564286.5,5934231.5,7.85460472106934),(564426.9375,5934233.,8.15925025939941),(564509.4375,5934228.5,5.54188680648804),(564531.875,5934223.,5.45920467376709),(564569.0625,5934237.,7.25526714324951),(564575.125,5934232.5,7.99846458435059),(564603.0625,5934233.,7.79253959655762),(564602.5625,5934237.,7.32687520980835),(564617.9375,5934237.,7.31897163391113),(564620.0625,5934220.,7.85699319839478),(564646.125,5934236.,8.45688629150391),(564694.4375,5934232.5,6.87108516693115),(564717.5625,5934232.,7.14782762527466),(564756.8125,5934237.,7.12657260894775),(564804.75,5934233.5,6.2681736946106),(564837.75,5934229.5,6.22542953491211),(564855.8125,5934227.,6.43424797058105),(564867.1875,5934236.5,6.35938835144043),(564905.75,5934228.,5.363685131073),(564039.4375,5934231.,6.02928829193115),(564047.75,5934231.,5.87138700485229),(564057.125,5934226.,6.03479337692261),(564091.75,5934225.5,6.16186046600342),(564144.4375,5934221.,6.50586032867432),(564174.3125,5934229.5,6.77268218994141),(564313.8125,5934213.,7.71317338943481),(564363.375,5934220.5,7.56833982467651),(564409.0625,5934230.5,7.5900993347168),(564442.8125,5934228.,8.13533592224121),(564455.25,5934220.5,7.86623764038086),(564477.3125,5934218.5,6.89964294433594),(564496.1875,5934220.5,6.10723781585693),(564518.375,5934221.5,4.80605554580688),(564544.1875,5934209.5,5.43136215209961),(564556.25,5934217.5,5.31183195114136),(564567.125,5934227.5,7.07223272323608),(564572.5,5934229.5,7.34632158279419),(564592.6875,5934217.,7.91482353210449),(564617.3125,5934233.,7.72620439529419),(564652.1875,5934231.5,8.28841114044189),(564655.1875,5934225.,7.41175222396851),(564660.,5934211.,6.94998264312744),(564698.5625,5934232.,6.3798041343689),(564729.625,5934228.5,7.82559394836426),(564752.5,5934229.,7.10125541687012),(564781.4375,5934227.5,6.32864093780518),(564875.,5934229.,5.57764053344727),(564890.75,5934230.,5.4315357208252),(564920.5,5934230.5,5.14573335647583),(564961.75,5934222.,5.49546194076538),(564986.8125,5934223.,5.14556407928467),(564000.,5934225.,4.82030963897705),(564019.3125,5934210.5,5.09069967269897),(564103.375,5934221.,6.18946504592896),(564123.6875,5934224.5,6.54533433914185),(564151.4375,5934220.,6.57618188858032),(564209.9375,5934223.,6.86158800125122),(564360.6875,5934225.5,8.0108757019043),(564413.0625,5934226.,8.14081382751465),(564434.1875,5934212.,8.19464111328125),(564521.6875,5934224.,4.8621768951416),(564560.5,5934225.,6.15674543380737),(564631.8125,5934230.,7.71812105178833),(564642.375,5934224.5,7.4806022644043),(564648.375,5934226.,7.4982647895813),(564704.3125,5934222.,6.5942268371582),(564745.0625,5934226.,7.98687028884888),(564759.3125,5934221.5,6.73605251312256),(564791.875,5934223.5,6.25664520263672),(564813.25,5934225.5,6.35871410369873),(564870.,5934226.,6.53493738174438),(564881.25,5934218.5,5.49902153015137),(564899.4375,5934220.,5.40266036987305),(564940.,5934221.,5.21947956085205),(564990.3125,5934218.,5.09320878982544),(565000.,5934222.5,4.9902229309082),(564031.4375,5934217.5,5.57234525680542),(564054.375,5934217.,5.85138750076294),(564209.6875,5934204.,7.27094411849976),(564260.6875,5934215.,7.49955081939697),(564277.6875,5934211.5,7.78757095336914),(564305.875,5934206.,7.6251974105835),(564376.9375,5934220.,7.31927061080933),(564385.0625,5934211.5,7.28535604476929),(564488.3125,5934216.5,6.53389739990234),(564576.5,5934220.,7.37339496612549),(564607.5625,5934218.,7.85622072219849),(564631.375,5934223.,8.19696998596191),(564669.75,5934213.5,7.04087114334106),(564689.25,5934219.,7.10039758682251),(564714.375,5934219.5,7.34849882125854),(564832.875,5934220.,6.57766532897949),(564890.5,5934220.,5.77043437957764),(564927.6875,5934216.5,5.3435435295105),(564946.0625,5934223.,5.48848438262939),(564044.375,5934216.5,6.06656455993652),(564062.0625,5934218.,6.03909397125244),(564154.75,5934209.5,6.43144989013672),(564187.9375,5934208.5,6.79340696334839),(564202.8125,5934208.5,6.95168304443359),(564230.125,5934205.5,7.52044820785522),(564251.5625,5934216.5,7.51384210586548),(564317.875,5934206.,7.63916349411011),(564407.4375,5934215.5,8.25830936431885),(564399.3125,5934213.,7.58270692825317),(564444.75,5934214.,8.07928085327148),(564469.8125,5934210.5,7.32987546920776),(564512.875,5934218.,5.45906829833984),(564561.5625,5934220.5,5.77689361572266),(564639.375,5934213.5,8.86517333984375),(564648.3125,5934219.,7.35925340652466),(564674.4375,5934206.5,6.95328187942505),(564719.3125,5934218.,7.52319383621216),(564723.6875,5934214.,8.03869438171387),(564740.25,5934218.5,8.0913610458374),(564744.875,5934218.5,7.10383749008179),(564760.6875,5934214.,6.47198581695557),(564782.8125,5934217.5,6.69528341293335),(564812.4375,5934217.5,6.59703207015991),(564839.6875,5934214.5,6.49214458465576),(564849.25,5934217.5,6.4669041633606),(564854.75,5934223.,6.57910966873169),(564872.5,5934220.,6.4463038444519),(564977.4375,5934218.,5.22555875778198),(564080.8125,5934201.5,5.83489465713501),(564092.375,5934211.5,6.13066053390503),(564121.8125,5934207.,6.48228406906128),(564136.0625,5934213.5,6.58007287979126),(564174.1875,5934215.5,6.84042263031006),(564340.75,5934208.,8.04264831542969),(564368.6875,5934207.5,7.21621417999268),(564414.5625,5934207.,8.20220756530762),(564497.25,5934207.,6.08772373199463),(564569.5625,5934212.5,5.1821813583374),(564578.9375,5934216.,6.95520782470703),(564588.5,5934209.,7.20553779602051),(564624.6875,5934213.5,8.24887084960938),(564630.5,5934216.5,8.71660995483398),(564714.3125,5934213.,7.10202980041504),(564706.8125,5934213.5,6.68509531021118),(564735.4375,5934210.5,7.97156715393066),(564770.6875,5934209.,6.45489501953125),(564862.5,5934207.5,6.51826477050781),(564880.4375,5934207.,5.4708776473999),(564888.75,5934212.,5.45251989364624),(564921.125,5934213.,5.33879232406616),(564951.0625,5934214.5,5.34764099121094),(564033.875,5934209.,5.57906675338745),(564253.375,5934210.,7.92861270904541),(564299.4375,5934209.,7.68365335464478),(564351.375,5934208.,7.97415590286255),(564460.3125,5934206.5,8.04859733581543),(564517.375,5934201.5,4.70692157745361),(564523.1875,5934203.5,4.69145822525024),(564530.375,5934203.5,5.27491140365601),(564537.4375,5934207.5,5.26642227172852),(564576.25,5934208.5,4.77985239028931),(564598.875,5934211.5,7.5971827507019),(564617.8125,5934203.5,7.83917713165283),(564633.9375,5934210.5,8.76415157318115),(564650.4375,5934213.,7.30824136734009),(564683.75,5934205.5,7.01948690414429),(564718.625,5934212.5,7.02174043655396),(564728.6875,5934212.,8.04653549194336),(564742.3125,5934212.5,7.16503047943115),(564775.6875,5934204.,6.74623727798462),(564784.3125,5934211.5,6.44416570663452),(564806.5625,5934203.,6.59808111190796),(564874.5,5934210.5,6.46146202087402),(564899.125,5934213.,5.59027194976807),(564902.125,5934209.,5.39002132415771),(564970.6875,5934212.5,5.29499864578247),(564978.125,5934210.5,5.56122875213623),(564984.375,5934212.,5.34718704223633),(564988.8125,5934204.5,5.30726766586304),(564041.25,5934200.5,5.8674578666687),(564048.1875,5934199.,5.93309450149536),(564097.,5934195.5,6.01780557632446),(564244.375,5934200.5,7.57176113128662),(564255.9375,5934202.,7.47332239151001),(564291.125,5934196.,7.66167593002319),(564353.125,5934201.,7.56011247634888),(564403.9375,5934207.5,8.22611331939697),(564472.8125,5934200.,7.12917375564575),(564545.9375,5934202.5,4.9696102142334),(564555.1875,5934203.5,4.86861228942871),(564627.625,5934206.,8.97289371490479),(564639.4375,5934208.5,8.35996341705322),(564642.8125,5934202.,7.47832870483398),(564706.75,5934201.,7.01020956039429),(564721.3125,5934209.5,6.78040409088135),(564834.9375,5934201.5,6.59748697280884),(564843.9375,5934194.,6.59617614746094),(564945.9375,5934200.,5.1068868637085),(564000.,5934213.,4.98858213424683),(564022.3125,5934196.,4.89787673950195),(564031.,5934197.5,5.18052005767822),(564174.6875,5934200.,6.69954681396484),(564248.5,5934202.,7.88172101974487),(564298.875,5934201.,7.91525220870972),(564367.125,5934191.,7.29595136642456),(564391.4375,5934196.5,7.54217720031738),(564429.5,5934196.,8.200026512146),(564509.,5934200.5,5.62668132781982),(564559.5,5934203.5,4.68814468383789),(564583.125,5934202.5,5.15578985214233),(564581.875,5934199.,4.74940156936646),(564591.6875,5934202.,6.93092775344849),(564734.1875,5934204.5,7.25699520111084),(564734.1875,5934200.5,7.08140707015991),(564748.375,5934190.,6.63043022155762),(564779.875,5934200.,6.57197856903076),(564785.75,5934191.5,6.65080976486206),(564821.625,5934198.5,6.54905033111572),(564875.25,5934202.,6.19195938110352),(564972.5,5934201.,5.24015331268311),(564983.4375,5934203.5,6.09961032867432),(565000.,5934194.,5.25563097000122),(564000.,5934195.5,4.80071258544922),(564036.3125,5934163.5,4.96674060821533),(564125.,5934189.5,6.40522527694702),(564189.1875,5934183.5,6.80482721328735),(564270.3125,5934194.5,7.77692699432373),(564273.625,5934190.,7.64997291564941),(564346.,5934196.,7.97454738616943),(564396.375,5934193.,8.24567604064941),(564447.1875,5934196.5,8.14597511291504),(564488.625,5934194.5,6.48914957046509),(564530.25,5934195.,4.67602491378784),(564536.25,5934193.5,4.59746217727661),(564565.875,5934187.5,4.69841814041138),(564595.0625,5934197.,7.18204879760742),(564611.5,5934191.5,7.7913179397583),(564620.125,5934195.5,8.57921028137207),(564631.75,5934191.5,8.03542995452881),(564642.625,5934184.,7.02273321151733),(564648.5625,5934175.5,7.09024095535278),(564690.875,5934199.,6.90917730331421),(564871.25,5934194.,6.36815977096558),(564881.875,5934194.,5.5865421295166),(564895.3125,5934194.,5.42683935165405),(564908.375,5934191.,5.48264360427856),(564923.0625,5934195.,5.40713500976562),(564991.9375,5934194.,5.23769521713257),(564041.875,5934193.5,5.43315696716309),(564134.875,5934191.,6.33061504364014),(564144.0625,5934179.,6.25782442092896),(564165.8125,5934187.5,6.53885698318481),(564245.125,5934192.,7.3835973739624),(564249.375,5934196.5,7.40334320068359),(564295.875,5934190.5,7.69484663009644),(564310.8125,5934186.5,7.60282325744629),(564340.125,5934183.5,7.91653156280518),(564356.4375,5934181.5,7.19028759002686),(564408.5625,5934192.,8.29939079284668),(564498.25,5934185.,5.82265758514404),(564507.6875,5934187.,5.45363235473633),(564542.,5934191.,4.70407962799072),(564550.875,5934191.,4.38849306106567),(564557.625,5934194.5,4.38794708251953),(564586.5625,5934195.,5.53022003173828),(564679.25,5934192.,7.17851114273071),(564714.5625,5934185.5,6.88929271697998),(564718.75,5934189.5,6.99278545379639),(564742.5,5934193.5,6.95542049407959),(564763.9375,5934191.,6.68783378601074),(564792.75,5934191.5,6.57662773132324),(564835.6875,5934187.5,6.43230724334717),(564862.5625,5934192.,6.52533292770386),(564979.8125,5934194.5,5.46354055404663),(564051.1875,5934186.5,5.62524509429932),(564085.9375,5934185.5,5.71406030654907),(564108.375,5934180.5,6.24816656112671),(564160.,5934182.,6.52613496780396),(564173.125,5934181.5,6.5575532913208),(564259.9375,5934186.,7.67427921295166),(564324.625,5934174.,7.90239810943604),(564344.875,5934184.5,7.52848768234253),(564367.3125,5934175.5,7.19415473937988),(564424.4375,5934181.,8.29486846923828),(564457.6875,5934188.5,7.79103851318359),(564576.5,5934191.,4.72055006027222),(564581.5625,5934190.,5.19606256484985),(564601.3125,5934184.5,7.37291383743286),(564631.875,5934180.5,7.43341588973999),(564664.75,5934186.,7.0076379776001),(564727.,5934186.,7.09561443328857),(564810.25,5934190.,6.58599138259888),(564853.75,5934191.,6.52135753631592),(564880.75,5934190.,5.75981950759888),(564924.,5934185.,5.22686147689819),(564942.5625,5934181.,5.08223962783813),(564961.875,5934180.,5.25408887863159),(564978.0625,5934184.5,5.22493410110474),(564983.8125,5934186.,5.93685007095337),(564993.625,5934185.,5.21164703369141),(564042.375,5934182.5,5.1531138420105),(564073.5625,5934179.,5.58459520339966),(564215.5,5934174.5,7.42334127426147),(564390.125,5934182.,8.24233341217041),(564431.4375,5934180.5,8.09361743927002),(564445.625,5934182.5,8.16096115112305),(564555.75,5934185.,4.64686250686646),(564593.1875,5934178.5,7.2356481552124),(564618.5625,5934188.,8.73573303222656),(564820.3125,5934185.5,6.66343975067139),(564861.5625,5934183.,5.85576248168945),(564032.1875,5934181.,4.90053701400757),(564054.0625,5934177.,5.25868892669678),(564131.25,5934175.,6.17157936096191),(564189.1875,5934165.,6.97545576095581),(564291.0625,5934177.,7.52862548828125),(564305.25,5934172.,7.55612802505493),(564384.5625,5934182.,7.49824523925781),(564472.5,5934181.,6.94561004638672),(564514.5,5934167.5,4.71051931381226),(564533.6875,5934180.5,4.69610023498535),(564540.8125,5934180.,4.08127212524414),(564548.8125,5934183.5,4.23801136016846),(564568.,5934180.5,5.24519729614258),(564581.8125,5934181.5,5.43359804153442),(564588.0625,5934178.5,6.50592470169067),(564613.9375,5934181.,8.91728115081787),(564605.625,5934177.,7.73713254928589),(564679.8125,5934177.,6.99323415756226),(564710.1875,5934178.5,7.05944299697876),(564719.25,5934181.,5.28013038635254),(564726.1875,5934181.5,6.67726230621338),(564760.8125,5934178.,6.95410442352295),(564772.25,5934183.5,6.80283355712891),(564774.9375,5934174.,6.51720094680786),(564803.875,5934173.,6.4522762298584),(564815.625,5934179.,6.47169303894043),(564833.3125,5934176.,6.48225736618042),(564877.0625,5934182.5,5.69352054595947),(564904.6875,5934180.5,5.44921922683716),(564927.3125,5934178.,5.30383729934692),(564952.0625,5934175.5,5.04622268676758),(564986.,5934181.5,5.82383298873901),(565000.,5934184.,5.81558895111084),(564000.,5934176.,5.11001682281494),(564003.8125,5934175.,5.32662391662598),(564014.6875,5934177.5,4.8154411315918),(564041.4375,5934175.,5.17823886871338),(564079.6875,5934173.,5.45068597793579),(564166.5625,5934180.5,6.93960332870483),(564377.9375,5934170.5,7.47801971435547),(564507.5625,5934167.5,5.49461889266968),(564543.9375,5934172.5,4.6492486000061),(564553.0625,5934172.,4.7368106842041),(564714.875,5934180.5,5.58568716049194),(564734.75,5934176.5,6.75257968902588),(564787.875,5934174.5,6.40467119216919),(564849.,5934173.5,6.50036668777466),(564973.4375,5934177.,5.09701538085938),(564993.6875,5934180.,5.72240686416626),(564011.6875,5934172.,5.05289554595947),(564125.0625,5934165.5,6.0554370880127),(564167.25,5934173.,6.5179238319397),(564335.3125,5934166.,7.48140573501587),(564464.125,5934171.5,7.08414840698242),(564484.5625,5934165.5,6.33928823471069),(564541.5625,5934176.5,3.98059701919556),(564558.8125,5934172.5,5.26300477981567),(564570.3125,5934170.,5.42215728759766),(564610.625,5934174.5,8.98539733886719),(564622.6875,5934174.5,7.9737753868103),(564676.,5934167.,6.85440397262573),(564659.4375,5934173.5,6.89223289489746),(564714.875,5934176.5,5.92665481567383),(564719.,5934176.5,5.45585203170776),(564727.0625,5934175.,6.01623249053955),(564746.0625,5934170.,6.62121057510376),(564768.9375,5934170.,6.8581862449646),(564861.3125,5934175.,5.86771631240845),(564887.625,5934168.5,5.76091003417969),(564922.5,5934174.,5.47153520584106),(564986.625,5934174.5,5.39510059356689),(564024.5,5934164.5,4.87751054763794),(564068.5,5934170.,5.40925598144531),(564100.125,5934164.5,5.98816823959351),(564148.5625,5934159.,6.29177713394165),(564249.0625,5934164.,7.5923376083374),(564232.5625,5934159.,7.29785776138306),(564287.25,5934172.5,7.57491254806519),(564292.5,5934170.,7.53418779373169),(564330.5625,5934166.5,7.84992790222168),(564382.3125,5934166.,8.24707698822021),(564428.4375,5934163.,7.93632936477661),(564441.8125,5934163.,7.67239665985107),(564473.8125,5934168.,6.85650730133057),(564495.5625,5934159.5,5.82277917861938),(564538.3125,5934172.,4.66775512695312),(564583.875,5934167.5,6.63280153274536),(564613.6875,5934165.5,9.07204246520996),(564632.625,5934161.5,6.98164081573486),(564708.6875,5934158.5,6.68108510971069),(564715.25,5934173.,6.97545528411865),(564722.875,5934172.5,6.35848474502563),(564734.3125,5934171.,6.79514074325562),(564750.625,5934166.,6.82992458343506),(564759.,5934163.,6.61932039260864),(564808.5,5934168.5,6.57019090652466),(564838.,5934172.5,6.75663614273071),(564903.1875,5934173.,5.84665727615356),(564912.875,5934161.5,5.72567319869995),(564953.4375,5934149.5,4.97252702713013),(564975.4375,5934168.,5.15499448776245),(564006.3125,5934168.5,4.99033117294312),(564000.,5934157.5,4.41234874725342),(564050.5625,5934159.5,4.95673322677612),(564057.6875,5934161.5,5.09168672561646),(564176.9375,5934162.,6.60390090942383),(564204.125,5934155.5,7.29250526428223),(564351.5625,5934164.5,7.25206804275513),(564408.6875,5934154.,8.24898719787598),(564535.6875,5934152.5,4.70116186141968),(564552.3125,5934164.,5.3133659362793),(564600.9375,5934163.,7.87987184524536),(564589.,5934162.,7.35369157791138),(564606.125,5934165.,8.86413669586182),(564610.,5934163.,9.25771617889404),(564620.875,5934162.5,7.46942663192749),(564688.1875,5934166.5,6.74295234680176),(564724.375,5934168.,6.95391416549683),(564780.75,5934165.,6.58869075775146),(564788.9375,5934167.,6.63462066650391),(564814.4375,5934162.5,6.37748575210571),(564831.9375,5934164.5,6.33543872833252),(564849.,5934161.5,6.36573505401611),(564856.625,5934159.5,6.12521028518677),(564868.125,5934164.,5.8996410369873),(564908.625,5934161.5,5.66362333297729),(564944.,5934153.,5.02571392059326),(564979.5625,5934164.,4.95075559616089),(565000.,5934163.5,4.95943164825439),(564005.8125,5934161.5,4.70481204986572),(564016.1875,5934158.5,5.12410831451416),(564074.625,5934153.5,5.13847732543945),(564114.3125,5934161.5,6.15200614929199),(564322.6875,5934153.5,7.73326444625854),(564393.8125,5934158.,8.25008964538574),(564645.1875,5934155.,6.977952003479),(564740.875,5934153.,6.81037616729736),(564842.4375,5934159.5,6.2191276550293),(564871.8125,5934162.,5.61939907073975),(564884.8125,5934156.5,4.92428207397461),(564903.,5934161.,4.91742849349976),(564931.4375,5934155.5,5.36815547943115),(564962.5,5934158.,5.10446214675903),(564084.3125,5934147.5,5.55915307998657),(564092.1875,5934151.5,5.88914394378662),(564256.,5934149.5,7.53603410720825),(564313.1875,5934154.,7.74135065078735),(564340.1875,5934153.,7.2111349105835),(564351.0625,5934147.,7.16012191772461),(564369.3125,5934151.5,7.58936452865601),(564454.25,5934154.,7.13497018814087),(564508.9375,5934155.,5.03192472457886),(564509.,5934145.,4.70429134368896),(564568.5,5934155.,6.09715604782104),(564603.9375,5934160.,8.20621776580811),(564691.25,5934149.,7.05058336257935),(564723.,5934155.,6.85589408874512),(564777.6875,5934160.,6.92792701721191),(564783.8125,5934159.,6.35984516143799),(564798.875,5934160.,6.42604303359985),(564866.1875,5934147.5,6.28901481628418),(564989.625,5934156.5,4.93086862564087),(564004.3125,5934155.5,4.58708906173706),(564012.,5934150.,5.16182470321655),(564058.125,5934154.5,5.13220548629761),(564121.0625,5934148.,5.84604549407959),(564139.9375,5934148.,6.18043041229248),(564300.625,5934141.5,7.4613471031189),(564287.125,5934148.5,7.46396064758301),(564357.4375,5934146.5,7.37247896194458),(564377.625,5934152.,8.32535171508789),(564412.6875,5934145.,7.95960283279419),(564473.875,5934150.5,6.59435892105103),(564521.6875,5934143.,4.70733833312988),(564547.0625,5934137.5,6.54256439208984),(564575.4375,5934151.5,7.05255937576294),(564594.375,5934154.,7.55257558822632),(564609.4375,5934152.,7.62713432312012),(564614.75,5934154.,7.59914064407349),(564624.25,5934132.,7.11037921905518),(564659.625,5934145.5,7.45305156707764),(564698.0625,5934142.,7.0759801864624),(564810.8125,5934146.,6.38524913787842),(564831.1875,5934152.,6.31328296661377),(564868.3125,5934156.,5.94231605529785),(564874.25,5934156.,5.09648418426514),(564902.6875,5934157.5,5.23804378509521),(564906.125,5934154.5,5.74584293365479),(564918.75,5934149.,5.60536623001099),(564000.,5934148.,4.6384334564209),(564067.625,5934140.,5.10216188430786),(564104.875,5934139.,5.90689897537231),(564172.125,5934145.,6.4454083442688),(564183.75,5934144.,6.89330196380615),(564341.375,5934140.5,7.22503900527954),(564400.5,5934145.,8.37757396697998),(564417.9375,5934142.5,7.86664724349976),(564437.5,5934147.,7.21075963973999),(564479.3125,5934147.5,6.2987847328186),(564621.3125,5934141.5,6.98419904708862),(564678.1875,5934145.,7.2059497833252),(564719.75,5934148.5,6.61986255645752),(564735.4375,5934145.,6.7169885635376),(564748.3125,5934135.,6.80805778503418),(564761.0625,5934143.,6.64335107803345),(564772.5,5934149.,6.7910213470459),(564777.0625,5934152.5,6.42629766464233),(564841.6875,5934141.5,6.3085355758667),(564860.8125,5934143.5,6.25696229934692),(564875.4375,5934152.5,5.20134925842285),(564891.6875,5934151.,5.88297176361084),(564904.5625,5934148.,5.97065114974976),(564964.125,5934147.,4.99939298629761),(564033.,5934141.5,5.14051961898804),(564041.75,5934143.5,4.91216611862183),(564075.3125,5934142.5,5.47684097290039),(564154.8125,5934142.5,6.14977550506592),(564315.0625,5934127.,7.37241077423096),(564388.75,5934147.,8.24992847442627),(564497.9375,5934142.,5.63701248168945),(564545.125,5934145.,6.14338636398315),(564594.375,5934148.5,7.81087446212769),(564600.625,5934147.,7.50625801086426),(564610.8125,5934139.5,7.32060098648071),(564631.875,5934131.,6.97891187667847),(564754.875,5934139.5,6.86150979995728),(564786.5,5934143.5,6.31874179840088),(564796.6875,5934145.5,6.68085670471191),(564875.5,5934147.5,5.99838209152222),(564916.6875,5934144.,5.36717367172241),(564929.5,5934146.5,5.09795141220093),(564981.,5934138.,4.4955849647522),(565000.,5934140.,4.14914846420288),(564023.3125,5934134.,4.98208713531494),(564059.1875,5934135.5,5.11582899093628),(564096.75,5934132.5,5.8003716468811),(564220.4375,5934135.,7.17327213287354),(564236.375,5934134.5,7.53257179260254),(564317.375,5934140.,7.62669706344604),(564332.875,5934139.5,7.19379329681396),(564451.375,5934135.,6.7409725189209),(564490.125,5934134.,5.64947128295898),(564482.6875,5934138.,6.41302108764648),(564504.375,5934132.5,4.7136754989624),(564594.375,5934144.5,8.78928375244141),(564588.375,5934141.,7.90038776397705),(564597.75,5934143.,8.85577774047852),(564640.625,5934133.5,7.2006402015686),(564715.875,5934140.5,6.91815662384033),(564781.3125,5934136.5,6.44765663146973),(564875.5625,5934138.,6.3443865776062),(564884.,5934140.5,6.4603533744812),(564896.,5934140.5,6.13160133361816),(564906.875,5934144.,5.41519975662231),(564929.8125,5934138.,5.37286329269409),(564947.5,5934138.5,4.93906545639038),(564005.0625,5934136.5,4.43737936019897),(564008.875,5934130.,4.75903415679932),(564143.25,5934133.,6.00114011764526),(564162.25,5934132.,6.25020265579224),(564197.9375,5934127.,7.02219247817993),(564276.4375,5934125.5,7.41053771972656),(564285.5625,5934131.5,7.4317102432251),(564359.1875,5934132.5,7.53962659835815),(564368.8125,5934136.5,8.30626010894775),(564375.25,5934131.5,8.21218585968018),(564397.0625,5934133.5,8.1603479385376),(564430.5,5934132.5,7.21948480606079),(564529.875,5934137.5,5.7706298828125),(564565.9375,5934129.,7.77105474472046),(564556.3125,5934128.,7.32678747177124),(564593.25,5934139.5,9.10025310516357),(564604.625,5934136.5,7.73100900650024),(564666.8125,5934136.5,7.17625904083252),(564685.5625,5934135.,7.25957536697388),(564701.0625,5934136.5,7.29238414764404),(564724.5625,5934137.5,6.84232330322266),(564795.9375,5934135.5,6.48616075515747),(564820.125,5934130.5,6.39026260375977),(564892.25,5934136.5,6.56585645675659),(564963.375,5934133.,4.80571508407593),(564000.,5934128.5,4.31059122085571),(564045.125,5934134.,5.09367847442627),(564087.3125,5934130.,5.74289751052856),(564113.9375,5934117.5,5.56759262084961),(564130.875,5934132.,5.78310251235962),(564171.5,5934127.,6.62160015106201),(564386.6875,5934133.,8.24771785736084),(564405.1875,5934122.,7.75866460800171),(564456.375,5934125.5,6.60565137863159),(564472.75,5934135.5,6.30233097076416),(564490.875,5934125.,4.67625904083252),(564516.8125,5934133.5,5.64714288711548),(564574.,5934126.5,7.97216987609863),(564590.75,5934128.,8.95639801025391),(564656.25,5934123.,7.23394203186035),(564673.0625,5934132.,7.21284103393555),(564732.5,5934129.,7.0450496673584),(564770.5625,5934133.5,6.6222710609436),(564777.375,5934130.,6.84084415435791),(564829.9375,5934126.5,6.3326096534729),(564854.3125,5934131.5,6.21512460708618),(564867.75,5934134.,6.40759181976318),(564886.25,5934136.,7.08542823791504),(564903.25,5934133.,5.53273487091064),(564939.125,5934131.5,5.08155107498169),(564029.,5934124.5,5.27574586868286),(564055.3125,5934127.,4.96243095397949),(564152.625,5934128.5,6.20312881469727),(564210.0625,5934123.5,7.02892065048218),(564323.9375,5934120.5,7.08352708816528),(564481.125,5934128.5,5.77439975738525),(564491.75,5934130.,4.88734436035156),(564508.9375,5934129.5,5.32059288024902),(564522.0625,5934129.,5.87518787384033),(564528.5,5934131.,6.43644237518311),(564537.125,5934129.5,6.8508939743042),(564546.375,5934130.,7.39966297149658),(564589.,5934133.,8.98107433319092),(564579.1875,5934127.5,8.17212295532227),(564599.1875,5934124.5,7.63575315475464),(564604.9375,5934124.5,7.29102659225464),(564612.625,5934124.,7.04479551315308),(564686.6875,5934122.,7.36721849441528),(564882.4375,5934132.,6.84711408615112),(564887.625,5934129.,6.20905303955078),(564893.,5934132.,6.55260801315308),(564911.0625,5934125.,5.46719312667847),(564930.8125,5934136.,5.46898746490479),(565000.,5934128.5,4.3803243637085),(564021.875,5934123.5,4.80689525604248),(564146.6875,5934123.5,6.41120767593384),(564249.9375,5934106.5,7.26569223403931),(564325.875,5934111.,7.14376068115234),(564336.5,5934118.5,7.13994693756104),(564363.125,5934124.5,8.3359842300415),(564377.625,5934126.5,8.10165882110596),(564411.625,5934118.5,7.60678100585938),(564420.125,5934114.5,7.16306686401367),(564428.,5934112.5,6.78156137466431),(564441.0625,5934122.5,6.74157190322876),(564493.4375,5934124.5,4.7451548576355),(564533.8125,5934126.,6.62845230102539),(564583.8125,5934123.5,9.1117057800293),(564591.75,5934123.,8.63990116119385),(564665.1875,5934121.,7.13209676742554),(564674.875,5934127.,7.36538600921631),(564678.8125,5934126.,7.19621753692627),(564692.625,5934120.,7.4870548248291),(564705.875,5934123.,7.21611356735229),(564716.875,5934118.,6.87431478500366),(564750.0625,5934113.5,6.83962154388428),(564764.5625,5934123.,6.62716674804688),(564783.9375,5934123.5,6.48568201065063),(564842.75,5934121.5,6.36476993560791),(564855.6875,5934123.5,6.4184398651123),(564870.4375,5934123.,6.37370157241821),(564881.9375,5934128.,6.48140001296997),(564889.5625,5934127.,6.21173524856567),(564896.9375,5934124.5,6.28931713104248),(564923.25,5934126.5,4.98256301879883),(564947.4375,5934120.5,4.92777490615845),(564969.25,5934126.5,4.96153211593628),(564035.25,5934123.5,5.10348892211914),(564074.125,5934118.5,5.3186502456665),(564098.25,5934115.5,5.73217248916626),(564106.75,5934115.5,5.80098581314087),(564121.4375,5934116.,5.64983081817627),(564124.625,5934103.5,5.51477384567261),(564135.8125,5934118.,5.85507583618164),(564231.125,5934118.5,7.3708758354187),(564295.4375,5934118.5,7.24334955215454),(564353.0625,5934116.,7.55896139144897),(564366.5,5934116.5,8.12906455993652),(564383.3125,5934118.5,8.23008728027344),(564396.6875,5934117.,8.07824993133545),(564445.75,5934113.5,6.57551383972168),(564460.75,5934117.5,5.85075330734253),(564472.125,5934119.,5.50623607635498),(564491.9375,5934119.,5.35140800476074),(564508.8125,5934120.,5.65636444091797),(564493.5,5934113.,5.52586221694946),(564549.4375,5934118.5,7.72360181808472),(564557.9375,5934119.,8.02387428283691),(564643.5,5934117.5,7.37913227081299),(564681.9375,5934124.,7.50359630584717),(564756.25,5934119.5,6.89458036422729),(564806.1875,5934116.,6.41341638565063),(564792.1875,5934115.5,6.46148204803467),(564904.9375,5934119.,6.11744832992554),(564017.,5934118.5,4.4369912147522),(564048.6875,5934117.5,5.21415901184082),(564097.6875,5934107.,5.29819822311401),(564140.9375,5934118.,6.30493402481079),(564167.375,5934117.5,6.66675853729248),(564192.625,5934110.5,6.81856203079224),(564225.375,5934116.,7.38413572311401),(564454.5625,5934113.5,5.89962768554688),(564476.5,5934116.5,4.70832347869873),(564520.25,5934118.5,6.54538488388062),(564535.3125,5934119.5,7.21544933319092),(564543.0625,5934117.5,7.46806669235229),(564608.1875,5934102.,7.13889455795288),(564674.,5934119.,7.22349786758423),(564775.5625,5934105.,6.60241556167603),(564782.375,5934114.5,6.90874099731445),(564826.8125,5934117.5,6.4490532875061),(564834.25,5934114.,6.43935632705688),(564863.0625,5934118.5,6.19794988632202),(564883.3125,5934117.5,6.31742572784424),(564896.8125,5934116.5,6.08512687683105),(564913.125,5934119.5,5.16812801361084),(564930.,5934113.5,4.88887023925781),(564956.8125,5934100.5,4.73872566223145),(564967.875,5934115.,4.96872615814209),(564981.5625,5934118.5,4.4653434753418),(564000.,5934114.,4.16465616226196),(564028.375,5934113.5,4.56934118270874),(564061.25,5934112.,5.1906476020813),(564082.0625,5934111.,5.42470598220825),(564148.125,5934109.,6.23925828933716),(564159.,5934104.,6.47853231430054),(564287.25,5934108.5,7.30700492858887),(564357.5625,5934113.,8.28407096862793),(564377.125,5934116.5,8.72893714904785),(564386.9375,5934112.5,8.20267009735107),(564440.8125,5934115.,6.83845090866089),(564463.1875,5934111.,5.59986019134521),(564472.5625,5934110.,4.73028469085693),(564527.625,5934114.,7.38952112197876),(564567.5,5934109.5,8.13202857971191),(564577.625,5934114.,9.08462429046631),(564582.,5934111.,8.96738624572754),(564622.375,5934112.,7.06032466888428),(564627.875,5934108.5,7.26463985443115),(564659.1875,5934114.5,7.42854785919189),(564839.4375,5934111.5,6.14954423904419),(564849.0625,5934111.5,6.15784740447998),(564848.5,5934116.5,6.50930213928223),(564873.125,5934115.,6.55991125106812),(564882.8125,5934103.5,6.10288906097412),(564907.625,5934116.5,5.3660249710083),(564994.875,5934113.,4.49670791625977),(564022.125,5934110.,4.46864700317383),(564045.9375,5934107.,4.76747751235962),(564218.875,5934098.5,7.07730627059937),(564379.5,5934113.,8.47919654846191),(564391.8125,5934107.,7.93211269378662),(564396.1875,5934103.5,7.52266454696655),(564460.,5934102.5,4.69166660308838),(564474.125,5934106.5,5.25843524932861),(564588.0625,5934104.5,7.65812921524048),(564602.625,5934106.,7.0312705039978),(564648.625,5934098.5,7.39206218719482),(564668.5,5934108.5,7.24011278152466),(564673.3125,5934109.,7.50129508972168),(564701.,5934105.,7.15630435943604),(564720.625,5934106.,7.16987276077271),(564759.375,5934098.5,6.81006956100464),(564785.0625,5934107.,6.85883665084839),(564793.625,5934103.,6.58768749237061),(564903.,5934106.5,6.23444509506226),(564908.9375,5934111.5,5.39931678771973),(564913.9375,5934106.5,4.92184352874756),(564921.125,5934111.,5.01310110092163),(564982.5625,5934106.,4.92545652389526),(564000.,5934104.,4.4777889251709),(564068.0625,5934108.,5.13324451446533),(564105.125,5934091.5,5.6618127822876),(564108.5625,5934101.5,5.3622670173645),(564180.25,5934105.,6.7669506072998),(564263.0625,5934101.5,7.27519941329956),(564297.0625,5934101.,7.20409250259399),(564310.25,5934098.5,7.05542182922363),(564328.1875,5934101.,7.10487937927246),(564352.0625,5934104.,8.32174205780029),(564379.375,5934107.,8.11437892913818),(564401.5625,5934097.5,7.34150075912476),(564429.8125,5934101.5,6.56989574432373),(564437.8125,5934107.,6.39799785614014),(564442.3125,5934104.,5.42932081222534),(564453.625,5934105.5,5.3997106552124),(564505.,5934099.,7.5349702835083),(564523.25,5934106.5,7.53945684432983),(564549.375,5934103.,7.97507619857788),(564566.625,5934106.,7.96782779693604),(564577.6875,5934107.,8.96008110046387),(564593.25,5934100.5,7.27395343780518),(564613.875,5934098.5,7.08420562744141),(564643.25,5934099.5,7.25581550598145),(564679.8125,5934106.5,7.40937519073486),(564688.375,5934102.,7.36348867416382),(564707.8125,5934100.5,6.95865392684937),(564753.,5934097.5,6.70191431045532),(564765.4375,5934103.,6.63490343093872),(564831.25,5934097.,6.41169834136963),(564851.0625,5934095.5,6.17744255065918),(564866.625,5934102.5,6.15519189834595),(564873.625,5934102.,6.22114610671997),(564893.5,5934103.,5.9509072303772),(564074.875,5934103.,5.39948511123657),(564144.9375,5934099.,6.33944654464722),(564157.8125,5934098.,6.56236457824707),(564328.25,5934089.5,7.26388692855835),(564344.0625,5934100.5,7.46064233779907),(564481.6875,5934103.,5.78317928314209),(564494.,5934094.5,7.40238380432129),(564560.,5934100.,7.89408397674561),(564572.5625,5934103.,7.870765209198),(564576.25,5934102.,7.69674015045166),(564582.3125,5934104.5,8.50358295440674),(564656.625,5934092.5,7.39027166366577),(564675.125,5934099.,6.11871671676636),(564668.75,5934104.,7.08349370956421),(564739.5625,5934100.,7.17673587799072),(564798.9375,5934087.5,6.4288010597229),(564838.5625,5934097.5,6.15364646911621),(564907.4375,5934098.5,5.23963308334351),(564931.625,5934091.,5.0304388999939),(564968.3125,5934102.5,4.8671498298645),(564991.6875,5934095.,4.67112970352173),(565000.,5934094.5,4.3428692817688),(564000.,5934095.,5.08240795135498),(564047.5625,5934095.,5.09711027145386),(564070.1875,5934098.5,5.27516555786133),(564091.5625,5934086.5,5.3655571937561),(564118.,5934095.5,5.4800877571106),(564139.25,5934095.,6.04142141342163),(564170.25,5934089.,6.84969997406006),(564199.0625,5934093.5,6.93042659759521),(564349.125,5934097.5,8.3781795501709),(564368.1875,5934093.,8.3533821105957),(564412.9375,5934089.5,6.56324768066406),(564434.1875,5934095.,5.79462194442749),(564440.0625,5934099.,5.61759901046753),(564446.875,5934097.5,5.5162787437439),(564450.625,5934097.,4.81965637207031),(564526.,5934094.5,7.79620933532715),(564548.5625,5934094.5,8.27445316314697),(564566.8125,5934098.,8.74214839935303),(564571.5,5934097.,9.25055503845215),(564583.,5934098.5,7.44499635696411),(564615.4375,5934090.,7.23792123794556),(564633.375,5934098.,7.3406867980957),(564663.375,5934096.,7.35361528396606),(564679.125,5934100.5,6.07539463043213),(564710.9375,5934094.,7.22437953948975),(564726.,5934101.,7.31937694549561),(564770.75,5934100.,6.09596061706543),(564775.1875,5934099.5,7.41930532455444),(564791.1875,5934097.5,7.29884815216064),(564902.4375,5934093.5,5.92434740066528),(564942.9375,5934095.,4.99644088745117),(564972.375,5934099.,5.30764865875244),(564977.625,5934095.5,5.90672826766968),(564081.6875,5934090.5,5.47508764266968),(564107.875,5934077.5,5.47473907470703),(564128.0625,5934094.,5.85360240936279),(564241.0625,5934089.,7.18952798843384),(564281.6875,5934090.,7.45208692550659),(564297.5625,5934089.,7.3324613571167),(564378.125,5934087.,8.15042400360107),(564453.75,5934095.5,4.98396635055542),(564465.6875,5934095.,5.76020050048828),(564477.625,5934089.,7.35003185272217),(564543.4375,5934094.,8.50924110412598),(564554.3125,5934087.5,7.76885747909546),(564574.6875,5934096.5,8.97731971740723),(564582.9375,5934095.5,7.40365219116211),(564593.25,5934087.5,7.08818531036377),(564675.875,5934090.5,6.12096166610718),(564692.1875,5934095.5,7.29546499252319),(564728.25,5934087.,7.23410749435425),(564765.9375,5934095.5,6.53305006027222),(564771.4375,5934093.,7.15213298797607),(564774.75,5934096.,7.46202898025513),(564962.875,5934091.,4.69719219207764),(564064.5625,5934090.,5.43330097198486),(564121.9375,5934085.,5.5565013885498),(564156.3125,5934084.5,6.350417137146),(564338.875,5934088.,7.57630729675293),(564348.25,5934088.5,8.44592380523682),(564391.5625,5934088.5,7.42120409011841),(564437.8125,5934089.,5.40429592132568),(564498.25,5934087.5,7.64366912841797),(564565.1875,5934089.,9.20545959472656),(564558.6875,5934086.,7.87656354904175),(564574.1875,5934093.,9.03161334991455),(564585.5,5934088.,7.29375410079956),(564642.0625,5934089.,7.21679210662842),(564739.75,5934089.5,7.13907051086426),(564766.4375,5934092.5,6.89836978912354),(564777.75,5934087.5,7.29881572723389),(564869.3125,5934085.,6.15393590927124),(564887.25,5934081.5,5.86567974090576),(564912.3125,5934085.,5.1058988571167),(564969.5625,5934087.5,5.06338596343994),(564989.4375,5934091.5,4.77802610397339),(564977.8125,5934091.5,5.85879325866699),(564010.9375,5934083.,5.1962456703186),(564034.0625,5934079.,5.2651538848877),(564018.1875,5934078.,5.31117296218872),(564046.25,5934081.,5.14601612091064),(564145.0625,5934082.5,6.24658632278442),(564178.0625,5934081.,6.94886255264282),(564211.625,5934083.5,7.03924036026001),(564265.875,5934078.,7.41298389434814),(564369.6875,5934087.,7.91311120986938),(564361.3125,5934079.5,8.22409343719482),(564419.375,5934085.5,6.31693029403687),(564452.3125,5934085.5,5.98985958099365),(564512.5625,5934084.5,7.93655395507812),(564526.1875,5934088.,8.17253112792969),(564541.1875,5934088.5,8.69588088989258),(564547.1875,5934087.5,8.3148775100708),(564578.25,5934088.5,7.9118595123291),(564632.0625,5934078.,7.33578014373779),(564662.8125,5934087.,6.72303676605225),(564669.875,5934082.,6.08722400665283),(564688.25,5934086.,7.34740924835205),(564691.6875,5934076.5,7.1356086730957),(564698.125,5934081.,7.09283542633057),(564708.9375,5934080.,7.31679821014404),(564751.75,5934076.5,6.71513652801514),(564793.125,5934088.5,6.99479961395264),(564781.625,5934082.5,7.34558534622192),(564809.3125,5934079.,6.27015495300293),(564826.0625,5934078.5,6.22887992858887),(564832.625,5934081.5,6.35546588897705),(564839.9375,5934080.,6.16971349716187),(564877.75,5934085.,6.17755794525146),(564904.4375,5934085.,5.95839214324951),(564951.25,5934080.5,4.68751382827759),(564980.6875,5934087.,4.93060064315796),(564000.,5934067.,5.22546577453613),(564066.625,5934080.5,5.38326406478882),(564083.3125,5934077.5,5.81036853790283),(564124.5,5934078.,5.82683420181274),(564139.25,5934078.5,5.6954140663147),(564297.9375,5934070.,7.04095935821533),(564312.0625,5934073.,7.03290414810181),(564345.6875,5934082.,7.80874013900757),(564454.,5934078.5,7.18595933914185),(564466.8125,5934082.5,7.37227010726929),(564560.6875,5934082.,9.05860805511475),(564562.6875,5934079.5,9.29072666168213),(564574.,5934078.5,7.79599237442017),(564655.5625,5934084.,7.34760522842407),(564674.5,5934082.,6.16428518295288),(564681.5,5934078.5,7.20561933517456),(564717.125,5934078.,7.28970575332642),(564736.,5934078.5,7.40438365936279),(564765.3125,5934082.,6.89124965667725),(564790.875,5934084.,6.53346061706543),(564787.125,5934084.5,7.16605710983276),(564854.0625,5934072.,6.09792518615723),(564973.375,5934083.5,4.89071369171143),(565000.,5934069.,3.9489061832428),(564059.625,5934069.5,5.22841024398804),(564068.5625,5934074.5,5.63675880432129),(564219.1875,5934077.,7.11473274230957),(564280.875,5934072.5,7.35553312301636),(564285.75,5934069.,7.40717649459839),(564318.75,5934075.5,7.17648935317993),(564332.375,5934072.5,7.43554210662842),(564354.4375,5934079.5,8.07884120941162),(564370.5,5934080.5,7.85979461669922),(564378.0625,5934079.,8.12581634521484),(564399.0625,5934069.,6.72580909729004),(564388.4375,5934068.,7.03824424743652),(564412.25,5934076.,6.32360363006592),(564425.1875,5934077.,5.55517959594727),(564430.9375,5934077.5,4.90532922744751),(564437.5,5934080.5,4.96970987319946),(564483.0625,5934080.,7.59260511398315),(564459.5625,5934073.,7.45317983627319),(564490.1875,5934074.,8.12520885467529),(564499.875,5934079.,8.04635620117188),(564518.5,5934079.,7.70447301864624),(564528.4375,5934080.5,7.5019965171814),(564553.9375,5934080.5,7.65881776809692),(564641.375,5934077.5,7.60232734680176),(564649.4375,5934076.5,7.52011060714722),(564656.,5934077.5,6.5525426864624),(564658.6875,5934076.5,6.18017292022705),(564758.75,5934065.,6.63726997375488),(564774.5,5934080.,7.35158109664917),(564796.875,5934080.,6.67564535140991),(564802.9375,5934077.5,6.61060333251953),(564816.5625,5934076.5,6.43094682693481),(564879.8125,5934073.5,5.66433715820312),(564892.125,5934074.,5.35249137878418),(564906.875,5934079.,5.27211093902588),(564006.75,5934073.5,5.22117185592651),(564024.4375,5934073.,5.10797166824341),(564043.0625,5934071.,4.97716331481934),(564057.625,5934064.,4.99271583557129),(564093.8125,5934074.,5.7216591835022),(564126.75,5934061.5,5.68277072906494),(564165.125,5934067.,6.24597263336182),(564182.375,5934068.,6.58199167251587),(564182.8125,5934076.,7.04739284515381),(564371.125,5934075.,8.26160717010498),(564418.375,5934072.,5.40793228149414),(564438.625,5934073.,6.6088809967041),(564521.75,5934074.5,7.63009881973267),(564546.375,5934065.5,7.86849737167358),(564551.5,5934073.5,7.83055782318115),(564557.9375,5934075.5,9.24291610717773),(564579.5625,5934066.,7.06008195877075),(564601.125,5934073.5,7.11538171768188),(564621.0625,5934069.,7.31512832641602),(564667.9375,5934071.,6.4329628944397),(564678.9375,5934070.,7.36032199859619),(564787.25,5934063.,7.39928770065308),(564919.5625,5934073.5,4.96831846237183),(564896.3125,5934069.,5.17887163162231),(564938.5,5934072.5,4.74358415603638),(564963.5,5934065.,4.63241481781006),(564976.1875,5934073.5,4.73832941055298),(564006.3125,5934068.,5.21005153656006),(564157.125,5934065.5,5.88142538070679),(564201.625,5934062.,7.13500070571899),(564234.4375,5934061.,7.38675737380981),(564272.9375,5934059.,7.25082588195801),(564372.5,5934067.5,8.01870536804199),(564357.8125,5934060.,7.23948049545288),(564423.5625,5934071.,4.7571702003479),(564433.5,5934068.5,6.59523391723633),(564466.8125,5934065.5,8.076735496521),(564506.5,5934067.,8.10018539428711),(564554.1875,5934072.5,8.64643383026123),(564564.75,5934070.5,8.27134323120117),(564563.9375,5934058.,7.5256781578064),(564642.375,5934070.5,7.39398002624512),(564710.6875,5934071.,7.72600698471069),(564697.3125,5934063.,7.42723369598389),(564718.5,5934069.5,7.34734869003296),(564807.6875,5934071.,6.19769334793091),(564792.1875,5934068.5,6.24902296066284),(564833.5,5934070.5,6.23262596130371),(564868.75,5934068.5,5.73272562026978),(564025.375,5934064.5,5.25275325775146),(564063.5,5934062.,5.6602725982666),(564068.5,5934065.,5.73625135421753),(564074.0625,5934063.5,6.36693048477173),(564085.9375,5934066.5,6.45955753326416),(564107.875,5934061.,5.96454954147339),(564149.9375,5934059.,6.07309532165527),(564153.875,5934061.5,5.90693235397339),(564212.0625,5934061.5,7.0824818611145),(564376.375,5934063.,7.89764308929443),(564407.3125,5934066.5,5.58318185806274),(564424.4375,5934067.,4.68500518798828),(564444.375,5934061.5,7.10538673400879),(564523.1875,5934059.5,8.63004016876221),(564533.75,5934065.,8.035569190979),(564553.875,5934068.,8.81132221221924),(564557.6875,5934068.5,8.65478801727295),(564583.3125,5934056.5,7.1898136138916),(564631.375,5934061.,7.38762140274048),(564655.875,5934065.5,7.47816324234009),(564672.625,5934063.5,7.28386878967285),(564682.75,5934057.5,7.23326444625854),(564709.5625,5934065.,7.56629419326782),(564737.8125,5934067.5,7.27564430236816),(564746.625,5934057.,6.77698612213135),(564771.3125,5934061.,6.98209095001221),(564779.3125,5934064.,7.30068969726562),(564849.25,5934067.,6.22313642501831),(564881.125,5934066.,5.53916263580322),(564982.4375,5934065.,4.21345806121826),(564015.5,5934062.5,4.98600101470947),(564038.0625,5934059.5,5.23952436447144),(564200.875,5934054.5,6.72873449325562),(564299.8125,5934052.5,7.06645917892456),(564327.5625,5934059.5,7.30678796768188),(564407.75,5934056.5,5.17163896560669),(564429.0625,5934063.5,6.15974140167236),(564424.875,5934062.5,5.04458904266357),(564454.375,5934061.5,7.7630820274353),(564492.3125,5934055.,8.21680545806885),(564589.0625,5934051.,7.09196376800537),(564795.25,5934061.,6.21658134460449),(564856.,5934061.5,6.26190948486328),(564929.9375,5934060.,5.18150186538696),(564958.9375,5934058.5,4.68894720077515),(564033.0625,5934059.,4.98014974594116),(564067.9375,5934060.,5.74645233154297),(564088.625,5934052.5,6.39337921142578),(564094.5625,5934059.5,6.34029912948608),(564148.3125,5934054.,5.92190885543823),(564264.0625,5934046.,7.32843494415283),(564276.5625,5934053.5,7.31409406661987),(564306.5625,5934036.,7.19631481170654),(564337.875,5934056.5,7.19844436645508),(564369.5625,5934051.5,7.8808388710022),(564395.875,5934050.5,6.43470287322998),(564421.375,5934057.5,4.72816371917725),(564430.6875,5934053.5,7.15342950820923),(564511.4375,5934058.,8.62959957122803),(564533.9375,5934057.5,8.80429363250732),(564541.125,5934058.,8.07116985321045),(564545.625,5934059.,8.37337112426758),(564607.375,5934055.,7.57110977172852),(564618.375,5934058.,7.596275806427),(564671.6875,5934058.,7.55391693115234),(564723.0625,5934053.,7.03023481369019),(564835.6875,5934054.,6.15872001647949),(564849.6875,5934056.,6.02086210250854),(564874.75,5934059.5,5.85923290252686),(564876.875,5934055.5,6.08739233016968),(564902.6875,5934047.,5.36154365539551),(564912.75,5934048.5,5.41862297058105),(564926.0625,5934048.,5.27776479721069),(564968.4375,5934055.5,4.71418714523315),(564995.125,5934057.5,4.12608098983765),(565000.,5934057.,4.06507062911987),(564000.,5934048.5,3.41054797172546),(564005.3125,5934045.,2.68361449241638),(564016.125,5934044.,2.911541223526),(564036.375,5934054.5,4.97718000411987),(564043.,5934048.,5.51142883300781),(564052.125,5934053.,5.54322814941406),(564061.5,5934051.5,5.89861726760864),(564162.5625,5934050.,6.21076965332031),(564174.5625,5934050.5,6.02886247634888),(564185.6875,5934044.5,6.10059261322021),(564219.1875,5934041.,6.86047983169556),(564289.0625,5934052.,6.97657585144043),(564352.4375,5934049.5,7.08584833145142),(564379.5625,5934050.5,7.36958312988281),(564405.5,5934055.,5.5881175994873),(564416.5,5934052.,4.64937543869019),(564439.,5934047.5,7.56864786148071),(564455.1875,5934048.5,7.91204261779785),(564468.1875,5934046.,8.12690448760986),(564488.0625,5934047.5,8.1976146697998),(564526.625,5934053.5,8.83933067321777),(564623.,5934048.,7.39383602142334),(564637.0625,5934053.5,7.5390772819519),(564642.0625,5934051.5,7.39261102676392),(564704.4375,5934051.5,7.21183109283447),(564760.75,5934041.,6.69363355636597),(564787.1875,5934052.5,7.08015871047974),(564818.25,5934048.,6.14847993850708),(564862.9375,5934049.5,5.91810369491577),(564873.3125,5934044.5,5.80829191207886),(564028.,5934044.,2.60474109649658),(564067.8125,5934051.5,6.33578681945801),(564096.3125,5934049.5,6.07832050323486),(564128.5625,5934049.,5.96710014343262),(564151.9375,5934034.,6.00144481658936),(564246.,5934045.,7.24753189086914),(564276.1875,5934042.5,6.98314809799194),(564389.,5934048.,6.61002635955811),(564409.375,5934051.,5.42919731140137),(564461.8125,5934048.,7.86557817459106),(564498.375,5934047.,8.71413898468018),(564519.25,5934048.5,9.19801330566406),(564540.3125,5934050.5,8.07888793945312),(564652.75,5934048.5,7.41842651367188),(564663.0625,5934038.,7.67212724685669),(564673.375,5934042.5,7.33895635604858),(564685.875,5934047.5,7.46010732650757),(564774.6875,5934050.5,6.90994024276733),(564979.5625,5934042.,4.30242204666138),(564039.6875,5934043.,4.85274600982666),(564059.8125,5934048.,5.77220392227173),(564086.0625,5934044.5,5.94917488098145),(564073.4375,5934044.5,5.99571943283081),(564174.4375,5934041.5,6.35551786422729),(564327.5625,5934038.,7.45980548858643),(564418.8125,5934043.,5.68650436401367),(564513.375,5934046.,9.43758201599121),(564528.125,5934046.5,8.40703010559082),(564567.9375,5934040.5,7.09815883636475),(564607.0625,5934035.,7.66636180877686),(564634.375,5934044.5,7.61269378662109),(564733.8125,5934038.,6.98196125030518),(564751.25,5934042.,6.82659196853638),(564782.75,5934046.5,7.42748737335205),(564790.,5934045.5,7.02307033538818),(564795.3125,5934047.5,6.17320108413696),(564828.1875,5934044.,6.3237361907959),(564880.75,5934042.,6.16857194900513),(564932.8125,5934048.,5.11018085479736),(564954.6875,5934036.5,4.90354919433594),(564031.875,5934040.,2.41473340988159),(564036.125,5934044.,3.88225293159485),(564044.625,5934039.,5.34628009796143),(564059.3125,5934039.5,5.37143325805664),(564068.75,5934042.,5.43133687973022),(564097.375,5934033.,6.02723455429077),(564197.75,5934037.,6.23232173919678),(564352.4375,5934031.,7.23680400848389),(564377.8125,5934037.5,7.33077192306519),(564393.5625,5934041.5,6.45234060287476),(564390.9375,5934035.5,6.44530868530273),(564397.6875,5934041.,5.4489541053772),(564427.5,5934038.5,7.31888484954834),(564442.875,5934040.,7.80617237091064),(564456.1875,5934039.5,7.51382827758789),(564478.,5934037.,7.71666669845581),(564484.6875,5934038.,7.96079778671265),(564520.,5934043.,9.01085090637207),(564544.9375,5934036.,7.8809757232666),(564570.375,5934032.,7.18757581710815),(564586.75,5934029.5,7.41763925552368),(564638.5625,5934044.,7.38934850692749),(564644.75,5934043.5,6.60782241821289),(564647.0625,5934040.,6.19218635559082),(564654.9375,5934040.5,6.95938348770142),(564695.4375,5934037.,7.34410047531128),(564722.0625,5934040.,7.08599185943604),(564773.25,5934038.5,6.91971063613892),(564803.5,5934040.,6.89225244522095),(564817.375,5934042.5,6.5900616645813),(564839.5,5934038.,6.32791948318481),(564899.5625,5934036.5,5.87761735916138),(564917.5,5934039.,5.88496828079224),(564939.3125,5934037.5,5.10853433609009),(564970.375,5934036.,4.73860263824463),(564995.0625,5934040.5,3.96552109718323),(564000.,5934030.5,3.09406852722168),(564006.6875,5934037.,2.40896558761597),(564018.5,5934036.,2.37895178794861),(564036.0625,5934038.5,3.08482336997986),(564162.125,5934030.,5.93494129180908),(564286.,5934029.,7.02253103256226),(564344.375,5934029.,7.23034572601318),(564368.8125,5934037.5,7.83466958999634),(564412.875,5934030.5,5.5102276802063),(564429.5625,5934024.5,7.40936470031738),(564462.625,5934032.5,7.34129476547241),(564494.125,5934014.5,9.50619983673096),(564513.875,5934036.5,9.56488037109375),(564519.3125,5934036.,9.05198383331299),(564617.4375,5934035.5,7.40358781814575),(564625.6875,5934034.,7.57379484176636),(564634.625,5934039.,8.40299606323242),(564638.5625,5934040.,8.16776752471924),(564642.5625,5934040.,6.89897346496582),(564659.125,5934037.,7.44253492355347),(564676.375,5934030.,7.68196535110474),(564738.1875,5934039.,6.72597074508667),(564782.,5934038.,6.96493816375732),(564789.,5934038.5,7.00500726699829),(564797.625,5934040.,6.95610904693604),(564849.0625,5934033.,6.10911703109741),(564928.9375,5934040.,6.00307941436768),(564963.75,5934026.5,4.71831893920898),(564032.25,5934035.,2.4948353767395),(564040.0625,5934033.5,5.20338678359985),(564079.3125,5934030.5,5.91722869873047),(564177.5625,5934034.5,6.21449041366577),(564193.4375,5934028.5,6.50738859176636),(564262.1875,5934035.5,7.16114568710327),(564273.625,5934029.,6.86945962905884),(564311.5,5934030.,7.2975115776062),(564379.875,5934025.,6.64951610565186),(564445.8125,5934030.,8.0068244934082),(564469.875,5934030.5,7.20537376403809),(564489.75,5934016.5,9.02598667144775),(564498.25,5934013.5,9.60166645050049),(564529.875,5934035.,8.48325729370117),(564551.3125,5934018.5,7.29326581954956),(564577.,5934027.5,7.093186378479),(564630.4375,5934033.5,8.1093864440918),(564645.,5934034.,8.0687952041626),(564651.75,5934035.5,6.66368103027344),(564666.75,5934028.5,7.46687507629395),(564715.625,5934028.,7.51162385940552),(564734.6875,5934027.,7.46111536026001),(564746.625,5934036.,6.55005311965942),(564794.0625,5934036.,6.0369610786438),(564799.1875,5934036.,5.1557297706604),(564803.1875,5934036.,5.42363262176514),(564810.75,5934033.,6.48435831069946),(564815.3125,5934030.5,6.76335382461548),(564818.8125,5934030.5,6.46396350860596),(564827.9375,5934030.,6.40710163116455),(564862.1875,5934032.,6.15575504302979),(564906.6875,5934034.5,5.90577411651611),(564923.6875,5934034.5,5.98805570602417),(564935.4375,5934034.,5.8667426109314),(565000.,5934035.5,4.04631423950195),(564009.4375,5934031.,2.75806951522827),(564021.4375,5934032.5,2.70301914215088),(564037.,5934030.,4.49268627166748),(564042.,5934030.,5.56725025177002),(564087.625,5934029.5,6.02763557434082),(564211.4375,5934029.5,6.41429471969604),(564230.1875,5934026.5,6.89905691146851),(564264.125,5934011.5,6.90478420257568),(564336.0625,5934026.,7.67279767990112),(564366.0625,5934027.5,7.7296462059021),(564397.5,5934024.,5.46323728561401),(564420.125,5934022.5,7.16206979751587),(564455.25,5934028.5,7.62264204025269),(564478.25,5934024.5,7.49895668029785),(564518.3125,5934030.5,9.45508193969727),(564534.9375,5934031.,8.58622169494629),(564558.0625,5934023.,7.1107759475708),(564605.0625,5934020.,7.41663503646851),(564635.875,5934029.,7.76090860366821),(564639.0625,5934032.5,8.12932968139648),(564647.4375,5934032.,8.25675487518311),(564654.625,5934032.,7.50550317764282),(564725.75,5934026.5,7.51720142364502),(564739.5,5934028.,6.51906871795654),(564745.3125,5934028.5,6.37501049041748),(564755.25,5934028.,6.90752744674683),(564774.4375,5934030.,6.77487850189209),(564780.0625,5934032.,6.35378885269165),(564796.3125,5934032.,4.56684970855713),(564802.875,5934032.,4.20500898361206),(564806.9375,5934031.5,4.57136392593384),(564839.,5934016.5,6.48032379150391),(564877.625,5934025.5,5.8867883682251),(564885.0625,5934026.5,6.20212650299072),(564912.125,5934026.5,5.32793951034546),(564919.6875,5934029.5,5.40705394744873),(564945.6875,5934026.5,4.96019506454468),(564115.6875,5934017.,5.89598655700684),(564152.0625,5934025.,6.16698837280273),(564176.9375,5934025.5,6.18978452682495),(564324.75,5934022.,7.37259244918823),(564352.8125,5934017.,7.44509601593018),(564391.1875,5934027.,6.41238212585449),(564437.0625,5934023.5,7.72947692871094),(564461.9375,5934026.,7.2025728225708),(564522.375,5934026.,8.91103363037109),(564543.125,5934024.,7.80143404006958),(564616.1875,5934023.5,7.44850206375122),(564624.8125,5934024.5,7.80439424514771),(564631.375,5934026.,7.66321754455566),(564649.125,5934025.,7.89136457443237),(564657.,5934027.5,7.7776050567627),(564688.9375,5934018.5,7.50256204605103),(564697.9375,5934020.,7.61314392089844),(564706.0625,5934012.,7.461106300354),(564781.8125,5934027.5,6.43346309661865),(564790.75,5934028.,5.27170991897583),(564812.125,5934026.5,6.41909742355347),(564849.125,5934012.5,6.11640453338623),(564900.4375,5934000.,5.95407485961914),(564906.0625,5934026.,5.9279932975769),(564925.25,5934022.5,5.87202930450439),(564937.6875,5934026.,5.84865617752075),(564988.8125,5934025.,4.17417240142822),(564021.875,5934016.5,4.861496925354),(564032.5625,5934020.,4.73280048370361),(564037.6875,5934020.,5.15237045288086),(564058.625,5934015.,5.28975629806519),(564091.375,5934000.,5.51372241973877),(564140.125,5934018.,6.02501630783081),(564156.,5934015.,6.00873517990112),(564252.6875,5934000.,6.72828149795532),(564251.4375,5934017.,7.11311960220337),(564297.5625,5934000.,7.42213153839111),(564365.9375,5934012.,7.48755884170532),(564376.8125,5934015.,6.42057991027832),(564407.125,5934015.,5.48376321792603),(564445.5,5934023.5,8.92864990234375),(564509.5,5934017.5,9.27526569366455),(564596.5,5934017.,7.5865306854248),(564632.1875,5934020.5,7.83549356460571),(564748.5,5934016.,7.27404546737671),(564753.1875,5934018.5,7.04869318008423),(564779.625,5934021.,7.02446317672729),(564787.,5934021.5,6.27827882766724),(564807.4375,5934019.,6.42692899703979),(564958.875,5934017.5,4.97358751296997),(564966.1875,5934000.,4.78371810913086),(564977.125,5934009.5,4.73049449920654),(565000.,5934018.5,3.69821572303772),(564000.,5934015.5,4.68952083587646),(564013.3125,5934013.5,4.79166460037231),(564090.9375,5934012.5,5.56905460357666),(564207.5625,5934011.5,6.53006982803345),(564281.75,5934015.5,6.95358371734619),(564316.6875,5934016.5,7.57947444915771),(564336.9375,5934016.,7.23724842071533),(564393.625,5934014.5,5.4699649810791),(564441.5625,5934019.5,8.25925064086914),(564446.0625,5934017.5,9.17788028717041),(564465.5,5934009.,7.27289867401123),(564517.3125,5934018.,8.69182682037354),(564544.75,5934013.,7.63742923736572),(564562.5625,5934000.,7.19689846038818),(564577.8125,5934000.,7.55987071990967),(564615.9375,5934013.,7.72256708145142),(564647.375,5934011.5,7.97335338592529),(564657.0625,5934015.5,7.6435751914978),(564663.0625,5934000.,7.85820055007935),(564738.875,5934019.5,7.23251628875732),(564764.9375,5934000.,6.9330849647522),(564815.9375,5934015.5,6.86283445358276),(564823.1875,5934015.5,6.46170806884766),(564864.625,5934000.,6.17915678024292),(564884.75,5934011.,6.02520370483398),(564911.9375,5934018.5,5.94679641723633),(564942.125,5934012.5,5.22510480880737),(564990.1875,5934014.5,3.93619990348816),(564114.,5934011.5,5.71691083908081),(564194.4375,5934000.,6.34746026992798),(564275.8125,5934000.,6.95869922637939),(564479.1875,5934011.,7.19619607925415),(564520.125,5934013.,8.7109375),(564624.9375,5934015.5,7.89032554626465),(564632.625,5934016.,8.36396503448486),(564678.5625,5934012.,7.73509836196899),(564698.6875,5934011.5,7.82609891891479),(564722.375,5934000.,7.62918567657471),(564731.4375,5934000.,7.31923818588257),(564784.,5934015.5,7.09160614013672),(564880.25,5934000.,6.10283231735229),(564930.375,5934003.,5.33881425857544),(564026.5625,5934000.,4.83804559707642),(564334.875,5934008.5,7.33823251724243),(564377.1875,5934000.,6.29271507263184),(564413.875,5934007.5,7.07180547714233),(564441.8125,5934011.,7.84627676010132),(564446.125,5934010.,8.92775917053223),(564449.9375,5934008.,9.00043296813965),(564456.9375,5934000.,8.28246688842773),(564466.5625,5934000.,7.21009826660156),(564494.6875,5934000.,9.42892169952393),(564505.125,5934010.,9.17553997039795),(564527.625,5934000.,8.05433082580566),(564626.25,5934006.,7.3942813873291),(564626.8125,5934012.,7.87676429748535),(564635.,5934011.5,8.39125061035156),(564714.1875,5934000.,7.58612155914307),(564743.8125,5934000.,7.45442962646484),(564804.125,5934000.,7.05875539779663),(564825.5,5934000.,6.75784540176392),(564000.,5934000.,4.57032251358032),(564130.125,5934000.,5.88350248336792),(564223.125,5934000.,6.74822425842285),(564327.5,5934000.,7.3177752494812),(564348.125,5934004.5,7.55053424835205),(564351.875,5934000.,7.31842803955078),(564366.5,5934000.,6.47266292572021),(564386.4375,5934000.,5.45412015914917),(564403.625,5934000.,5.5101375579834),(564440.0625,5934000.,7.72820520401001),(564482.6875,5934000.,7.23174953460693),(564517.6875,5934004.5,9.03585338592529),(564545.375,5934000.,7.16204023361206),(564609.8125,5934000.,7.72728300094604),(564620.3125,5934000.,7.50823593139648),(564643.5625,5934000.,8.0103063583374),(564692.3125,5934005.,7.51013040542603),(564684.6875,5934000.,7.69340848922729),(564846.4375,5934004.5,6.92378234863281),(564990.4375,5934000.,4.53738737106323),(564450.125,5934000.,9.07116413116455),(564500.6875,5934000.,9.56277942657471),(564506.0625,5934000.,9.13149261474609),(564632.875,5934004.,6.6520471572876),(564642.0625,5934004.,7.99279594421387),(564697.0625,5934000.,7.83448839187622),(564845.5,5934000.,6.90593862533569),(564853.6875,5934000.,6.19809436798096),(564949.0625,5934000.,5.11861848831177),(564955.9375,5934000.,5.21122407913208),(565000.,5934000.,4.22350883483887),(564412.375,5934000.,7.05514287948608),(564513.6875,5934000.,9.0370626449585),(564631.5625,5934000.,6.9961109161377)));
#41=IFCINDEXEDPOLYGONALFACE((1,2,3));
#42=IFCINDEXEDPOLYGONALFACE((4,5,6));
#43=IFCINDEXEDPOLYGONALFACE((7,8,9));
#44=IFCINDEXEDPOLYGONALFACE((8,10,11));
#45=IFCINDEXEDPOLYGONALFACE((12,13,14));
#46=IFCINDEXEDPOLYGONALFACE((15,16,17));
#47=IFCINDEXEDPOLYGONALFACE((18,19,20));
#48=IFCINDEXEDPOLYGONALFACE((21,22,23));
#49=IFCINDEXEDPOLYGONALFACE((24,25,26));
#50=IFCINDEXEDPOLYGONALFACE((27,28,29));
#51=IFCINDEXEDPOLYGONALFACE((29,30,31));
#52=IFCINDEXEDPOLYGONALFACE((32,6,33));
#53=IFCINDEXEDPOLYGONALFACE((34,33,6));
#54=IFCINDEXEDPOLYGONALFACE((5,35,36));
#55=IFCINDEXEDPOLYGONALFACE((37,36,35));
#56=IFCINDEXEDPOLYGONALFACE((36,37,38));
#57=IFCINDEXEDPOLYGONALFACE((9,38,39));
#58=IFCINDEXEDPOLYGONALFACE((7,10,8));
#59=IFCINDEXEDPOLYGONALFACE((40,41,11));
#60=IFCINDEXEDPOLYGONALFACE((41,42,11));
#61=IFCINDEXEDPOLYGONALFACE((14,11,42));
#62=IFCINDEXEDPOLYGONALFACE((12,43,13));
#63=IFCINDEXEDPOLYGONALFACE((15,13,43));
#64=IFCINDEXEDPOLYGONALFACE((44,17,16));
#65=IFCINDEXEDPOLYGONALFACE((44,45,17));
#66=IFCINDEXEDPOLYGONALFACE((20,17,45));
#67=IFCINDEXEDPOLYGONALFACE((45,46,20));
#68=IFCINDEXEDPOLYGONALFACE((20,46,18));
#69=IFCINDEXEDPOLYGONALFACE((47,19,48));
#70=IFCINDEXEDPOLYGONALFACE((49,47,48));
#71=IFCINDEXEDPOLYGONALFACE((47,49,50));
#72=IFCINDEXEDPOLYGONALFACE((51,50,49));
#73=IFCINDEXEDPOLYGONALFACE((50,51,52));
#74=IFCINDEXEDPOLYGONALFACE((51,53,52));
#75=IFCINDEXEDPOLYGONALFACE((52,53,54));
#76=IFCINDEXEDPOLYGONALFACE((55,54,56));
#77=IFCINDEXEDPOLYGONALFACE((57,58,55));
#78=IFCINDEXEDPOLYGONALFACE((59,55,58));
#79=IFCINDEXEDPOLYGONALFACE((60,61,62));
#80=IFCINDEXEDPOLYGONALFACE((63,61,60));
#81=IFCINDEXEDPOLYGONALFACE((64,65,66));
#82=IFCINDEXEDPOLYGONALFACE((67,65,68));
#83=IFCINDEXEDPOLYGONALFACE((67,69,23));
#84=IFCINDEXEDPOLYGONALFACE((70,71,69));
#85=IFCINDEXEDPOLYGONALFACE((23,69,71));
#86=IFCINDEXEDPOLYGONALFACE((70,72,71));
#87=IFCINDEXEDPOLYGONALFACE((23,71,72));
#88=IFCINDEXEDPOLYGONALFACE((72,21,23));
#89=IFCINDEXEDPOLYGONALFACE((73,1,74));
#90=IFCINDEXEDPOLYGONALFACE((74,1,3));
#91=IFCINDEXEDPOLYGONALFACE((75,28,27));
#92=IFCINDEXEDPOLYGONALFACE((29,28,76));
#93=IFCINDEXEDPOLYGONALFACE((77,31,30));
#94=IFCINDEXEDPOLYGONALFACE((34,31,78));
#95=IFCINDEXEDPOLYGONALFACE((5,4,35));
#96=IFCINDEXEDPOLYGONALFACE((35,39,37));
#97=IFCINDEXEDPOLYGONALFACE((38,37,39));
#98=IFCINDEXEDPOLYGONALFACE((39,79,9));
#99=IFCINDEXEDPOLYGONALFACE((79,7,9));
#100=IFCINDEXEDPOLYGONALFACE((40,80,41));
#101=IFCINDEXEDPOLYGONALFACE((14,42,81));
#102=IFCINDEXEDPOLYGONALFACE((82,12,81));
#103=IFCINDEXEDPOLYGONALFACE((12,14,81));
#104=IFCINDEXEDPOLYGONALFACE((12,82,43));
#105=IFCINDEXEDPOLYGONALFACE((83,15,43));
#106=IFCINDEXEDPOLYGONALFACE((84,16,83));
#107=IFCINDEXEDPOLYGONALFACE((15,83,16));
#108=IFCINDEXEDPOLYGONALFACE((44,16,84));
#109=IFCINDEXEDPOLYGONALFACE((44,84,45));
#110=IFCINDEXEDPOLYGONALFACE((19,18,48));
#111=IFCINDEXEDPOLYGONALFACE((49,48,85));
#112=IFCINDEXEDPOLYGONALFACE((49,85,51));
#113=IFCINDEXEDPOLYGONALFACE((53,56,54));
#114=IFCINDEXEDPOLYGONALFACE((55,56,57));
#115=IFCINDEXEDPOLYGONALFACE((62,86,87));
#116=IFCINDEXEDPOLYGONALFACE((88,62,87));
#117=IFCINDEXEDPOLYGONALFACE((62,88,60));
#118=IFCINDEXEDPOLYGONALFACE((60,89,63));
#119=IFCINDEXEDPOLYGONALFACE((90,91,92));
#120=IFCINDEXEDPOLYGONALFACE((93,66,92));
#121=IFCINDEXEDPOLYGONALFACE((94,70,95));
#122=IFCINDEXEDPOLYGONALFACE((69,95,70));
#123=IFCINDEXEDPOLYGONALFACE((72,70,96));
#124=IFCINDEXEDPOLYGONALFACE((94,96,70));
#125=IFCINDEXEDPOLYGONALFACE((26,22,97));
#126=IFCINDEXEDPOLYGONALFACE((22,26,25));
#127=IFCINDEXEDPOLYGONALFACE((98,24,99));
#128=IFCINDEXEDPOLYGONALFACE((27,2,100));
#129=IFCINDEXEDPOLYGONALFACE((31,77,101));
#130=IFCINDEXEDPOLYGONALFACE((34,102,33));
#131=IFCINDEXEDPOLYGONALFACE((103,4,6));
#132=IFCINDEXEDPOLYGONALFACE((104,105,4));
#133=IFCINDEXEDPOLYGONALFACE((35,4,105));
#134=IFCINDEXEDPOLYGONALFACE((106,35,105));
#135=IFCINDEXEDPOLYGONALFACE((35,106,39));
#136=IFCINDEXEDPOLYGONALFACE((107,39,106));
#137=IFCINDEXEDPOLYGONALFACE((107,79,39));
#138=IFCINDEXEDPOLYGONALFACE((7,79,108));
#139=IFCINDEXEDPOLYGONALFACE((108,109,7));
#140=IFCINDEXEDPOLYGONALFACE((10,7,109));
#141=IFCINDEXEDPOLYGONALFACE((11,10,109));
#142=IFCINDEXEDPOLYGONALFACE((80,110,41));
#143=IFCINDEXEDPOLYGONALFACE((41,110,42));
#144=IFCINDEXEDPOLYGONALFACE((110,111,42));
#145=IFCINDEXEDPOLYGONALFACE((111,81,42));
#146=IFCINDEXEDPOLYGONALFACE((82,112,43));
#147=IFCINDEXEDPOLYGONALFACE((113,43,112));
#148=IFCINDEXEDPOLYGONALFACE((113,114,43));
#149=IFCINDEXEDPOLYGONALFACE((43,114,83));
#150=IFCINDEXEDPOLYGONALFACE((115,18,46));
#151=IFCINDEXEDPOLYGONALFACE((48,18,116));
#152=IFCINDEXEDPOLYGONALFACE((85,48,116));
#153=IFCINDEXEDPOLYGONALFACE((117,57,56));
#154=IFCINDEXEDPOLYGONALFACE((58,57,118));
#155=IFCINDEXEDPOLYGONALFACE((118,119,58));
#156=IFCINDEXEDPOLYGONALFACE((58,120,59));
#157=IFCINDEXEDPOLYGONALFACE((86,59,120));
#158=IFCINDEXEDPOLYGONALFACE((63,89,121));
#159=IFCINDEXEDPOLYGONALFACE((121,90,63));
#160=IFCINDEXEDPOLYGONALFACE((64,66,93));
#161=IFCINDEXEDPOLYGONALFACE((69,67,122));
#162=IFCINDEXEDPOLYGONALFACE((123,95,122));
#163=IFCINDEXEDPOLYGONALFACE((69,122,95));
#164=IFCINDEXEDPOLYGONALFACE((94,95,124));
#165=IFCINDEXEDPOLYGONALFACE((124,95,123));
#166=IFCINDEXEDPOLYGONALFACE((124,125,94));
#167=IFCINDEXEDPOLYGONALFACE((125,96,94));
#168=IFCINDEXEDPOLYGONALFACE((72,96,126));
#169=IFCINDEXEDPOLYGONALFACE((125,126,96));
#170=IFCINDEXEDPOLYGONALFACE((21,72,127));
#171=IFCINDEXEDPOLYGONALFACE((126,127,72));
#172=IFCINDEXEDPOLYGONALFACE((127,97,21));
#173=IFCINDEXEDPOLYGONALFACE((21,97,22));
#174=IFCINDEXEDPOLYGONALFACE((26,128,24));
#175=IFCINDEXEDPOLYGONALFACE((129,98,99));
#176=IFCINDEXEDPOLYGONALFACE((1,73,130));
#177=IFCINDEXEDPOLYGONALFACE((1,130,2));
#178=IFCINDEXEDPOLYGONALFACE((75,27,100));
#179=IFCINDEXEDPOLYGONALFACE((28,75,76));
#180=IFCINDEXEDPOLYGONALFACE((29,76,131));
#181=IFCINDEXEDPOLYGONALFACE((131,30,29));
#182=IFCINDEXEDPOLYGONALFACE((78,132,34));
#183=IFCINDEXEDPOLYGONALFACE((34,132,102));
#184=IFCINDEXEDPOLYGONALFACE((32,33,102));
#185=IFCINDEXEDPOLYGONALFACE((6,32,103));
#186=IFCINDEXEDPOLYGONALFACE((103,133,4));
#187=IFCINDEXEDPOLYGONALFACE((104,4,133));
#188=IFCINDEXEDPOLYGONALFACE((105,107,106));
#189=IFCINDEXEDPOLYGONALFACE((107,108,79));
#190=IFCINDEXEDPOLYGONALFACE((134,109,108));
#191=IFCINDEXEDPOLYGONALFACE((135,109,134));
#192=IFCINDEXEDPOLYGONALFACE((109,135,11));
#193=IFCINDEXEDPOLYGONALFACE((136,110,137));
#194=IFCINDEXEDPOLYGONALFACE((80,137,110));
#195=IFCINDEXEDPOLYGONALFACE((138,111,110));
#196=IFCINDEXEDPOLYGONALFACE((112,82,81));
#197=IFCINDEXEDPOLYGONALFACE((139,112,81));
#198=IFCINDEXEDPOLYGONALFACE((113,112,139));
#199=IFCINDEXEDPOLYGONALFACE((139,140,113));
#200=IFCINDEXEDPOLYGONALFACE((113,140,114));
#201=IFCINDEXEDPOLYGONALFACE((141,84,83));
#202=IFCINDEXEDPOLYGONALFACE((141,142,84));
#203=IFCINDEXEDPOLYGONALFACE((143,45,84));
#204=IFCINDEXEDPOLYGONALFACE((45,143,46));
#205=IFCINDEXEDPOLYGONALFACE((144,46,143));
#206=IFCINDEXEDPOLYGONALFACE((115,46,144));
#207=IFCINDEXEDPOLYGONALFACE((145,85,116));
#208=IFCINDEXEDPOLYGONALFACE((51,85,145));
#209=IFCINDEXEDPOLYGONALFACE((51,145,53));
#210=IFCINDEXEDPOLYGONALFACE((146,56,53));
#211=IFCINDEXEDPOLYGONALFACE((56,147,117));
#212=IFCINDEXEDPOLYGONALFACE((118,57,117));
#213=IFCINDEXEDPOLYGONALFACE((58,119,120));
#214=IFCINDEXEDPOLYGONALFACE((87,148,88));
#215=IFCINDEXEDPOLYGONALFACE((89,60,88));
#216=IFCINDEXEDPOLYGONALFACE((124,123,149));
#217=IFCINDEXEDPOLYGONALFACE((122,149,123));
#218=IFCINDEXEDPOLYGONALFACE((149,125,124));
#219=IFCINDEXEDPOLYGONALFACE((150,126,125));
#220=IFCINDEXEDPOLYGONALFACE((126,150,127));
#221=IFCINDEXEDPOLYGONALFACE((26,97,151));
#222=IFCINDEXEDPOLYGONALFACE((26,151,128));
#223=IFCINDEXEDPOLYGONALFACE((152,153,73));
#224=IFCINDEXEDPOLYGONALFACE((130,73,153));
#225=IFCINDEXEDPOLYGONALFACE((100,2,130));
#226=IFCINDEXEDPOLYGONALFACE((154,75,100));
#227=IFCINDEXEDPOLYGONALFACE((30,155,77));
#228=IFCINDEXEDPOLYGONALFACE((101,77,155));
#229=IFCINDEXEDPOLYGONALFACE((101,156,31));
#230=IFCINDEXEDPOLYGONALFACE((78,31,156));
#231=IFCINDEXEDPOLYGONALFACE((157,32,102));
#232=IFCINDEXEDPOLYGONALFACE((32,157,103));
#233=IFCINDEXEDPOLYGONALFACE((133,158,104));
#234=IFCINDEXEDPOLYGONALFACE((105,104,158));
#235=IFCINDEXEDPOLYGONALFACE((159,105,158));
#236=IFCINDEXEDPOLYGONALFACE((159,107,105));
#237=IFCINDEXEDPOLYGONALFACE((108,107,160));
#238=IFCINDEXEDPOLYGONALFACE((161,135,134));
#239=IFCINDEXEDPOLYGONALFACE((162,11,135));
#240=IFCINDEXEDPOLYGONALFACE((163,40,162));
#241=IFCINDEXEDPOLYGONALFACE((11,162,40));
#242=IFCINDEXEDPOLYGONALFACE((40,163,80));
#243=IFCINDEXEDPOLYGONALFACE((137,80,163));
#244=IFCINDEXEDPOLYGONALFACE((136,138,110));
#245=IFCINDEXEDPOLYGONALFACE((81,111,164));
#246=IFCINDEXEDPOLYGONALFACE((81,164,139));
#247=IFCINDEXEDPOLYGONALFACE((142,143,84));
#248=IFCINDEXEDPOLYGONALFACE((165,18,115));
#249=IFCINDEXEDPOLYGONALFACE((165,116,18));
#250=IFCINDEXEDPOLYGONALFACE((166,145,116));
#251=IFCINDEXEDPOLYGONALFACE((145,167,53));
#252=IFCINDEXEDPOLYGONALFACE((146,53,167));
#253=IFCINDEXEDPOLYGONALFACE((146,147,56));
#254=IFCINDEXEDPOLYGONALFACE((168,118,117));
#255=IFCINDEXEDPOLYGONALFACE((169,87,86));
#256=IFCINDEXEDPOLYGONALFACE((170,68,65));
#257=IFCINDEXEDPOLYGONALFACE((149,171,125));
#258=IFCINDEXEDPOLYGONALFACE((150,125,171));
#259=IFCINDEXEDPOLYGONALFACE((172,127,150));
#260=IFCINDEXEDPOLYGONALFACE((127,172,97));
#261=IFCINDEXEDPOLYGONALFACE((172,151,97));
#262=IFCINDEXEDPOLYGONALFACE((173,128,151));
#263=IFCINDEXEDPOLYGONALFACE((174,24,128));
#264=IFCINDEXEDPOLYGONALFACE((174,99,24));
#265=IFCINDEXEDPOLYGONALFACE((153,152,175));
#266=IFCINDEXEDPOLYGONALFACE((153,100,130));
#267=IFCINDEXEDPOLYGONALFACE((75,176,76));
#268=IFCINDEXEDPOLYGONALFACE((177,101,155));
#269=IFCINDEXEDPOLYGONALFACE((156,132,78));
#270=IFCINDEXEDPOLYGONALFACE((133,103,157));
#271=IFCINDEXEDPOLYGONALFACE((158,133,178));
#272=IFCINDEXEDPOLYGONALFACE((159,179,107));
#273=IFCINDEXEDPOLYGONALFACE((179,160,107));
#274=IFCINDEXEDPOLYGONALFACE((134,108,180));
#275=IFCINDEXEDPOLYGONALFACE((180,161,134));
#276=IFCINDEXEDPOLYGONALFACE((181,136,137));
#277=IFCINDEXEDPOLYGONALFACE((182,138,136));
#278=IFCINDEXEDPOLYGONALFACE((182,183,138));
#279=IFCINDEXEDPOLYGONALFACE((111,138,183));
#280=IFCINDEXEDPOLYGONALFACE((184,111,183));
#281=IFCINDEXEDPOLYGONALFACE((111,184,164));
#282=IFCINDEXEDPOLYGONALFACE((185,83,114));
#283=IFCINDEXEDPOLYGONALFACE((185,141,83));
#284=IFCINDEXEDPOLYGONALFACE((165,115,144));
#285=IFCINDEXEDPOLYGONALFACE((116,165,166));
#286=IFCINDEXEDPOLYGONALFACE((167,145,166));
#287=IFCINDEXEDPOLYGONALFACE((186,117,147));
#288=IFCINDEXEDPOLYGONALFACE((117,186,168));
#289=IFCINDEXEDPOLYGONALFACE((187,120,119));
#290=IFCINDEXEDPOLYGONALFACE((187,86,120));
#291=IFCINDEXEDPOLYGONALFACE((149,122,188));
#292=IFCINDEXEDPOLYGONALFACE((171,149,188));
#293=IFCINDEXEDPOLYGONALFACE((150,171,188));
#294=IFCINDEXEDPOLYGONALFACE((150,188,172));
#295=IFCINDEXEDPOLYGONALFACE((189,172,188));
#296=IFCINDEXEDPOLYGONALFACE((172,189,151));
#297=IFCINDEXEDPOLYGONALFACE((190,99,174));
#298=IFCINDEXEDPOLYGONALFACE((175,152,191));
#299=IFCINDEXEDPOLYGONALFACE((192,100,153));
#300=IFCINDEXEDPOLYGONALFACE((75,154,176));
#301=IFCINDEXEDPOLYGONALFACE((176,193,76));
#302=IFCINDEXEDPOLYGONALFACE((194,76,193));
#303=IFCINDEXEDPOLYGONALFACE((131,155,30));
#304=IFCINDEXEDPOLYGONALFACE((157,102,195));
#305=IFCINDEXEDPOLYGONALFACE((132,195,102));
#306=IFCINDEXEDPOLYGONALFACE((133,157,195));
#307=IFCINDEXEDPOLYGONALFACE((196,158,178));
#308=IFCINDEXEDPOLYGONALFACE((197,158,196));
#309=IFCINDEXEDPOLYGONALFACE((158,197,159));
#310=IFCINDEXEDPOLYGONALFACE((159,197,198));
#311=IFCINDEXEDPOLYGONALFACE((199,179,159));
#312=IFCINDEXEDPOLYGONALFACE((200,179,199));
#313=IFCINDEXEDPOLYGONALFACE((160,201,108));
#314=IFCINDEXEDPOLYGONALFACE((108,201,180));
#315=IFCINDEXEDPOLYGONALFACE((136,202,182));
#316=IFCINDEXEDPOLYGONALFACE((203,183,182));
#317=IFCINDEXEDPOLYGONALFACE((183,203,184));
#318=IFCINDEXEDPOLYGONALFACE((184,204,164));
#319=IFCINDEXEDPOLYGONALFACE((204,139,164));
#320=IFCINDEXEDPOLYGONALFACE((205,140,204));
#321=IFCINDEXEDPOLYGONALFACE((204,140,139));
#322=IFCINDEXEDPOLYGONALFACE((206,185,114));
#323=IFCINDEXEDPOLYGONALFACE((185,207,141));
#324=IFCINDEXEDPOLYGONALFACE((142,141,207));
#325=IFCINDEXEDPOLYGONALFACE((207,143,142));
#326=IFCINDEXEDPOLYGONALFACE((208,143,207));
#327=IFCINDEXEDPOLYGONALFACE((143,208,144));
#328=IFCINDEXEDPOLYGONALFACE((208,209,144));
#329=IFCINDEXEDPOLYGONALFACE((209,165,144));
#330=IFCINDEXEDPOLYGONALFACE((165,209,166));
#331=IFCINDEXEDPOLYGONALFACE((146,167,210));
#332=IFCINDEXEDPOLYGONALFACE((86,187,211));
#333=IFCINDEXEDPOLYGONALFACE((88,121,89));
#334=IFCINDEXEDPOLYGONALFACE((92,91,212));
#335=IFCINDEXEDPOLYGONALFACE((122,67,213));
#336=IFCINDEXEDPOLYGONALFACE((122,214,188));
#337=IFCINDEXEDPOLYGONALFACE((151,189,173));
#338=IFCINDEXEDPOLYGONALFACE((128,190,174));
#339=IFCINDEXEDPOLYGONALFACE((215,99,190));
#340=IFCINDEXEDPOLYGONALFACE((216,99,215));
#341=IFCINDEXEDPOLYGONALFACE((129,99,216));
#342=IFCINDEXEDPOLYGONALFACE((175,191,217));
#343=IFCINDEXEDPOLYGONALFACE((217,218,175));
#344=IFCINDEXEDPOLYGONALFACE((153,175,218));
#345=IFCINDEXEDPOLYGONALFACE((219,153,218));
#346=IFCINDEXEDPOLYGONALFACE((219,220,153));
#347=IFCINDEXEDPOLYGONALFACE((192,153,220));
#348=IFCINDEXEDPOLYGONALFACE((100,192,221));
#349=IFCINDEXEDPOLYGONALFACE((221,154,100));
#350=IFCINDEXEDPOLYGONALFACE((222,76,194));
#351=IFCINDEXEDPOLYGONALFACE((76,222,131));
#352=IFCINDEXEDPOLYGONALFACE((223,131,222));
#353=IFCINDEXEDPOLYGONALFACE((132,156,224));
#354=IFCINDEXEDPOLYGONALFACE((225,178,133));
#355=IFCINDEXEDPOLYGONALFACE((159,198,226));
#356=IFCINDEXEDPOLYGONALFACE((159,226,199));
#357=IFCINDEXEDPOLYGONALFACE((179,227,160));
#358=IFCINDEXEDPOLYGONALFACE((160,227,201));
#359=IFCINDEXEDPOLYGONALFACE((161,180,228));
#360=IFCINDEXEDPOLYGONALFACE((201,228,180));
#361=IFCINDEXEDPOLYGONALFACE((137,163,229));
#362=IFCINDEXEDPOLYGONALFACE((229,181,137));
#363=IFCINDEXEDPOLYGONALFACE((202,136,230));
#364=IFCINDEXEDPOLYGONALFACE((181,230,136));
#365=IFCINDEXEDPOLYGONALFACE((182,202,230));
#366=IFCINDEXEDPOLYGONALFACE((230,203,182));
#367=IFCINDEXEDPOLYGONALFACE((209,231,166));
#368=IFCINDEXEDPOLYGONALFACE((166,231,167));
#369=IFCINDEXEDPOLYGONALFACE((231,210,167));
#370=IFCINDEXEDPOLYGONALFACE((146,210,147));
#371=IFCINDEXEDPOLYGONALFACE((210,232,147));
#372=IFCINDEXEDPOLYGONALFACE((186,147,232));
#373=IFCINDEXEDPOLYGONALFACE((186,232,168));
#374=IFCINDEXEDPOLYGONALFACE((168,233,118));
#375=IFCINDEXEDPOLYGONALFACE((118,233,119));
#376=IFCINDEXEDPOLYGONALFACE((234,119,233));
#377=IFCINDEXEDPOLYGONALFACE((86,211,169));
#378=IFCINDEXEDPOLYGONALFACE((235,236,121));
#379=IFCINDEXEDPOLYGONALFACE((236,90,121));
#380=IFCINDEXEDPOLYGONALFACE((93,92,212));
#381=IFCINDEXEDPOLYGONALFACE((64,237,65));
#382=IFCINDEXEDPOLYGONALFACE((214,122,213));
#383=IFCINDEXEDPOLYGONALFACE((189,188,214));
#384=IFCINDEXEDPOLYGONALFACE((238,177,155));
#385=IFCINDEXEDPOLYGONALFACE((101,177,239));
#386=IFCINDEXEDPOLYGONALFACE((101,239,156));
#387=IFCINDEXEDPOLYGONALFACE((132,240,195));
#388=IFCINDEXEDPOLYGONALFACE((195,240,133));
#389=IFCINDEXEDPOLYGONALFACE((240,225,133));
#390=IFCINDEXEDPOLYGONALFACE((178,225,196));
#391=IFCINDEXEDPOLYGONALFACE((196,241,197));
#392=IFCINDEXEDPOLYGONALFACE((242,197,241));
#393=IFCINDEXEDPOLYGONALFACE((243,197,242));
#394=IFCINDEXEDPOLYGONALFACE((243,244,197));
#395=IFCINDEXEDPOLYGONALFACE((198,197,244));
#396=IFCINDEXEDPOLYGONALFACE((244,245,198));
#397=IFCINDEXEDPOLYGONALFACE((245,226,198));
#398=IFCINDEXEDPOLYGONALFACE((179,200,246));
#399=IFCINDEXEDPOLYGONALFACE((227,179,246));
#400=IFCINDEXEDPOLYGONALFACE((227,246,201));
#401=IFCINDEXEDPOLYGONALFACE((201,246,228));
#402=IFCINDEXEDPOLYGONALFACE((161,247,135));
#403=IFCINDEXEDPOLYGONALFACE((247,162,135));
#404=IFCINDEXEDPOLYGONALFACE((248,181,229));
#405=IFCINDEXEDPOLYGONALFACE((181,248,230));
#406=IFCINDEXEDPOLYGONALFACE((249,230,248));
#407=IFCINDEXEDPOLYGONALFACE((203,230,250));
#408=IFCINDEXEDPOLYGONALFACE((249,250,230));
#409=IFCINDEXEDPOLYGONALFACE((203,250,184));
#410=IFCINDEXEDPOLYGONALFACE((250,251,184));
#411=IFCINDEXEDPOLYGONALFACE((184,251,204));
#412=IFCINDEXEDPOLYGONALFACE((251,252,204));
#413=IFCINDEXEDPOLYGONALFACE((205,204,252));
#414=IFCINDEXEDPOLYGONALFACE((114,140,253));
#415=IFCINDEXEDPOLYGONALFACE((205,253,140));
#416=IFCINDEXEDPOLYGONALFACE((114,253,206));
#417=IFCINDEXEDPOLYGONALFACE((209,208,254));
#418=IFCINDEXEDPOLYGONALFACE((231,209,254));
#419=IFCINDEXEDPOLYGONALFACE((168,232,233));
#420=IFCINDEXEDPOLYGONALFACE((234,255,119));
#421=IFCINDEXEDPOLYGONALFACE((255,187,119));
#422=IFCINDEXEDPOLYGONALFACE((256,236,235));
#423=IFCINDEXEDPOLYGONALFACE((257,68,170));
#424=IFCINDEXEDPOLYGONALFACE((173,189,214));
#425=IFCINDEXEDPOLYGONALFACE((128,173,190));
#426=IFCINDEXEDPOLYGONALFACE((215,190,258));
#427=IFCINDEXEDPOLYGONALFACE((191,259,217));
#428=IFCINDEXEDPOLYGONALFACE((217,259,218));
#429=IFCINDEXEDPOLYGONALFACE((220,221,192));
#430=IFCINDEXEDPOLYGONALFACE((176,260,193));
#431=IFCINDEXEDPOLYGONALFACE((155,131,261));
#432=IFCINDEXEDPOLYGONALFACE((238,155,261));
#433=IFCINDEXEDPOLYGONALFACE((262,224,156));
#434=IFCINDEXEDPOLYGONALFACE((240,132,224));
#435=IFCINDEXEDPOLYGONALFACE((263,196,225));
#436=IFCINDEXEDPOLYGONALFACE((241,243,242));
#437=IFCINDEXEDPOLYGONALFACE((264,244,243));
#438=IFCINDEXEDPOLYGONALFACE((264,245,244));
#439=IFCINDEXEDPOLYGONALFACE((265,199,226));
#440=IFCINDEXEDPOLYGONALFACE((266,200,199));
#441=IFCINDEXEDPOLYGONALFACE((200,266,246));
#442=IFCINDEXEDPOLYGONALFACE((228,247,161));
#443=IFCINDEXEDPOLYGONALFACE((229,163,267));
#444=IFCINDEXEDPOLYGONALFACE((248,229,267));
#445=IFCINDEXEDPOLYGONALFACE((249,248,267));
#446=IFCINDEXEDPOLYGONALFACE((268,252,250));
#447=IFCINDEXEDPOLYGONALFACE((251,250,252));
#448=IFCINDEXEDPOLYGONALFACE((252,269,205));
#449=IFCINDEXEDPOLYGONALFACE((185,206,207));
#450=IFCINDEXEDPOLYGONALFACE((270,207,206));
#451=IFCINDEXEDPOLYGONALFACE((207,270,208));
#452=IFCINDEXEDPOLYGONALFACE((271,208,270));
#453=IFCINDEXEDPOLYGONALFACE((272,210,231));
#454=IFCINDEXEDPOLYGONALFACE((232,210,272));
#455=IFCINDEXEDPOLYGONALFACE((273,232,272));
#456=IFCINDEXEDPOLYGONALFACE((233,232,273));
#457=IFCINDEXEDPOLYGONALFACE((234,233,273));
#458=IFCINDEXEDPOLYGONALFACE((255,211,187));
#459=IFCINDEXEDPOLYGONALFACE((235,121,274));
#460=IFCINDEXEDPOLYGONALFACE((275,90,236));
#461=IFCINDEXEDPOLYGONALFACE((90,276,91));
#462=IFCINDEXEDPOLYGONALFACE((276,212,91));
#463=IFCINDEXEDPOLYGONALFACE((93,237,64));
#464=IFCINDEXEDPOLYGONALFACE((277,170,65));
#465=IFCINDEXEDPOLYGONALFACE((214,278,173));
#466=IFCINDEXEDPOLYGONALFACE((279,280,215));
#467=IFCINDEXEDPOLYGONALFACE((216,215,280));
#468=IFCINDEXEDPOLYGONALFACE((219,218,281));
#469=IFCINDEXEDPOLYGONALFACE((259,281,218));
#470=IFCINDEXEDPOLYGONALFACE((281,220,219));
#471=IFCINDEXEDPOLYGONALFACE((282,221,220));
#472=IFCINDEXEDPOLYGONALFACE((221,282,283));
#473=IFCINDEXEDPOLYGONALFACE((283,154,221));
#474=IFCINDEXEDPOLYGONALFACE((154,284,176));
#475=IFCINDEXEDPOLYGONALFACE((260,285,193));
#476=IFCINDEXEDPOLYGONALFACE((194,193,285));
#477=IFCINDEXEDPOLYGONALFACE((194,285,222));
#478=IFCINDEXEDPOLYGONALFACE((286,131,223));
#479=IFCINDEXEDPOLYGONALFACE((177,238,261));
#480=IFCINDEXEDPOLYGONALFACE((243,241,287));
#481=IFCINDEXEDPOLYGONALFACE((243,287,264));
#482=IFCINDEXEDPOLYGONALFACE((245,264,288));
#483=IFCINDEXEDPOLYGONALFACE((245,288,226));
#484=IFCINDEXEDPOLYGONALFACE((289,226,288));
#485=IFCINDEXEDPOLYGONALFACE((265,226,289));
#486=IFCINDEXEDPOLYGONALFACE((246,290,228));
#487=IFCINDEXEDPOLYGONALFACE((162,247,291));
#488=IFCINDEXEDPOLYGONALFACE((162,291,163));
#489=IFCINDEXEDPOLYGONALFACE((292,249,267));
#490=IFCINDEXEDPOLYGONALFACE((250,249,292));
#491=IFCINDEXEDPOLYGONALFACE((293,250,292));
#492=IFCINDEXEDPOLYGONALFACE((268,250,293));
#493=IFCINDEXEDPOLYGONALFACE((269,252,268));
#494=IFCINDEXEDPOLYGONALFACE((208,271,294));
#495=IFCINDEXEDPOLYGONALFACE((254,208,294));
#496=IFCINDEXEDPOLYGONALFACE((295,231,296));
#497=IFCINDEXEDPOLYGONALFACE((295,272,231));
#498=IFCINDEXEDPOLYGONALFACE((297,273,272));
#499=IFCINDEXEDPOLYGONALFACE((88,148,274));
#500=IFCINDEXEDPOLYGONALFACE((88,274,121));
#501=IFCINDEXEDPOLYGONALFACE((298,256,235));
#502=IFCINDEXEDPOLYGONALFACE((256,299,236));
#503=IFCINDEXEDPOLYGONALFACE((68,257,213));
#504=IFCINDEXEDPOLYGONALFACE((67,68,213));
#505=IFCINDEXEDPOLYGONALFACE((300,173,278));
#506=IFCINDEXEDPOLYGONALFACE((258,173,300));
#507=IFCINDEXEDPOLYGONALFACE((173,258,190));
#508=IFCINDEXEDPOLYGONALFACE((279,215,258));
#509=IFCINDEXEDPOLYGONALFACE((280,279,301));
#510=IFCINDEXEDPOLYGONALFACE((191,302,303));
#511=IFCINDEXEDPOLYGONALFACE((191,303,259));
#512=IFCINDEXEDPOLYGONALFACE((281,282,220));
#513=IFCINDEXEDPOLYGONALFACE((282,304,283));
#514=IFCINDEXEDPOLYGONALFACE((304,305,283));
#515=IFCINDEXEDPOLYGONALFACE((154,283,305));
#516=IFCINDEXEDPOLYGONALFACE((285,260,306));
#517=IFCINDEXEDPOLYGONALFACE((285,307,222));
#518=IFCINDEXEDPOLYGONALFACE((131,286,261));
#519=IFCINDEXEDPOLYGONALFACE((261,308,177));
#520=IFCINDEXEDPOLYGONALFACE((177,308,239));
#521=IFCINDEXEDPOLYGONALFACE((263,309,196));
#522=IFCINDEXEDPOLYGONALFACE((196,309,241));
#523=IFCINDEXEDPOLYGONALFACE((288,264,287));
#524=IFCINDEXEDPOLYGONALFACE((289,266,265));
#525=IFCINDEXEDPOLYGONALFACE((266,199,265));
#526=IFCINDEXEDPOLYGONALFACE((266,310,246));
#527=IFCINDEXEDPOLYGONALFACE((310,290,246));
#528=IFCINDEXEDPOLYGONALFACE((290,311,228));
#529=IFCINDEXEDPOLYGONALFACE((247,228,311));
#530=IFCINDEXEDPOLYGONALFACE((291,247,311));
#531=IFCINDEXEDPOLYGONALFACE((312,163,291));
#532=IFCINDEXEDPOLYGONALFACE((313,267,312));
#533=IFCINDEXEDPOLYGONALFACE((267,163,312));
#534=IFCINDEXEDPOLYGONALFACE((313,292,267));
#535=IFCINDEXEDPOLYGONALFACE((293,292,314));
#536=IFCINDEXEDPOLYGONALFACE((314,315,293));
#537=IFCINDEXEDPOLYGONALFACE((293,315,268));
#538=IFCINDEXEDPOLYGONALFACE((206,316,270));
#539=IFCINDEXEDPOLYGONALFACE((231,254,296));
#540=IFCINDEXEDPOLYGONALFACE((272,317,297));
#541=IFCINDEXEDPOLYGONALFACE((273,318,234));
#542=IFCINDEXEDPOLYGONALFACE((255,234,319));
#543=IFCINDEXEDPOLYGONALFACE((274,298,235));
#544=IFCINDEXEDPOLYGONALFACE((275,236,299));
#545=IFCINDEXEDPOLYGONALFACE((170,277,320));
#546=IFCINDEXEDPOLYGONALFACE((321,213,257));
#547=IFCINDEXEDPOLYGONALFACE((278,214,213));
#548=IFCINDEXEDPOLYGONALFACE((279,258,322));
#549=IFCINDEXEDPOLYGONALFACE((323,280,301));
#550=IFCINDEXEDPOLYGONALFACE((303,324,259));
#551=IFCINDEXEDPOLYGONALFACE((281,259,324));
#552=IFCINDEXEDPOLYGONALFACE((324,325,281));
#553=IFCINDEXEDPOLYGONALFACE((304,282,325));
#554=IFCINDEXEDPOLYGONALFACE((281,325,282));
#555=IFCINDEXEDPOLYGONALFACE((305,284,154));
#556=IFCINDEXEDPOLYGONALFACE((284,326,176));
#557=IFCINDEXEDPOLYGONALFACE((176,326,260));
#558=IFCINDEXEDPOLYGONALFACE((306,260,326));
#559=IFCINDEXEDPOLYGONALFACE((327,285,306));
#560=IFCINDEXEDPOLYGONALFACE((307,285,327));
#561=IFCINDEXEDPOLYGONALFACE((239,328,156));
#562=IFCINDEXEDPOLYGONALFACE((328,262,156));
#563=IFCINDEXEDPOLYGONALFACE((329,241,309));
#564=IFCINDEXEDPOLYGONALFACE((287,241,329));
#565=IFCINDEXEDPOLYGONALFACE((287,329,288));
#566=IFCINDEXEDPOLYGONALFACE((288,329,330));
#567=IFCINDEXEDPOLYGONALFACE((288,330,289));
#568=IFCINDEXEDPOLYGONALFACE((331,266,289));
#569=IFCINDEXEDPOLYGONALFACE((290,310,332));
#570=IFCINDEXEDPOLYGONALFACE((333,290,332));
#571=IFCINDEXEDPOLYGONALFACE((334,290,333));
#572=IFCINDEXEDPOLYGONALFACE((311,290,334));
#573=IFCINDEXEDPOLYGONALFACE((335,336,311));
#574=IFCINDEXEDPOLYGONALFACE((311,336,291));
#575=IFCINDEXEDPOLYGONALFACE((313,337,292));
#576=IFCINDEXEDPOLYGONALFACE((338,292,337));
#577=IFCINDEXEDPOLYGONALFACE((338,314,292));
#578=IFCINDEXEDPOLYGONALFACE((339,269,268));
#579=IFCINDEXEDPOLYGONALFACE((340,269,339));
#580=IFCINDEXEDPOLYGONALFACE((205,269,340));
#581=IFCINDEXEDPOLYGONALFACE((253,341,206));
#582=IFCINDEXEDPOLYGONALFACE((316,206,341));
#583=IFCINDEXEDPOLYGONALFACE((271,270,342));
#584=IFCINDEXEDPOLYGONALFACE((270,316,342));
#585=IFCINDEXEDPOLYGONALFACE((271,342,294));
#586=IFCINDEXEDPOLYGONALFACE((343,294,342));
#587=IFCINDEXEDPOLYGONALFACE((254,294,343));
#588=IFCINDEXEDPOLYGONALFACE((343,296,254));
#589=IFCINDEXEDPOLYGONALFACE((344,295,296));
#590=IFCINDEXEDPOLYGONALFACE((345,346,295));
#591=IFCINDEXEDPOLYGONALFACE((272,295,346));
#592=IFCINDEXEDPOLYGONALFACE((346,317,272));
#593=IFCINDEXEDPOLYGONALFACE((347,297,317));
#594=IFCINDEXEDPOLYGONALFACE((297,347,273));
#595=IFCINDEXEDPOLYGONALFACE((348,318,273));
#596=IFCINDEXEDPOLYGONALFACE((349,234,318));
#597=IFCINDEXEDPOLYGONALFACE((234,349,319));
#598=IFCINDEXEDPOLYGONALFACE((65,237,350));
#599=IFCINDEXEDPOLYGONALFACE((257,351,321));
#600=IFCINDEXEDPOLYGONALFACE((278,352,300));
#601=IFCINDEXEDPOLYGONALFACE((258,300,322));
#602=IFCINDEXEDPOLYGONALFACE((322,353,279));
#603=IFCINDEXEDPOLYGONALFACE((301,279,354));
#604=IFCINDEXEDPOLYGONALFACE((303,302,355));
#605=IFCINDEXEDPOLYGONALFACE((356,304,325));
#606=IFCINDEXEDPOLYGONALFACE((305,304,356));
#607=IFCINDEXEDPOLYGONALFACE((307,223,222));
#608=IFCINDEXEDPOLYGONALFACE((357,308,261));
#609=IFCINDEXEDPOLYGONALFACE((358,262,328));
#610=IFCINDEXEDPOLYGONALFACE((359,240,224));
#611=IFCINDEXEDPOLYGONALFACE((225,240,360));
#612=IFCINDEXEDPOLYGONALFACE((225,360,263));
#613=IFCINDEXEDPOLYGONALFACE((289,330,331));
#614=IFCINDEXEDPOLYGONALFACE((310,266,361));
#615=IFCINDEXEDPOLYGONALFACE((310,361,332));
#616=IFCINDEXEDPOLYGONALFACE((362,311,334));
#617=IFCINDEXEDPOLYGONALFACE((311,362,335));
#618=IFCINDEXEDPOLYGONALFACE((363,313,312));
#619=IFCINDEXEDPOLYGONALFACE((363,337,313));
#620=IFCINDEXEDPOLYGONALFACE((268,315,364));
#621=IFCINDEXEDPOLYGONALFACE((348,273,347));
#622=IFCINDEXEDPOLYGONALFACE((255,319,211));
#623=IFCINDEXEDPOLYGONALFACE((298,365,256));
#624=IFCINDEXEDPOLYGONALFACE((299,256,365));
#625=IFCINDEXEDPOLYGONALFACE((212,237,93));
#626=IFCINDEXEDPOLYGONALFACE((320,277,366));
#627=IFCINDEXEDPOLYGONALFACE((170,320,257));
#628=IFCINDEXEDPOLYGONALFACE((213,321,278));
#629=IFCINDEXEDPOLYGONALFACE((367,300,352));
#630=IFCINDEXEDPOLYGONALFACE((354,279,353));
#631=IFCINDEXEDPOLYGONALFACE((354,368,301));
#632=IFCINDEXEDPOLYGONALFACE((302,369,355));
#633=IFCINDEXEDPOLYGONALFACE((355,370,303));
#634=IFCINDEXEDPOLYGONALFACE((324,303,370));
#635=IFCINDEXEDPOLYGONALFACE((324,370,325));
#636=IFCINDEXEDPOLYGONALFACE((325,370,356));
#637=IFCINDEXEDPOLYGONALFACE((305,356,371));
#638=IFCINDEXEDPOLYGONALFACE((371,372,305));
#639=IFCINDEXEDPOLYGONALFACE((372,284,305));
#640=IFCINDEXEDPOLYGONALFACE((327,373,307));
#641=IFCINDEXEDPOLYGONALFACE((307,373,223));
#642=IFCINDEXEDPOLYGONALFACE((373,286,223));
#643=IFCINDEXEDPOLYGONALFACE((261,374,357));
#644=IFCINDEXEDPOLYGONALFACE((357,239,308));
#645=IFCINDEXEDPOLYGONALFACE((358,359,262));
#646=IFCINDEXEDPOLYGONALFACE((359,224,262));
#647=IFCINDEXEDPOLYGONALFACE((240,359,375));
#648=IFCINDEXEDPOLYGONALFACE((376,263,360));
#649=IFCINDEXEDPOLYGONALFACE((263,376,309));
#650=IFCINDEXEDPOLYGONALFACE((330,329,377));
#651=IFCINDEXEDPOLYGONALFACE((361,266,331));
#652=IFCINDEXEDPOLYGONALFACE((378,332,361));
#653=IFCINDEXEDPOLYGONALFACE((379,333,332));
#654=IFCINDEXEDPOLYGONALFACE((380,334,333));
#655=IFCINDEXEDPOLYGONALFACE((362,381,335));
#656=IFCINDEXEDPOLYGONALFACE((336,335,381));
#657=IFCINDEXEDPOLYGONALFACE((291,336,382));
#658=IFCINDEXEDPOLYGONALFACE((312,291,382));
#659=IFCINDEXEDPOLYGONALFACE((383,338,337));
#660=IFCINDEXEDPOLYGONALFACE((314,338,383));
#661=IFCINDEXEDPOLYGONALFACE((314,383,315));
#662=IFCINDEXEDPOLYGONALFACE((315,383,384));
#663=IFCINDEXEDPOLYGONALFACE((364,315,384));
#664=IFCINDEXEDPOLYGONALFACE((339,268,364));
#665=IFCINDEXEDPOLYGONALFACE((385,205,340));
#666=IFCINDEXEDPOLYGONALFACE((253,205,341));
#667=IFCINDEXEDPOLYGONALFACE((385,341,205));
#668=IFCINDEXEDPOLYGONALFACE((341,386,316));
#669=IFCINDEXEDPOLYGONALFACE((386,343,316));
#670=IFCINDEXEDPOLYGONALFACE((342,316,343));
#671=IFCINDEXEDPOLYGONALFACE((344,296,343));
#672=IFCINDEXEDPOLYGONALFACE((295,344,387));
#673=IFCINDEXEDPOLYGONALFACE((345,295,387));
#674=IFCINDEXEDPOLYGONALFACE((345,387,346));
#675=IFCINDEXEDPOLYGONALFACE((388,347,346));
#676=IFCINDEXEDPOLYGONALFACE((317,346,347));
#677=IFCINDEXEDPOLYGONALFACE((388,348,347));
#678=IFCINDEXEDPOLYGONALFACE((389,349,318));
#679=IFCINDEXEDPOLYGONALFACE((349,389,319));
#680=IFCINDEXEDPOLYGONALFACE((319,390,211));
#681=IFCINDEXEDPOLYGONALFACE((211,390,391));
#682=IFCINDEXEDPOLYGONALFACE((169,211,391));
#683=IFCINDEXEDPOLYGONALFACE((392,148,87));
#684=IFCINDEXEDPOLYGONALFACE((274,148,392));
#685=IFCINDEXEDPOLYGONALFACE((393,298,274));
#686=IFCINDEXEDPOLYGONALFACE((365,298,393));
#687=IFCINDEXEDPOLYGONALFACE((212,276,394));
#688=IFCINDEXEDPOLYGONALFACE((350,237,212));
#689=IFCINDEXEDPOLYGONALFACE((351,257,320));
#690=IFCINDEXEDPOLYGONALFACE((321,352,278));
#691=IFCINDEXEDPOLYGONALFACE((367,322,300));
#692=IFCINDEXEDPOLYGONALFACE((322,395,353));
#693=IFCINDEXEDPOLYGONALFACE((395,396,353));
#694=IFCINDEXEDPOLYGONALFACE((397,354,396));
#695=IFCINDEXEDPOLYGONALFACE((353,396,354));
#696=IFCINDEXEDPOLYGONALFACE((398,301,368));
#697=IFCINDEXEDPOLYGONALFACE((301,398,323));
#698=IFCINDEXEDPOLYGONALFACE((355,369,399));
#699=IFCINDEXEDPOLYGONALFACE((370,355,399));
#700=IFCINDEXEDPOLYGONALFACE((370,371,356));
#701=IFCINDEXEDPOLYGONALFACE((400,357,374));
#702=IFCINDEXEDPOLYGONALFACE((239,357,328));
#703=IFCINDEXEDPOLYGONALFACE((328,357,400));
#704=IFCINDEXEDPOLYGONALFACE((375,360,240));
#705=IFCINDEXEDPOLYGONALFACE((401,377,329));
#706=IFCINDEXEDPOLYGONALFACE((402,330,377));
#707=IFCINDEXEDPOLYGONALFACE((403,331,402));
#708=IFCINDEXEDPOLYGONALFACE((330,402,331));
#709=IFCINDEXEDPOLYGONALFACE((331,404,361));
#710=IFCINDEXEDPOLYGONALFACE((405,361,404));
#711=IFCINDEXEDPOLYGONALFACE((332,378,406));
#712=IFCINDEXEDPOLYGONALFACE((406,379,332));
#713=IFCINDEXEDPOLYGONALFACE((333,379,380));
#714=IFCINDEXEDPOLYGONALFACE((334,380,407));
#715=IFCINDEXEDPOLYGONALFACE((334,407,362));
#716=IFCINDEXEDPOLYGONALFACE((381,382,336));
#717=IFCINDEXEDPOLYGONALFACE((337,363,383));
#718=IFCINDEXEDPOLYGONALFACE((383,363,384));
#719=IFCINDEXEDPOLYGONALFACE((339,385,340));
#720=IFCINDEXEDPOLYGONALFACE((408,343,386));
#721=IFCINDEXEDPOLYGONALFACE((343,408,344));
#722=IFCINDEXEDPOLYGONALFACE((387,344,408));
#723=IFCINDEXEDPOLYGONALFACE((387,388,346));
#724=IFCINDEXEDPOLYGONALFACE((348,388,409));
#725=IFCINDEXEDPOLYGONALFACE((348,409,318));
#726=IFCINDEXEDPOLYGONALFACE((389,410,319));
#727=IFCINDEXEDPOLYGONALFACE((319,410,390));
#728=IFCINDEXEDPOLYGONALFACE((87,169,392));
#729=IFCINDEXEDPOLYGONALFACE((393,274,392));
#730=IFCINDEXEDPOLYGONALFACE((277,65,350));
#731=IFCINDEXEDPOLYGONALFACE((350,411,277));
#732=IFCINDEXEDPOLYGONALFACE((366,277,411));
#733=IFCINDEXEDPOLYGONALFACE((320,412,351));
#734=IFCINDEXEDPOLYGONALFACE((321,413,352));
#735=IFCINDEXEDPOLYGONALFACE((395,322,414));
#736=IFCINDEXEDPOLYGONALFACE((414,397,395));
#737=IFCINDEXEDPOLYGONALFACE((395,397,396));
#738=IFCINDEXEDPOLYGONALFACE((415,399,416));
#739=IFCINDEXEDPOLYGONALFACE((399,415,370));
#740=IFCINDEXEDPOLYGONALFACE((415,417,370));
#741=IFCINDEXEDPOLYGONALFACE((371,370,417));
#742=IFCINDEXEDPOLYGONALFACE((418,371,417));
#743=IFCINDEXEDPOLYGONALFACE((371,418,372));
#744=IFCINDEXEDPOLYGONALFACE((419,284,372));
#745=IFCINDEXEDPOLYGONALFACE((326,420,306));
#746=IFCINDEXEDPOLYGONALFACE((306,420,327));
#747=IFCINDEXEDPOLYGONALFACE((374,261,286));
#748=IFCINDEXEDPOLYGONALFACE((421,358,328));
#749=IFCINDEXEDPOLYGONALFACE((309,376,422));
#750=IFCINDEXEDPOLYGONALFACE((423,309,422));
#751=IFCINDEXEDPOLYGONALFACE((424,329,309));
#752=IFCINDEXEDPOLYGONALFACE((424,401,329));
#753=IFCINDEXEDPOLYGONALFACE((377,401,425));
#754=IFCINDEXEDPOLYGONALFACE((331,403,404));
#755=IFCINDEXEDPOLYGONALFACE((378,361,426));
#756=IFCINDEXEDPOLYGONALFACE((405,426,361));
#757=IFCINDEXEDPOLYGONALFACE((378,426,406));
#758=IFCINDEXEDPOLYGONALFACE((380,427,407));
#759=IFCINDEXEDPOLYGONALFACE((362,407,428));
#760=IFCINDEXEDPOLYGONALFACE((428,381,362));
#761=IFCINDEXEDPOLYGONALFACE((363,312,429));
#762=IFCINDEXEDPOLYGONALFACE((384,363,430));
#763=IFCINDEXEDPOLYGONALFACE((429,430,363));
#764=IFCINDEXEDPOLYGONALFACE((384,430,364));
#765=IFCINDEXEDPOLYGONALFACE((385,339,431));
#766=IFCINDEXEDPOLYGONALFACE((341,432,386));
#767=IFCINDEXEDPOLYGONALFACE((386,433,408));
#768=IFCINDEXEDPOLYGONALFACE((387,408,434));
#769=IFCINDEXEDPOLYGONALFACE((409,389,318));
#770=IFCINDEXEDPOLYGONALFACE((435,393,392));
#771=IFCINDEXEDPOLYGONALFACE((435,365,393));
#772=IFCINDEXEDPOLYGONALFACE((299,365,436));
#773=IFCINDEXEDPOLYGONALFACE((90,275,276));
#774=IFCINDEXEDPOLYGONALFACE((413,321,351));
#775=IFCINDEXEDPOLYGONALFACE((352,413,367));
#776=IFCINDEXEDPOLYGONALFACE((367,437,322));
#777=IFCINDEXEDPOLYGONALFACE((437,438,322));
#778=IFCINDEXEDPOLYGONALFACE((438,414,322));
#779=IFCINDEXEDPOLYGONALFACE((414,439,397));
#780=IFCINDEXEDPOLYGONALFACE((354,397,439));
#781=IFCINDEXEDPOLYGONALFACE((368,354,439));
#782=IFCINDEXEDPOLYGONALFACE((416,399,369));
#783=IFCINDEXEDPOLYGONALFACE((416,417,415));
#784=IFCINDEXEDPOLYGONALFACE((417,440,418));
#785=IFCINDEXEDPOLYGONALFACE((440,441,418));
#786=IFCINDEXEDPOLYGONALFACE((442,418,441));
#787=IFCINDEXEDPOLYGONALFACE((418,442,372));
#788=IFCINDEXEDPOLYGONALFACE((284,419,326));
#789=IFCINDEXEDPOLYGONALFACE((373,327,420));
#790=IFCINDEXEDPOLYGONALFACE((286,373,443));
#791=IFCINDEXEDPOLYGONALFACE((443,444,286));
#792=IFCINDEXEDPOLYGONALFACE((374,286,444));
#793=IFCINDEXEDPOLYGONALFACE((359,358,445));
#794=IFCINDEXEDPOLYGONALFACE((424,309,423));
#795=IFCINDEXEDPOLYGONALFACE((402,377,425));
#796=IFCINDEXEDPOLYGONALFACE((403,402,446));
#797=IFCINDEXEDPOLYGONALFACE((425,446,402));
#798=IFCINDEXEDPOLYGONALFACE((403,446,404));
#799=IFCINDEXEDPOLYGONALFACE((447,379,406));
#800=IFCINDEXEDPOLYGONALFACE((427,428,407));
#801=IFCINDEXEDPOLYGONALFACE((428,382,381));
#802=IFCINDEXEDPOLYGONALFACE((387,434,448));
#803=IFCINDEXEDPOLYGONALFACE((387,448,388));
#804=IFCINDEXEDPOLYGONALFACE((449,388,448));
#805=IFCINDEXEDPOLYGONALFACE((449,450,388));
#806=IFCINDEXEDPOLYGONALFACE((450,409,388));
#807=IFCINDEXEDPOLYGONALFACE((409,451,389));
#808=IFCINDEXEDPOLYGONALFACE((451,410,389));
#809=IFCINDEXEDPOLYGONALFACE((411,452,366));
#810=IFCINDEXEDPOLYGONALFACE((320,366,452));
#811=IFCINDEXEDPOLYGONALFACE((453,351,454));
#812=IFCINDEXEDPOLYGONALFACE((351,453,413));
#813=IFCINDEXEDPOLYGONALFACE((413,455,367));
#814=IFCINDEXEDPOLYGONALFACE((455,456,367));
#815=IFCINDEXEDPOLYGONALFACE((437,367,456));
#816=IFCINDEXEDPOLYGONALFACE((416,369,457));
#817=IFCINDEXEDPOLYGONALFACE((458,416,457));
#818=IFCINDEXEDPOLYGONALFACE((416,458,417));
#819=IFCINDEXEDPOLYGONALFACE((458,440,417));
#820=IFCINDEXEDPOLYGONALFACE((326,419,420));
#821=IFCINDEXEDPOLYGONALFACE((459,374,444));
#822=IFCINDEXEDPOLYGONALFACE((400,374,460));
#823=IFCINDEXEDPOLYGONALFACE((400,460,328));
#824=IFCINDEXEDPOLYGONALFACE((460,421,328));
#825=IFCINDEXEDPOLYGONALFACE((461,359,445));
#826=IFCINDEXEDPOLYGONALFACE((461,375,359));
#827=IFCINDEXEDPOLYGONALFACE((376,360,422));
#828=IFCINDEXEDPOLYGONALFACE((422,462,423));
#829=IFCINDEXEDPOLYGONALFACE((462,424,423));
#830=IFCINDEXEDPOLYGONALFACE((463,401,424));
#831=IFCINDEXEDPOLYGONALFACE((425,401,463));
#832=IFCINDEXEDPOLYGONALFACE((463,464,425));
#833=IFCINDEXEDPOLYGONALFACE((425,464,446));
#834=IFCINDEXEDPOLYGONALFACE((405,465,426));
#835=IFCINDEXEDPOLYGONALFACE((406,426,447));
#836=IFCINDEXEDPOLYGONALFACE((447,466,379));
#837=IFCINDEXEDPOLYGONALFACE((380,379,466));
#838=IFCINDEXEDPOLYGONALFACE((466,427,380));
#839=IFCINDEXEDPOLYGONALFACE((430,429,467));
#840=IFCINDEXEDPOLYGONALFACE((467,468,430));
#841=IFCINDEXEDPOLYGONALFACE((469,364,430));
#842=IFCINDEXEDPOLYGONALFACE((364,469,339));
#843=IFCINDEXEDPOLYGONALFACE((469,431,339));
#844=IFCINDEXEDPOLYGONALFACE((470,385,431));
#845=IFCINDEXEDPOLYGONALFACE((386,432,471));
#846=IFCINDEXEDPOLYGONALFACE((433,472,408));
#847=IFCINDEXEDPOLYGONALFACE((472,434,408));
#848=IFCINDEXEDPOLYGONALFACE((409,473,451));
#849=IFCINDEXEDPOLYGONALFACE((474,410,451));
#850=IFCINDEXEDPOLYGONALFACE((475,410,474));
#851=IFCINDEXEDPOLYGONALFACE((390,410,475));
#852=IFCINDEXEDPOLYGONALFACE((476,435,392));
#853=IFCINDEXEDPOLYGONALFACE((477,365,435));
#854=IFCINDEXEDPOLYGONALFACE((394,276,478));
#855=IFCINDEXEDPOLYGONALFACE((453,455,413));
#856=IFCINDEXEDPOLYGONALFACE((456,438,437));
#857=IFCINDEXEDPOLYGONALFACE((438,479,414));
#858=IFCINDEXEDPOLYGONALFACE((414,479,439));
#859=IFCINDEXEDPOLYGONALFACE((480,481,439));
#860=IFCINDEXEDPOLYGONALFACE((398,368,482));
#861=IFCINDEXEDPOLYGONALFACE((369,483,457));
#862=IFCINDEXEDPOLYGONALFACE((372,442,419));
#863=IFCINDEXEDPOLYGONALFACE((484,420,419));
#864=IFCINDEXEDPOLYGONALFACE((443,373,420));
#865=IFCINDEXEDPOLYGONALFACE((445,358,421));
#866=IFCINDEXEDPOLYGONALFACE((485,422,360));
#867=IFCINDEXEDPOLYGONALFACE((486,446,464));
#868=IFCINDEXEDPOLYGONALFACE((446,486,404));
#869=IFCINDEXEDPOLYGONALFACE((487,404,486));
#870=IFCINDEXEDPOLYGONALFACE((404,487,405));
#871=IFCINDEXEDPOLYGONALFACE((487,465,405));
#872=IFCINDEXEDPOLYGONALFACE((447,426,465));
#873=IFCINDEXEDPOLYGONALFACE((488,427,466));
#874=IFCINDEXEDPOLYGONALFACE((427,488,428));
#875=IFCINDEXEDPOLYGONALFACE((312,382,429));
#876=IFCINDEXEDPOLYGONALFACE((429,382,467));
#877=IFCINDEXEDPOLYGONALFACE((468,489,430));
#878=IFCINDEXEDPOLYGONALFACE((469,430,489));
#879=IFCINDEXEDPOLYGONALFACE((341,385,490));
#880=IFCINDEXEDPOLYGONALFACE((341,490,432));
#881=IFCINDEXEDPOLYGONALFACE((432,490,471));
#882=IFCINDEXEDPOLYGONALFACE((433,386,471));
#883=IFCINDEXEDPOLYGONALFACE((491,434,472));
#884=IFCINDEXEDPOLYGONALFACE((492,448,434));
#885=IFCINDEXEDPOLYGONALFACE((448,492,449));
#886=IFCINDEXEDPOLYGONALFACE((473,409,450));
#887=IFCINDEXEDPOLYGONALFACE((493,390,475));
#888=IFCINDEXEDPOLYGONALFACE((391,390,493));
#889=IFCINDEXEDPOLYGONALFACE((494,435,476));
#890=IFCINDEXEDPOLYGONALFACE((494,477,435));
#891=IFCINDEXEDPOLYGONALFACE((436,495,299));
#892=IFCINDEXEDPOLYGONALFACE((275,299,495));
#893=IFCINDEXEDPOLYGONALFACE((496,350,212));
#894=IFCINDEXEDPOLYGONALFACE((411,497,452));
#895=IFCINDEXEDPOLYGONALFACE((320,452,412));
#896=IFCINDEXEDPOLYGONALFACE((412,454,351));
#897=IFCINDEXEDPOLYGONALFACE((498,455,453));
#898=IFCINDEXEDPOLYGONALFACE((455,498,456));
#899=IFCINDEXEDPOLYGONALFACE((456,499,438));
#900=IFCINDEXEDPOLYGONALFACE((480,439,479));
#901=IFCINDEXEDPOLYGONALFACE((481,368,439));
#902=IFCINDEXEDPOLYGONALFACE((500,457,483));
#903=IFCINDEXEDPOLYGONALFACE((457,500,458));
#904=IFCINDEXEDPOLYGONALFACE((440,458,501));
#905=IFCINDEXEDPOLYGONALFACE((500,501,458));
#906=IFCINDEXEDPOLYGONALFACE((441,440,501));
#907=IFCINDEXEDPOLYGONALFACE((501,442,441));
#908=IFCINDEXEDPOLYGONALFACE((443,420,484));
#909=IFCINDEXEDPOLYGONALFACE((444,443,502));
#910=IFCINDEXEDPOLYGONALFACE((374,459,460));
#911=IFCINDEXEDPOLYGONALFACE((503,461,504));
#912=IFCINDEXEDPOLYGONALFACE((504,461,445));
#913=IFCINDEXEDPOLYGONALFACE((503,505,461));
#914=IFCINDEXEDPOLYGONALFACE((506,375,505));
#915=IFCINDEXEDPOLYGONALFACE((461,505,375));
#916=IFCINDEXEDPOLYGONALFACE((375,506,507));
#917=IFCINDEXEDPOLYGONALFACE((485,462,422));
#918=IFCINDEXEDPOLYGONALFACE((462,508,424));
#919=IFCINDEXEDPOLYGONALFACE((424,508,463));
#920=IFCINDEXEDPOLYGONALFACE((509,447,465));
#921=IFCINDEXEDPOLYGONALFACE((447,510,466));
#922=IFCINDEXEDPOLYGONALFACE((511,428,488));
#923=IFCINDEXEDPOLYGONALFACE((382,428,512));
#924=IFCINDEXEDPOLYGONALFACE((469,513,431));
#925=IFCINDEXEDPOLYGONALFACE((385,470,490));
#926=IFCINDEXEDPOLYGONALFACE((514,471,490));
#927=IFCINDEXEDPOLYGONALFACE((515,472,433));
#928=IFCINDEXEDPOLYGONALFACE((516,491,472));
#929=IFCINDEXEDPOLYGONALFACE((473,517,451));
#930=IFCINDEXEDPOLYGONALFACE((517,518,451));
#931=IFCINDEXEDPOLYGONALFACE((474,451,518));
#932=IFCINDEXEDPOLYGONALFACE((474,518,475));
#933=IFCINDEXEDPOLYGONALFACE((518,519,475));
#934=IFCINDEXEDPOLYGONALFACE((394,520,212));
#935=IFCINDEXEDPOLYGONALFACE((520,496,212));
#936=IFCINDEXEDPOLYGONALFACE((454,521,453));
#937=IFCINDEXEDPOLYGONALFACE((456,498,499));
#938=IFCINDEXEDPOLYGONALFACE((522,438,499));
#939=IFCINDEXEDPOLYGONALFACE((438,522,479));
#940=IFCINDEXEDPOLYGONALFACE((481,482,368));
#941=IFCINDEXEDPOLYGONALFACE((483,523,500));
#942=IFCINDEXEDPOLYGONALFACE((524,445,421));
#943=IFCINDEXEDPOLYGONALFACE((525,445,524));
#944=IFCINDEXEDPOLYGONALFACE((526,445,525));
#945=IFCINDEXEDPOLYGONALFACE((527,504,526));
#946=IFCINDEXEDPOLYGONALFACE((504,445,526));
#947=IFCINDEXEDPOLYGONALFACE((528,503,527));
#948=IFCINDEXEDPOLYGONALFACE((504,527,503));
#949=IFCINDEXEDPOLYGONALFACE((528,529,503));
#950=IFCINDEXEDPOLYGONALFACE((505,503,529));
#951=IFCINDEXEDPOLYGONALFACE((529,506,505));
#952=IFCINDEXEDPOLYGONALFACE((530,375,507));
#953=IFCINDEXEDPOLYGONALFACE((360,375,530));
#954=IFCINDEXEDPOLYGONALFACE((531,463,508));
#955=IFCINDEXEDPOLYGONALFACE((464,463,531));
#956=IFCINDEXEDPOLYGONALFACE((464,531,486));
#957=IFCINDEXEDPOLYGONALFACE((532,487,533));
#958=IFCINDEXEDPOLYGONALFACE((487,532,465));
#959=IFCINDEXEDPOLYGONALFACE((534,465,532));
#960=IFCINDEXEDPOLYGONALFACE((509,465,534));
#961=IFCINDEXEDPOLYGONALFACE((447,509,535));
#962=IFCINDEXEDPOLYGONALFACE((447,535,510));
#963=IFCINDEXEDPOLYGONALFACE((510,536,466));
#964=IFCINDEXEDPOLYGONALFACE((536,537,466));
#965=IFCINDEXEDPOLYGONALFACE((466,537,488));
#966=IFCINDEXEDPOLYGONALFACE((511,488,537));
#967=IFCINDEXEDPOLYGONALFACE((428,511,512));
#968=IFCINDEXEDPOLYGONALFACE((467,538,468));
#969=IFCINDEXEDPOLYGONALFACE((468,538,489));
#970=IFCINDEXEDPOLYGONALFACE((469,489,513));
#971=IFCINDEXEDPOLYGONALFACE((515,471,514));
#972=IFCINDEXEDPOLYGONALFACE((471,515,433));
#973=IFCINDEXEDPOLYGONALFACE((472,515,516));
#974=IFCINDEXEDPOLYGONALFACE((539,491,516));
#975=IFCINDEXEDPOLYGONALFACE((491,539,434));
#976=IFCINDEXEDPOLYGONALFACE((492,434,540));
#977=IFCINDEXEDPOLYGONALFACE((539,540,434));
#978=IFCINDEXEDPOLYGONALFACE((492,540,449));
#979=IFCINDEXEDPOLYGONALFACE((540,541,449));
#980=IFCINDEXEDPOLYGONALFACE((449,541,450));
#981=IFCINDEXEDPOLYGONALFACE((542,450,541));
#982=IFCINDEXEDPOLYGONALFACE((473,450,542));
#983=IFCINDEXEDPOLYGONALFACE((473,542,517));
#984=IFCINDEXEDPOLYGONALFACE((518,517,542));
#985=IFCINDEXEDPOLYGONALFACE((519,543,475));
#986=IFCINDEXEDPOLYGONALFACE((493,475,543));
#987=IFCINDEXEDPOLYGONALFACE((544,545,476));
#988=IFCINDEXEDPOLYGONALFACE((476,545,494));
#989=IFCINDEXEDPOLYGONALFACE((477,546,365));
#990=IFCINDEXEDPOLYGONALFACE((365,546,436));
#991=IFCINDEXEDPOLYGONALFACE((411,350,496));
#992=IFCINDEXEDPOLYGONALFACE((411,496,497));
#993=IFCINDEXEDPOLYGONALFACE((499,498,547));
#994=IFCINDEXEDPOLYGONALFACE((479,548,480));
#995=IFCINDEXEDPOLYGONALFACE((481,480,548));
#996=IFCINDEXEDPOLYGONALFACE((549,500,523));
#997=IFCINDEXEDPOLYGONALFACE((550,500,549));
#998=IFCINDEXEDPOLYGONALFACE((500,550,501));
#999=IFCINDEXEDPOLYGONALFACE((551,501,550));
#1000=IFCINDEXEDPOLYGONALFACE((501,551,442));
#1001=IFCINDEXEDPOLYGONALFACE((442,551,419));
#1002=IFCINDEXEDPOLYGONALFACE((484,552,443));
#1003=IFCINDEXEDPOLYGONALFACE((553,443,552));
#1004=IFCINDEXEDPOLYGONALFACE((502,554,444));
#1005=IFCINDEXEDPOLYGONALFACE((444,554,459));
#1006=IFCINDEXEDPOLYGONALFACE((460,459,555));
#1007=IFCINDEXEDPOLYGONALFACE((524,421,460));
#1008=IFCINDEXEDPOLYGONALFACE((556,527,526));
#1009=IFCINDEXEDPOLYGONALFACE((527,556,528));
#1010=IFCINDEXEDPOLYGONALFACE((528,556,557));
#1011=IFCINDEXEDPOLYGONALFACE((558,529,557));
#1012=IFCINDEXEDPOLYGONALFACE((528,557,529));
#1013=IFCINDEXEDPOLYGONALFACE((529,558,506));
#1014=IFCINDEXEDPOLYGONALFACE((507,506,558));
#1015=IFCINDEXEDPOLYGONALFACE((462,485,559));
#1016=IFCINDEXEDPOLYGONALFACE((531,487,486));
#1017=IFCINDEXEDPOLYGONALFACE((536,510,535));
#1018=IFCINDEXEDPOLYGONALFACE((560,467,382));
#1019=IFCINDEXEDPOLYGONALFACE((560,538,467));
#1020=IFCINDEXEDPOLYGONALFACE((489,538,513));
#1021=IFCINDEXEDPOLYGONALFACE((431,513,470));
#1022=IFCINDEXEDPOLYGONALFACE((515,514,561));
#1023=IFCINDEXEDPOLYGONALFACE((561,562,515));
#1024=IFCINDEXEDPOLYGONALFACE((562,563,515));
#1025=IFCINDEXEDPOLYGONALFACE((516,515,563));
#1026=IFCINDEXEDPOLYGONALFACE((540,539,516));
#1027=IFCINDEXEDPOLYGONALFACE((542,564,518));
#1028=IFCINDEXEDPOLYGONALFACE((565,519,518));
#1029=IFCINDEXEDPOLYGONALFACE((519,566,543));
#1030=IFCINDEXEDPOLYGONALFACE((493,543,391));
#1031=IFCINDEXEDPOLYGONALFACE((494,546,477));
#1032=IFCINDEXEDPOLYGONALFACE((452,454,412));
#1033=IFCINDEXEDPOLYGONALFACE((521,454,567));
#1034=IFCINDEXEDPOLYGONALFACE((521,568,453));
#1035=IFCINDEXEDPOLYGONALFACE((453,568,498));
#1036=IFCINDEXEDPOLYGONALFACE((568,547,498));
#1037=IFCINDEXEDPOLYGONALFACE((569,547,570));
#1038=IFCINDEXEDPOLYGONALFACE((547,569,499));
#1039=IFCINDEXEDPOLYGONALFACE((499,569,522));
#1040=IFCINDEXEDPOLYGONALFACE((571,572,522));
#1041=IFCINDEXEDPOLYGONALFACE((479,522,572));
#1042=IFCINDEXEDPOLYGONALFACE((573,482,481));
#1043=IFCINDEXEDPOLYGONALFACE((549,574,550));
#1044=IFCINDEXEDPOLYGONALFACE((443,553,502));
#1045=IFCINDEXEDPOLYGONALFACE((555,459,554));
#1046=IFCINDEXEDPOLYGONALFACE((524,460,575));
#1047=IFCINDEXEDPOLYGONALFACE((576,526,525));
#1048=IFCINDEXEDPOLYGONALFACE((576,556,526));
#1049=IFCINDEXEDPOLYGONALFACE((577,558,557));
#1050=IFCINDEXEDPOLYGONALFACE((558,577,507));
#1051=IFCINDEXEDPOLYGONALFACE((530,507,578));
#1052=IFCINDEXEDPOLYGONALFACE((360,530,485));
#1053=IFCINDEXEDPOLYGONALFACE((559,485,530));
#1054=IFCINDEXEDPOLYGONALFACE((559,508,462));
#1055=IFCINDEXEDPOLYGONALFACE((531,508,579));
#1056=IFCINDEXEDPOLYGONALFACE((531,533,487));
#1057=IFCINDEXEDPOLYGONALFACE((580,534,532));
#1058=IFCINDEXEDPOLYGONALFACE((534,580,509));
#1059=IFCINDEXEDPOLYGONALFACE((581,535,580));
#1060=IFCINDEXEDPOLYGONALFACE((509,580,535));
#1061=IFCINDEXEDPOLYGONALFACE((535,581,536));
#1062=IFCINDEXEDPOLYGONALFACE((582,511,537));
#1063=IFCINDEXEDPOLYGONALFACE((583,538,560));
#1064=IFCINDEXEDPOLYGONALFACE((470,513,584));
#1065=IFCINDEXEDPOLYGONALFACE((585,514,490));
#1066=IFCINDEXEDPOLYGONALFACE((586,514,585));
#1067=IFCINDEXEDPOLYGONALFACE((561,514,586));
#1068=IFCINDEXEDPOLYGONALFACE((587,561,586));
#1069=IFCINDEXEDPOLYGONALFACE((562,561,587));
#1070=IFCINDEXEDPOLYGONALFACE((588,562,587));
#1071=IFCINDEXEDPOLYGONALFACE((563,562,588));
#1072=IFCINDEXEDPOLYGONALFACE((516,563,589));
#1073=IFCINDEXEDPOLYGONALFACE((540,516,590));
#1074=IFCINDEXEDPOLYGONALFACE((516,589,590));
#1075=IFCINDEXEDPOLYGONALFACE((591,592,540));
#1076=IFCINDEXEDPOLYGONALFACE((540,592,541));
#1077=IFCINDEXEDPOLYGONALFACE((564,542,541));
#1078=IFCINDEXEDPOLYGONALFACE((565,518,564));
#1079=IFCINDEXEDPOLYGONALFACE((519,565,566));
#1080=IFCINDEXEDPOLYGONALFACE((391,543,566));
#1081=IFCINDEXEDPOLYGONALFACE((593,392,169));
#1082=IFCINDEXEDPOLYGONALFACE((594,476,392));
#1083=IFCINDEXEDPOLYGONALFACE((544,476,594));
#1084=IFCINDEXEDPOLYGONALFACE((494,545,595));
#1085=IFCINDEXEDPOLYGONALFACE((595,495,494));
#1086=IFCINDEXEDPOLYGONALFACE((495,546,494));
#1087=IFCINDEXEDPOLYGONALFACE((452,596,454));
#1088=IFCINDEXEDPOLYGONALFACE((454,596,567));
#1089=IFCINDEXEDPOLYGONALFACE((568,597,547));
#1090=IFCINDEXEDPOLYGONALFACE((570,547,597));
#1091=IFCINDEXEDPOLYGONALFACE((571,522,569));
#1092=IFCINDEXEDPOLYGONALFACE((479,572,598));
#1093=IFCINDEXEDPOLYGONALFACE((479,598,548));
#1094=IFCINDEXEDPOLYGONALFACE((548,573,481));
#1095=IFCINDEXEDPOLYGONALFACE((599,549,600));
#1096=IFCINDEXEDPOLYGONALFACE((574,549,599));
#1097=IFCINDEXEDPOLYGONALFACE((601,550,574));
#1098=IFCINDEXEDPOLYGONALFACE((550,601,551));
#1099=IFCINDEXEDPOLYGONALFACE((551,602,419));
#1100=IFCINDEXEDPOLYGONALFACE((603,553,552));
#1101=IFCINDEXEDPOLYGONALFACE((502,604,554));
#1102=IFCINDEXEDPOLYGONALFACE((460,555,575));
#1103=IFCINDEXEDPOLYGONALFACE((575,605,524));
#1104=IFCINDEXEDPOLYGONALFACE((605,525,524));
#1105=IFCINDEXEDPOLYGONALFACE((606,556,576));
#1106=IFCINDEXEDPOLYGONALFACE((556,606,557));
#1107=IFCINDEXEDPOLYGONALFACE((607,557,606));
#1108=IFCINDEXEDPOLYGONALFACE((608,577,607));
#1109=IFCINDEXEDPOLYGONALFACE((557,607,577));
#1110=IFCINDEXEDPOLYGONALFACE((577,608,507));
#1111=IFCINDEXEDPOLYGONALFACE((578,507,608));
#1112=IFCINDEXEDPOLYGONALFACE((609,559,530));
#1113=IFCINDEXEDPOLYGONALFACE((610,508,559));
#1114=IFCINDEXEDPOLYGONALFACE((508,610,579));
#1115=IFCINDEXEDPOLYGONALFACE((531,579,611));
#1116=IFCINDEXEDPOLYGONALFACE((531,611,533));
#1117=IFCINDEXEDPOLYGONALFACE((612,533,611));
#1118=IFCINDEXEDPOLYGONALFACE((612,532,533));
#1119=IFCINDEXEDPOLYGONALFACE((537,536,613));
#1120=IFCINDEXEDPOLYGONALFACE((536,614,613));
#1121=IFCINDEXEDPOLYGONALFACE((511,582,512));
#1122=IFCINDEXEDPOLYGONALFACE((382,512,615));
#1123=IFCINDEXEDPOLYGONALFACE((382,615,560));
#1124=IFCINDEXEDPOLYGONALFACE((538,583,616));
#1125=IFCINDEXEDPOLYGONALFACE((617,513,616));
#1126=IFCINDEXEDPOLYGONALFACE((538,616,513));
#1127=IFCINDEXEDPOLYGONALFACE((513,617,584));
#1128=IFCINDEXEDPOLYGONALFACE((618,584,617));
#1129=IFCINDEXEDPOLYGONALFACE((587,586,585));
#1130=IFCINDEXEDPOLYGONALFACE((563,588,619));
#1131=IFCINDEXEDPOLYGONALFACE((591,540,590));
#1132=IFCINDEXEDPOLYGONALFACE((541,592,620));
#1133=IFCINDEXEDPOLYGONALFACE((620,621,541));
#1134=IFCINDEXEDPOLYGONALFACE((621,564,541));
#1135=IFCINDEXEDPOLYGONALFACE((622,564,621));
#1136=IFCINDEXEDPOLYGONALFACE((622,623,564));
#1137=IFCINDEXEDPOLYGONALFACE((565,564,623));
#1138=IFCINDEXEDPOLYGONALFACE((623,624,565));
#1139=IFCINDEXEDPOLYGONALFACE((625,566,565));
#1140=IFCINDEXEDPOLYGONALFACE((566,626,391));
#1141=IFCINDEXEDPOLYGONALFACE((391,626,169));
#1142=IFCINDEXEDPOLYGONALFACE((392,593,594));
#1143=IFCINDEXEDPOLYGONALFACE((545,544,595));
#1144=IFCINDEXEDPOLYGONALFACE((594,595,544));
#1145=IFCINDEXEDPOLYGONALFACE((568,521,567));
#1146=IFCINDEXEDPOLYGONALFACE((548,598,627));
#1147=IFCINDEXEDPOLYGONALFACE((628,573,548));
#1148=IFCINDEXEDPOLYGONALFACE((599,629,574));
#1149=IFCINDEXEDPOLYGONALFACE((574,629,601));
#1150=IFCINDEXEDPOLYGONALFACE((419,602,484));
#1151=IFCINDEXEDPOLYGONALFACE((630,604,553));
#1152=IFCINDEXEDPOLYGONALFACE((502,553,604));
#1153=IFCINDEXEDPOLYGONALFACE((604,631,554));
#1154=IFCINDEXEDPOLYGONALFACE((554,632,555));
#1155=IFCINDEXEDPOLYGONALFACE((633,576,634));
#1156=IFCINDEXEDPOLYGONALFACE((525,634,576));
#1157=IFCINDEXEDPOLYGONALFACE((576,633,606));
#1158=IFCINDEXEDPOLYGONALFACE((611,579,635));
#1159=IFCINDEXEDPOLYGONALFACE((532,612,580));
#1160=IFCINDEXEDPOLYGONALFACE((636,637,580));
#1161=IFCINDEXEDPOLYGONALFACE((581,580,637));
#1162=IFCINDEXEDPOLYGONALFACE((637,638,581));
#1163=IFCINDEXEDPOLYGONALFACE((581,638,536));
#1164=IFCINDEXEDPOLYGONALFACE((613,582,537));
#1165=IFCINDEXEDPOLYGONALFACE((616,583,639));
#1166=IFCINDEXEDPOLYGONALFACE((639,617,616));
#1167=IFCINDEXEDPOLYGONALFACE((640,470,584));
#1168=IFCINDEXEDPOLYGONALFACE((490,470,641));
#1169=IFCINDEXEDPOLYGONALFACE((642,490,641));
#1170=IFCINDEXEDPOLYGONALFACE((490,642,585));
#1171=IFCINDEXEDPOLYGONALFACE((588,587,643));
#1172=IFCINDEXEDPOLYGONALFACE((644,590,589));
#1173=IFCINDEXEDPOLYGONALFACE((645,590,644));
#1174=IFCINDEXEDPOLYGONALFACE((645,591,590));
#1175=IFCINDEXEDPOLYGONALFACE((621,620,646));
#1176=IFCINDEXEDPOLYGONALFACE((624,625,565));
#1177=IFCINDEXEDPOLYGONALFACE((626,593,169));
#1178=IFCINDEXEDPOLYGONALFACE((546,495,436));
#1179=IFCINDEXEDPOLYGONALFACE((478,276,647));
#1180=IFCINDEXEDPOLYGONALFACE((596,452,497));
#1181=IFCINDEXEDPOLYGONALFACE((597,568,648));
#1182=IFCINDEXEDPOLYGONALFACE((649,569,570));
#1183=IFCINDEXEDPOLYGONALFACE((571,569,649));
#1184=IFCINDEXEDPOLYGONALFACE((572,650,598));
#1185=IFCINDEXEDPOLYGONALFACE((548,627,628));
#1186=IFCINDEXEDPOLYGONALFACE((651,599,600));
#1187=IFCINDEXEDPOLYGONALFACE((599,651,629));
#1188=IFCINDEXEDPOLYGONALFACE((601,629,652));
#1189=IFCINDEXEDPOLYGONALFACE((601,652,551));
#1190=IFCINDEXEDPOLYGONALFACE((551,653,602));
#1191=IFCINDEXEDPOLYGONALFACE((552,654,603));
#1192=IFCINDEXEDPOLYGONALFACE((655,603,654));
#1193=IFCINDEXEDPOLYGONALFACE((655,553,603));
#1194=IFCINDEXEDPOLYGONALFACE((655,630,553));
#1195=IFCINDEXEDPOLYGONALFACE((656,554,631));
#1196=IFCINDEXEDPOLYGONALFACE((555,632,575));
#1197=IFCINDEXEDPOLYGONALFACE((525,605,657));
#1198=IFCINDEXEDPOLYGONALFACE((525,657,634));
#1199=IFCINDEXEDPOLYGONALFACE((606,633,658));
#1200=IFCINDEXEDPOLYGONALFACE((659,607,658));
#1201=IFCINDEXEDPOLYGONALFACE((606,658,607));
#1202=IFCINDEXEDPOLYGONALFACE((607,659,608));
#1203=IFCINDEXEDPOLYGONALFACE((660,608,659));
#1204=IFCINDEXEDPOLYGONALFACE((608,660,578));
#1205=IFCINDEXEDPOLYGONALFACE((578,661,530));
#1206=IFCINDEXEDPOLYGONALFACE((662,530,661));
#1207=IFCINDEXEDPOLYGONALFACE((530,662,609));
#1208=IFCINDEXEDPOLYGONALFACE((663,559,609));
#1209=IFCINDEXEDPOLYGONALFACE((663,610,559));
#1210=IFCINDEXEDPOLYGONALFACE((612,611,635));
#1211=IFCINDEXEDPOLYGONALFACE((664,580,612));
#1212=IFCINDEXEDPOLYGONALFACE((536,638,665));
#1213=IFCINDEXEDPOLYGONALFACE((665,614,536));
#1214=IFCINDEXEDPOLYGONALFACE((613,666,582));
#1215=IFCINDEXEDPOLYGONALFACE((512,582,666));
#1216=IFCINDEXEDPOLYGONALFACE((667,584,618));
#1217=IFCINDEXEDPOLYGONALFACE((667,640,584));
#1218=IFCINDEXEDPOLYGONALFACE((470,640,641));
#1219=IFCINDEXEDPOLYGONALFACE((668,587,585));
#1220=IFCINDEXEDPOLYGONALFACE((619,588,643));
#1221=IFCINDEXEDPOLYGONALFACE((563,619,669));
#1222=IFCINDEXEDPOLYGONALFACE((669,670,563));
#1223=IFCINDEXEDPOLYGONALFACE((670,589,563));
#1224=IFCINDEXEDPOLYGONALFACE((589,671,644));
#1225=IFCINDEXEDPOLYGONALFACE((645,644,671));
#1226=IFCINDEXEDPOLYGONALFACE((591,645,672));
#1227=IFCINDEXEDPOLYGONALFACE((672,592,591));
#1228=IFCINDEXEDPOLYGONALFACE((595,673,495));
#1229=IFCINDEXEDPOLYGONALFACE((478,674,394));
#1230=IFCINDEXEDPOLYGONALFACE((520,675,496));
#1231=IFCINDEXEDPOLYGONALFACE((675,676,496));
#1232=IFCINDEXEDPOLYGONALFACE((497,496,676));
#1233=IFCINDEXEDPOLYGONALFACE((567,648,568));
#1234=IFCINDEXEDPOLYGONALFACE((597,677,570));
#1235=IFCINDEXEDPOLYGONALFACE((678,570,677));
#1236=IFCINDEXEDPOLYGONALFACE((679,571,649));
#1237=IFCINDEXEDPOLYGONALFACE((679,572,571));
#1238=IFCINDEXEDPOLYGONALFACE((679,650,572));
#1239=IFCINDEXEDPOLYGONALFACE((598,628,627));
#1240=IFCINDEXEDPOLYGONALFACE((600,680,651));
#1241=IFCINDEXEDPOLYGONALFACE((652,681,551));
#1242=IFCINDEXEDPOLYGONALFACE((681,653,551));
#1243=IFCINDEXEDPOLYGONALFACE((682,484,602));
#1244=IFCINDEXEDPOLYGONALFACE((682,552,484));
#1245=IFCINDEXEDPOLYGONALFACE((654,552,682));
#1246=IFCINDEXEDPOLYGONALFACE((654,683,655));
#1247=IFCINDEXEDPOLYGONALFACE((683,684,655));
#1248=IFCINDEXEDPOLYGONALFACE((630,655,684));
#1249=IFCINDEXEDPOLYGONALFACE((630,684,604));
#1250=IFCINDEXEDPOLYGONALFACE((685,604,684));
#1251=IFCINDEXEDPOLYGONALFACE((685,631,604));
#1252=IFCINDEXEDPOLYGONALFACE((656,686,554));
#1253=IFCINDEXEDPOLYGONALFACE((632,554,686));
#1254=IFCINDEXEDPOLYGONALFACE((686,687,632));
#1255=IFCINDEXEDPOLYGONALFACE((632,687,575));
#1256=IFCINDEXEDPOLYGONALFACE((575,687,688));
#1257=IFCINDEXEDPOLYGONALFACE((688,689,575));
#1258=IFCINDEXEDPOLYGONALFACE((689,605,575));
#1259=IFCINDEXEDPOLYGONALFACE((690,634,657));
#1260=IFCINDEXEDPOLYGONALFACE((691,633,690));
#1261=IFCINDEXEDPOLYGONALFACE((634,690,633));
#1262=IFCINDEXEDPOLYGONALFACE((633,691,658));
#1263=IFCINDEXEDPOLYGONALFACE((692,659,658));
#1264=IFCINDEXEDPOLYGONALFACE((659,692,660));
#1265=IFCINDEXEDPOLYGONALFACE((693,578,660));
#1266=IFCINDEXEDPOLYGONALFACE((694,610,663));
#1267=IFCINDEXEDPOLYGONALFACE((694,695,610));
#1268=IFCINDEXEDPOLYGONALFACE((696,579,695));
#1269=IFCINDEXEDPOLYGONALFACE((610,695,579));
#1270=IFCINDEXEDPOLYGONALFACE((612,635,697));
#1271=IFCINDEXEDPOLYGONALFACE((698,612,697));
#1272=IFCINDEXEDPOLYGONALFACE((698,664,612));
#1273=IFCINDEXEDPOLYGONALFACE((636,580,664));
#1274=IFCINDEXEDPOLYGONALFACE((637,636,699));
#1275=IFCINDEXEDPOLYGONALFACE((637,699,638));
#1276=IFCINDEXEDPOLYGONALFACE((700,665,638));
#1277=IFCINDEXEDPOLYGONALFACE((665,701,614));
#1278=IFCINDEXEDPOLYGONALFACE((701,613,614));
#1279=IFCINDEXEDPOLYGONALFACE((666,613,701));
#1280=IFCINDEXEDPOLYGONALFACE((702,512,666));
#1281=IFCINDEXEDPOLYGONALFACE((702,615,512));
#1282=IFCINDEXEDPOLYGONALFACE((560,615,583));
#1283=IFCINDEXEDPOLYGONALFACE((703,585,642));
#1284=IFCINDEXEDPOLYGONALFACE((703,668,585));
#1285=IFCINDEXEDPOLYGONALFACE((704,587,668));
#1286=IFCINDEXEDPOLYGONALFACE((587,704,643));
#1287=IFCINDEXEDPOLYGONALFACE((589,670,705));
#1288=IFCINDEXEDPOLYGONALFACE((671,589,705));
#1289=IFCINDEXEDPOLYGONALFACE((706,645,671));
#1290=IFCINDEXEDPOLYGONALFACE((706,707,645));
#1291=IFCINDEXEDPOLYGONALFACE((707,672,645));
#1292=IFCINDEXEDPOLYGONALFACE((707,708,672));
#1293=IFCINDEXEDPOLYGONALFACE((592,672,708));
#1294=IFCINDEXEDPOLYGONALFACE((592,708,620));
#1295=IFCINDEXEDPOLYGONALFACE((708,646,620));
#1296=IFCINDEXEDPOLYGONALFACE((709,622,621));
#1297=IFCINDEXEDPOLYGONALFACE((623,622,710));
#1298=IFCINDEXEDPOLYGONALFACE((566,625,711));
#1299=IFCINDEXEDPOLYGONALFACE((712,593,626));
#1300=IFCINDEXEDPOLYGONALFACE((713,594,593));
#1301=IFCINDEXEDPOLYGONALFACE((594,713,595));
#1302=IFCINDEXEDPOLYGONALFACE((714,595,713));
#1303=IFCINDEXEDPOLYGONALFACE((714,673,595));
#1304=IFCINDEXEDPOLYGONALFACE((647,275,495));
#1305=IFCINDEXEDPOLYGONALFACE((275,647,276));
#1306=IFCINDEXEDPOLYGONALFACE((715,394,674));
#1307=IFCINDEXEDPOLYGONALFACE((394,715,520));
#1308=IFCINDEXEDPOLYGONALFACE((648,567,716));
#1309=IFCINDEXEDPOLYGONALFACE((596,716,567));
#1310=IFCINDEXEDPOLYGONALFACE((678,717,570));
#1311=IFCINDEXEDPOLYGONALFACE((649,570,717));
#1312=IFCINDEXEDPOLYGONALFACE((718,719,649));
#1313=IFCINDEXEDPOLYGONALFACE((679,649,719));
#1314=IFCINDEXEDPOLYGONALFACE((598,720,628));
#1315=IFCINDEXEDPOLYGONALFACE((720,721,628));
#1316=IFCINDEXEDPOLYGONALFACE((722,628,721));
#1317=IFCINDEXEDPOLYGONALFACE((651,723,629));
#1318=IFCINDEXEDPOLYGONALFACE((681,629,723));
#1319=IFCINDEXEDPOLYGONALFACE((629,681,652));
#1320=IFCINDEXEDPOLYGONALFACE((724,684,683));
#1321=IFCINDEXEDPOLYGONALFACE((684,724,685));
#1322=IFCINDEXEDPOLYGONALFACE((725,658,691));
#1323=IFCINDEXEDPOLYGONALFACE((658,725,692));
#1324=IFCINDEXEDPOLYGONALFACE((693,660,692));
#1325=IFCINDEXEDPOLYGONALFACE((578,693,661));
#1326=IFCINDEXEDPOLYGONALFACE((726,663,609));
#1327=IFCINDEXEDPOLYGONALFACE((727,694,663));
#1328=IFCINDEXEDPOLYGONALFACE((728,635,696));
#1329=IFCINDEXEDPOLYGONALFACE((579,696,635));
#1330=IFCINDEXEDPOLYGONALFACE((728,697,635));
#1331=IFCINDEXEDPOLYGONALFACE((638,699,700));
#1332=IFCINDEXEDPOLYGONALFACE((701,665,700));
#1333=IFCINDEXEDPOLYGONALFACE((666,701,729));
#1334=IFCINDEXEDPOLYGONALFACE((729,702,666));
#1335=IFCINDEXEDPOLYGONALFACE((583,615,730));
#1336=IFCINDEXEDPOLYGONALFACE((731,583,730));
#1337=IFCINDEXEDPOLYGONALFACE((639,583,731));
#1338=IFCINDEXEDPOLYGONALFACE((732,617,639));
#1339=IFCINDEXEDPOLYGONALFACE((733,618,617));
#1340=IFCINDEXEDPOLYGONALFACE((703,642,641));
#1341=IFCINDEXEDPOLYGONALFACE((705,706,671));
#1342=IFCINDEXEDPOLYGONALFACE((707,706,734));
#1343=IFCINDEXEDPOLYGONALFACE((707,734,708));
#1344=IFCINDEXEDPOLYGONALFACE((709,621,646));
#1345=IFCINDEXEDPOLYGONALFACE((709,710,622));
#1346=IFCINDEXEDPOLYGONALFACE((735,624,710));
#1347=IFCINDEXEDPOLYGONALFACE((623,710,624));
#1348=IFCINDEXEDPOLYGONALFACE((624,735,625));
#1349=IFCINDEXEDPOLYGONALFACE((711,626,566));
#1350=IFCINDEXEDPOLYGONALFACE((736,495,673));
#1351=IFCINDEXEDPOLYGONALFACE((737,495,736));
#1352=IFCINDEXEDPOLYGONALFACE((648,738,597));
#1353=IFCINDEXEDPOLYGONALFACE((677,597,738));
#1354=IFCINDEXEDPOLYGONALFACE((678,677,739));
#1355=IFCINDEXEDPOLYGONALFACE((718,649,717));
#1356=IFCINDEXEDPOLYGONALFACE((740,679,719));
#1357=IFCINDEXEDPOLYGONALFACE((650,741,598));
#1358=IFCINDEXEDPOLYGONALFACE((598,741,720));
#1359=IFCINDEXEDPOLYGONALFACE((722,721,742));
#1360=IFCINDEXEDPOLYGONALFACE((743,680,600));
#1361=IFCINDEXEDPOLYGONALFACE((651,680,723));
#1362=IFCINDEXEDPOLYGONALFACE((680,743,723));
#1363=IFCINDEXEDPOLYGONALFACE((681,723,744));
#1364=IFCINDEXEDPOLYGONALFACE((681,744,653));
#1365=IFCINDEXEDPOLYGONALFACE((682,602,653));
#1366=IFCINDEXEDPOLYGONALFACE((682,745,654));
#1367=IFCINDEXEDPOLYGONALFACE((745,683,654));
#1368=IFCINDEXEDPOLYGONALFACE((724,683,745));
#1369=IFCINDEXEDPOLYGONALFACE((724,746,685));
#1370=IFCINDEXEDPOLYGONALFACE((631,685,746));
#1371=IFCINDEXEDPOLYGONALFACE((747,688,687));
#1372=IFCINDEXEDPOLYGONALFACE((689,688,747));
#1373=IFCINDEXEDPOLYGONALFACE((748,689,747));
#1374=IFCINDEXEDPOLYGONALFACE((689,748,605));
#1375=IFCINDEXEDPOLYGONALFACE((605,748,657));
#1376=IFCINDEXEDPOLYGONALFACE((749,657,748));
#1377=IFCINDEXEDPOLYGONALFACE((657,749,690));
#1378=IFCINDEXEDPOLYGONALFACE((693,692,725));
#1379=IFCINDEXEDPOLYGONALFACE((661,693,750));
#1380=IFCINDEXEDPOLYGONALFACE((609,662,726));
#1381=IFCINDEXEDPOLYGONALFACE((663,726,751));
#1382=IFCINDEXEDPOLYGONALFACE((727,663,751));
#1383=IFCINDEXEDPOLYGONALFACE((728,752,697));
#1384=IFCINDEXEDPOLYGONALFACE((698,697,752));
#1385=IFCINDEXEDPOLYGONALFACE((698,752,664));
#1386=IFCINDEXEDPOLYGONALFACE((753,754,636));
#1387=IFCINDEXEDPOLYGONALFACE((699,636,754));
#1388=IFCINDEXEDPOLYGONALFACE((755,729,700));
#1389=IFCINDEXEDPOLYGONALFACE((701,700,729));
#1390=IFCINDEXEDPOLYGONALFACE((702,729,756));
#1391=IFCINDEXEDPOLYGONALFACE((756,615,702));
#1392=IFCINDEXEDPOLYGONALFACE((639,731,732));
#1393=IFCINDEXEDPOLYGONALFACE((733,617,732));
#1394=IFCINDEXEDPOLYGONALFACE((757,618,733));
#1395=IFCINDEXEDPOLYGONALFACE((757,667,618));
#1396=IFCINDEXEDPOLYGONALFACE((643,704,758));
#1397=IFCINDEXEDPOLYGONALFACE((759,643,758));
#1398=IFCINDEXEDPOLYGONALFACE((619,643,759));
#1399=IFCINDEXEDPOLYGONALFACE((619,759,669));
#1400=IFCINDEXEDPOLYGONALFACE((670,669,760));
#1401=IFCINDEXEDPOLYGONALFACE((760,705,670));
#1402=IFCINDEXEDPOLYGONALFACE((706,705,761));
#1403=IFCINDEXEDPOLYGONALFACE((706,761,734));
#1404=IFCINDEXEDPOLYGONALFACE((761,762,734));
#1405=IFCINDEXEDPOLYGONALFACE((625,735,763));
#1406=IFCINDEXEDPOLYGONALFACE((763,711,625));
#1407=IFCINDEXEDPOLYGONALFACE((714,713,764));
#1408=IFCINDEXEDPOLYGONALFACE((764,765,714));
#1409=IFCINDEXEDPOLYGONALFACE((765,673,714));
#1410=IFCINDEXEDPOLYGONALFACE((737,647,495));
#1411=IFCINDEXEDPOLYGONALFACE((596,766,716));
#1412=IFCINDEXEDPOLYGONALFACE((767,648,716));
#1413=IFCINDEXEDPOLYGONALFACE((648,767,738));
#1414=IFCINDEXEDPOLYGONALFACE((719,718,740));
#1415=IFCINDEXEDPOLYGONALFACE((679,740,650));
#1416=IFCINDEXEDPOLYGONALFACE((741,650,768));
#1417=IFCINDEXEDPOLYGONALFACE((723,743,769));
#1418=IFCINDEXEDPOLYGONALFACE((744,723,769));
#1419=IFCINDEXEDPOLYGONALFACE((770,744,769));
#1420=IFCINDEXEDPOLYGONALFACE((771,653,744));
#1421=IFCINDEXEDPOLYGONALFACE((772,773,682));
#1422=IFCINDEXEDPOLYGONALFACE((745,682,773));
#1423=IFCINDEXEDPOLYGONALFACE((746,724,774));
#1424=IFCINDEXEDPOLYGONALFACE((745,774,724));
#1425=IFCINDEXEDPOLYGONALFACE((686,775,687));
#1426=IFCINDEXEDPOLYGONALFACE((747,687,775));
#1427=IFCINDEXEDPOLYGONALFACE((776,690,749));
#1428=IFCINDEXEDPOLYGONALFACE((690,776,691));
#1429=IFCINDEXEDPOLYGONALFACE((777,691,776));
#1430=IFCINDEXEDPOLYGONALFACE((691,777,725));
#1431=IFCINDEXEDPOLYGONALFACE((778,725,777));
#1432=IFCINDEXEDPOLYGONALFACE((725,778,693));
#1433=IFCINDEXEDPOLYGONALFACE((779,693,778));
#1434=IFCINDEXEDPOLYGONALFACE((693,779,750));
#1435=IFCINDEXEDPOLYGONALFACE((727,751,780));
#1436=IFCINDEXEDPOLYGONALFACE((727,780,694));
#1437=IFCINDEXEDPOLYGONALFACE((696,694,780));
#1438=IFCINDEXEDPOLYGONALFACE((694,696,695));
#1439=IFCINDEXEDPOLYGONALFACE((781,728,696));
#1440=IFCINDEXEDPOLYGONALFACE((664,752,782));
#1441=IFCINDEXEDPOLYGONALFACE((636,664,753));
#1442=IFCINDEXEDPOLYGONALFACE((755,756,729));
#1443=IFCINDEXEDPOLYGONALFACE((641,640,783));
#1444=IFCINDEXEDPOLYGONALFACE((783,703,641));
#1445=IFCINDEXEDPOLYGONALFACE((784,668,703));
#1446=IFCINDEXEDPOLYGONALFACE((668,784,704));
#1447=IFCINDEXEDPOLYGONALFACE((759,760,669));
#1448=IFCINDEXEDPOLYGONALFACE((761,705,785));
#1449=IFCINDEXEDPOLYGONALFACE((760,785,705));
#1450=IFCINDEXEDPOLYGONALFACE((734,762,786));
#1451=IFCINDEXEDPOLYGONALFACE((708,734,787));
#1452=IFCINDEXEDPOLYGONALFACE((787,734,786));
#1453=IFCINDEXEDPOLYGONALFACE((787,788,708));
#1454=IFCINDEXEDPOLYGONALFACE((708,788,646));
#1455=IFCINDEXEDPOLYGONALFACE((788,709,646));
#1456=IFCINDEXEDPOLYGONALFACE((710,709,789));
#1457=IFCINDEXEDPOLYGONALFACE((790,789,709));
#1458=IFCINDEXEDPOLYGONALFACE((789,735,710));
#1459=IFCINDEXEDPOLYGONALFACE((626,711,791));
#1460=IFCINDEXEDPOLYGONALFACE((791,712,626));
#1461=IFCINDEXEDPOLYGONALFACE((713,593,792));
#1462=IFCINDEXEDPOLYGONALFACE((792,764,713));
#1463=IFCINDEXEDPOLYGONALFACE((647,674,478));
#1464=IFCINDEXEDPOLYGONALFACE((793,520,715));
#1465=IFCINDEXEDPOLYGONALFACE((793,675,520));
#1466=IFCINDEXEDPOLYGONALFACE((497,794,596));
#1467=IFCINDEXEDPOLYGONALFACE((766,596,794));
#1468=IFCINDEXEDPOLYGONALFACE((678,795,717));
#1469=IFCINDEXEDPOLYGONALFACE((796,717,797));
#1470=IFCINDEXEDPOLYGONALFACE((796,718,717));
#1471=IFCINDEXEDPOLYGONALFACE((650,740,768));
#1472=IFCINDEXEDPOLYGONALFACE((720,741,768));
#1473=IFCINDEXEDPOLYGONALFACE((720,798,721));
#1474=IFCINDEXEDPOLYGONALFACE((772,682,653));
#1475=IFCINDEXEDPOLYGONALFACE((746,774,799));
#1476=IFCINDEXEDPOLYGONALFACE((799,631,746));
#1477=IFCINDEXEDPOLYGONALFACE((747,775,748));
#1478=IFCINDEXEDPOLYGONALFACE((800,749,801));
#1479=IFCINDEXEDPOLYGONALFACE((748,801,749));
#1480=IFCINDEXEDPOLYGONALFACE((749,800,776));
#1481=IFCINDEXEDPOLYGONALFACE((750,802,661));
#1482=IFCINDEXEDPOLYGONALFACE((661,803,662));
#1483=IFCINDEXEDPOLYGONALFACE((803,726,662));
#1484=IFCINDEXEDPOLYGONALFACE((726,804,751));
#1485=IFCINDEXEDPOLYGONALFACE((751,804,780));
#1486=IFCINDEXEDPOLYGONALFACE((781,752,728));
#1487=IFCINDEXEDPOLYGONALFACE((782,805,664));
#1488=IFCINDEXEDPOLYGONALFACE((754,806,699));
#1489=IFCINDEXEDPOLYGONALFACE((806,700,699));
#1490=IFCINDEXEDPOLYGONALFACE((807,756,755));
#1491=IFCINDEXEDPOLYGONALFACE((615,756,808));
#1492=IFCINDEXEDPOLYGONALFACE((615,808,730));
#1493=IFCINDEXEDPOLYGONALFACE((731,730,809));
#1494=IFCINDEXEDPOLYGONALFACE((810,640,667));
#1495=IFCINDEXEDPOLYGONALFACE((703,783,784));
#1496=IFCINDEXEDPOLYGONALFACE((811,758,704));
#1497=IFCINDEXEDPOLYGONALFACE((758,811,759));
#1498=IFCINDEXEDPOLYGONALFACE((759,812,760));
#1499=IFCINDEXEDPOLYGONALFACE((761,785,813));
#1500=IFCINDEXEDPOLYGONALFACE((786,762,813));
#1501=IFCINDEXEDPOLYGONALFACE((761,813,762));
#1502=IFCINDEXEDPOLYGONALFACE((709,788,814));
#1503=IFCINDEXEDPOLYGONALFACE((790,709,814));
#1504=IFCINDEXEDPOLYGONALFACE((735,789,815));
#1505=IFCINDEXEDPOLYGONALFACE((815,763,735));
#1506=IFCINDEXEDPOLYGONALFACE((593,712,816));
#1507=IFCINDEXEDPOLYGONALFACE((816,792,593));
#1508=IFCINDEXEDPOLYGONALFACE((764,792,817));
#1509=IFCINDEXEDPOLYGONALFACE((818,675,793));
#1510=IFCINDEXEDPOLYGONALFACE((675,818,676));
#1511=IFCINDEXEDPOLYGONALFACE((794,497,676));
#1512=IFCINDEXEDPOLYGONALFACE((766,819,716));
#1513=IFCINDEXEDPOLYGONALFACE((819,767,716));
#1514=IFCINDEXEDPOLYGONALFACE((739,677,738));
#1515=IFCINDEXEDPOLYGONALFACE((739,820,678));
#1516=IFCINDEXEDPOLYGONALFACE((795,797,717));
#1517=IFCINDEXEDPOLYGONALFACE((821,718,796));
#1518=IFCINDEXEDPOLYGONALFACE((821,740,718));
#1519=IFCINDEXEDPOLYGONALFACE((822,740,821));
#1520=IFCINDEXEDPOLYGONALFACE((721,798,742));
#1521=IFCINDEXEDPOLYGONALFACE((770,769,823));
#1522=IFCINDEXEDPOLYGONALFACE((653,771,824));
#1523=IFCINDEXEDPOLYGONALFACE((653,824,772));
#1524=IFCINDEXEDPOLYGONALFACE((773,772,825));
#1525=IFCINDEXEDPOLYGONALFACE((774,745,825));
#1526=IFCINDEXEDPOLYGONALFACE((745,773,825));
#1527=IFCINDEXEDPOLYGONALFACE((799,826,631));
#1528=IFCINDEXEDPOLYGONALFACE((686,656,827));
#1529=IFCINDEXEDPOLYGONALFACE((828,776,800));
#1530=IFCINDEXEDPOLYGONALFACE((776,828,777));
#1531=IFCINDEXEDPOLYGONALFACE((829,777,828));
#1532=IFCINDEXEDPOLYGONALFACE((830,778,829));
#1533=IFCINDEXEDPOLYGONALFACE((777,829,778));
#1534=IFCINDEXEDPOLYGONALFACE((778,830,779));
#1535=IFCINDEXEDPOLYGONALFACE((831,750,779));
#1536=IFCINDEXEDPOLYGONALFACE((726,803,832));
#1537=IFCINDEXEDPOLYGONALFACE((833,726,832));
#1538=IFCINDEXEDPOLYGONALFACE((833,804,726));
#1539=IFCINDEXEDPOLYGONALFACE((696,780,834));
#1540=IFCINDEXEDPOLYGONALFACE((834,835,696));
#1541=IFCINDEXEDPOLYGONALFACE((696,835,781));
#1542=IFCINDEXEDPOLYGONALFACE((752,781,836));
#1543=IFCINDEXEDPOLYGONALFACE((782,752,805));
#1544=IFCINDEXEDPOLYGONALFACE((836,805,752));
#1545=IFCINDEXEDPOLYGONALFACE((837,664,805));
#1546=IFCINDEXEDPOLYGONALFACE((753,664,837));
#1547=IFCINDEXEDPOLYGONALFACE((838,700,806));
#1548=IFCINDEXEDPOLYGONALFACE((730,839,809));
#1549=IFCINDEXEDPOLYGONALFACE((840,731,809));
#1550=IFCINDEXEDPOLYGONALFACE((840,733,731));
#1551=IFCINDEXEDPOLYGONALFACE((732,731,733));
#1552=IFCINDEXEDPOLYGONALFACE((757,810,667));
#1553=IFCINDEXEDPOLYGONALFACE((841,811,704));
#1554=IFCINDEXEDPOLYGONALFACE((811,812,759));
#1555=IFCINDEXEDPOLYGONALFACE((760,812,785));
#1556=IFCINDEXEDPOLYGONALFACE((787,786,842));
#1557=IFCINDEXEDPOLYGONALFACE((814,788,787));
#1558=IFCINDEXEDPOLYGONALFACE((843,790,814));
#1559=IFCINDEXEDPOLYGONALFACE((844,790,843));
#1560=IFCINDEXEDPOLYGONALFACE((844,789,790));
#1561=IFCINDEXEDPOLYGONALFACE((763,845,711));
#1562=IFCINDEXEDPOLYGONALFACE((711,845,846));
#1563=IFCINDEXEDPOLYGONALFACE((711,846,791));
#1564=IFCINDEXEDPOLYGONALFACE((765,764,847));
#1565=IFCINDEXEDPOLYGONALFACE((817,847,764));
#1566=IFCINDEXEDPOLYGONALFACE((673,765,847));
#1567=IFCINDEXEDPOLYGONALFACE((736,673,848));
#1568=IFCINDEXEDPOLYGONALFACE((738,849,739));
#1569=IFCINDEXEDPOLYGONALFACE((820,739,849));
#1570=IFCINDEXEDPOLYGONALFACE((795,678,820));
#1571=IFCINDEXEDPOLYGONALFACE((797,850,796));
#1572=IFCINDEXEDPOLYGONALFACE((851,768,740));
#1573=IFCINDEXEDPOLYGONALFACE((852,742,798));
#1574=IFCINDEXEDPOLYGONALFACE((770,823,853));
#1575=IFCINDEXEDPOLYGONALFACE((854,744,770));
#1576=IFCINDEXEDPOLYGONALFACE((744,854,771));
#1577=IFCINDEXEDPOLYGONALFACE((825,772,855));
#1578=IFCINDEXEDPOLYGONALFACE((825,826,774));
#1579=IFCINDEXEDPOLYGONALFACE((799,774,826));
#1580=IFCINDEXEDPOLYGONALFACE((856,631,826));
#1581=IFCINDEXEDPOLYGONALFACE((656,631,857));
#1582=IFCINDEXEDPOLYGONALFACE((857,827,656));
#1583=IFCINDEXEDPOLYGONALFACE((801,748,775));
#1584=IFCINDEXEDPOLYGONALFACE((858,800,801));
#1585=IFCINDEXEDPOLYGONALFACE((800,858,828));
#1586=IFCINDEXEDPOLYGONALFACE((802,750,831));
#1587=IFCINDEXEDPOLYGONALFACE((661,802,803));
#1588=IFCINDEXEDPOLYGONALFACE((803,859,832));
#1589=IFCINDEXEDPOLYGONALFACE((860,832,859));
#1590=IFCINDEXEDPOLYGONALFACE((832,860,833));
#1591=IFCINDEXEDPOLYGONALFACE((780,804,834));
#1592=IFCINDEXEDPOLYGONALFACE((836,781,835));
#1593=IFCINDEXEDPOLYGONALFACE((754,753,861));
#1594=IFCINDEXEDPOLYGONALFACE((754,861,806));
#1595=IFCINDEXEDPOLYGONALFACE((700,838,755));
#1596=IFCINDEXEDPOLYGONALFACE((862,755,838));
#1597=IFCINDEXEDPOLYGONALFACE((807,755,862));
#1598=IFCINDEXEDPOLYGONALFACE((756,807,863));
#1599=IFCINDEXEDPOLYGONALFACE((863,808,756));
#1600=IFCINDEXEDPOLYGONALFACE((730,808,839));
#1601=IFCINDEXEDPOLYGONALFACE((733,840,864));
#1602=IFCINDEXEDPOLYGONALFACE((733,864,757));
#1603=IFCINDEXEDPOLYGONALFACE((640,810,865));
#1604=IFCINDEXEDPOLYGONALFACE((783,640,865));
#1605=IFCINDEXEDPOLYGONALFACE((784,841,704));
#1606=IFCINDEXEDPOLYGONALFACE((786,813,842));
#1607=IFCINDEXEDPOLYGONALFACE((842,866,787));
#1608=IFCINDEXEDPOLYGONALFACE((866,814,787));
#1609=IFCINDEXEDPOLYGONALFACE((815,789,867));
#1610=IFCINDEXEDPOLYGONALFACE((763,815,867));
#1611=IFCINDEXEDPOLYGONALFACE((763,867,845));
#1612=IFCINDEXEDPOLYGONALFACE((868,846,845));
#1613=IFCINDEXEDPOLYGONALFACE((869,846,868));
#1614=IFCINDEXEDPOLYGONALFACE((870,674,647));
#1615=IFCINDEXEDPOLYGONALFACE((793,715,871));
#1616=IFCINDEXEDPOLYGONALFACE((794,872,766));
#1617=IFCINDEXEDPOLYGONALFACE((873,766,872));
#1618=IFCINDEXEDPOLYGONALFACE((766,873,819));
#1619=IFCINDEXEDPOLYGONALFACE((874,767,819));
#1620=IFCINDEXEDPOLYGONALFACE((767,875,738));
#1621=IFCINDEXEDPOLYGONALFACE((849,738,875));
#1622=IFCINDEXEDPOLYGONALFACE((795,820,876));
#1623=IFCINDEXEDPOLYGONALFACE((877,795,876));
#1624=IFCINDEXEDPOLYGONALFACE((795,877,797));
#1625=IFCINDEXEDPOLYGONALFACE((797,877,850));
#1626=IFCINDEXEDPOLYGONALFACE((878,720,768));
#1627=IFCINDEXEDPOLYGONALFACE((878,798,720));
#1628=IFCINDEXEDPOLYGONALFACE((771,854,824));
#1629=IFCINDEXEDPOLYGONALFACE((631,856,857));
#1630=IFCINDEXEDPOLYGONALFACE((827,879,686));
#1631=IFCINDEXEDPOLYGONALFACE((879,775,686));
#1632=IFCINDEXEDPOLYGONALFACE((880,775,879));
#1633=IFCINDEXEDPOLYGONALFACE((775,880,801));
#1634=IFCINDEXEDPOLYGONALFACE((801,880,858));
#1635=IFCINDEXEDPOLYGONALFACE((858,881,828));
#1636=IFCINDEXEDPOLYGONALFACE((828,881,829));
#1637=IFCINDEXEDPOLYGONALFACE((882,829,881));
#1638=IFCINDEXEDPOLYGONALFACE((829,882,830));
#1639=IFCINDEXEDPOLYGONALFACE((830,882,779));
#1640=IFCINDEXEDPOLYGONALFACE((883,779,882));
#1641=IFCINDEXEDPOLYGONALFACE((779,883,831));
#1642=IFCINDEXEDPOLYGONALFACE((884,860,859));
#1643=IFCINDEXEDPOLYGONALFACE((833,860,884));
#1644=IFCINDEXEDPOLYGONALFACE((884,885,833));
#1645=IFCINDEXEDPOLYGONALFACE((833,885,804));
#1646=IFCINDEXEDPOLYGONALFACE((886,804,885));
#1647=IFCINDEXEDPOLYGONALFACE((804,886,834));
#1648=IFCINDEXEDPOLYGONALFACE((887,834,886));
#1649=IFCINDEXEDPOLYGONALFACE((834,887,835));
#1650=IFCINDEXEDPOLYGONALFACE((888,835,887));
#1651=IFCINDEXEDPOLYGONALFACE((753,837,889));
#1652=IFCINDEXEDPOLYGONALFACE((890,806,861));
#1653=IFCINDEXEDPOLYGONALFACE((890,838,806));
#1654=IFCINDEXEDPOLYGONALFACE((891,862,892));
#1655=IFCINDEXEDPOLYGONALFACE((807,862,891));
#1656=IFCINDEXEDPOLYGONALFACE((840,809,893));
#1657=IFCINDEXEDPOLYGONALFACE((840,893,864));
#1658=IFCINDEXEDPOLYGONALFACE((757,864,894));
#1659=IFCINDEXEDPOLYGONALFACE((784,783,895));
#1660=IFCINDEXEDPOLYGONALFACE((784,895,841));
#1661=IFCINDEXEDPOLYGONALFACE((896,813,785));
#1662=IFCINDEXEDPOLYGONALFACE((867,789,844));
#1663=IFCINDEXEDPOLYGONALFACE((867,868,845));
#1664=IFCINDEXEDPOLYGONALFACE((869,897,846));
#1665=IFCINDEXEDPOLYGONALFACE((791,846,897));
#1666=IFCINDEXEDPOLYGONALFACE((712,791,897));
#1667=IFCINDEXEDPOLYGONALFACE((847,898,673));
#1668=IFCINDEXEDPOLYGONALFACE((898,848,673));
#1669=IFCINDEXEDPOLYGONALFACE((647,737,736));
#1670=IFCINDEXEDPOLYGONALFACE((674,871,715));
#1671=IFCINDEXEDPOLYGONALFACE((676,899,794));
#1672=IFCINDEXEDPOLYGONALFACE((874,875,767));
#1673=IFCINDEXEDPOLYGONALFACE((740,822,851));
#1674=IFCINDEXEDPOLYGONALFACE((900,768,851));
#1675=IFCINDEXEDPOLYGONALFACE((878,768,900));
#1676=IFCINDEXEDPOLYGONALFACE((770,853,901));
#1677=IFCINDEXEDPOLYGONALFACE((901,854,770));
#1678=IFCINDEXEDPOLYGONALFACE((855,772,824));
#1679=IFCINDEXEDPOLYGONALFACE((825,902,826));
#1680=IFCINDEXEDPOLYGONALFACE((857,856,903));
#1681=IFCINDEXEDPOLYGONALFACE((857,903,827));
#1682=IFCINDEXEDPOLYGONALFACE((881,858,880));
#1683=IFCINDEXEDPOLYGONALFACE((904,831,883));
#1684=IFCINDEXEDPOLYGONALFACE((802,831,904));
#1685=IFCINDEXEDPOLYGONALFACE((859,803,905));
#1686=IFCINDEXEDPOLYGONALFACE((906,905,803));
#1687=IFCINDEXEDPOLYGONALFACE((884,859,905));
#1688=IFCINDEXEDPOLYGONALFACE((885,884,907));
#1689=IFCINDEXEDPOLYGONALFACE((905,907,884));
#1690=IFCINDEXEDPOLYGONALFACE((885,907,886));
#1691=IFCINDEXEDPOLYGONALFACE((887,886,907));
#1692=IFCINDEXEDPOLYGONALFACE((835,888,908));
#1693=IFCINDEXEDPOLYGONALFACE((835,908,836));
#1694=IFCINDEXEDPOLYGONALFACE((908,909,836));
#1695=IFCINDEXEDPOLYGONALFACE((837,805,910));
#1696=IFCINDEXEDPOLYGONALFACE((753,889,861));
#1697=IFCINDEXEDPOLYGONALFACE((890,911,838));
#1698=IFCINDEXEDPOLYGONALFACE((862,838,911));
#1699=IFCINDEXEDPOLYGONALFACE((911,892,862));
#1700=IFCINDEXEDPOLYGONALFACE((807,891,863));
#1701=IFCINDEXEDPOLYGONALFACE((839,912,809));
#1702=IFCINDEXEDPOLYGONALFACE((912,893,809));
#1703=IFCINDEXEDPOLYGONALFACE((864,893,913));
#1704=IFCINDEXEDPOLYGONALFACE((894,810,757));
#1705=IFCINDEXEDPOLYGONALFACE((812,811,914));
#1706=IFCINDEXEDPOLYGONALFACE((896,785,914));
#1707=IFCINDEXEDPOLYGONALFACE((812,914,785));
#1708=IFCINDEXEDPOLYGONALFACE((915,842,813));
#1709=IFCINDEXEDPOLYGONALFACE((842,915,866));
#1710=IFCINDEXEDPOLYGONALFACE((814,916,843));
#1711=IFCINDEXEDPOLYGONALFACE((843,917,844));
#1712=IFCINDEXEDPOLYGONALFACE((918,844,917));
#1713=IFCINDEXEDPOLYGONALFACE((867,844,918));
#1714=IFCINDEXEDPOLYGONALFACE((868,867,918));
#1715=IFCINDEXEDPOLYGONALFACE((868,919,869));
#1716=IFCINDEXEDPOLYGONALFACE((920,817,792));
#1717=IFCINDEXEDPOLYGONALFACE((920,847,817));
#1718=IFCINDEXEDPOLYGONALFACE((921,736,848));
#1719=IFCINDEXEDPOLYGONALFACE((736,921,647));
#1720=IFCINDEXEDPOLYGONALFACE((921,870,647));
#1721=IFCINDEXEDPOLYGONALFACE((674,870,922));
#1722=IFCINDEXEDPOLYGONALFACE((922,923,674));
#1723=IFCINDEXEDPOLYGONALFACE((924,793,871));
#1724=IFCINDEXEDPOLYGONALFACE((818,793,924));
#1725=IFCINDEXEDPOLYGONALFACE((794,899,925));
#1726=IFCINDEXEDPOLYGONALFACE((794,925,872));
#1727=IFCINDEXEDPOLYGONALFACE((874,819,873));
#1728=IFCINDEXEDPOLYGONALFACE((926,820,849));
#1729=IFCINDEXEDPOLYGONALFACE((820,927,876));
#1730=IFCINDEXEDPOLYGONALFACE((877,928,850));
#1731=IFCINDEXEDPOLYGONALFACE((822,821,929));
#1732=IFCINDEXEDPOLYGONALFACE((851,822,929));
#1733=IFCINDEXEDPOLYGONALFACE((930,798,931));
#1734=IFCINDEXEDPOLYGONALFACE((931,798,878));
#1735=IFCINDEXEDPOLYGONALFACE((932,852,930));
#1736=IFCINDEXEDPOLYGONALFACE((798,930,852));
#1737=IFCINDEXEDPOLYGONALFACE((933,854,901));
#1738=IFCINDEXEDPOLYGONALFACE((854,934,824));
#1739=IFCINDEXEDPOLYGONALFACE((824,935,855));
#1740=IFCINDEXEDPOLYGONALFACE((825,855,902));
#1741=IFCINDEXEDPOLYGONALFACE((826,902,856));
#1742=IFCINDEXEDPOLYGONALFACE((936,881,937));
#1743=IFCINDEXEDPOLYGONALFACE((880,937,881));
#1744=IFCINDEXEDPOLYGONALFACE((938,881,936));
#1745=IFCINDEXEDPOLYGONALFACE((939,882,938));
#1746=IFCINDEXEDPOLYGONALFACE((882,881,938));
#1747=IFCINDEXEDPOLYGONALFACE((940,882,939));
#1748=IFCINDEXEDPOLYGONALFACE((882,940,883));
#1749=IFCINDEXEDPOLYGONALFACE((904,883,940));
#1750=IFCINDEXEDPOLYGONALFACE((941,803,802));
#1751=IFCINDEXEDPOLYGONALFACE((803,941,906));
#1752=IFCINDEXEDPOLYGONALFACE((942,905,906));
#1753=IFCINDEXEDPOLYGONALFACE((942,943,905));
#1754=IFCINDEXEDPOLYGONALFACE((905,943,907));
#1755=IFCINDEXEDPOLYGONALFACE((888,887,907));
#1756=IFCINDEXEDPOLYGONALFACE((888,944,908));
#1757=IFCINDEXEDPOLYGONALFACE((805,836,945));
#1758=IFCINDEXEDPOLYGONALFACE((909,945,836));
#1759=IFCINDEXEDPOLYGONALFACE((945,910,805));
#1760=IFCINDEXEDPOLYGONALFACE((910,889,837));
#1761=IFCINDEXEDPOLYGONALFACE((891,892,946));
#1762=IFCINDEXEDPOLYGONALFACE((947,863,946));
#1763=IFCINDEXEDPOLYGONALFACE((863,891,946));
#1764=IFCINDEXEDPOLYGONALFACE((947,948,863));
#1765=IFCINDEXEDPOLYGONALFACE((808,863,948));
#1766=IFCINDEXEDPOLYGONALFACE((808,948,839));
#1767=IFCINDEXEDPOLYGONALFACE((948,949,839));
#1768=IFCINDEXEDPOLYGONALFACE((912,839,949));
#1769=IFCINDEXEDPOLYGONALFACE((912,913,893));
#1770=IFCINDEXEDPOLYGONALFACE((864,913,894));
#1771=IFCINDEXEDPOLYGONALFACE((865,895,783));
#1772=IFCINDEXEDPOLYGONALFACE((914,811,841));
#1773=IFCINDEXEDPOLYGONALFACE((950,813,896));
#1774=IFCINDEXEDPOLYGONALFACE((813,950,915));
#1775=IFCINDEXEDPOLYGONALFACE((866,916,814));
#1776=IFCINDEXEDPOLYGONALFACE((951,843,916));
#1777=IFCINDEXEDPOLYGONALFACE((951,917,843));
#1778=IFCINDEXEDPOLYGONALFACE((897,869,919));
#1779=IFCINDEXEDPOLYGONALFACE((792,816,952));
#1780=IFCINDEXEDPOLYGONALFACE((920,792,952));
#1781=IFCINDEXEDPOLYGONALFACE((920,898,847));
#1782=IFCINDEXEDPOLYGONALFACE((921,953,870));
#1783=IFCINDEXEDPOLYGONALFACE((870,954,922));
#1784=IFCINDEXEDPOLYGONALFACE((923,871,674));
#1785=IFCINDEXEDPOLYGONALFACE((818,955,676));
#1786=IFCINDEXEDPOLYGONALFACE((956,873,872));
#1787=IFCINDEXEDPOLYGONALFACE((873,956,957));
#1788=IFCINDEXEDPOLYGONALFACE((957,874,873));
#1789=IFCINDEXEDPOLYGONALFACE((875,958,849));
#1790=IFCINDEXEDPOLYGONALFACE((849,958,926));
#1791=IFCINDEXEDPOLYGONALFACE((926,959,820));
#1792=IFCINDEXEDPOLYGONALFACE((927,820,959));
#1793=IFCINDEXEDPOLYGONALFACE((876,927,877));
#1794=IFCINDEXEDPOLYGONALFACE((796,850,960));
#1795=IFCINDEXEDPOLYGONALFACE((900,851,961));
#1796=IFCINDEXEDPOLYGONALFACE((931,878,900));
#1797=IFCINDEXEDPOLYGONALFACE((931,962,930));
#1798=IFCINDEXEDPOLYGONALFACE((853,963,901));
#1799=IFCINDEXEDPOLYGONALFACE((964,824,934));
#1800=IFCINDEXEDPOLYGONALFACE((824,964,935));
#1801=IFCINDEXEDPOLYGONALFACE((935,902,855));
#1802=IFCINDEXEDPOLYGONALFACE((902,903,856));
#1803=IFCINDEXEDPOLYGONALFACE((903,965,827));
#1804=IFCINDEXEDPOLYGONALFACE((879,827,965));
#1805=IFCINDEXEDPOLYGONALFACE((880,879,966));
#1806=IFCINDEXEDPOLYGONALFACE((880,966,937));
#1807=IFCINDEXEDPOLYGONALFACE((941,802,904));
#1808=IFCINDEXEDPOLYGONALFACE((967,943,942));
#1809=IFCINDEXEDPOLYGONALFACE((967,968,943));
#1810=IFCINDEXEDPOLYGONALFACE((968,907,943));
#1811=IFCINDEXEDPOLYGONALFACE((888,907,969));
#1812=IFCINDEXEDPOLYGONALFACE((970,944,888));
#1813=IFCINDEXEDPOLYGONALFACE((944,971,908));
#1814=IFCINDEXEDPOLYGONALFACE((909,908,971));
#1815=IFCINDEXEDPOLYGONALFACE((861,889,910));
#1816=IFCINDEXEDPOLYGONALFACE((865,810,894));
#1817=IFCINDEXEDPOLYGONALFACE((895,972,841));
#1818=IFCINDEXEDPOLYGONALFACE((914,841,973));
#1819=IFCINDEXEDPOLYGONALFACE((914,950,896));
#1820=IFCINDEXEDPOLYGONALFACE((916,866,915));
#1821=IFCINDEXEDPOLYGONALFACE((919,868,918));
#1822=IFCINDEXEDPOLYGONALFACE((974,816,712));
#1823=IFCINDEXEDPOLYGONALFACE((921,848,898));
#1824=IFCINDEXEDPOLYGONALFACE((954,870,953));
#1825=IFCINDEXEDPOLYGONALFACE((899,676,955));
#1826=IFCINDEXEDPOLYGONALFACE((874,957,875));
#1827=IFCINDEXEDPOLYGONALFACE((959,975,927));
#1828=IFCINDEXEDPOLYGONALFACE((928,976,850));
#1829=IFCINDEXEDPOLYGONALFACE((976,960,850));
#1830=IFCINDEXEDPOLYGONALFACE((960,929,796));
#1831=IFCINDEXEDPOLYGONALFACE((821,796,929));
#1832=IFCINDEXEDPOLYGONALFACE((977,900,961));
#1833=IFCINDEXEDPOLYGONALFACE((977,978,900));
#1834=IFCINDEXEDPOLYGONALFACE((931,900,978));
#1835=IFCINDEXEDPOLYGONALFACE((979,962,978));
#1836=IFCINDEXEDPOLYGONALFACE((931,978,962));
#1837=IFCINDEXEDPOLYGONALFACE((962,979,930));
#1838=IFCINDEXEDPOLYGONALFACE((980,930,979));
#1839=IFCINDEXEDPOLYGONALFACE((930,980,932));
#1840=IFCINDEXEDPOLYGONALFACE((901,963,981));
#1841=IFCINDEXEDPOLYGONALFACE((933,901,981));
#1842=IFCINDEXEDPOLYGONALFACE((854,933,934));
#1843=IFCINDEXEDPOLYGONALFACE((982,903,902));
#1844=IFCINDEXEDPOLYGONALFACE((965,903,982));
#1845=IFCINDEXEDPOLYGONALFACE((983,937,966));
#1846=IFCINDEXEDPOLYGONALFACE((937,983,936));
#1847=IFCINDEXEDPOLYGONALFACE((984,936,983));
#1848=IFCINDEXEDPOLYGONALFACE((936,984,938));
#1849=IFCINDEXEDPOLYGONALFACE((985,938,984));
#1850=IFCINDEXEDPOLYGONALFACE((985,939,938));
#1851=IFCINDEXEDPOLYGONALFACE((904,986,941));
#1852=IFCINDEXEDPOLYGONALFACE((906,941,967));
#1853=IFCINDEXEDPOLYGONALFACE((942,906,967));
#1854=IFCINDEXEDPOLYGONALFACE((907,968,969));
#1855=IFCINDEXEDPOLYGONALFACE((888,969,970));
#1856=IFCINDEXEDPOLYGONALFACE((910,945,861));
#1857=IFCINDEXEDPOLYGONALFACE((987,911,890));
#1858=IFCINDEXEDPOLYGONALFACE((988,911,987));
#1859=IFCINDEXEDPOLYGONALFACE((911,988,892));
#1860=IFCINDEXEDPOLYGONALFACE((946,892,988));
#1861=IFCINDEXEDPOLYGONALFACE((989,946,988));
#1862=IFCINDEXEDPOLYGONALFACE((947,946,989));
#1863=IFCINDEXEDPOLYGONALFACE((947,990,948));
#1864=IFCINDEXEDPOLYGONALFACE((949,948,990));
#1865=IFCINDEXEDPOLYGONALFACE((913,912,991));
#1866=IFCINDEXEDPOLYGONALFACE((991,865,913));
#1867=IFCINDEXEDPOLYGONALFACE((913,865,894));
#1868=IFCINDEXEDPOLYGONALFACE((972,895,865));
#1869=IFCINDEXEDPOLYGONALFACE((972,973,841));
#1870=IFCINDEXEDPOLYGONALFACE((973,992,914));
#1871=IFCINDEXEDPOLYGONALFACE((950,914,992));
#1872=IFCINDEXEDPOLYGONALFACE((992,915,950));
#1873=IFCINDEXEDPOLYGONALFACE((993,916,915));
#1874=IFCINDEXEDPOLYGONALFACE((951,916,993));
#1875=IFCINDEXEDPOLYGONALFACE((951,993,917));
#1876=IFCINDEXEDPOLYGONALFACE((917,993,918));
#1877=IFCINDEXEDPOLYGONALFACE((994,918,993));
#1878=IFCINDEXEDPOLYGONALFACE((995,897,919));
#1879=IFCINDEXEDPOLYGONALFACE((996,897,995));
#1880=IFCINDEXEDPOLYGONALFACE((712,897,997));
#1881=IFCINDEXEDPOLYGONALFACE((997,974,712));
#1882=IFCINDEXEDPOLYGONALFACE((974,952,816));
#1883=IFCINDEXEDPOLYGONALFACE((898,920,998));
#1884=IFCINDEXEDPOLYGONALFACE((998,921,898));
#1885=IFCINDEXEDPOLYGONALFACE((999,924,871));
#1886=IFCINDEXEDPOLYGONALFACE((899,1000,925));
#1887=IFCINDEXEDPOLYGONALFACE((872,925,1000));
#1888=IFCINDEXEDPOLYGONALFACE((872,1001,956));
#1889=IFCINDEXEDPOLYGONALFACE((957,956,1002));
#1890=IFCINDEXEDPOLYGONALFACE((1002,1003,957));
#1891=IFCINDEXEDPOLYGONALFACE((957,1003,875));
#1892=IFCINDEXEDPOLYGONALFACE((926,958,1004));
#1893=IFCINDEXEDPOLYGONALFACE((926,1004,959));
#1894=IFCINDEXEDPOLYGONALFACE((877,927,1005));
#1895=IFCINDEXEDPOLYGONALFACE((928,877,1006));
#1896=IFCINDEXEDPOLYGONALFACE((1005,1006,877));
#1897=IFCINDEXEDPOLYGONALFACE((929,960,1007));
#1898=IFCINDEXEDPOLYGONALFACE((929,1008,851));
#1899=IFCINDEXEDPOLYGONALFACE((961,851,1008));
#1900=IFCINDEXEDPOLYGONALFACE((961,1009,977));
#1901=IFCINDEXEDPOLYGONALFACE((1010,980,979));
#1902=IFCINDEXEDPOLYGONALFACE((1010,932,980));
#1903=IFCINDEXEDPOLYGONALFACE((933,981,1011));
#1904=IFCINDEXEDPOLYGONALFACE((1012,1013,935));
#1905=IFCINDEXEDPOLYGONALFACE((902,935,1013));
#1906=IFCINDEXEDPOLYGONALFACE((902,1013,982));
#1907=IFCINDEXEDPOLYGONALFACE((965,982,1014));
#1908=IFCINDEXEDPOLYGONALFACE((1015,966,879));
#1909=IFCINDEXEDPOLYGONALFACE((1016,966,1015));
#1910=IFCINDEXEDPOLYGONALFACE((966,1016,983));
#1911=IFCINDEXEDPOLYGONALFACE((1017,904,940));
#1912=IFCINDEXEDPOLYGONALFACE((1017,986,904));
#1913=IFCINDEXEDPOLYGONALFACE((967,1018,968));
#1914=IFCINDEXEDPOLYGONALFACE((944,1019,971));
#1915=IFCINDEXEDPOLYGONALFACE((945,909,1019));
#1916=IFCINDEXEDPOLYGONALFACE((861,945,1020));
#1917=IFCINDEXEDPOLYGONALFACE((890,861,1020));
#1918=IFCINDEXEDPOLYGONALFACE((947,989,990));
#1919=IFCINDEXEDPOLYGONALFACE((949,991,912));
#1920=IFCINDEXEDPOLYGONALFACE((992,1021,915));
#1921=IFCINDEXEDPOLYGONALFACE((1022,915,1021));
#1922=IFCINDEXEDPOLYGONALFACE((915,1022,993));
#1923=IFCINDEXEDPOLYGONALFACE((995,918,994));
#1924=IFCINDEXEDPOLYGONALFACE((918,995,919));
#1925=IFCINDEXEDPOLYGONALFACE((997,897,996));
#1926=IFCINDEXEDPOLYGONALFACE((954,953,1023));
#1927=IFCINDEXEDPOLYGONALFACE((1024,954,1023));
#1928=IFCINDEXEDPOLYGONALFACE((922,954,1024));
#1929=IFCINDEXEDPOLYGONALFACE((1024,1025,922));
#1930=IFCINDEXEDPOLYGONALFACE((922,1026,923));
#1931=IFCINDEXEDPOLYGONALFACE((1026,1027,923));
#1932=IFCINDEXEDPOLYGONALFACE((871,923,1027));
#1933=IFCINDEXEDPOLYGONALFACE((999,1028,924));
#1934=IFCINDEXEDPOLYGONALFACE((818,924,1028));
#1935=IFCINDEXEDPOLYGONALFACE((955,1029,899));
#1936=IFCINDEXEDPOLYGONALFACE((1029,1000,899));
#1937=IFCINDEXEDPOLYGONALFACE((1001,872,1000));
#1938=IFCINDEXEDPOLYGONALFACE((1001,1002,956));
#1939=IFCINDEXEDPOLYGONALFACE((1030,875,1003));
#1940=IFCINDEXEDPOLYGONALFACE((875,1030,958));
#1941=IFCINDEXEDPOLYGONALFACE((1004,958,1030));
#1942=IFCINDEXEDPOLYGONALFACE((927,975,1031));
#1943=IFCINDEXEDPOLYGONALFACE((1006,976,928));
#1944=IFCINDEXEDPOLYGONALFACE((976,1032,960));
#1945=IFCINDEXEDPOLYGONALFACE((1033,961,1008));
#1946=IFCINDEXEDPOLYGONALFACE((1034,961,1033));
#1947=IFCINDEXEDPOLYGONALFACE((1009,961,1034));
#1948=IFCINDEXEDPOLYGONALFACE((977,1035,978));
#1949=IFCINDEXEDPOLYGONALFACE((1036,979,1035));
#1950=IFCINDEXEDPOLYGONALFACE((978,1035,979));
#1951=IFCINDEXEDPOLYGONALFACE((979,1036,1010));
#1952=IFCINDEXEDPOLYGONALFACE((1037,932,1010));
#1953=IFCINDEXEDPOLYGONALFACE((1038,981,963));
#1954=IFCINDEXEDPOLYGONALFACE((1038,1011,981));
#1955=IFCINDEXEDPOLYGONALFACE((933,1039,934));
#1956=IFCINDEXEDPOLYGONALFACE((1012,1040,1013));
#1957=IFCINDEXEDPOLYGONALFACE((965,1041,879));
#1958=IFCINDEXEDPOLYGONALFACE((1042,983,1016));
#1959=IFCINDEXEDPOLYGONALFACE((983,1042,984));
#1960=IFCINDEXEDPOLYGONALFACE((1043,985,1042));
#1961=IFCINDEXEDPOLYGONALFACE((984,1042,985));
#1962=IFCINDEXEDPOLYGONALFACE((1044,939,1043));
#1963=IFCINDEXEDPOLYGONALFACE((985,1043,939));
#1964=IFCINDEXEDPOLYGONALFACE((939,1044,940));
#1965=IFCINDEXEDPOLYGONALFACE((1018,967,941));
#1966=IFCINDEXEDPOLYGONALFACE((1018,1045,968));
#1967=IFCINDEXEDPOLYGONALFACE((1046,944,970));
#1968=IFCINDEXEDPOLYGONALFACE((909,971,1019));
#1969=IFCINDEXEDPOLYGONALFACE((1019,1020,945));
#1970=IFCINDEXEDPOLYGONALFACE((890,1020,987));
#1971=IFCINDEXEDPOLYGONALFACE((949,990,1047));
#1972=IFCINDEXEDPOLYGONALFACE((991,949,1048));
#1973=IFCINDEXEDPOLYGONALFACE((1049,1050,991));
#1974=IFCINDEXEDPOLYGONALFACE((865,991,1050));
#1975=IFCINDEXEDPOLYGONALFACE((1051,972,865));
#1976=IFCINDEXEDPOLYGONALFACE((973,972,1051));
#1977=IFCINDEXEDPOLYGONALFACE((1052,1022,1021));
#1978=IFCINDEXEDPOLYGONALFACE((1022,994,993));
#1979=IFCINDEXEDPOLYGONALFACE((952,998,920));
#1980=IFCINDEXEDPOLYGONALFACE((953,921,1023));
#1981=IFCINDEXEDPOLYGONALFACE((1053,1023,921));
#1982=IFCINDEXEDPOLYGONALFACE((1054,1024,1023));
#1983=IFCINDEXEDPOLYGONALFACE((1054,1025,1024));
#1984=IFCINDEXEDPOLYGONALFACE((1025,1026,922));
#1985=IFCINDEXEDPOLYGONALFACE((1027,999,871));
#1986=IFCINDEXEDPOLYGONALFACE((1002,1001,1055));
#1987=IFCINDEXEDPOLYGONALFACE((1002,1056,1003));
#1988=IFCINDEXEDPOLYGONALFACE((1030,1003,1056));
#1989=IFCINDEXEDPOLYGONALFACE((959,1031,975));
#1990=IFCINDEXEDPOLYGONALFACE((927,1031,1005));
#1991=IFCINDEXEDPOLYGONALFACE((1006,1005,1057));
#1992=IFCINDEXEDPOLYGONALFACE((976,1006,1057));
#1993=IFCINDEXEDPOLYGONALFACE((1032,976,1057));
#1994=IFCINDEXEDPOLYGONALFACE((1007,960,1032));
#1995=IFCINDEXEDPOLYGONALFACE((1008,929,1007));
#1996=IFCINDEXEDPOLYGONALFACE((1058,1034,1033));
#1997=IFCINDEXEDPOLYGONALFACE((1058,1009,1034));
#1998=IFCINDEXEDPOLYGONALFACE((1035,977,1059));
#1999=IFCINDEXEDPOLYGONALFACE((1009,1059,977));
#2000=IFCINDEXEDPOLYGONALFACE((1035,1060,1036));
#2001=IFCINDEXEDPOLYGONALFACE((1010,1036,1061));
#2002=IFCINDEXEDPOLYGONALFACE((1010,1061,1037));
#2003=IFCINDEXEDPOLYGONALFACE((963,1062,1038));
#2004=IFCINDEXEDPOLYGONALFACE((933,1011,1039));
#2005=IFCINDEXEDPOLYGONALFACE((1038,1039,1011));
#2006=IFCINDEXEDPOLYGONALFACE((1063,1012,935));
#2007=IFCINDEXEDPOLYGONALFACE((982,1013,1064));
#2008=IFCINDEXEDPOLYGONALFACE((1064,1014,982));
#2009=IFCINDEXEDPOLYGONALFACE((1065,965,1014));
#2010=IFCINDEXEDPOLYGONALFACE((1041,965,1065));
#2011=IFCINDEXEDPOLYGONALFACE((879,1041,1066));
#2012=IFCINDEXEDPOLYGONALFACE((879,1066,1015));
#2013=IFCINDEXEDPOLYGONALFACE((1066,1067,1015));
#2014=IFCINDEXEDPOLYGONALFACE((1016,1015,1067));
#2015=IFCINDEXEDPOLYGONALFACE((1068,1042,1067));
#2016=IFCINDEXEDPOLYGONALFACE((1016,1067,1042));
#2017=IFCINDEXEDPOLYGONALFACE((1069,1042,1068));
#2018=IFCINDEXEDPOLYGONALFACE((1042,1069,1043));
#2019=IFCINDEXEDPOLYGONALFACE((940,1044,1070));
#2020=IFCINDEXEDPOLYGONALFACE((940,1070,1017));
#2021=IFCINDEXEDPOLYGONALFACE((969,968,970));
#2022=IFCINDEXEDPOLYGONALFACE((1046,1019,944));
#2023=IFCINDEXEDPOLYGONALFACE((987,1020,1019));
#2024=IFCINDEXEDPOLYGONALFACE((988,987,1071));
#2025=IFCINDEXEDPOLYGONALFACE((1072,988,1071));
#2026=IFCINDEXEDPOLYGONALFACE((988,1072,989));
#2027=IFCINDEXEDPOLYGONALFACE((1072,1047,989));
#2028=IFCINDEXEDPOLYGONALFACE((989,1047,990));
#2029=IFCINDEXEDPOLYGONALFACE((949,1047,1048));
#2030=IFCINDEXEDPOLYGONALFACE((991,1048,1049));
#2031=IFCINDEXEDPOLYGONALFACE((1073,992,973));
#2032=IFCINDEXEDPOLYGONALFACE((1074,994,1022));
#2033=IFCINDEXEDPOLYGONALFACE((995,994,1075));
#2034=IFCINDEXEDPOLYGONALFACE((996,995,1076));
#2035=IFCINDEXEDPOLYGONALFACE((997,996,1077));
#2036=IFCINDEXEDPOLYGONALFACE((974,1078,952));
#2037=IFCINDEXEDPOLYGONALFACE((998,952,1079));
#2038=IFCINDEXEDPOLYGONALFACE((1079,1053,998));
#2039=IFCINDEXEDPOLYGONALFACE((921,998,1053));
#2040=IFCINDEXEDPOLYGONALFACE((818,1028,955));
#2041=IFCINDEXEDPOLYGONALFACE((1080,1000,1029));
#2042=IFCINDEXEDPOLYGONALFACE((1000,1081,1001));
#2043=IFCINDEXEDPOLYGONALFACE((1056,1002,1055));
#2044=IFCINDEXEDPOLYGONALFACE((1030,1056,1055));
#2045=IFCINDEXEDPOLYGONALFACE((1004,1082,959));
#2046=IFCINDEXEDPOLYGONALFACE((1005,1031,1057));
#2047=IFCINDEXEDPOLYGONALFACE((1007,1032,1083));
#2048=IFCINDEXEDPOLYGONALFACE((1083,1008,1007));
#2049=IFCINDEXEDPOLYGONALFACE((1059,1060,1035));
#2050=IFCINDEXEDPOLYGONALFACE((1084,1037,1085));
#2051=IFCINDEXEDPOLYGONALFACE((1037,1061,1085));
#2052=IFCINDEXEDPOLYGONALFACE((1039,1086,934));
#2053=IFCINDEXEDPOLYGONALFACE((935,964,1087));
#2054=IFCINDEXEDPOLYGONALFACE((935,1087,1063));
#2055=IFCINDEXEDPOLYGONALFACE((1063,1040,1012));
#2056=IFCINDEXEDPOLYGONALFACE((1088,1013,1040));
#2057=IFCINDEXEDPOLYGONALFACE((1088,1064,1013));
#2058=IFCINDEXEDPOLYGONALFACE((1066,1041,1065));
#2059=IFCINDEXEDPOLYGONALFACE((986,1017,1089));
#2060=IFCINDEXEDPOLYGONALFACE((941,986,1089));
#2061=IFCINDEXEDPOLYGONALFACE((941,1089,1018));
#2062=IFCINDEXEDPOLYGONALFACE((1045,970,968));
#2063=IFCINDEXEDPOLYGONALFACE((1048,1090,1049));
#2064=IFCINDEXEDPOLYGONALFACE((1090,1091,1049));
#2065=IFCINDEXEDPOLYGONALFACE((1092,865,1093));
#2066=IFCINDEXEDPOLYGONALFACE((865,1092,1051));
#2067=IFCINDEXEDPOLYGONALFACE((973,1051,1073));
#2068=IFCINDEXEDPOLYGONALFACE((1094,1021,992));
#2069=IFCINDEXEDPOLYGONALFACE((1052,1074,1022));
#2070=IFCINDEXEDPOLYGONALFACE((1074,1095,994));
#2071=IFCINDEXEDPOLYGONALFACE((1096,1097,1075));
#2072=IFCINDEXEDPOLYGONALFACE((1097,995,1075));
#2073=IFCINDEXEDPOLYGONALFACE((1097,1076,995));
#2074=IFCINDEXEDPOLYGONALFACE((1076,1077,996));
#2075=IFCINDEXEDPOLYGONALFACE((1098,952,1078));
#2076=IFCINDEXEDPOLYGONALFACE((1098,1079,952));
#2077=IFCINDEXEDPOLYGONALFACE((1099,1100,1053));
#2078=IFCINDEXEDPOLYGONALFACE((1023,1053,1100));
#2079=IFCINDEXEDPOLYGONALFACE((1100,1101,1023));
#2080=IFCINDEXEDPOLYGONALFACE((1054,1023,1101));
#2081=IFCINDEXEDPOLYGONALFACE((1102,1054,1101));
#2082=IFCINDEXEDPOLYGONALFACE((1054,1102,1025));
#2083=IFCINDEXEDPOLYGONALFACE((1025,1102,1026));
#2084=IFCINDEXEDPOLYGONALFACE((1027,1026,1103));
#2085=IFCINDEXEDPOLYGONALFACE((1000,1080,1081));
#2086=IFCINDEXEDPOLYGONALFACE((1004,1104,1082));
#2087=IFCINDEXEDPOLYGONALFACE((1105,1083,1032));
#2088=IFCINDEXEDPOLYGONALFACE((1008,1083,1033));
#2089=IFCINDEXEDPOLYGONALFACE((1033,1106,1058));
#2090=IFCINDEXEDPOLYGONALFACE((1107,1058,1106));
#2091=IFCINDEXEDPOLYGONALFACE((1059,1009,1107));
#2092=IFCINDEXEDPOLYGONALFACE((1058,1107,1009));
#2093=IFCINDEXEDPOLYGONALFACE((1108,1109,1059));
#2094=IFCINDEXEDPOLYGONALFACE((1059,1110,1060));
#2095=IFCINDEXEDPOLYGONALFACE((1110,1111,1060));
#2096=IFCINDEXEDPOLYGONALFACE((1036,1060,1111));
#2097=IFCINDEXEDPOLYGONALFACE((1085,1061,1111));
#2098=IFCINDEXEDPOLYGONALFACE((1111,1061,1036));
#2099=IFCINDEXEDPOLYGONALFACE((1085,1112,1084));
#2100=IFCINDEXEDPOLYGONALFACE((1039,1038,1113));
#2101=IFCINDEXEDPOLYGONALFACE((934,1086,964));
#2102=IFCINDEXEDPOLYGONALFACE((1114,1088,1040));
#2103=IFCINDEXEDPOLYGONALFACE((1065,1014,1064));
#2104=IFCINDEXEDPOLYGONALFACE((1065,1115,1066));
#2105=IFCINDEXEDPOLYGONALFACE((1116,1066,1115));
#2106=IFCINDEXEDPOLYGONALFACE((1116,1067,1066));
#2107=IFCINDEXEDPOLYGONALFACE((1068,1067,1117));
#2108=IFCINDEXEDPOLYGONALFACE((1068,1117,1069));
#2109=IFCINDEXEDPOLYGONALFACE((1118,1069,1117));
#2110=IFCINDEXEDPOLYGONALFACE((1119,1043,1118));
#2111=IFCINDEXEDPOLYGONALFACE((1043,1069,1118));
#2112=IFCINDEXEDPOLYGONALFACE((1043,1119,1044));
#2113=IFCINDEXEDPOLYGONALFACE((1120,1044,1119));
#2114=IFCINDEXEDPOLYGONALFACE((1044,1120,1070));
#2115=IFCINDEXEDPOLYGONALFACE((1070,1089,1017));
#2116=IFCINDEXEDPOLYGONALFACE((1045,1121,970));
#2117=IFCINDEXEDPOLYGONALFACE((970,1121,1046));
#2118=IFCINDEXEDPOLYGONALFACE((1019,1046,987));
#2119=IFCINDEXEDPOLYGONALFACE((1122,987,1046));
#2120=IFCINDEXEDPOLYGONALFACE((1123,987,1122));
#2121=IFCINDEXEDPOLYGONALFACE((1123,1071,987));
#2122=IFCINDEXEDPOLYGONALFACE((1072,1124,1047));
#2123=IFCINDEXEDPOLYGONALFACE((1125,1047,1124));
#2124=IFCINDEXEDPOLYGONALFACE((1048,1047,1125));
#2125=IFCINDEXEDPOLYGONALFACE((1090,1048,1126));
#2126=IFCINDEXEDPOLYGONALFACE((1050,1127,1093));
#2127=IFCINDEXEDPOLYGONALFACE((1050,1093,865));
#2128=IFCINDEXEDPOLYGONALFACE((1051,1092,1128));
#2129=IFCINDEXEDPOLYGONALFACE((1021,1094,1052));
#2130=IFCINDEXEDPOLYGONALFACE((994,1095,1129));
#2131=IFCINDEXEDPOLYGONALFACE((997,1078,974));
#2132=IFCINDEXEDPOLYGONALFACE((1079,1099,1053));
#2133=IFCINDEXEDPOLYGONALFACE((1103,1026,1102));
#2134=IFCINDEXEDPOLYGONALFACE((1027,1130,999));
#2135=IFCINDEXEDPOLYGONALFACE((1028,999,1130));
#2136=IFCINDEXEDPOLYGONALFACE((955,1028,1130));
#2137=IFCINDEXEDPOLYGONALFACE((1029,955,1130));
#2138=IFCINDEXEDPOLYGONALFACE((1131,1001,1081));
#2139=IFCINDEXEDPOLYGONALFACE((1001,1131,1055));
#2140=IFCINDEXEDPOLYGONALFACE((1055,1131,1132));
#2141=IFCINDEXEDPOLYGONALFACE((1030,1055,1132));
#2142=IFCINDEXEDPOLYGONALFACE((1133,1104,1030));
#2143=IFCINDEXEDPOLYGONALFACE((1004,1030,1104));
#2144=IFCINDEXEDPOLYGONALFACE((959,1082,1134));
#2145=IFCINDEXEDPOLYGONALFACE((959,1134,1031));
#2146=IFCINDEXEDPOLYGONALFACE((1031,1135,1057));
#2147=IFCINDEXEDPOLYGONALFACE((1032,1057,1105));
#2148=IFCINDEXEDPOLYGONALFACE((1106,1033,1136));
#2149=IFCINDEXEDPOLYGONALFACE((1136,1033,1083));
#2150=IFCINDEXEDPOLYGONALFACE((1107,1137,1059));
#2151=IFCINDEXEDPOLYGONALFACE((1059,1137,1108));
#2152=IFCINDEXEDPOLYGONALFACE((1059,1109,1138));
#2153=IFCINDEXEDPOLYGONALFACE((1139,1110,1138));
#2154=IFCINDEXEDPOLYGONALFACE((1059,1138,1110));
#2155=IFCINDEXEDPOLYGONALFACE((1139,1140,1110));
#2156=IFCINDEXEDPOLYGONALFACE((1111,1110,1141));
#2157=IFCINDEXEDPOLYGONALFACE((1110,1140,1141));
#2158=IFCINDEXEDPOLYGONALFACE((1111,1141,1085));
#2159=IFCINDEXEDPOLYGONALFACE((1112,1085,1141));
#2160=IFCINDEXEDPOLYGONALFACE((1084,1112,1142));
#2161=IFCINDEXEDPOLYGONALFACE((1143,1038,1062));
#2162=IFCINDEXEDPOLYGONALFACE((1144,1038,1143));
#2163=IFCINDEXEDPOLYGONALFACE((1144,1113,1038));
#2164=IFCINDEXEDPOLYGONALFACE((1086,1039,1113));
#2165=IFCINDEXEDPOLYGONALFACE((964,1086,1145));
#2166=IFCINDEXEDPOLYGONALFACE((1145,1087,964));
#2167=IFCINDEXEDPOLYGONALFACE((1146,1063,1087));
#2168=IFCINDEXEDPOLYGONALFACE((1063,1146,1147));
#2169=IFCINDEXEDPOLYGONALFACE((1040,1063,1147));
#2170=IFCINDEXEDPOLYGONALFACE((1148,1064,1088));
#2171=IFCINDEXEDPOLYGONALFACE((1117,1067,1116));
#2172=IFCINDEXEDPOLYGONALFACE((1149,1118,1150));
#2173=IFCINDEXEDPOLYGONALFACE((1150,1118,1117));
#2174=IFCINDEXEDPOLYGONALFACE((1151,1119,1149));
#2175=IFCINDEXEDPOLYGONALFACE((1119,1118,1149));
#2176=IFCINDEXEDPOLYGONALFACE((1119,1151,1120));
#2177=IFCINDEXEDPOLYGONALFACE((1152,1120,1151));
#2178=IFCINDEXEDPOLYGONALFACE((1120,1152,1070));
#2179=IFCINDEXEDPOLYGONALFACE((1153,1089,1070));
#2180=IFCINDEXEDPOLYGONALFACE((1018,1089,1154));
#2181=IFCINDEXEDPOLYGONALFACE((1154,1121,1018));
#2182=IFCINDEXEDPOLYGONALFACE((1045,1018,1121));
#2183=IFCINDEXEDPOLYGONALFACE((1046,1155,1122));
#2184=IFCINDEXEDPOLYGONALFACE((1156,1090,1157));
#2185=IFCINDEXEDPOLYGONALFACE((1090,1156,1091));
#2186=IFCINDEXEDPOLYGONALFACE((1049,1091,1158));
#2187=IFCINDEXEDPOLYGONALFACE((1049,1158,1050));
#2188=IFCINDEXEDPOLYGONALFACE((1051,1128,1073));
#2189=IFCINDEXEDPOLYGONALFACE((992,1073,1094));
#2190=IFCINDEXEDPOLYGONALFACE((1159,1074,1052));
#2191=IFCINDEXEDPOLYGONALFACE((1074,1160,1095));
#2192=IFCINDEXEDPOLYGONALFACE((1129,1075,994));
#2193=IFCINDEXEDPOLYGONALFACE((1161,1077,1076));
#2194=IFCINDEXEDPOLYGONALFACE((1098,1162,1079));
#2195=IFCINDEXEDPOLYGONALFACE((1079,1162,1099));
#2196=IFCINDEXEDPOLYGONALFACE((1027,1103,1163));
#2197=IFCINDEXEDPOLYGONALFACE((1029,1164,1080));
#2198=IFCINDEXEDPOLYGONALFACE((1133,1030,1132));
#2199=IFCINDEXEDPOLYGONALFACE((1165,1082,1104));
#2200=IFCINDEXEDPOLYGONALFACE((1082,1165,1134));
#2201=IFCINDEXEDPOLYGONALFACE((1166,1057,1135));
#2202=IFCINDEXEDPOLYGONALFACE((1057,1166,1105));
#2203=IFCINDEXEDPOLYGONALFACE((1083,1105,1136));
#2204=IFCINDEXEDPOLYGONALFACE((1136,1167,1106));
#2205=IFCINDEXEDPOLYGONALFACE((1106,1168,1107));
#2206=IFCINDEXEDPOLYGONALFACE((1137,1107,1168));
#2207=IFCINDEXEDPOLYGONALFACE((1108,1169,1109));
#2208=IFCINDEXEDPOLYGONALFACE((1169,1138,1109));
#2209=IFCINDEXEDPOLYGONALFACE((1141,1140,1170));
#2210=IFCINDEXEDPOLYGONALFACE((1141,1170,1112));
#2211=IFCINDEXEDPOLYGONALFACE((1170,1142,1112));
#2212=IFCINDEXEDPOLYGONALFACE((1144,1143,1171));
#2213=IFCINDEXEDPOLYGONALFACE((1113,1144,1172));
#2214=IFCINDEXEDPOLYGONALFACE((1173,1145,1086));
#2215=IFCINDEXEDPOLYGONALFACE((1114,1040,1147));
#2216=IFCINDEXEDPOLYGONALFACE((1088,1114,1174));
#2217=IFCINDEXEDPOLYGONALFACE((1064,1148,1065));
#2218=IFCINDEXEDPOLYGONALFACE((1175,1117,1176));
#2219=IFCINDEXEDPOLYGONALFACE((1116,1176,1117));
#2220=IFCINDEXEDPOLYGONALFACE((1117,1175,1150));
#2221=IFCINDEXEDPOLYGONALFACE((1177,1149,1150));
#2222=IFCINDEXEDPOLYGONALFACE((1149,1177,1151));
#2223=IFCINDEXEDPOLYGONALFACE((1151,1177,1152));
#2224=IFCINDEXEDPOLYGONALFACE((1070,1152,1178));
#2225=IFCINDEXEDPOLYGONALFACE((1179,1070,1178));
#2226=IFCINDEXEDPOLYGONALFACE((1153,1070,1179));
#2227=IFCINDEXEDPOLYGONALFACE((1089,1153,1154));
#2228=IFCINDEXEDPOLYGONALFACE((1180,1046,1121));
#2229=IFCINDEXEDPOLYGONALFACE((1155,1046,1180));
#2230=IFCINDEXEDPOLYGONALFACE((1181,1122,1155));
#2231=IFCINDEXEDPOLYGONALFACE((1181,1123,1122));
#2232=IFCINDEXEDPOLYGONALFACE((1182,1071,1123));
#2233=IFCINDEXEDPOLYGONALFACE((1182,1183,1071));
#2234=IFCINDEXEDPOLYGONALFACE((1072,1071,1183));
#2235=IFCINDEXEDPOLYGONALFACE((1125,1184,1048));
#2236=IFCINDEXEDPOLYGONALFACE((1184,1126,1048));
#2237=IFCINDEXEDPOLYGONALFACE((1185,1090,1126));
#2238=IFCINDEXEDPOLYGONALFACE((1157,1090,1185));
#2239=IFCINDEXEDPOLYGONALFACE((1186,1187,1093));
#2240=IFCINDEXEDPOLYGONALFACE((1092,1093,1187));
#2241=IFCINDEXEDPOLYGONALFACE((1092,1073,1128));
#2242=IFCINDEXEDPOLYGONALFACE((1188,1052,1094));
#2243=IFCINDEXEDPOLYGONALFACE((1189,1052,1188));
#2244=IFCINDEXEDPOLYGONALFACE((1189,1159,1052));
#2245=IFCINDEXEDPOLYGONALFACE((1074,1159,1160));
#2246=IFCINDEXEDPOLYGONALFACE((1097,1161,1076));
#2247=IFCINDEXEDPOLYGONALFACE((1078,997,1190));
#2248=IFCINDEXEDPOLYGONALFACE((1100,1099,1191));
#2249=IFCINDEXEDPOLYGONALFACE((1102,1192,1103));
#2250=IFCINDEXEDPOLYGONALFACE((1027,1163,1130));
#2251=IFCINDEXEDPOLYGONALFACE((1130,1193,1029));
#2252=IFCINDEXEDPOLYGONALFACE((1029,1193,1164));
#2253=IFCINDEXEDPOLYGONALFACE((1194,1080,1164));
#2254=IFCINDEXEDPOLYGONALFACE((1080,1194,1081));
#2255=IFCINDEXEDPOLYGONALFACE((1195,1133,1132));
#2256=IFCINDEXEDPOLYGONALFACE((1195,1104,1133));
#2257=IFCINDEXEDPOLYGONALFACE((1134,1196,1031));
#2258=IFCINDEXEDPOLYGONALFACE((1135,1031,1196));
#2259=IFCINDEXEDPOLYGONALFACE((1197,1166,1135));
#2260=IFCINDEXEDPOLYGONALFACE((1105,1166,1136));
#2261=IFCINDEXEDPOLYGONALFACE((1169,1108,1198));
#2262=IFCINDEXEDPOLYGONALFACE((1199,1198,1108));
#2263=IFCINDEXEDPOLYGONALFACE((1139,1138,1200));
#2264=IFCINDEXEDPOLYGONALFACE((1169,1200,1138));
#2265=IFCINDEXEDPOLYGONALFACE((1201,1140,1200));
#2266=IFCINDEXEDPOLYGONALFACE((1139,1200,1140));
#2267=IFCINDEXEDPOLYGONALFACE((1201,1202,1140));
#2268=IFCINDEXEDPOLYGONALFACE((1140,1202,1170));
#2269=IFCINDEXEDPOLYGONALFACE((1202,1203,1170));
#2270=IFCINDEXEDPOLYGONALFACE((1170,1203,1142));
#2271=IFCINDEXEDPOLYGONALFACE((1172,1173,1113));
#2272=IFCINDEXEDPOLYGONALFACE((1086,1113,1173));
#2273=IFCINDEXEDPOLYGONALFACE((1088,1174,1148));
#2274=IFCINDEXEDPOLYGONALFACE((1115,1065,1148));
#2275=IFCINDEXEDPOLYGONALFACE((1116,1115,1204));
#2276=IFCINDEXEDPOLYGONALFACE((1116,1204,1176));
#2277=IFCINDEXEDPOLYGONALFACE((1205,1150,1175));
#2278=IFCINDEXEDPOLYGONALFACE((1206,1177,1205));
#2279=IFCINDEXEDPOLYGONALFACE((1150,1205,1177));
#2280=IFCINDEXEDPOLYGONALFACE((1177,1206,1152));
#2281=IFCINDEXEDPOLYGONALFACE((1178,1152,1206));
#2282=IFCINDEXEDPOLYGONALFACE((1121,1154,1207));
#2283=IFCINDEXEDPOLYGONALFACE((1180,1208,1155));
#2284=IFCINDEXEDPOLYGONALFACE((1209,1072,1183));
#2285=IFCINDEXEDPOLYGONALFACE((1209,1210,1072));
#2286=IFCINDEXEDPOLYGONALFACE((1124,1072,1210));
#2287=IFCINDEXEDPOLYGONALFACE((1124,1210,1125));
#2288=IFCINDEXEDPOLYGONALFACE((1185,1126,1184));
#2289=IFCINDEXEDPOLYGONALFACE((1157,1185,1156));
#2290=IFCINDEXEDPOLYGONALFACE((1127,1050,1158));
#2291=IFCINDEXEDPOLYGONALFACE((1093,1127,1186));
#2292=IFCINDEXEDPOLYGONALFACE((1092,1187,1211));
#2293=IFCINDEXEDPOLYGONALFACE((1211,1073,1092));
#2294=IFCINDEXEDPOLYGONALFACE((1094,1073,1212));
#2295=IFCINDEXEDPOLYGONALFACE((1213,1189,1188));
#2296=IFCINDEXEDPOLYGONALFACE((1214,1129,1095));
#2297=IFCINDEXEDPOLYGONALFACE((1215,1096,1075));
#2298=IFCINDEXEDPOLYGONALFACE((1215,1216,1096));
#2299=IFCINDEXEDPOLYGONALFACE((1097,1096,1217));
#2300=IFCINDEXEDPOLYGONALFACE((1217,1096,1216));
#2301=IFCINDEXEDPOLYGONALFACE((1217,1161,1097));
#2302=IFCINDEXEDPOLYGONALFACE((1191,1099,1162));
#2303=IFCINDEXEDPOLYGONALFACE((1101,1100,1218));
#2304=IFCINDEXEDPOLYGONALFACE((1193,1130,1163));
#2305=IFCINDEXEDPOLYGONALFACE((1219,1164,1193));
#2306=IFCINDEXEDPOLYGONALFACE((1081,1220,1131));
#2307=IFCINDEXEDPOLYGONALFACE((1221,1165,1104));
#2308=IFCINDEXEDPOLYGONALFACE((1222,1167,1136));
#2309=IFCINDEXEDPOLYGONALFACE((1168,1106,1222));
#2310=IFCINDEXEDPOLYGONALFACE((1222,1106,1167));
#2311=IFCINDEXEDPOLYGONALFACE((1168,1223,1137));
#2312=IFCINDEXEDPOLYGONALFACE((1137,1223,1108));
#2313=IFCINDEXEDPOLYGONALFACE((1199,1108,1223));
#2314=IFCINDEXEDPOLYGONALFACE((1198,1200,1169));
#2315=IFCINDEXEDPOLYGONALFACE((1202,1201,1224));
#2316=IFCINDEXEDPOLYGONALFACE((1201,1200,1224));
#2317=IFCINDEXEDPOLYGONALFACE((1203,1202,1225));
#2318=IFCINDEXEDPOLYGONALFACE((1172,1171,1143));
#2319=IFCINDEXEDPOLYGONALFACE((1144,1171,1172));
#2320=IFCINDEXEDPOLYGONALFACE((1226,1175,1176));
#2321=IFCINDEXEDPOLYGONALFACE((1175,1226,1205));
#2322=IFCINDEXEDPOLYGONALFACE((1227,1206,1205));
#2323=IFCINDEXEDPOLYGONALFACE((1206,1227,1178));
#2324=IFCINDEXEDPOLYGONALFACE((1228,1178,1227));
#2325=IFCINDEXEDPOLYGONALFACE((1179,1178,1228));
#2326=IFCINDEXEDPOLYGONALFACE((1154,1153,1229));
#2327=IFCINDEXEDPOLYGONALFACE((1154,1229,1207));
#2328=IFCINDEXEDPOLYGONALFACE((1230,1121,1231));
#2329=IFCINDEXEDPOLYGONALFACE((1121,1230,1180));
#2330=IFCINDEXEDPOLYGONALFACE((1232,1123,1181));
#2331=IFCINDEXEDPOLYGONALFACE((1125,1233,1184));
#2332=IFCINDEXEDPOLYGONALFACE((1158,1156,1185));
#2333=IFCINDEXEDPOLYGONALFACE((1156,1158,1091));
#2334=IFCINDEXEDPOLYGONALFACE((1158,1234,1127));
#2335=IFCINDEXEDPOLYGONALFACE((1127,1235,1186));
#2336=IFCINDEXEDPOLYGONALFACE((1186,1236,1187));
#2337=IFCINDEXEDPOLYGONALFACE((1187,1236,1211));
#2338=IFCINDEXEDPOLYGONALFACE((1073,1237,1212));
#2339=IFCINDEXEDPOLYGONALFACE((1094,1212,1238));
#2340=IFCINDEXEDPOLYGONALFACE((1094,1238,1188));
#2341=IFCINDEXEDPOLYGONALFACE((1095,1160,1214));
#2342=IFCINDEXEDPOLYGONALFACE((1075,1129,1215));
#2343=IFCINDEXEDPOLYGONALFACE((1239,1161,1217));
#2344=IFCINDEXEDPOLYGONALFACE((1077,1161,1240));
#2345=IFCINDEXEDPOLYGONALFACE((997,1077,1190));
#2346=IFCINDEXEDPOLYGONALFACE((1078,1190,1241));
#2347=IFCINDEXEDPOLYGONALFACE((1098,1078,1241));
#2348=IFCINDEXEDPOLYGONALFACE((1101,1218,1102));
#2349=IFCINDEXEDPOLYGONALFACE((1163,1103,1192));
#2350=IFCINDEXEDPOLYGONALFACE((1220,1081,1194));
#2351=IFCINDEXEDPOLYGONALFACE((1195,1132,1242));
#2352=IFCINDEXEDPOLYGONALFACE((1104,1195,1243));
#2353=IFCINDEXEDPOLYGONALFACE((1243,1221,1104));
#2354=IFCINDEXEDPOLYGONALFACE((1134,1165,1221));
#2355=IFCINDEXEDPOLYGONALFACE((1134,1221,1196));
#2356=IFCINDEXEDPOLYGONALFACE((1244,1196,1221));
#2357=IFCINDEXEDPOLYGONALFACE((1196,1245,1135));
#2358=IFCINDEXEDPOLYGONALFACE((1166,1197,1246));
#2359=IFCINDEXEDPOLYGONALFACE((1136,1166,1247));
#2360=IFCINDEXEDPOLYGONALFACE((1222,1136,1247));
#2361=IFCINDEXEDPOLYGONALFACE((1222,1223,1168));
#2362=IFCINDEXEDPOLYGONALFACE((1223,1248,1199));
#2363=IFCINDEXEDPOLYGONALFACE((1199,1248,1198));
#2364=IFCINDEXEDPOLYGONALFACE((1200,1198,1249));
#2365=IFCINDEXEDPOLYGONALFACE((1249,1224,1200));
#2366=IFCINDEXEDPOLYGONALFACE((1250,1202,1224));
#2367=IFCINDEXEDPOLYGONALFACE((1225,1202,1250));
#2368=IFCINDEXEDPOLYGONALFACE((1143,1251,1172));
#2369=IFCINDEXEDPOLYGONALFACE((1252,1172,1251));
#2370=IFCINDEXEDPOLYGONALFACE((1252,1253,1172));
#2371=IFCINDEXEDPOLYGONALFACE((1173,1172,1253));
#2372=IFCINDEXEDPOLYGONALFACE((1253,1254,1173));
#2373=IFCINDEXEDPOLYGONALFACE((1145,1173,1254));
#2374=IFCINDEXEDPOLYGONALFACE((1148,1255,1115));
#2375=IFCINDEXEDPOLYGONALFACE((1256,1205,1226));
#2376=IFCINDEXEDPOLYGONALFACE((1257,1227,1256));
#2377=IFCINDEXEDPOLYGONALFACE((1205,1256,1227));
#2378=IFCINDEXEDPOLYGONALFACE((1227,1257,1228));
#2379=IFCINDEXEDPOLYGONALFACE((1229,1153,1179));
#2380=IFCINDEXEDPOLYGONALFACE((1229,1258,1207));
#2381=IFCINDEXEDPOLYGONALFACE((1231,1121,1207));
#2382=IFCINDEXEDPOLYGONALFACE((1259,1180,1230));
#2383=IFCINDEXEDPOLYGONALFACE((1259,1208,1180));
#2384=IFCINDEXEDPOLYGONALFACE((1260,1155,1208));
#2385=IFCINDEXEDPOLYGONALFACE((1155,1261,1181));
#2386=IFCINDEXEDPOLYGONALFACE((1183,1182,1209));
#2387=IFCINDEXEDPOLYGONALFACE((1262,1210,1209));
#2388=IFCINDEXEDPOLYGONALFACE((1125,1210,1263));
#2389=IFCINDEXEDPOLYGONALFACE((1233,1125,1263));
#2390=IFCINDEXEDPOLYGONALFACE((1264,1185,1184));
#2391=IFCINDEXEDPOLYGONALFACE((1185,1264,1158));
#2392=IFCINDEXEDPOLYGONALFACE((1211,1265,1073));
#2393=IFCINDEXEDPOLYGONALFACE((1160,1159,1214));
#2394=IFCINDEXEDPOLYGONALFACE((1214,1266,1129));
#2395=IFCINDEXEDPOLYGONALFACE((1266,1267,1129));
#2396=IFCINDEXEDPOLYGONALFACE((1129,1267,1215));
#2397=IFCINDEXEDPOLYGONALFACE((1268,1216,1215));
#2398=IFCINDEXEDPOLYGONALFACE((1268,1217,1216));
#2399=IFCINDEXEDPOLYGONALFACE((1269,1239,1217));
#2400=IFCINDEXEDPOLYGONALFACE((1161,1239,1240));
#2401=IFCINDEXEDPOLYGONALFACE((1077,1240,1190));
#2402=IFCINDEXEDPOLYGONALFACE((1270,1271,1190));
#2403=IFCINDEXEDPOLYGONALFACE((1241,1190,1271));
#2404=IFCINDEXEDPOLYGONALFACE((1241,1162,1098));
#2405=IFCINDEXEDPOLYGONALFACE((1191,1272,1100));
#2406=IFCINDEXEDPOLYGONALFACE((1218,1273,1102));
#2407=IFCINDEXEDPOLYGONALFACE((1273,1192,1102));
#2408=IFCINDEXEDPOLYGONALFACE((1274,1163,1192));
#2409=IFCINDEXEDPOLYGONALFACE((1164,1219,1275));
#2410=IFCINDEXEDPOLYGONALFACE((1195,1242,1243));
#2411=IFCINDEXEDPOLYGONALFACE((1276,1245,1196));
#2412=IFCINDEXEDPOLYGONALFACE((1277,1135,1245));
#2413=IFCINDEXEDPOLYGONALFACE((1277,1197,1135));
#2414=IFCINDEXEDPOLYGONALFACE((1197,1277,1246));
#2415=IFCINDEXEDPOLYGONALFACE((1246,1247,1166));
#2416=IFCINDEXEDPOLYGONALFACE((1198,1248,1278));
#2417=IFCINDEXEDPOLYGONALFACE((1278,1279,1198));
#2418=IFCINDEXEDPOLYGONALFACE((1198,1279,1249));
#2419=IFCINDEXEDPOLYGONALFACE((1224,1249,1280));
#2420=IFCINDEXEDPOLYGONALFACE((1250,1224,1280));
#2421=IFCINDEXEDPOLYGONALFACE((1281,1250,1280));
#2422=IFCINDEXEDPOLYGONALFACE((1225,1250,1282));
#2423=IFCINDEXEDPOLYGONALFACE((1281,1282,1250));
#2424=IFCINDEXEDPOLYGONALFACE((1283,1253,1252));
#2425=IFCINDEXEDPOLYGONALFACE((1283,1254,1253));
#2426=IFCINDEXEDPOLYGONALFACE((1284,1285,1145));
#2427=IFCINDEXEDPOLYGONALFACE((1145,1285,1087));
#2428=IFCINDEXEDPOLYGONALFACE((1286,1146,1087));
#2429=IFCINDEXEDPOLYGONALFACE((1147,1146,1286));
#2430=IFCINDEXEDPOLYGONALFACE((1286,1287,1147));
#2431=IFCINDEXEDPOLYGONALFACE((1114,1147,1287));
#2432=IFCINDEXEDPOLYGONALFACE((1114,1287,1174));
#2433=IFCINDEXEDPOLYGONALFACE((1288,1174,1287));
#2434=IFCINDEXEDPOLYGONALFACE((1288,1289,1174));
#2435=IFCINDEXEDPOLYGONALFACE((1148,1174,1289));
#2436=IFCINDEXEDPOLYGONALFACE((1290,1176,1204));
#2437=IFCINDEXEDPOLYGONALFACE((1176,1290,1226));
#2438=IFCINDEXEDPOLYGONALFACE((1226,1290,1256));
#2439=IFCINDEXEDPOLYGONALFACE((1228,1257,1179));
#2440=IFCINDEXEDPOLYGONALFACE((1291,1229,1179));
#2441=IFCINDEXEDPOLYGONALFACE((1207,1258,1292));
#2442=IFCINDEXEDPOLYGONALFACE((1207,1292,1231));
#2443=IFCINDEXEDPOLYGONALFACE((1208,1259,1293));
#2444=IFCINDEXEDPOLYGONALFACE((1261,1155,1260));
#2445=IFCINDEXEDPOLYGONALFACE((1261,1232,1181));
#2446=IFCINDEXEDPOLYGONALFACE((1233,1294,1184));
#2447=IFCINDEXEDPOLYGONALFACE((1264,1295,1158));
#2448=IFCINDEXEDPOLYGONALFACE((1295,1234,1158));
#2449=IFCINDEXEDPOLYGONALFACE((1296,1127,1234));
#2450=IFCINDEXEDPOLYGONALFACE((1235,1127,1297));
#2451=IFCINDEXEDPOLYGONALFACE((1296,1297,1127));
#2452=IFCINDEXEDPOLYGONALFACE((1298,1186,1235));
#2453=IFCINDEXEDPOLYGONALFACE((1236,1186,1298));
#2454=IFCINDEXEDPOLYGONALFACE((1265,1237,1073));
#2455=IFCINDEXEDPOLYGONALFACE((1299,1300,1238));
#2456=IFCINDEXEDPOLYGONALFACE((1188,1238,1300));
#2457=IFCINDEXEDPOLYGONALFACE((1213,1188,1300));
#2458=IFCINDEXEDPOLYGONALFACE((1301,1189,1213));
#2459=IFCINDEXEDPOLYGONALFACE((1159,1189,1302));
#2460=IFCINDEXEDPOLYGONALFACE((1159,1302,1214));
#2461=IFCINDEXEDPOLYGONALFACE((1269,1217,1268));
#2462=IFCINDEXEDPOLYGONALFACE((1303,1162,1241));
#2463=IFCINDEXEDPOLYGONALFACE((1191,1162,1303));
#2464=IFCINDEXEDPOLYGONALFACE((1303,1272,1191));
#2465=IFCINDEXEDPOLYGONALFACE((1100,1272,1218));
#2466=IFCINDEXEDPOLYGONALFACE((1304,1273,1218));
#2467=IFCINDEXEDPOLYGONALFACE((1274,1192,1273));
#2468=IFCINDEXEDPOLYGONALFACE((1193,1163,1274));
#2469=IFCINDEXEDPOLYGONALFACE((1193,1305,1219));
#2470=IFCINDEXEDPOLYGONALFACE((1305,1306,1219));
#2471=IFCINDEXEDPOLYGONALFACE((1306,1275,1219));
#2472=IFCINDEXEDPOLYGONALFACE((1307,1164,1275));
#2473=IFCINDEXEDPOLYGONALFACE((1164,1307,1194));
#2474=IFCINDEXEDPOLYGONALFACE((1307,1220,1194));
#2475=IFCINDEXEDPOLYGONALFACE((1220,1308,1131));
#2476=IFCINDEXEDPOLYGONALFACE((1132,1309,1242));
#2477=IFCINDEXEDPOLYGONALFACE((1310,1243,1309));
#2478=IFCINDEXEDPOLYGONALFACE((1242,1309,1243));
#2479=IFCINDEXEDPOLYGONALFACE((1311,1221,1243));
#2480=IFCINDEXEDPOLYGONALFACE((1244,1221,1311));
#2481=IFCINDEXEDPOLYGONALFACE((1196,1244,1312));
#2482=IFCINDEXEDPOLYGONALFACE((1313,1246,1277));
#2483=IFCINDEXEDPOLYGONALFACE((1313,1247,1246));
#2484=IFCINDEXEDPOLYGONALFACE((1314,1222,1247));
#2485=IFCINDEXEDPOLYGONALFACE((1315,1222,1314));
#2486=IFCINDEXEDPOLYGONALFACE((1222,1315,1223));
#2487=IFCINDEXEDPOLYGONALFACE((1316,1223,1315));
#2488=IFCINDEXEDPOLYGONALFACE((1317,1248,1318));
#2489=IFCINDEXEDPOLYGONALFACE((1223,1318,1248));
#2490=IFCINDEXEDPOLYGONALFACE((1317,1278,1248));
#2491=IFCINDEXEDPOLYGONALFACE((1279,1280,1249));
#2492=IFCINDEXEDPOLYGONALFACE((1281,1280,1319));
#2493=IFCINDEXEDPOLYGONALFACE((1282,1281,1319));
#2494=IFCINDEXEDPOLYGONALFACE((1251,1320,1252));
#2495=IFCINDEXEDPOLYGONALFACE((1252,1320,1283));
#2496=IFCINDEXEDPOLYGONALFACE((1145,1254,1321));
#2497=IFCINDEXEDPOLYGONALFACE((1145,1321,1284));
#2498=IFCINDEXEDPOLYGONALFACE((1289,1288,1322));
#2499=IFCINDEXEDPOLYGONALFACE((1148,1289,1255));
#2500=IFCINDEXEDPOLYGONALFACE((1323,1115,1255));
#2501=IFCINDEXEDPOLYGONALFACE((1204,1115,1323));
#2502=IFCINDEXEDPOLYGONALFACE((1324,1204,1323));
#2503=IFCINDEXEDPOLYGONALFACE((1325,1290,1324));
#2504=IFCINDEXEDPOLYGONALFACE((1204,1324,1290));
#2505=IFCINDEXEDPOLYGONALFACE((1326,1290,1325));
#2506=IFCINDEXEDPOLYGONALFACE((1327,1256,1326));
#2507=IFCINDEXEDPOLYGONALFACE((1290,1326,1256));
#2508=IFCINDEXEDPOLYGONALFACE((1256,1327,1257));
#2509=IFCINDEXEDPOLYGONALFACE((1328,1257,1327));
#2510=IFCINDEXEDPOLYGONALFACE((1328,1179,1257));
#2511=IFCINDEXEDPOLYGONALFACE((1291,1179,1329));
#2512=IFCINDEXEDPOLYGONALFACE((1292,1258,1229));
#2513=IFCINDEXEDPOLYGONALFACE((1208,1293,1260));
#2514=IFCINDEXEDPOLYGONALFACE((1330,1123,1232));
#2515=IFCINDEXEDPOLYGONALFACE((1123,1330,1182));
#2516=IFCINDEXEDPOLYGONALFACE((1209,1182,1331));
#2517=IFCINDEXEDPOLYGONALFACE((1331,1182,1330));
#2518=IFCINDEXEDPOLYGONALFACE((1332,1209,1331));
#2519=IFCINDEXEDPOLYGONALFACE((1262,1209,1332));
#2520=IFCINDEXEDPOLYGONALFACE((1333,1210,1262));
#2521=IFCINDEXEDPOLYGONALFACE((1264,1184,1294));
#2522=IFCINDEXEDPOLYGONALFACE((1297,1298,1235));
#2523=IFCINDEXEDPOLYGONALFACE((1298,1334,1236));
#2524=IFCINDEXEDPOLYGONALFACE((1334,1335,1236));
#2525=IFCINDEXEDPOLYGONALFACE((1211,1236,1335));
#2526=IFCINDEXEDPOLYGONALFACE((1335,1265,1211));
#2527=IFCINDEXEDPOLYGONALFACE((1238,1212,1237));
#2528=IFCINDEXEDPOLYGONALFACE((1213,1300,1301));
#2529=IFCINDEXEDPOLYGONALFACE((1302,1189,1301));
#2530=IFCINDEXEDPOLYGONALFACE((1336,1214,1302));
#2531=IFCINDEXEDPOLYGONALFACE((1336,1266,1214));
#2532=IFCINDEXEDPOLYGONALFACE((1215,1267,1269));
#2533=IFCINDEXEDPOLYGONALFACE((1268,1215,1269));
#2534=IFCINDEXEDPOLYGONALFACE((1337,1239,1338));
#2535=IFCINDEXEDPOLYGONALFACE((1338,1239,1269));
#2536=IFCINDEXEDPOLYGONALFACE((1239,1337,1240));
#2537=IFCINDEXEDPOLYGONALFACE((1339,1190,1240));
#2538=IFCINDEXEDPOLYGONALFACE((1190,1339,1270));
#2539=IFCINDEXEDPOLYGONALFACE((1304,1218,1340));
#2540=IFCINDEXEDPOLYGONALFACE((1273,1304,1341));
#2541=IFCINDEXEDPOLYGONALFACE((1273,1341,1274));
#2542=IFCINDEXEDPOLYGONALFACE((1307,1342,1220));
#2543=IFCINDEXEDPOLYGONALFACE((1308,1220,1342));
#2544=IFCINDEXEDPOLYGONALFACE((1132,1131,1308));
#2545=IFCINDEXEDPOLYGONALFACE((1310,1309,1343));
#2546=IFCINDEXEDPOLYGONALFACE((1344,1243,1310));
#2547=IFCINDEXEDPOLYGONALFACE((1344,1311,1243));
#2548=IFCINDEXEDPOLYGONALFACE((1311,1345,1244));
#2549=IFCINDEXEDPOLYGONALFACE((1312,1244,1345));
#2550=IFCINDEXEDPOLYGONALFACE((1346,1196,1312));
#2551=IFCINDEXEDPOLYGONALFACE((1346,1276,1196));
#2552=IFCINDEXEDPOLYGONALFACE((1276,1277,1245));
#2553=IFCINDEXEDPOLYGONALFACE((1313,1277,1347));
#2554=IFCINDEXEDPOLYGONALFACE((1247,1313,1348));
#2555=IFCINDEXEDPOLYGONALFACE((1348,1349,1247));
#2556=IFCINDEXEDPOLYGONALFACE((1314,1247,1349));
#2557=IFCINDEXEDPOLYGONALFACE((1223,1316,1318));
#2558=IFCINDEXEDPOLYGONALFACE((1317,1350,1278));
#2559=IFCINDEXEDPOLYGONALFACE((1279,1278,1350));
#2560=IFCINDEXEDPOLYGONALFACE((1319,1280,1279));
#2561=IFCINDEXEDPOLYGONALFACE((1351,1320,1352));
#2562=IFCINDEXEDPOLYGONALFACE((1320,1351,1283));
#2563=IFCINDEXEDPOLYGONALFACE((1353,1283,1351));
#2564=IFCINDEXEDPOLYGONALFACE((1283,1353,1354));
#2565=IFCINDEXEDPOLYGONALFACE((1254,1283,1354));
#2566=IFCINDEXEDPOLYGONALFACE((1354,1321,1254));
#2567=IFCINDEXEDPOLYGONALFACE((1355,1087,1285));
#2568=IFCINDEXEDPOLYGONALFACE((1087,1355,1286));
#2569=IFCINDEXEDPOLYGONALFACE((1356,1327,1326));
#2570=IFCINDEXEDPOLYGONALFACE((1327,1356,1328));
#2571=IFCINDEXEDPOLYGONALFACE((1179,1328,1357));
#2572=IFCINDEXEDPOLYGONALFACE((1329,1179,1357));
#2573=IFCINDEXEDPOLYGONALFACE((1358,1293,1259));
#2574=IFCINDEXEDPOLYGONALFACE((1359,1260,1293));
#2575=IFCINDEXEDPOLYGONALFACE((1360,1260,1359));
#2576=IFCINDEXEDPOLYGONALFACE((1260,1360,1261));
#2577=IFCINDEXEDPOLYGONALFACE((1333,1263,1210));
#2578=IFCINDEXEDPOLYGONALFACE((1361,1233,1263));
#2579=IFCINDEXEDPOLYGONALFACE((1233,1361,1294));
#2580=IFCINDEXEDPOLYGONALFACE((1362,1264,1294));
#2581=IFCINDEXEDPOLYGONALFACE((1264,1363,1295));
#2582=IFCINDEXEDPOLYGONALFACE((1298,1297,1364));
#2583=IFCINDEXEDPOLYGONALFACE((1298,1364,1334));
#2584=IFCINDEXEDPOLYGONALFACE((1365,1265,1335));
#2585=IFCINDEXEDPOLYGONALFACE((1265,1365,1237));
#2586=IFCINDEXEDPOLYGONALFACE((1366,1237,1365));
#2587=IFCINDEXEDPOLYGONALFACE((1366,1238,1237));
#2588=IFCINDEXEDPOLYGONALFACE((1238,1367,1299));
#2589=IFCINDEXEDPOLYGONALFACE((1301,1300,1368));
#2590=IFCINDEXEDPOLYGONALFACE((1336,1302,1369));
#2591=IFCINDEXEDPOLYGONALFACE((1370,1336,1369));
#2592=IFCINDEXEDPOLYGONALFACE((1266,1336,1371));
#2593=IFCINDEXEDPOLYGONALFACE((1370,1371,1336));
#2594=IFCINDEXEDPOLYGONALFACE((1372,1267,1266));
#2595=IFCINDEXEDPOLYGONALFACE((1267,1372,1269));
#2596=IFCINDEXEDPOLYGONALFACE((1373,1269,1372));
#2597=IFCINDEXEDPOLYGONALFACE((1373,1338,1269));
#2598=IFCINDEXEDPOLYGONALFACE((1339,1271,1270));
#2599=IFCINDEXEDPOLYGONALFACE((1374,1340,1272));
#2600=IFCINDEXEDPOLYGONALFACE((1218,1272,1340));
#2601=IFCINDEXEDPOLYGONALFACE((1274,1375,1193));
#2602=IFCINDEXEDPOLYGONALFACE((1305,1193,1375));
#2603=IFCINDEXEDPOLYGONALFACE((1306,1376,1275));
#2604=IFCINDEXEDPOLYGONALFACE((1275,1342,1307));
#2605=IFCINDEXEDPOLYGONALFACE((1309,1132,1308));
#2606=IFCINDEXEDPOLYGONALFACE((1310,1343,1344));
#2607=IFCINDEXEDPOLYGONALFACE((1377,1346,1312));
#2608=IFCINDEXEDPOLYGONALFACE((1378,1348,1313));
#2609=IFCINDEXEDPOLYGONALFACE((1318,1316,1315));
#2610=IFCINDEXEDPOLYGONALFACE((1318,1379,1317));
#2611=IFCINDEXEDPOLYGONALFACE((1350,1380,1279));
#2612=IFCINDEXEDPOLYGONALFACE((1279,1380,1319));
#2613=IFCINDEXEDPOLYGONALFACE((1320,1381,1352));
#2614=IFCINDEXEDPOLYGONALFACE((1382,1351,1352));
#2615=IFCINDEXEDPOLYGONALFACE((1383,1351,1382));
#2616=IFCINDEXEDPOLYGONALFACE((1351,1383,1353));
#2617=IFCINDEXEDPOLYGONALFACE((1384,1353,1383));
#2618=IFCINDEXEDPOLYGONALFACE((1384,1354,1353));
#2619=IFCINDEXEDPOLYGONALFACE((1354,1385,1321));
#2620=IFCINDEXEDPOLYGONALFACE((1284,1321,1385));
#2621=IFCINDEXEDPOLYGONALFACE((1355,1287,1286));
#2622=IFCINDEXEDPOLYGONALFACE((1386,1323,1255));
#2623=IFCINDEXEDPOLYGONALFACE((1386,1324,1323));
#2624=IFCINDEXEDPOLYGONALFACE((1387,1325,1324));
#2625=IFCINDEXEDPOLYGONALFACE((1325,1387,1326));
#2626=IFCINDEXEDPOLYGONALFACE((1388,1326,1387));
#2627=IFCINDEXEDPOLYGONALFACE((1389,1356,1388));
#2628=IFCINDEXEDPOLYGONALFACE((1326,1388,1356));
#2629=IFCINDEXEDPOLYGONALFACE((1356,1389,1328));
#2630=IFCINDEXEDPOLYGONALFACE((1328,1389,1357));
#2631=IFCINDEXEDPOLYGONALFACE((1229,1390,1292));
#2632=IFCINDEXEDPOLYGONALFACE((1391,1292,1390));
#2633=IFCINDEXEDPOLYGONALFACE((1391,1231,1292));
#2634=IFCINDEXEDPOLYGONALFACE((1392,1231,1391));
#2635=IFCINDEXEDPOLYGONALFACE((1392,1230,1231));
#2636=IFCINDEXEDPOLYGONALFACE((1293,1358,1359));
#2637=IFCINDEXEDPOLYGONALFACE((1360,1359,1393));
#2638=IFCINDEXEDPOLYGONALFACE((1394,1331,1330));
#2639=IFCINDEXEDPOLYGONALFACE((1331,1394,1332));
#2640=IFCINDEXEDPOLYGONALFACE((1262,1332,1394));
#2641=IFCINDEXEDPOLYGONALFACE((1333,1262,1395));
#2642=IFCINDEXEDPOLYGONALFACE((1396,1395,1262));
#2643=IFCINDEXEDPOLYGONALFACE((1397,1333,1395));
#2644=IFCINDEXEDPOLYGONALFACE((1263,1333,1397));
#2645=IFCINDEXEDPOLYGONALFACE((1397,1361,1263));
#2646=IFCINDEXEDPOLYGONALFACE((1361,1362,1294));
#2647=IFCINDEXEDPOLYGONALFACE((1362,1363,1264));
#2648=IFCINDEXEDPOLYGONALFACE((1363,1234,1295));
#2649=IFCINDEXEDPOLYGONALFACE((1234,1398,1296));
#2650=IFCINDEXEDPOLYGONALFACE((1297,1296,1364));
#2651=IFCINDEXEDPOLYGONALFACE((1334,1364,1399));
#2652=IFCINDEXEDPOLYGONALFACE((1399,1335,1334));
#2653=IFCINDEXEDPOLYGONALFACE((1366,1400,1238));
#2654=IFCINDEXEDPOLYGONALFACE((1238,1400,1367));
#2655=IFCINDEXEDPOLYGONALFACE((1299,1367,1300));
#2656=IFCINDEXEDPOLYGONALFACE((1369,1302,1401));
#2657=IFCINDEXEDPOLYGONALFACE((1369,1402,1370));
#2658=IFCINDEXEDPOLYGONALFACE((1371,1370,1402));
#2659=IFCINDEXEDPOLYGONALFACE((1402,1403,1371));
#2660=IFCINDEXEDPOLYGONALFACE((1266,1371,1403));
#2661=IFCINDEXEDPOLYGONALFACE((1403,1404,1266));
#2662=IFCINDEXEDPOLYGONALFACE((1372,1266,1404));
#2663=IFCINDEXEDPOLYGONALFACE((1240,1405,1339));
#2664=IFCINDEXEDPOLYGONALFACE((1271,1339,1406));
#2665=IFCINDEXEDPOLYGONALFACE((1407,1374,1303));
#2666=IFCINDEXEDPOLYGONALFACE((1272,1303,1374));
#2667=IFCINDEXEDPOLYGONALFACE((1304,1340,1408));
#2668=IFCINDEXEDPOLYGONALFACE((1304,1408,1341));
#2669=IFCINDEXEDPOLYGONALFACE((1341,1408,1274));
#2670=IFCINDEXEDPOLYGONALFACE((1375,1274,1408));
#2671=IFCINDEXEDPOLYGONALFACE((1275,1376,1409));
#2672=IFCINDEXEDPOLYGONALFACE((1275,1409,1342));
#2673=IFCINDEXEDPOLYGONALFACE((1410,1311,1344));
#2674=IFCINDEXEDPOLYGONALFACE((1410,1345,1311));
#2675=IFCINDEXEDPOLYGONALFACE((1345,1377,1312));
#2676=IFCINDEXEDPOLYGONALFACE((1377,1411,1346));
#2677=IFCINDEXEDPOLYGONALFACE((1412,1346,1411));
#2678=IFCINDEXEDPOLYGONALFACE((1412,1413,1346));
#2679=IFCINDEXEDPOLYGONALFACE((1276,1346,1413));
#2680=IFCINDEXEDPOLYGONALFACE((1413,1414,1276));
#2681=IFCINDEXEDPOLYGONALFACE((1277,1276,1414));
#2682=IFCINDEXEDPOLYGONALFACE((1347,1277,1414));
#2683=IFCINDEXEDPOLYGONALFACE((1378,1313,1347));
#2684=IFCINDEXEDPOLYGONALFACE((1415,1314,1349));
#2685=IFCINDEXEDPOLYGONALFACE((1350,1317,1380));
#2686=IFCINDEXEDPOLYGONALFACE((1380,1416,1319));
#2687=IFCINDEXEDPOLYGONALFACE((1417,1352,1381));
#2688=IFCINDEXEDPOLYGONALFACE((1352,1417,1382));
#2689=IFCINDEXEDPOLYGONALFACE((1417,1384,1382));
#2690=IFCINDEXEDPOLYGONALFACE((1382,1384,1383));
#2691=IFCINDEXEDPOLYGONALFACE((1384,1418,1354));
#2692=IFCINDEXEDPOLYGONALFACE((1354,1418,1385));
#2693=IFCINDEXEDPOLYGONALFACE((1385,1418,1284));
#2694=IFCINDEXEDPOLYGONALFACE((1419,1287,1355));
#2695=IFCINDEXEDPOLYGONALFACE((1387,1324,1386));
#2696=IFCINDEXEDPOLYGONALFACE((1329,1357,1420));
#2697=IFCINDEXEDPOLYGONALFACE((1420,1291,1329));
#2698=IFCINDEXEDPOLYGONALFACE((1291,1421,1229));
#2699=IFCINDEXEDPOLYGONALFACE((1229,1421,1390));
#2700=IFCINDEXEDPOLYGONALFACE((1358,1259,1422));
#2701=IFCINDEXEDPOLYGONALFACE((1359,1358,1393));
#2702=IFCINDEXEDPOLYGONALFACE((1423,1262,1394));
#2703=IFCINDEXEDPOLYGONALFACE((1262,1423,1396));
#2704=IFCINDEXEDPOLYGONALFACE((1361,1397,1424));
#2705=IFCINDEXEDPOLYGONALFACE((1424,1425,1361));
#2706=IFCINDEXEDPOLYGONALFACE((1426,1361,1425));
#2707=IFCINDEXEDPOLYGONALFACE((1426,1362,1361));
#2708=IFCINDEXEDPOLYGONALFACE((1296,1427,1364));
#2709=IFCINDEXEDPOLYGONALFACE((1364,1427,1399));
#2710=IFCINDEXEDPOLYGONALFACE((1335,1399,1428));
#2711=IFCINDEXEDPOLYGONALFACE((1365,1335,1428));
#2712=IFCINDEXEDPOLYGONALFACE((1365,1429,1366));
#2713=IFCINDEXEDPOLYGONALFACE((1430,1400,1366));
#2714=IFCINDEXEDPOLYGONALFACE((1431,1301,1368));
#2715=IFCINDEXEDPOLYGONALFACE((1301,1431,1302));
#2716=IFCINDEXEDPOLYGONALFACE((1402,1369,1432));
#2717=IFCINDEXEDPOLYGONALFACE((1401,1432,1369));
#2718=IFCINDEXEDPOLYGONALFACE((1402,1432,1403));
#2719=IFCINDEXEDPOLYGONALFACE((1433,1372,1404));
#2720=IFCINDEXEDPOLYGONALFACE((1373,1372,1433));
#2721=IFCINDEXEDPOLYGONALFACE((1373,1433,1338));
#2722=IFCINDEXEDPOLYGONALFACE((1338,1434,1337));
#2723=IFCINDEXEDPOLYGONALFACE((1434,1435,1337));
#2724=IFCINDEXEDPOLYGONALFACE((1337,1435,1240));
#2725=IFCINDEXEDPOLYGONALFACE((1406,1436,1271));
#2726=IFCINDEXEDPOLYGONALFACE((1436,1437,1271));
#2727=IFCINDEXEDPOLYGONALFACE((1241,1271,1437));
#2728=IFCINDEXEDPOLYGONALFACE((1437,1438,1241));
#2729=IFCINDEXEDPOLYGONALFACE((1303,1241,1438));
#2730=IFCINDEXEDPOLYGONALFACE((1407,1303,1438));
#2731=IFCINDEXEDPOLYGONALFACE((1439,1340,1374));
#2732=IFCINDEXEDPOLYGONALFACE((1375,1440,1305));
#2733=IFCINDEXEDPOLYGONALFACE((1441,1305,1440));
#2734=IFCINDEXEDPOLYGONALFACE((1441,1306,1305));
#2735=IFCINDEXEDPOLYGONALFACE((1308,1342,1442));
#2736=IFCINDEXEDPOLYGONALFACE((1309,1308,1443));
#2737=IFCINDEXEDPOLYGONALFACE((1309,1443,1343));
#2738=IFCINDEXEDPOLYGONALFACE((1444,1343,1445));
#2739=IFCINDEXEDPOLYGONALFACE((1444,1344,1343));
#2740=IFCINDEXEDPOLYGONALFACE((1345,1410,1446));
#2741=IFCINDEXEDPOLYGONALFACE((1447,1446,1410));
#2742=IFCINDEXEDPOLYGONALFACE((1345,1448,1377));
#2743=IFCINDEXEDPOLYGONALFACE((1378,1347,1414));
#2744=IFCINDEXEDPOLYGONALFACE((1449,1314,1415));
#2745=IFCINDEXEDPOLYGONALFACE((1450,1315,1449));
#2746=IFCINDEXEDPOLYGONALFACE((1314,1449,1315));
#2747=IFCINDEXEDPOLYGONALFACE((1451,1318,1315));
#2748=IFCINDEXEDPOLYGONALFACE((1379,1318,1451));
#2749=IFCINDEXEDPOLYGONALFACE((1379,1451,1317));
#2750=IFCINDEXEDPOLYGONALFACE((1380,1317,1452));
#2751=IFCINDEXEDPOLYGONALFACE((1319,1416,1453));
#2752=IFCINDEXEDPOLYGONALFACE((1381,1454,1417));
#2753=IFCINDEXEDPOLYGONALFACE((1417,1454,1455));
#2754=IFCINDEXEDPOLYGONALFACE((1456,1417,1455));
#2755=IFCINDEXEDPOLYGONALFACE((1417,1456,1384));
#2756=IFCINDEXEDPOLYGONALFACE((1456,1457,1384));
#2757=IFCINDEXEDPOLYGONALFACE((1418,1384,1457));
#2758=IFCINDEXEDPOLYGONALFACE((1418,1457,1284));
#2759=IFCINDEXEDPOLYGONALFACE((1458,1284,1457));
#2760=IFCINDEXEDPOLYGONALFACE((1284,1458,1285));
#2761=IFCINDEXEDPOLYGONALFACE((1386,1255,1459));
#2762=IFCINDEXEDPOLYGONALFACE((1460,1386,1459));
#2763=IFCINDEXEDPOLYGONALFACE((1386,1460,1387));
#2764=IFCINDEXEDPOLYGONALFACE((1461,1388,1462));
#2765=IFCINDEXEDPOLYGONALFACE((1387,1462,1388));
#2766=IFCINDEXEDPOLYGONALFACE((1388,1461,1389));
#2767=IFCINDEXEDPOLYGONALFACE((1463,1389,1461));
#2768=IFCINDEXEDPOLYGONALFACE((1389,1463,1357));
#2769=IFCINDEXEDPOLYGONALFACE((1464,1420,1357));
#2770=IFCINDEXEDPOLYGONALFACE((1291,1420,1421));
#2771=IFCINDEXEDPOLYGONALFACE((1391,1390,1421));
#2772=IFCINDEXEDPOLYGONALFACE((1259,1230,1392));
#2773=IFCINDEXEDPOLYGONALFACE((1392,1422,1259));
#2774=IFCINDEXEDPOLYGONALFACE((1358,1422,1393));
#2775=IFCINDEXEDPOLYGONALFACE((1465,1261,1360));
#2776=IFCINDEXEDPOLYGONALFACE((1466,1395,1423));
#2777=IFCINDEXEDPOLYGONALFACE((1396,1423,1395));
#2778=IFCINDEXEDPOLYGONALFACE((1466,1424,1395));
#2779=IFCINDEXEDPOLYGONALFACE((1395,1424,1397));
#2780=IFCINDEXEDPOLYGONALFACE((1362,1426,1363));
#2781=IFCINDEXEDPOLYGONALFACE((1467,1363,1426));
#2782=IFCINDEXEDPOLYGONALFACE((1234,1363,1398));
#2783=IFCINDEXEDPOLYGONALFACE((1467,1398,1363));
#2784=IFCINDEXEDPOLYGONALFACE((1296,1398,1427));
#2785=IFCINDEXEDPOLYGONALFACE((1427,1428,1399));
#2786=IFCINDEXEDPOLYGONALFACE((1366,1429,1468));
#2787=IFCINDEXEDPOLYGONALFACE((1430,1366,1468));
#2788=IFCINDEXEDPOLYGONALFACE((1432,1401,1469));
#2789=IFCINDEXEDPOLYGONALFACE((1432,1469,1403));
#2790=IFCINDEXEDPOLYGONALFACE((1434,1338,1433));
#2791=IFCINDEXEDPOLYGONALFACE((1240,1435,1405));
#2792=IFCINDEXEDPOLYGONALFACE((1470,1339,1405));
#2793=IFCINDEXEDPOLYGONALFACE((1340,1439,1408));
#2794=IFCINDEXEDPOLYGONALFACE((1471,1306,1441));
#2795=IFCINDEXEDPOLYGONALFACE((1306,1471,1376));
#2796=IFCINDEXEDPOLYGONALFACE((1409,1442,1342));
#2797=IFCINDEXEDPOLYGONALFACE((1445,1343,1443));
#2798=IFCINDEXEDPOLYGONALFACE((1410,1344,1444));
#2799=IFCINDEXEDPOLYGONALFACE((1446,1448,1345));
#2800=IFCINDEXEDPOLYGONALFACE((1377,1448,1472));
#2801=IFCINDEXEDPOLYGONALFACE((1377,1472,1411));
#2802=IFCINDEXEDPOLYGONALFACE((1412,1473,1413));
#2803=IFCINDEXEDPOLYGONALFACE((1414,1413,1473));
#2804=IFCINDEXEDPOLYGONALFACE((1348,1378,1474));
#2805=IFCINDEXEDPOLYGONALFACE((1315,1450,1451));
#2806=IFCINDEXEDPOLYGONALFACE((1475,1380,1452));
#2807=IFCINDEXEDPOLYGONALFACE((1416,1380,1476));
#2808=IFCINDEXEDPOLYGONALFACE((1475,1476,1380));
#2809=IFCINDEXEDPOLYGONALFACE((1455,1477,1456));
#2810=IFCINDEXEDPOLYGONALFACE((1456,1478,1457));
#2811=IFCINDEXEDPOLYGONALFACE((1479,1457,1478));
#2812=IFCINDEXEDPOLYGONALFACE((1479,1458,1457));
#2813=IFCINDEXEDPOLYGONALFACE((1480,1419,1355));
#2814=IFCINDEXEDPOLYGONALFACE((1287,1419,1288));
#2815=IFCINDEXEDPOLYGONALFACE((1481,1387,1460));
#2816=IFCINDEXEDPOLYGONALFACE((1387,1481,1462));
#2817=IFCINDEXEDPOLYGONALFACE((1482,1462,1481));
#2818=IFCINDEXEDPOLYGONALFACE((1483,1461,1482));
#2819=IFCINDEXEDPOLYGONALFACE((1462,1482,1461));
#2820=IFCINDEXEDPOLYGONALFACE((1461,1483,1463));
#2821=IFCINDEXEDPOLYGONALFACE((1357,1463,1464));
#2822=IFCINDEXEDPOLYGONALFACE((1422,1392,1484));
#2823=IFCINDEXEDPOLYGONALFACE((1393,1422,1360));
#2824=IFCINDEXEDPOLYGONALFACE((1232,1261,1485));
#2825=IFCINDEXEDPOLYGONALFACE((1486,1330,1232));
#2826=IFCINDEXEDPOLYGONALFACE((1330,1486,1394));
#2827=IFCINDEXEDPOLYGONALFACE((1487,1423,1394));
#2828=IFCINDEXEDPOLYGONALFACE((1487,1466,1423));
#2829=IFCINDEXEDPOLYGONALFACE((1466,1488,1424));
#2830=IFCINDEXEDPOLYGONALFACE((1489,1467,1426));
#2831=IFCINDEXEDPOLYGONALFACE((1428,1427,1490));
#2832=IFCINDEXEDPOLYGONALFACE((1429,1365,1428));
#2833=IFCINDEXEDPOLYGONALFACE((1367,1491,1300));
#2834=IFCINDEXEDPOLYGONALFACE((1300,1491,1368));
#2835=IFCINDEXEDPOLYGONALFACE((1431,1368,1492));
#2836=IFCINDEXEDPOLYGONALFACE((1493,1492,1368));
#2837=IFCINDEXEDPOLYGONALFACE((1302,1431,1492));
#2838=IFCINDEXEDPOLYGONALFACE((1302,1492,1401));
#2839=IFCINDEXEDPOLYGONALFACE((1404,1403,1494));
#2840=IFCINDEXEDPOLYGONALFACE((1494,1495,1404));
#2841=IFCINDEXEDPOLYGONALFACE((1433,1404,1495));
#2842=IFCINDEXEDPOLYGONALFACE((1495,1496,1433));
#2843=IFCINDEXEDPOLYGONALFACE((1496,1434,1433));
#2844=IFCINDEXEDPOLYGONALFACE((1406,1339,1470));
#2845=IFCINDEXEDPOLYGONALFACE((1497,1407,1438));
#2846=IFCINDEXEDPOLYGONALFACE((1374,1407,1498));
#2847=IFCINDEXEDPOLYGONALFACE((1439,1374,1499));
#2848=IFCINDEXEDPOLYGONALFACE((1439,1499,1408));
#2849=IFCINDEXEDPOLYGONALFACE((1408,1500,1375));
#2850=IFCINDEXEDPOLYGONALFACE((1440,1375,1500));
#2851=IFCINDEXEDPOLYGONALFACE((1440,1501,1441));
#2852=IFCINDEXEDPOLYGONALFACE((1409,1376,1471));
#2853=IFCINDEXEDPOLYGONALFACE((1502,1442,1409));
#2854=IFCINDEXEDPOLYGONALFACE((1308,1442,1503));
#2855=IFCINDEXEDPOLYGONALFACE((1503,1443,1308));
#2856=IFCINDEXEDPOLYGONALFACE((1504,1445,1443));
#2857=IFCINDEXEDPOLYGONALFACE((1444,1505,1410));
#2858=IFCINDEXEDPOLYGONALFACE((1505,1447,1410));
#2859=IFCINDEXEDPOLYGONALFACE((1448,1446,1472));
#2860=IFCINDEXEDPOLYGONALFACE((1411,1472,1473));
#2861=IFCINDEXEDPOLYGONALFACE((1412,1411,1473));
#2862=IFCINDEXEDPOLYGONALFACE((1473,1506,1414));
#2863=IFCINDEXEDPOLYGONALFACE((1474,1507,1348));
#2864=IFCINDEXEDPOLYGONALFACE((1508,1348,1507));
#2865=IFCINDEXEDPOLYGONALFACE((1349,1348,1508));
#2866=IFCINDEXEDPOLYGONALFACE((1450,1449,1415));
#2867=IFCINDEXEDPOLYGONALFACE((1509,1451,1450));
#2868=IFCINDEXEDPOLYGONALFACE((1510,1317,1451));
#2869=IFCINDEXEDPOLYGONALFACE((1511,1452,1510));
#2870=IFCINDEXEDPOLYGONALFACE((1317,1510,1452));
#2871=IFCINDEXEDPOLYGONALFACE((1452,1511,1475));
#2872=IFCINDEXEDPOLYGONALFACE((1512,1416,1513));
#2873=IFCINDEXEDPOLYGONALFACE((1476,1513,1416));
#2874=IFCINDEXEDPOLYGONALFACE((1514,1453,1512));
#2875=IFCINDEXEDPOLYGONALFACE((1416,1512,1453));
#2876=IFCINDEXEDPOLYGONALFACE((1455,1454,1477));
#2877=IFCINDEXEDPOLYGONALFACE((1456,1477,1478));
#2878=IFCINDEXEDPOLYGONALFACE((1322,1288,1515));
#2879=IFCINDEXEDPOLYGONALFACE((1516,1463,1483));
#2880=IFCINDEXEDPOLYGONALFACE((1516,1517,1463));
#2881=IFCINDEXEDPOLYGONALFACE((1464,1463,1517));
#2882=IFCINDEXEDPOLYGONALFACE((1420,1518,1421));
#2883=IFCINDEXEDPOLYGONALFACE((1421,1518,1391));
#2884=IFCINDEXEDPOLYGONALFACE((1518,1519,1391));
#2885=IFCINDEXEDPOLYGONALFACE((1519,1392,1391));
#2886=IFCINDEXEDPOLYGONALFACE((1465,1360,1422));
#2887=IFCINDEXEDPOLYGONALFACE((1485,1261,1465));
#2888=IFCINDEXEDPOLYGONALFACE((1486,1232,1485));
#2889=IFCINDEXEDPOLYGONALFACE((1466,1487,1488));
#2890=IFCINDEXEDPOLYGONALFACE((1520,1426,1425));
#2891=IFCINDEXEDPOLYGONALFACE((1467,1489,1521));
#2892=IFCINDEXEDPOLYGONALFACE((1522,1427,1398));
#2893=IFCINDEXEDPOLYGONALFACE((1427,1522,1490));
#2894=IFCINDEXEDPOLYGONALFACE((1523,1468,1429));
#2895=IFCINDEXEDPOLYGONALFACE((1430,1468,1400));
#2896=IFCINDEXEDPOLYGONALFACE((1400,1524,1367));
#2897=IFCINDEXEDPOLYGONALFACE((1524,1525,1367));
#2898=IFCINDEXEDPOLYGONALFACE((1525,1491,1367));
#2899=IFCINDEXEDPOLYGONALFACE((1493,1368,1491));
#2900=IFCINDEXEDPOLYGONALFACE((1526,1401,1492));
#2901=IFCINDEXEDPOLYGONALFACE((1527,1401,1526));
#2902=IFCINDEXEDPOLYGONALFACE((1527,1469,1401));
#2903=IFCINDEXEDPOLYGONALFACE((1469,1494,1403));
#2904=IFCINDEXEDPOLYGONALFACE((1496,1495,1528));
#2905=IFCINDEXEDPOLYGONALFACE((1405,1435,1529));
#2906=IFCINDEXEDPOLYGONALFACE((1530,1470,1531));
#2907=IFCINDEXEDPOLYGONALFACE((1530,1406,1470));
#2908=IFCINDEXEDPOLYGONALFACE((1406,1532,1436));
#2909=IFCINDEXEDPOLYGONALFACE((1532,1437,1436));
#2910=IFCINDEXEDPOLYGONALFACE((1499,1374,1498));
#2911=IFCINDEXEDPOLYGONALFACE((1500,1408,1499));
#2912=IFCINDEXEDPOLYGONALFACE((1533,1534,1440));
#2913=IFCINDEXEDPOLYGONALFACE((1501,1440,1534));
#2914=IFCINDEXEDPOLYGONALFACE((1535,1444,1445));
#2915=IFCINDEXEDPOLYGONALFACE((1505,1444,1535));
#2916=IFCINDEXEDPOLYGONALFACE((1378,1414,1506));
#2917=IFCINDEXEDPOLYGONALFACE((1415,1536,1450));
#2918=IFCINDEXEDPOLYGONALFACE((1537,1451,1509));
#2919=IFCINDEXEDPOLYGONALFACE((1451,1537,1510));
#2920=IFCINDEXEDPOLYGONALFACE((1475,1511,1538));
#2921=IFCINDEXEDPOLYGONALFACE((1476,1475,1538));
#2922=IFCINDEXEDPOLYGONALFACE((1539,1453,1514));
#2923=IFCINDEXEDPOLYGONALFACE((1540,1477,1454));
#2924=IFCINDEXEDPOLYGONALFACE((1479,1478,1541));
#2925=IFCINDEXEDPOLYGONALFACE((1479,1541,1458));
#2926=IFCINDEXEDPOLYGONALFACE((1285,1458,1541));
#2927=IFCINDEXEDPOLYGONALFACE((1285,1480,1355));
#2928=IFCINDEXEDPOLYGONALFACE((1480,1542,1419));
#2929=IFCINDEXEDPOLYGONALFACE((1288,1419,1515));
#2930=IFCINDEXEDPOLYGONALFACE((1322,1515,1543));
#2931=IFCINDEXEDPOLYGONALFACE((1544,1289,1543));
#2932=IFCINDEXEDPOLYGONALFACE((1322,1543,1289));
#2933=IFCINDEXEDPOLYGONALFACE((1459,1255,1545));
#2934=IFCINDEXEDPOLYGONALFACE((1546,1460,1545));
#2935=IFCINDEXEDPOLYGONALFACE((1459,1545,1460));
#2936=IFCINDEXEDPOLYGONALFACE((1460,1546,1481));
#2937=IFCINDEXEDPOLYGONALFACE((1547,1482,1481));
#2938=IFCINDEXEDPOLYGONALFACE((1548,1483,1547));
#2939=IFCINDEXEDPOLYGONALFACE((1482,1547,1483));
#2940=IFCINDEXEDPOLYGONALFACE((1483,1548,1516));
#2941=IFCINDEXEDPOLYGONALFACE((1549,1420,1464));
#2942=IFCINDEXEDPOLYGONALFACE((1518,1420,1549));
#2943=IFCINDEXEDPOLYGONALFACE((1519,1484,1392));
#2944=IFCINDEXEDPOLYGONALFACE((1394,1486,1550));
#2945=IFCINDEXEDPOLYGONALFACE((1550,1487,1394));
#2946=IFCINDEXEDPOLYGONALFACE((1488,1520,1424));
#2947=IFCINDEXEDPOLYGONALFACE((1425,1424,1520));
#2948=IFCINDEXEDPOLYGONALFACE((1426,1520,1489));
#2949=IFCINDEXEDPOLYGONALFACE((1521,1398,1467));
#2950=IFCINDEXEDPOLYGONALFACE((1551,1490,1522));
#2951=IFCINDEXEDPOLYGONALFACE((1551,1552,1490));
#2952=IFCINDEXEDPOLYGONALFACE((1428,1490,1552));
#2953=IFCINDEXEDPOLYGONALFACE((1429,1428,1552));
#2954=IFCINDEXEDPOLYGONALFACE((1553,1492,1493));
#2955=IFCINDEXEDPOLYGONALFACE((1494,1469,1527));
#2956=IFCINDEXEDPOLYGONALFACE((1494,1554,1495));
#2957=IFCINDEXEDPOLYGONALFACE((1555,1528,1554));
#2958=IFCINDEXEDPOLYGONALFACE((1495,1554,1528));
#2959=IFCINDEXEDPOLYGONALFACE((1555,1496,1528));
#2960=IFCINDEXEDPOLYGONALFACE((1434,1496,1529));
#2961=IFCINDEXEDPOLYGONALFACE((1435,1434,1529));
#2962=IFCINDEXEDPOLYGONALFACE((1405,1531,1470));
#2963=IFCINDEXEDPOLYGONALFACE((1406,1530,1556));
#2964=IFCINDEXEDPOLYGONALFACE((1406,1557,1532));
#2965=IFCINDEXEDPOLYGONALFACE((1437,1532,1558));
#2966=IFCINDEXEDPOLYGONALFACE((1559,1438,1437));
#2967=IFCINDEXEDPOLYGONALFACE((1560,1497,1438));
#2968=IFCINDEXEDPOLYGONALFACE((1497,1498,1407));
#2969=IFCINDEXEDPOLYGONALFACE((1499,1498,1500));
#2970=IFCINDEXEDPOLYGONALFACE((1533,1440,1500));
#2971=IFCINDEXEDPOLYGONALFACE((1501,1471,1441));
#2972=IFCINDEXEDPOLYGONALFACE((1561,1562,1471));
#2973=IFCINDEXEDPOLYGONALFACE((1409,1471,1562));
#2974=IFCINDEXEDPOLYGONALFACE((1563,1442,1502));
#2975=IFCINDEXEDPOLYGONALFACE((1503,1442,1563));
#2976=IFCINDEXEDPOLYGONALFACE((1504,1443,1503));
#2977=IFCINDEXEDPOLYGONALFACE((1535,1445,1504));
#2978=IFCINDEXEDPOLYGONALFACE((1447,1505,1564));
#2979=IFCINDEXEDPOLYGONALFACE((1447,1565,1446));
#2980=IFCINDEXEDPOLYGONALFACE((1565,1566,1446));
#2981=IFCINDEXEDPOLYGONALFACE((1472,1446,1566));
#2982=IFCINDEXEDPOLYGONALFACE((1472,1566,1473));
#2983=IFCINDEXEDPOLYGONALFACE((1566,1506,1473));
#2984=IFCINDEXEDPOLYGONALFACE((1474,1506,1566));
#2985=IFCINDEXEDPOLYGONALFACE((1506,1474,1378));
#2986=IFCINDEXEDPOLYGONALFACE((1567,1450,1536));
#2987=IFCINDEXEDPOLYGONALFACE((1510,1538,1511));
#2988=IFCINDEXEDPOLYGONALFACE((1513,1476,1538));
#2989=IFCINDEXEDPOLYGONALFACE((1477,1540,1478));
#2990=IFCINDEXEDPOLYGONALFACE((1478,1568,1541));
#2991=IFCINDEXEDPOLYGONALFACE((1289,1544,1255));
#2992=IFCINDEXEDPOLYGONALFACE((1569,1481,1546));
#2993=IFCINDEXEDPOLYGONALFACE((1481,1569,1547));
#2994=IFCINDEXEDPOLYGONALFACE((1548,1570,1516));
#2995=IFCINDEXEDPOLYGONALFACE((1516,1570,1517));
#2996=IFCINDEXEDPOLYGONALFACE((1549,1464,1517));
#2997=IFCINDEXEDPOLYGONALFACE((1518,1549,1571));
#2998=IFCINDEXEDPOLYGONALFACE((1571,1572,1518));
#2999=IFCINDEXEDPOLYGONALFACE((1572,1519,1518));
#3000=IFCINDEXEDPOLYGONALFACE((1465,1422,1484));
#3001=IFCINDEXEDPOLYGONALFACE((1484,1485,1465));
#3002=IFCINDEXEDPOLYGONALFACE((1550,1573,1487));
#3003=IFCINDEXEDPOLYGONALFACE((1488,1487,1573));
#3004=IFCINDEXEDPOLYGONALFACE((1574,1521,1489));
#3005=IFCINDEXEDPOLYGONALFACE((1575,1522,1398));
#3006=IFCINDEXEDPOLYGONALFACE((1552,1551,1576));
#3007=IFCINDEXEDPOLYGONALFACE((1577,1468,1523));
#3008=IFCINDEXEDPOLYGONALFACE((1468,1577,1400));
#3009=IFCINDEXEDPOLYGONALFACE((1524,1400,1577));
#3010=IFCINDEXEDPOLYGONALFACE((1578,1525,1524));
#3011=IFCINDEXEDPOLYGONALFACE((1491,1525,1578));
#3012=IFCINDEXEDPOLYGONALFACE((1578,1579,1491));
#3013=IFCINDEXEDPOLYGONALFACE((1493,1491,1579));
#3014=IFCINDEXEDPOLYGONALFACE((1492,1553,1526));
#3015=IFCINDEXEDPOLYGONALFACE((1531,1580,1530));
#3016=IFCINDEXEDPOLYGONALFACE((1556,1530,1580));
#3017=IFCINDEXEDPOLYGONALFACE((1406,1556,1557));
#3018=IFCINDEXEDPOLYGONALFACE((1558,1532,1557));
#3019=IFCINDEXEDPOLYGONALFACE((1437,1558,1559));
#3020=IFCINDEXEDPOLYGONALFACE((1581,1471,1582));
#3021=IFCINDEXEDPOLYGONALFACE((1501,1582,1471));
#3022=IFCINDEXEDPOLYGONALFACE((1502,1409,1562));
#3023=IFCINDEXEDPOLYGONALFACE((1503,1583,1504));
#3024=IFCINDEXEDPOLYGONALFACE((1535,1504,1505));
#3025=IFCINDEXEDPOLYGONALFACE((1507,1584,1508));
#3026=IFCINDEXEDPOLYGONALFACE((1349,1508,1584));
#3027=IFCINDEXEDPOLYGONALFACE((1349,1584,1415));
#3028=IFCINDEXEDPOLYGONALFACE((1415,1584,1585));
#3029=IFCINDEXEDPOLYGONALFACE((1415,1585,1536));
#3030=IFCINDEXEDPOLYGONALFACE((1586,1450,1567));
#3031=IFCINDEXEDPOLYGONALFACE((1450,1586,1509));
#3032=IFCINDEXEDPOLYGONALFACE((1509,1587,1537));
#3033=IFCINDEXEDPOLYGONALFACE((1510,1537,1588));
#3034=IFCINDEXEDPOLYGONALFACE((1587,1588,1537));
#3035=IFCINDEXEDPOLYGONALFACE((1512,1513,1538));
#3036=IFCINDEXEDPOLYGONALFACE((1589,1514,1590));
#3037=IFCINDEXEDPOLYGONALFACE((1514,1512,1590));
#3038=IFCINDEXEDPOLYGONALFACE((1539,1514,1589));
#3039=IFCINDEXEDPOLYGONALFACE((1540,1568,1478));
#3040=IFCINDEXEDPOLYGONALFACE((1591,1541,1568));
#3041=IFCINDEXEDPOLYGONALFACE((1592,1285,1541));
#3042=IFCINDEXEDPOLYGONALFACE((1543,1515,1419));
#3043=IFCINDEXEDPOLYGONALFACE((1569,1546,1545));
#3044=IFCINDEXEDPOLYGONALFACE((1547,1569,1593));
#3045=IFCINDEXEDPOLYGONALFACE((1594,1593,1569));
#3046=IFCINDEXEDPOLYGONALFACE((1595,1548,1593));
#3047=IFCINDEXEDPOLYGONALFACE((1547,1593,1548));
#3048=IFCINDEXEDPOLYGONALFACE((1548,1595,1570));
#3049=IFCINDEXEDPOLYGONALFACE((1570,1596,1517));
#3050=IFCINDEXEDPOLYGONALFACE((1597,1519,1598));
#3051=IFCINDEXEDPOLYGONALFACE((1597,1599,1519));
#3052=IFCINDEXEDPOLYGONALFACE((1484,1519,1599));
#3053=IFCINDEXEDPOLYGONALFACE((1599,1600,1484));
#3054=IFCINDEXEDPOLYGONALFACE((1601,1484,1600));
#3055=IFCINDEXEDPOLYGONALFACE((1484,1601,1485));
#3056=IFCINDEXEDPOLYGONALFACE((1488,1573,1520));
#3057=IFCINDEXEDPOLYGONALFACE((1489,1520,1574));
#3058=IFCINDEXEDPOLYGONALFACE((1521,1574,1575));
#3059=IFCINDEXEDPOLYGONALFACE((1521,1575,1398));
#3060=IFCINDEXEDPOLYGONALFACE((1522,1576,1551));
#3061=IFCINDEXEDPOLYGONALFACE((1552,1602,1429));
#3062=IFCINDEXEDPOLYGONALFACE((1429,1602,1523));
#3063=IFCINDEXEDPOLYGONALFACE((1553,1493,1603));
#3064=IFCINDEXEDPOLYGONALFACE((1579,1603,1493));
#3065=IFCINDEXEDPOLYGONALFACE((1553,1603,1526));
#3066=IFCINDEXEDPOLYGONALFACE((1603,1604,1526));
#3067=IFCINDEXEDPOLYGONALFACE((1526,1604,1527));
#3068=IFCINDEXEDPOLYGONALFACE((1527,1604,1494));
#3069=IFCINDEXEDPOLYGONALFACE((1605,1494,1604));
#3070=IFCINDEXEDPOLYGONALFACE((1554,1494,1605));
#3071=IFCINDEXEDPOLYGONALFACE((1606,1554,1605));
#3072=IFCINDEXEDPOLYGONALFACE((1554,1606,1555));
#3073=IFCINDEXEDPOLYGONALFACE((1529,1496,1607));
#3074=IFCINDEXEDPOLYGONALFACE((1608,1405,1529));
#3075=IFCINDEXEDPOLYGONALFACE((1609,1557,1556));
#3076=IFCINDEXEDPOLYGONALFACE((1558,1557,1610));
#3077=IFCINDEXEDPOLYGONALFACE((1610,1557,1609));
#3078=IFCINDEXEDPOLYGONALFACE((1611,1558,1610));
#3079=IFCINDEXEDPOLYGONALFACE((1559,1558,1611));
#3080=IFCINDEXEDPOLYGONALFACE((1559,1560,1438));
#3081=IFCINDEXEDPOLYGONALFACE((1500,1498,1497));
#3082=IFCINDEXEDPOLYGONALFACE((1500,1497,1533));
#3083=IFCINDEXEDPOLYGONALFACE((1501,1534,1582));
#3084=IFCINDEXEDPOLYGONALFACE((1471,1581,1612));
#3085=IFCINDEXEDPOLYGONALFACE((1612,1561,1471));
#3086=IFCINDEXEDPOLYGONALFACE((1562,1613,1502));
#3087=IFCINDEXEDPOLYGONALFACE((1563,1502,1613));
#3088=IFCINDEXEDPOLYGONALFACE((1614,1503,1563));
#3089=IFCINDEXEDPOLYGONALFACE((1503,1614,1583));
#3090=IFCINDEXEDPOLYGONALFACE((1615,1504,1583));
#3091=IFCINDEXEDPOLYGONALFACE((1505,1504,1615));
#3092=IFCINDEXEDPOLYGONALFACE((1447,1564,1565));
#3093=IFCINDEXEDPOLYGONALFACE((1616,1566,1565));
#3094=IFCINDEXEDPOLYGONALFACE((1617,1507,1474));
#3095=IFCINDEXEDPOLYGONALFACE((1507,1617,1618));
#3096=IFCINDEXEDPOLYGONALFACE((1618,1584,1507));
#3097=IFCINDEXEDPOLYGONALFACE((1588,1619,1510));
#3098=IFCINDEXEDPOLYGONALFACE((1538,1510,1619));
#3099=IFCINDEXEDPOLYGONALFACE((1590,1538,1619));
#3100=IFCINDEXEDPOLYGONALFACE((1538,1590,1512));
#3101=IFCINDEXEDPOLYGONALFACE((1620,1539,1589));
#3102=IFCINDEXEDPOLYGONALFACE((1621,1539,1620));
#3103=IFCINDEXEDPOLYGONALFACE((1540,1622,1568));
#3104=IFCINDEXEDPOLYGONALFACE((1541,1591,1623));
#3105=IFCINDEXEDPOLYGONALFACE((1592,1541,1623));
#3106=IFCINDEXEDPOLYGONALFACE((1285,1592,1480));
#3107=IFCINDEXEDPOLYGONALFACE((1545,1255,1624));
#3108=IFCINDEXEDPOLYGONALFACE((1625,1517,1596));
#3109=IFCINDEXEDPOLYGONALFACE((1517,1625,1549));
#3110=IFCINDEXEDPOLYGONALFACE((1519,1572,1598));
#3111=IFCINDEXEDPOLYGONALFACE((1626,1600,1599));
#3112=IFCINDEXEDPOLYGONALFACE((1601,1627,1485));
#3113=IFCINDEXEDPOLYGONALFACE((1628,1485,1627));
#3114=IFCINDEXEDPOLYGONALFACE((1628,1486,1485));
#3115=IFCINDEXEDPOLYGONALFACE((1628,1550,1486));
#3116=IFCINDEXEDPOLYGONALFACE((1575,1629,1522));
#3117=IFCINDEXEDPOLYGONALFACE((1630,1522,1629));
#3118=IFCINDEXEDPOLYGONALFACE((1630,1576,1522));
#3119=IFCINDEXEDPOLYGONALFACE((1552,1576,1602));
#3120=IFCINDEXEDPOLYGONALFACE((1577,1631,1524));
#3121=IFCINDEXEDPOLYGONALFACE((1632,1578,1524));
#3122=IFCINDEXEDPOLYGONALFACE((1632,1633,1578));
#3123=IFCINDEXEDPOLYGONALFACE((1579,1578,1633));
#3124=IFCINDEXEDPOLYGONALFACE((1633,1603,1579));
#3125=IFCINDEXEDPOLYGONALFACE((1555,1607,1496));
#3126=IFCINDEXEDPOLYGONALFACE((1607,1608,1529));
#3127=IFCINDEXEDPOLYGONALFACE((1634,1405,1608));
#3128=IFCINDEXEDPOLYGONALFACE((1405,1634,1531));
#3129=IFCINDEXEDPOLYGONALFACE((1531,1634,1580));
#3130=IFCINDEXEDPOLYGONALFACE((1635,1556,1580));
#3131=IFCINDEXEDPOLYGONALFACE((1609,1556,1635));
#3132=IFCINDEXEDPOLYGONALFACE((1559,1611,1636));
#3133=IFCINDEXEDPOLYGONALFACE((1636,1560,1559));
#3134=IFCINDEXEDPOLYGONALFACE((1560,1637,1497));
#3135=IFCINDEXEDPOLYGONALFACE((1612,1582,1638));
#3136=IFCINDEXEDPOLYGONALFACE((1581,1582,1612));
#3137=IFCINDEXEDPOLYGONALFACE((1639,1561,1612));
#3138=IFCINDEXEDPOLYGONALFACE((1562,1561,1640));
#3139=IFCINDEXEDPOLYGONALFACE((1639,1640,1561));
#3140=IFCINDEXEDPOLYGONALFACE((1640,1613,1562));
#3141=IFCINDEXEDPOLYGONALFACE((1613,1641,1563));
#3142=IFCINDEXEDPOLYGONALFACE((1614,1563,1641));
#3143=IFCINDEXEDPOLYGONALFACE((1505,1565,1564));
#3144=IFCINDEXEDPOLYGONALFACE((1617,1642,1618));
#3145=IFCINDEXEDPOLYGONALFACE((1584,1643,1585));
#3146=IFCINDEXEDPOLYGONALFACE((1567,1536,1585));
#3147=IFCINDEXEDPOLYGONALFACE((1644,1509,1586));
#3148=IFCINDEXEDPOLYGONALFACE((1644,1587,1509));
#3149=IFCINDEXEDPOLYGONALFACE((1588,1587,1645));
#3150=IFCINDEXEDPOLYGONALFACE((1646,1589,1590));
#3151=IFCINDEXEDPOLYGONALFACE((1620,1589,1646));
#3152=IFCINDEXEDPOLYGONALFACE((1647,1539,1621));
#3153=IFCINDEXEDPOLYGONALFACE((1454,1648,1540));
#3154=IFCINDEXEDPOLYGONALFACE((1649,1568,1622));
#3155=IFCINDEXEDPOLYGONALFACE((1649,1650,1568));
#3156=IFCINDEXEDPOLYGONALFACE((1591,1568,1650));
#3157=IFCINDEXEDPOLYGONALFACE((1650,1623,1591));
#3158=IFCINDEXEDPOLYGONALFACE((1592,1651,1480));
#3159=IFCINDEXEDPOLYGONALFACE((1542,1480,1651));
#3160=IFCINDEXEDPOLYGONALFACE((1651,1652,1542));
#3161=IFCINDEXEDPOLYGONALFACE((1542,1543,1419));
#3162=IFCINDEXEDPOLYGONALFACE((1544,1543,1653));
#3163=IFCINDEXEDPOLYGONALFACE((1544,1654,1255));
#3164=IFCINDEXEDPOLYGONALFACE((1255,1655,1624));
#3165=IFCINDEXEDPOLYGONALFACE((1656,1593,1594));
#3166=IFCINDEXEDPOLYGONALFACE((1593,1656,1595));
#3167=IFCINDEXEDPOLYGONALFACE((1549,1625,1657));
#3168=IFCINDEXEDPOLYGONALFACE((1549,1657,1571));
#3169=IFCINDEXEDPOLYGONALFACE((1599,1597,1658));
#3170=IFCINDEXEDPOLYGONALFACE((1599,1658,1626));
#3171=IFCINDEXEDPOLYGONALFACE((1626,1659,1600));
#3172=IFCINDEXEDPOLYGONALFACE((1659,1660,1600));
#3173=IFCINDEXEDPOLYGONALFACE((1660,1661,1600));
#3174=IFCINDEXEDPOLYGONALFACE((1601,1600,1661));
#3175=IFCINDEXEDPOLYGONALFACE((1662,1520,1573));
#3176=IFCINDEXEDPOLYGONALFACE((1663,1520,1662));
#3177=IFCINDEXEDPOLYGONALFACE((1520,1663,1574));
#3178=IFCINDEXEDPOLYGONALFACE((1574,1664,1575));
#3179=IFCINDEXEDPOLYGONALFACE((1630,1629,1665));
#3180=IFCINDEXEDPOLYGONALFACE((1630,1665,1576));
#3181=IFCINDEXEDPOLYGONALFACE((1602,1666,1523));
#3182=IFCINDEXEDPOLYGONALFACE((1631,1523,1666));
#3183=IFCINDEXEDPOLYGONALFACE((1577,1523,1631));
#3184=IFCINDEXEDPOLYGONALFACE((1667,1604,1603));
#3185=IFCINDEXEDPOLYGONALFACE((1555,1606,1668));
#3186=IFCINDEXEDPOLYGONALFACE((1668,1607,1555));
#3187=IFCINDEXEDPOLYGONALFACE((1635,1610,1609));
#3188=IFCINDEXEDPOLYGONALFACE((1533,1497,1669));
#3189=IFCINDEXEDPOLYGONALFACE((1533,1669,1534));
#3190=IFCINDEXEDPOLYGONALFACE((1638,1582,1534));
#3191=IFCINDEXEDPOLYGONALFACE((1670,1614,1641));
#3192=IFCINDEXEDPOLYGONALFACE((1671,1583,1614));
#3193=IFCINDEXEDPOLYGONALFACE((1615,1583,1671));
#3194=IFCINDEXEDPOLYGONALFACE((1615,1672,1505));
#3195=IFCINDEXEDPOLYGONALFACE((1565,1505,1672));
#3196=IFCINDEXEDPOLYGONALFACE((1673,1566,1616));
#3197=IFCINDEXEDPOLYGONALFACE((1566,1673,1474));
#3198=IFCINDEXEDPOLYGONALFACE((1674,1474,1673));
#3199=IFCINDEXEDPOLYGONALFACE((1617,1474,1674));
#3200=IFCINDEXEDPOLYGONALFACE((1584,1618,1675));
#3201=IFCINDEXEDPOLYGONALFACE((1676,1584,1675));
#3202=IFCINDEXEDPOLYGONALFACE((1584,1676,1643));
#3203=IFCINDEXEDPOLYGONALFACE((1645,1587,1644));
#3204=IFCINDEXEDPOLYGONALFACE((1645,1677,1588));
#3205=IFCINDEXEDPOLYGONALFACE((1619,1588,1677));
#3206=IFCINDEXEDPOLYGONALFACE((1677,1678,1619));
#3207=IFCINDEXEDPOLYGONALFACE((1619,1678,1590));
#3208=IFCINDEXEDPOLYGONALFACE((1679,1590,1678));
#3209=IFCINDEXEDPOLYGONALFACE((1590,1679,1646));
#3210=IFCINDEXEDPOLYGONALFACE((1680,1620,1646));
#3211=IFCINDEXEDPOLYGONALFACE((1620,1680,1621));
#3212=IFCINDEXEDPOLYGONALFACE((1540,1648,1622));
#3213=IFCINDEXEDPOLYGONALFACE((1622,1681,1649));
#3214=IFCINDEXEDPOLYGONALFACE((1255,1654,1655));
#3215=IFCINDEXEDPOLYGONALFACE((1545,1624,1682));
#3216=IFCINDEXEDPOLYGONALFACE((1683,1569,1682));
#3217=IFCINDEXEDPOLYGONALFACE((1569,1545,1682));
#3218=IFCINDEXEDPOLYGONALFACE((1569,1683,1594));
#3219=IFCINDEXEDPOLYGONALFACE((1594,1683,1684));
#3220=IFCINDEXEDPOLYGONALFACE((1594,1684,1656));
#3221=IFCINDEXEDPOLYGONALFACE((1595,1596,1570));
#3222=IFCINDEXEDPOLYGONALFACE((1596,1685,1625));
#3223=IFCINDEXEDPOLYGONALFACE((1657,1625,1685));
#3224=IFCINDEXEDPOLYGONALFACE((1572,1571,1686));
#3225=IFCINDEXEDPOLYGONALFACE((1657,1686,1571));
#3226=IFCINDEXEDPOLYGONALFACE((1598,1572,1686));
#3227=IFCINDEXEDPOLYGONALFACE((1597,1598,1687));
#3228=IFCINDEXEDPOLYGONALFACE((1658,1597,1687));
#3229=IFCINDEXEDPOLYGONALFACE((1627,1601,1661));
#3230=IFCINDEXEDPOLYGONALFACE((1688,1550,1628));
#3231=IFCINDEXEDPOLYGONALFACE((1689,1550,1688));
#3232=IFCINDEXEDPOLYGONALFACE((1573,1550,1690));
#3233=IFCINDEXEDPOLYGONALFACE((1662,1691,1663));
#3234=IFCINDEXEDPOLYGONALFACE((1574,1692,1664));
#3235=IFCINDEXEDPOLYGONALFACE((1602,1576,1665));
#3236=IFCINDEXEDPOLYGONALFACE((1693,1666,1602));
#3237=IFCINDEXEDPOLYGONALFACE((1632,1524,1631));
#3238=IFCINDEXEDPOLYGONALFACE((1633,1694,1695));
#3239=IFCINDEXEDPOLYGONALFACE((1633,1695,1603));
#3240=IFCINDEXEDPOLYGONALFACE((1667,1696,1604));
#3241=IFCINDEXEDPOLYGONALFACE((1605,1604,1696));
#3242=IFCINDEXEDPOLYGONALFACE((1696,1668,1605));
#3243=IFCINDEXEDPOLYGONALFACE((1606,1605,1668));
#3244=IFCINDEXEDPOLYGONALFACE((1580,1634,1697));
#3245=IFCINDEXEDPOLYGONALFACE((1697,1635,1580));
#3246=IFCINDEXEDPOLYGONALFACE((1698,1610,1635));
#3247=IFCINDEXEDPOLYGONALFACE((1611,1610,1698));
#3248=IFCINDEXEDPOLYGONALFACE((1636,1699,1560));
#3249=IFCINDEXEDPOLYGONALFACE((1638,1534,1669));
#3250=IFCINDEXEDPOLYGONALFACE((1700,1612,1638));
#3251=IFCINDEXEDPOLYGONALFACE((1641,1613,1701));
#3252=IFCINDEXEDPOLYGONALFACE((1670,1641,1701));
#3253=IFCINDEXEDPOLYGONALFACE((1672,1616,1565));
#3254=IFCINDEXEDPOLYGONALFACE((1567,1585,1702));
#3255=IFCINDEXEDPOLYGONALFACE((1567,1702,1586));
#3256=IFCINDEXEDPOLYGONALFACE((1644,1586,1702));
#3257=IFCINDEXEDPOLYGONALFACE((1703,1677,1645));
#3258=IFCINDEXEDPOLYGONALFACE((1703,1704,1677));
#3259=IFCINDEXEDPOLYGONALFACE((1680,1646,1679));
#3260=IFCINDEXEDPOLYGONALFACE((1621,1680,1705));
#3261=IFCINDEXEDPOLYGONALFACE((1647,1621,1705));
#3262=IFCINDEXEDPOLYGONALFACE((1648,1706,1622));
#3263=IFCINDEXEDPOLYGONALFACE((1706,1707,1622));
#3264=IFCINDEXEDPOLYGONALFACE((1707,1681,1622));
#3265=IFCINDEXEDPOLYGONALFACE((1649,1681,1708));
#3266=IFCINDEXEDPOLYGONALFACE((1650,1649,1708));
#3267=IFCINDEXEDPOLYGONALFACE((1709,1623,1650));
#3268=IFCINDEXEDPOLYGONALFACE((1709,1592,1623));
#3269=IFCINDEXEDPOLYGONALFACE((1653,1654,1544));
#3270=IFCINDEXEDPOLYGONALFACE((1624,1655,1710));
#3271=IFCINDEXEDPOLYGONALFACE((1710,1682,1624));
#3272=IFCINDEXEDPOLYGONALFACE((1711,1683,1682));
#3273=IFCINDEXEDPOLYGONALFACE((1683,1711,1684));
#3274=IFCINDEXEDPOLYGONALFACE((1712,1656,1684));
#3275=IFCINDEXEDPOLYGONALFACE((1656,1712,1595));
#3276=IFCINDEXEDPOLYGONALFACE((1713,1595,1712));
#3277=IFCINDEXEDPOLYGONALFACE((1714,1657,1685));
#3278=IFCINDEXEDPOLYGONALFACE((1714,1715,1657));
#3279=IFCINDEXEDPOLYGONALFACE((1715,1686,1657));
#3280=IFCINDEXEDPOLYGONALFACE((1598,1686,1687));
#3281=IFCINDEXEDPOLYGONALFACE((1659,1626,1716));
#3282=IFCINDEXEDPOLYGONALFACE((1716,1660,1659));
#3283=IFCINDEXEDPOLYGONALFACE((1717,1661,1718));
#3284=IFCINDEXEDPOLYGONALFACE((1660,1718,1661));
#3285=IFCINDEXEDPOLYGONALFACE((1690,1550,1689));
#3286=IFCINDEXEDPOLYGONALFACE((1573,1690,1719));
#3287=IFCINDEXEDPOLYGONALFACE((1573,1719,1662));
#3288=IFCINDEXEDPOLYGONALFACE((1691,1720,1663));
#3289=IFCINDEXEDPOLYGONALFACE((1574,1663,1692));
#3290=IFCINDEXEDPOLYGONALFACE((1575,1721,1629));
#3291=IFCINDEXEDPOLYGONALFACE((1665,1629,1722));
#3292=IFCINDEXEDPOLYGONALFACE((1722,1602,1665));
#3293=IFCINDEXEDPOLYGONALFACE((1693,1602,1722));
#3294=IFCINDEXEDPOLYGONALFACE((1723,1666,1693));
#3295=IFCINDEXEDPOLYGONALFACE((1723,1631,1666));
#3296=IFCINDEXEDPOLYGONALFACE((1724,1632,1631));
#3297=IFCINDEXEDPOLYGONALFACE((1694,1632,1724));
#3298=IFCINDEXEDPOLYGONALFACE((1632,1694,1633));
#3299=IFCINDEXEDPOLYGONALFACE((1695,1667,1603));
#3300=IFCINDEXEDPOLYGONALFACE((1668,1696,1725));
#3301=IFCINDEXEDPOLYGONALFACE((1668,1725,1607));
#3302=IFCINDEXEDPOLYGONALFACE((1726,1634,1608));
#3303=IFCINDEXEDPOLYGONALFACE((1697,1727,1635));
#3304=IFCINDEXEDPOLYGONALFACE((1698,1635,1727));
#3305=IFCINDEXEDPOLYGONALFACE((1636,1611,1728));
#3306=IFCINDEXEDPOLYGONALFACE((1729,1560,1699));
#3307=IFCINDEXEDPOLYGONALFACE((1560,1729,1637));
#3308=IFCINDEXEDPOLYGONALFACE((1497,1637,1669));
#3309=IFCINDEXEDPOLYGONALFACE((1612,1700,1639));
#3310=IFCINDEXEDPOLYGONALFACE((1700,1730,1639));
#3311=IFCINDEXEDPOLYGONALFACE((1731,1640,1639));
#3312=IFCINDEXEDPOLYGONALFACE((1613,1640,1731));
#3313=IFCINDEXEDPOLYGONALFACE((1701,1613,1731));
#3314=IFCINDEXEDPOLYGONALFACE((1614,1670,1732));
#3315=IFCINDEXEDPOLYGONALFACE((1732,1671,1614));
#3316=IFCINDEXEDPOLYGONALFACE((1733,1672,1671));
#3317=IFCINDEXEDPOLYGONALFACE((1615,1671,1672));
#3318=IFCINDEXEDPOLYGONALFACE((1616,1672,1734));
#3319=IFCINDEXEDPOLYGONALFACE((1673,1616,1734));
#3320=IFCINDEXEDPOLYGONALFACE((1735,1617,1674));
#3321=IFCINDEXEDPOLYGONALFACE((1735,1642,1617));
#3322=IFCINDEXEDPOLYGONALFACE((1618,1642,1675));
#3323=IFCINDEXEDPOLYGONALFACE((1702,1585,1643));
#3324=IFCINDEXEDPOLYGONALFACE((1736,1645,1644));
#3325=IFCINDEXEDPOLYGONALFACE((1704,1678,1677));
#3326=IFCINDEXEDPOLYGONALFACE((1737,1679,1678));
#3327=IFCINDEXEDPOLYGONALFACE((1738,1679,1737));
#3328=IFCINDEXEDPOLYGONALFACE((1679,1738,1680));
#3329=IFCINDEXEDPOLYGONALFACE((1680,1738,1705));
#3330=IFCINDEXEDPOLYGONALFACE((1706,1648,1739));
#3331=IFCINDEXEDPOLYGONALFACE((1740,1739,1648));
#3332=IFCINDEXEDPOLYGONALFACE((1739,1741,1706));
#3333=IFCINDEXEDPOLYGONALFACE((1706,1741,1707));
#3334=IFCINDEXEDPOLYGONALFACE((1681,1707,1742));
#3335=IFCINDEXEDPOLYGONALFACE((1742,1707,1741));
#3336=IFCINDEXEDPOLYGONALFACE((1743,1592,1709));
#3337=IFCINDEXEDPOLYGONALFACE((1651,1592,1744));
#3338=IFCINDEXEDPOLYGONALFACE((1652,1653,1542));
#3339=IFCINDEXEDPOLYGONALFACE((1542,1653,1543));
#3340=IFCINDEXEDPOLYGONALFACE((1745,1655,1654));
#3341=IFCINDEXEDPOLYGONALFACE((1710,1655,1745));
#3342=IFCINDEXEDPOLYGONALFACE((1746,1684,1711));
#3343=IFCINDEXEDPOLYGONALFACE((1746,1712,1684));
#3344=IFCINDEXEDPOLYGONALFACE((1595,1713,1747));
#3345=IFCINDEXEDPOLYGONALFACE((1596,1595,1747));
#3346=IFCINDEXEDPOLYGONALFACE((1747,1748,1596));
#3347=IFCINDEXEDPOLYGONALFACE((1715,1749,1686));
#3348=IFCINDEXEDPOLYGONALFACE((1626,1658,1750));
#3349=IFCINDEXEDPOLYGONALFACE((1751,1716,1750));
#3350=IFCINDEXEDPOLYGONALFACE((1626,1750,1716));
#3351=IFCINDEXEDPOLYGONALFACE((1751,1660,1716));
#3352=IFCINDEXEDPOLYGONALFACE((1661,1717,1752));
#3353=IFCINDEXEDPOLYGONALFACE((1661,1752,1627));
#3354=IFCINDEXEDPOLYGONALFACE((1752,1753,1627));
#3355=IFCINDEXEDPOLYGONALFACE((1628,1627,1753));
#3356=IFCINDEXEDPOLYGONALFACE((1753,1754,1628));
#3357=IFCINDEXEDPOLYGONALFACE((1688,1628,1754));
#3358=IFCINDEXEDPOLYGONALFACE((1688,1755,1689));
#3359=IFCINDEXEDPOLYGONALFACE((1756,1690,1689));
#3360=IFCINDEXEDPOLYGONALFACE((1757,1690,1756));
#3361=IFCINDEXEDPOLYGONALFACE((1758,1575,1664));
#3362=IFCINDEXEDPOLYGONALFACE((1575,1758,1721));
#3363=IFCINDEXEDPOLYGONALFACE((1721,1722,1629));
#3364=IFCINDEXEDPOLYGONALFACE((1759,1723,1693));
#3365=IFCINDEXEDPOLYGONALFACE((1723,1760,1631));
#3366=IFCINDEXEDPOLYGONALFACE((1724,1631,1760));
#3367=IFCINDEXEDPOLYGONALFACE((1696,1667,1761));
#3368=IFCINDEXEDPOLYGONALFACE((1608,1607,1762));
#3369=IFCINDEXEDPOLYGONALFACE((1608,1762,1726));
#3370=IFCINDEXEDPOLYGONALFACE((1634,1726,1697));
#3371=IFCINDEXEDPOLYGONALFACE((1611,1698,1728));
#3372=IFCINDEXEDPOLYGONALFACE((1700,1638,1730));
#3373=IFCINDEXEDPOLYGONALFACE((1730,1763,1639));
#3374=IFCINDEXEDPOLYGONALFACE((1764,1642,1735));
#3375=IFCINDEXEDPOLYGONALFACE((1764,1765,1642));
#3376=IFCINDEXEDPOLYGONALFACE((1766,1643,1676));
#3377=IFCINDEXEDPOLYGONALFACE((1767,1702,1766));
#3378=IFCINDEXEDPOLYGONALFACE((1643,1766,1702));
#3379=IFCINDEXEDPOLYGONALFACE((1736,1644,1702));
#3380=IFCINDEXEDPOLYGONALFACE((1703,1768,1704));
#3381=IFCINDEXEDPOLYGONALFACE((1769,1738,1737));
#3382=IFCINDEXEDPOLYGONALFACE((1738,1769,1705));
#3383=IFCINDEXEDPOLYGONALFACE((1739,1742,1741));
#3384=IFCINDEXEDPOLYGONALFACE((1681,1742,1708));
#3385=IFCINDEXEDPOLYGONALFACE((1708,1770,1650));
#3386=IFCINDEXEDPOLYGONALFACE((1650,1770,1709));
#3387=IFCINDEXEDPOLYGONALFACE((1743,1744,1592));
#3388=IFCINDEXEDPOLYGONALFACE((1653,1652,1771));
#3389=IFCINDEXEDPOLYGONALFACE((1772,1710,1745));
#3390=IFCINDEXEDPOLYGONALFACE((1682,1710,1773));
#3391=IFCINDEXEDPOLYGONALFACE((1772,1773,1710));
#3392=IFCINDEXEDPOLYGONALFACE((1711,1682,1774));
#3393=IFCINDEXEDPOLYGONALFACE((1773,1774,1682));
#3394=IFCINDEXEDPOLYGONALFACE((1746,1711,1775));
#3395=IFCINDEXEDPOLYGONALFACE((1774,1775,1711));
#3396=IFCINDEXEDPOLYGONALFACE((1746,1775,1712));
#3397=IFCINDEXEDPOLYGONALFACE((1776,1712,1775));
#3398=IFCINDEXEDPOLYGONALFACE((1712,1776,1713));
#3399=IFCINDEXEDPOLYGONALFACE((1777,1596,1748));
#3400=IFCINDEXEDPOLYGONALFACE((1687,1686,1749));
#3401=IFCINDEXEDPOLYGONALFACE((1658,1687,1778));
#3402=IFCINDEXEDPOLYGONALFACE((1751,1779,1660));
#3403=IFCINDEXEDPOLYGONALFACE((1660,1779,1718));
#3404=IFCINDEXEDPOLYGONALFACE((1780,1755,1754));
#3405=IFCINDEXEDPOLYGONALFACE((1754,1755,1688));
#3406=IFCINDEXEDPOLYGONALFACE((1781,1689,1780));
#3407=IFCINDEXEDPOLYGONALFACE((1755,1780,1689));
#3408=IFCINDEXEDPOLYGONALFACE((1781,1782,1689));
#3409=IFCINDEXEDPOLYGONALFACE((1756,1689,1782));
#3410=IFCINDEXEDPOLYGONALFACE((1782,1783,1756));
#3411=IFCINDEXEDPOLYGONALFACE((1757,1756,1783));
#3412=IFCINDEXEDPOLYGONALFACE((1690,1784,1719));
#3413=IFCINDEXEDPOLYGONALFACE((1719,1784,1662));
#3414=IFCINDEXEDPOLYGONALFACE((1784,1785,1662));
#3415=IFCINDEXEDPOLYGONALFACE((1691,1662,1785));
#3416=IFCINDEXEDPOLYGONALFACE((1786,1691,1785));
#3417=IFCINDEXEDPOLYGONALFACE((1692,1663,1720));
#3418=IFCINDEXEDPOLYGONALFACE((1720,1787,1692));
#3419=IFCINDEXEDPOLYGONALFACE((1692,1787,1664));
#3420=IFCINDEXEDPOLYGONALFACE((1758,1664,1787));
#3421=IFCINDEXEDPOLYGONALFACE((1722,1721,1788));
#3422=IFCINDEXEDPOLYGONALFACE((1722,1788,1693));
#3423=IFCINDEXEDPOLYGONALFACE((1693,1788,1759));
#3424=IFCINDEXEDPOLYGONALFACE((1759,1760,1723));
#3425=IFCINDEXEDPOLYGONALFACE((1724,1760,1789));
#3426=IFCINDEXEDPOLYGONALFACE((1694,1724,1789));
#3427=IFCINDEXEDPOLYGONALFACE((1790,1727,1697));
#3428=IFCINDEXEDPOLYGONALFACE((1698,1727,1791));
#3429=IFCINDEXEDPOLYGONALFACE((1792,1698,1791));
#3430=IFCINDEXEDPOLYGONALFACE((1728,1698,1792));
#3431=IFCINDEXEDPOLYGONALFACE((1793,1636,1728));
#3432=IFCINDEXEDPOLYGONALFACE((1636,1793,1699));
#3433=IFCINDEXEDPOLYGONALFACE((1699,1794,1729));
#3434=IFCINDEXEDPOLYGONALFACE((1637,1795,1669));
#3435=IFCINDEXEDPOLYGONALFACE((1730,1638,1669));
#3436=IFCINDEXEDPOLYGONALFACE((1639,1763,1796));
#3437=IFCINDEXEDPOLYGONALFACE((1639,1796,1731));
#3438=IFCINDEXEDPOLYGONALFACE((1731,1797,1701));
#3439=IFCINDEXEDPOLYGONALFACE((1798,1670,1797));
#3440=IFCINDEXEDPOLYGONALFACE((1701,1797,1670));
#3441=IFCINDEXEDPOLYGONALFACE((1732,1670,1798));
#3442=IFCINDEXEDPOLYGONALFACE((1671,1732,1799));
#3443=IFCINDEXEDPOLYGONALFACE((1799,1733,1671));
#3444=IFCINDEXEDPOLYGONALFACE((1672,1800,1734));
#3445=IFCINDEXEDPOLYGONALFACE((1801,1734,1800));
#3446=IFCINDEXEDPOLYGONALFACE((1673,1734,1802));
#3447=IFCINDEXEDPOLYGONALFACE((1802,1803,1673));
#3448=IFCINDEXEDPOLYGONALFACE((1674,1673,1803));
#3449=IFCINDEXEDPOLYGONALFACE((1735,1674,1803));
#3450=IFCINDEXEDPOLYGONALFACE((1735,1803,1764));
#3451=IFCINDEXEDPOLYGONALFACE((1675,1642,1765));
#3452=IFCINDEXEDPOLYGONALFACE((1804,1736,1702));
#3453=IFCINDEXEDPOLYGONALFACE((1645,1736,1805));
#3454=IFCINDEXEDPOLYGONALFACE((1645,1805,1703));
#3455=IFCINDEXEDPOLYGONALFACE((1704,1768,1678));
#3456=IFCINDEXEDPOLYGONALFACE((1768,1806,1678));
#3457=IFCINDEXEDPOLYGONALFACE((1807,1737,1806));
#3458=IFCINDEXEDPOLYGONALFACE((1678,1806,1737));
#3459=IFCINDEXEDPOLYGONALFACE((1737,1807,1769));
#3460=IFCINDEXEDPOLYGONALFACE((1705,1769,1808));
#3461=IFCINDEXEDPOLYGONALFACE((1705,1808,1647));
#3462=IFCINDEXEDPOLYGONALFACE((1647,1808,1809));
#3463=IFCINDEXEDPOLYGONALFACE((1742,1739,1708));
#3464=IFCINDEXEDPOLYGONALFACE((1740,1708,1739));
#3465=IFCINDEXEDPOLYGONALFACE((1810,1651,1744));
#3466=IFCINDEXEDPOLYGONALFACE((1652,1651,1810));
#3467=IFCINDEXEDPOLYGONALFACE((1771,1652,1810));
#3468=IFCINDEXEDPOLYGONALFACE((1810,1811,1771));
#3469=IFCINDEXEDPOLYGONALFACE((1653,1771,1811));
#3470=IFCINDEXEDPOLYGONALFACE((1654,1653,1812));
#3471=IFCINDEXEDPOLYGONALFACE((1745,1654,1812));
#3472=IFCINDEXEDPOLYGONALFACE((1745,1812,1772));
#3473=IFCINDEXEDPOLYGONALFACE((1774,1773,1813));
#3474=IFCINDEXEDPOLYGONALFACE((1772,1813,1773));
#3475=IFCINDEXEDPOLYGONALFACE((1775,1774,1814));
#3476=IFCINDEXEDPOLYGONALFACE((1813,1814,1774));
#3477=IFCINDEXEDPOLYGONALFACE((1776,1775,1814));
#3478=IFCINDEXEDPOLYGONALFACE((1776,1814,1713));
#3479=IFCINDEXEDPOLYGONALFACE((1747,1713,1814));
#3480=IFCINDEXEDPOLYGONALFACE((1596,1777,1685));
#3481=IFCINDEXEDPOLYGONALFACE((1685,1777,1815));
#3482=IFCINDEXEDPOLYGONALFACE((1685,1815,1715));
#3483=IFCINDEXEDPOLYGONALFACE((1714,1685,1715));
#3484=IFCINDEXEDPOLYGONALFACE((1749,1778,1687));
#3485=IFCINDEXEDPOLYGONALFACE((1750,1658,1816));
#3486=IFCINDEXEDPOLYGONALFACE((1816,1817,1750));
#3487=IFCINDEXEDPOLYGONALFACE((1751,1750,1817));
#3488=IFCINDEXEDPOLYGONALFACE((1817,1779,1751));
#3489=IFCINDEXEDPOLYGONALFACE((1717,1718,1779));
#3490=IFCINDEXEDPOLYGONALFACE((1780,1754,1818));
#3491=IFCINDEXEDPOLYGONALFACE((1819,1780,1818));
#3492=IFCINDEXEDPOLYGONALFACE((1820,1781,1819));
#3493=IFCINDEXEDPOLYGONALFACE((1780,1819,1781));
#3494=IFCINDEXEDPOLYGONALFACE((1821,1782,1820));
#3495=IFCINDEXEDPOLYGONALFACE((1781,1820,1782));
#3496=IFCINDEXEDPOLYGONALFACE((1783,1782,1821));
#3497=IFCINDEXEDPOLYGONALFACE((1821,1822,1783));
#3498=IFCINDEXEDPOLYGONALFACE((1783,1822,1757));
#3499=IFCINDEXEDPOLYGONALFACE((1822,1823,1757));
#3500=IFCINDEXEDPOLYGONALFACE((1690,1757,1823));
#3501=IFCINDEXEDPOLYGONALFACE((1785,1784,1823));
#3502=IFCINDEXEDPOLYGONALFACE((1784,1690,1823));
#3503=IFCINDEXEDPOLYGONALFACE((1786,1720,1691));
#3504=IFCINDEXEDPOLYGONALFACE((1824,1720,1825));
#3505=IFCINDEXEDPOLYGONALFACE((1720,1824,1787));
#3506=IFCINDEXEDPOLYGONALFACE((1826,1759,1788));
#3507=IFCINDEXEDPOLYGONALFACE((1760,1759,1827));
#3508=IFCINDEXEDPOLYGONALFACE((1828,1694,1789));
#3509=IFCINDEXEDPOLYGONALFACE((1828,1695,1694));
#3510=IFCINDEXEDPOLYGONALFACE((1829,1695,1830));
#3511=IFCINDEXEDPOLYGONALFACE((1829,1667,1695));
#3512=IFCINDEXEDPOLYGONALFACE((1667,1829,1761));
#3513=IFCINDEXEDPOLYGONALFACE((1831,1725,1696));
#3514=IFCINDEXEDPOLYGONALFACE((1697,1726,1790));
#3515=IFCINDEXEDPOLYGONALFACE((1790,1791,1727));
#3516=IFCINDEXEDPOLYGONALFACE((1792,1791,1832));
#3517=IFCINDEXEDPOLYGONALFACE((1792,1832,1728));
#3518=IFCINDEXEDPOLYGONALFACE((1832,1833,1728));
#3519=IFCINDEXEDPOLYGONALFACE((1728,1833,1793));
#3520=IFCINDEXEDPOLYGONALFACE((1794,1699,1793));
#3521=IFCINDEXEDPOLYGONALFACE((1795,1637,1729));
#3522=IFCINDEXEDPOLYGONALFACE((1669,1795,1834));
#3523=IFCINDEXEDPOLYGONALFACE((1797,1731,1835));
#3524=IFCINDEXEDPOLYGONALFACE((1796,1835,1731));
#3525=IFCINDEXEDPOLYGONALFACE((1836,1732,1798));
#3526=IFCINDEXEDPOLYGONALFACE((1732,1836,1799));
#3527=IFCINDEXEDPOLYGONALFACE((1800,1672,1837));
#3528=IFCINDEXEDPOLYGONALFACE((1803,1802,1764));
#3529=IFCINDEXEDPOLYGONALFACE((1838,1764,1802));
#3530=IFCINDEXEDPOLYGONALFACE((1676,1675,1765));
#3531=IFCINDEXEDPOLYGONALFACE((1839,1766,1676));
#3532=IFCINDEXEDPOLYGONALFACE((1767,1766,1839));
#3533=IFCINDEXEDPOLYGONALFACE((1702,1767,1840));
#3534=IFCINDEXEDPOLYGONALFACE((1840,1804,1702));
#3535=IFCINDEXEDPOLYGONALFACE((1703,1805,1841));
#3536=IFCINDEXEDPOLYGONALFACE((1768,1703,1841));
#3537=IFCINDEXEDPOLYGONALFACE((1769,1807,1842));
#3538=IFCINDEXEDPOLYGONALFACE((1842,1808,1769));
#3539=IFCINDEXEDPOLYGONALFACE((1843,1647,1809));
#3540=IFCINDEXEDPOLYGONALFACE((1708,1844,1770));
#3541=IFCINDEXEDPOLYGONALFACE((1845,1709,1844));
#3542=IFCINDEXEDPOLYGONALFACE((1709,1770,1844));
#3543=IFCINDEXEDPOLYGONALFACE((1709,1845,1743));
#3544=IFCINDEXEDPOLYGONALFACE((1812,1653,1811));
#3545=IFCINDEXEDPOLYGONALFACE((1777,1748,1815));
#3546=IFCINDEXEDPOLYGONALFACE((1778,1816,1658));
#3547=IFCINDEXEDPOLYGONALFACE((1779,1817,1717));
#3548=IFCINDEXEDPOLYGONALFACE((1753,1846,1754));
#3549=IFCINDEXEDPOLYGONALFACE((1846,1847,1754));
#3550=IFCINDEXEDPOLYGONALFACE((1754,1847,1818));
#3551=IFCINDEXEDPOLYGONALFACE((1819,1818,1848));
#3552=IFCINDEXEDPOLYGONALFACE((1820,1819,1849));
#3553=IFCINDEXEDPOLYGONALFACE((1849,1819,1848));
#3554=IFCINDEXEDPOLYGONALFACE((1849,1850,1820));
#3555=IFCINDEXEDPOLYGONALFACE((1820,1850,1821));
#3556=IFCINDEXEDPOLYGONALFACE((1851,1821,1850));
#3557=IFCINDEXEDPOLYGONALFACE((1821,1851,1822));
#3558=IFCINDEXEDPOLYGONALFACE((1822,1851,1852));
#3559=IFCINDEXEDPOLYGONALFACE((1852,1823,1822));
#3560=IFCINDEXEDPOLYGONALFACE((1825,1720,1786));
#3561=IFCINDEXEDPOLYGONALFACE((1721,1758,1853));
#3562=IFCINDEXEDPOLYGONALFACE((1853,1854,1721));
#3563=IFCINDEXEDPOLYGONALFACE((1788,1721,1854));
#3564=IFCINDEXEDPOLYGONALFACE((1855,1788,1854));
#3565=IFCINDEXEDPOLYGONALFACE((1826,1856,1759));
#3566=IFCINDEXEDPOLYGONALFACE((1856,1827,1759));
#3567=IFCINDEXEDPOLYGONALFACE((1857,1760,1827));
#3568=IFCINDEXEDPOLYGONALFACE((1789,1760,1857));
#3569=IFCINDEXEDPOLYGONALFACE((1857,1828,1789));
#3570=IFCINDEXEDPOLYGONALFACE((1695,1828,1830));
#3571=IFCINDEXEDPOLYGONALFACE((1858,1696,1761));
#3572=IFCINDEXEDPOLYGONALFACE((1859,1725,1831));
#3573=IFCINDEXEDPOLYGONALFACE((1859,1860,1725));
#3574=IFCINDEXEDPOLYGONALFACE((1607,1725,1860));
#3575=IFCINDEXEDPOLYGONALFACE((1860,1762,1607));
#3576=IFCINDEXEDPOLYGONALFACE((1793,1861,1794));
#3577=IFCINDEXEDPOLYGONALFACE((1729,1794,1862));
#3578=IFCINDEXEDPOLYGONALFACE((1862,1795,1729));
#3579=IFCINDEXEDPOLYGONALFACE((1863,1669,1834));
#3580=IFCINDEXEDPOLYGONALFACE((1864,1763,1730));
#3581=IFCINDEXEDPOLYGONALFACE((1796,1763,1864));
#3582=IFCINDEXEDPOLYGONALFACE((1865,1835,1796));
#3583=IFCINDEXEDPOLYGONALFACE((1835,1866,1797));
#3584=IFCINDEXEDPOLYGONALFACE((1866,1867,1797));
#3585=IFCINDEXEDPOLYGONALFACE((1798,1797,1867));
#3586=IFCINDEXEDPOLYGONALFACE((1868,1799,1836));
#3587=IFCINDEXEDPOLYGONALFACE((1799,1868,1733));
#3588=IFCINDEXEDPOLYGONALFACE((1672,1733,1837));
#3589=IFCINDEXEDPOLYGONALFACE((1765,1764,1838));
#3590=IFCINDEXEDPOLYGONALFACE((1869,1767,1839));
#3591=IFCINDEXEDPOLYGONALFACE((1840,1767,1869));
#3592=IFCINDEXEDPOLYGONALFACE((1768,1870,1806));
#3593=IFCINDEXEDPOLYGONALFACE((1740,1871,1708));
#3594=IFCINDEXEDPOLYGONALFACE((1708,1871,1844));
#3595=IFCINDEXEDPOLYGONALFACE((1810,1744,1872));
#3596=IFCINDEXEDPOLYGONALFACE((1811,1810,1872));
#3597=IFCINDEXEDPOLYGONALFACE((1811,1872,1812));
#3598=IFCINDEXEDPOLYGONALFACE((1872,1873,1812));
#3599=IFCINDEXEDPOLYGONALFACE((1772,1812,1873));
#3600=IFCINDEXEDPOLYGONALFACE((1813,1772,1873));
#3601=IFCINDEXEDPOLYGONALFACE((1813,1873,1814));
#3602=IFCINDEXEDPOLYGONALFACE((1747,1814,1873));
#3603=IFCINDEXEDPOLYGONALFACE((1749,1715,1815));
#3604=IFCINDEXEDPOLYGONALFACE((1815,1778,1749));
#3605=IFCINDEXEDPOLYGONALFACE((1816,1778,1874));
#3606=IFCINDEXEDPOLYGONALFACE((1846,1817,1816));
#3607=IFCINDEXEDPOLYGONALFACE((1817,1846,1717));
#3608=IFCINDEXEDPOLYGONALFACE((1717,1846,1752));
#3609=IFCINDEXEDPOLYGONALFACE((1753,1752,1846));
#3610=IFCINDEXEDPOLYGONALFACE((1875,1818,1847));
#3611=IFCINDEXEDPOLYGONALFACE((1848,1818,1875));
#3612=IFCINDEXEDPOLYGONALFACE((1849,1848,1876));
#3613=IFCINDEXEDPOLYGONALFACE((1875,1876,1848));
#3614=IFCINDEXEDPOLYGONALFACE((1850,1849,1877));
#3615=IFCINDEXEDPOLYGONALFACE((1876,1877,1849));
#3616=IFCINDEXEDPOLYGONALFACE((1850,1877,1851));
#3617=IFCINDEXEDPOLYGONALFACE((1878,1851,1877));
#3618=IFCINDEXEDPOLYGONALFACE((1851,1878,1852));
#3619=IFCINDEXEDPOLYGONALFACE((1852,1878,1823));
#3620=IFCINDEXEDPOLYGONALFACE((1785,1823,1879));
#3621=IFCINDEXEDPOLYGONALFACE((1824,1880,1787));
#3622=IFCINDEXEDPOLYGONALFACE((1857,1827,1881));
#3623=IFCINDEXEDPOLYGONALFACE((1882,1828,1883));
#3624=IFCINDEXEDPOLYGONALFACE((1828,1857,1883));
#3625=IFCINDEXEDPOLYGONALFACE((1882,1830,1828));
#3626=IFCINDEXEDPOLYGONALFACE((1884,1858,1761));
#3627=IFCINDEXEDPOLYGONALFACE((1858,1831,1696));
#3628=IFCINDEXEDPOLYGONALFACE((1885,1726,1762));
#3629=IFCINDEXEDPOLYGONALFACE((1790,1726,1886));
#3630=IFCINDEXEDPOLYGONALFACE((1887,1886,1726));
#3631=IFCINDEXEDPOLYGONALFACE((1886,1791,1790));
#3632=IFCINDEXEDPOLYGONALFACE((1791,1886,1832));
#3633=IFCINDEXEDPOLYGONALFACE((1888,1833,1832));
#3634=IFCINDEXEDPOLYGONALFACE((1861,1793,1833));
#3635=IFCINDEXEDPOLYGONALFACE((1889,1794,1861));
#3636=IFCINDEXEDPOLYGONALFACE((1889,1862,1794));
#3637=IFCINDEXEDPOLYGONALFACE((1795,1862,1890));
#3638=IFCINDEXEDPOLYGONALFACE((1891,1834,1795));
#3639=IFCINDEXEDPOLYGONALFACE((1730,1669,1863));
#3640=IFCINDEXEDPOLYGONALFACE((1835,1865,1866));
#3641=IFCINDEXEDPOLYGONALFACE((1892,1866,1865));
#3642=IFCINDEXEDPOLYGONALFACE((1800,1837,1893));
#3643=IFCINDEXEDPOLYGONALFACE((1893,1894,1800));
#3644=IFCINDEXEDPOLYGONALFACE((1894,1801,1800));
#3645=IFCINDEXEDPOLYGONALFACE((1802,1734,1895));
#3646=IFCINDEXEDPOLYGONALFACE((1895,1838,1802));
#3647=IFCINDEXEDPOLYGONALFACE((1765,1838,1896));
#3648=IFCINDEXEDPOLYGONALFACE((1897,1676,1896));
#3649=IFCINDEXEDPOLYGONALFACE((1765,1896,1676));
#3650=IFCINDEXEDPOLYGONALFACE((1676,1897,1839));
#3651=IFCINDEXEDPOLYGONALFACE((1869,1839,1897));
#3652=IFCINDEXEDPOLYGONALFACE((1869,1898,1840));
#3653=IFCINDEXEDPOLYGONALFACE((1804,1840,1899));
#3654=IFCINDEXEDPOLYGONALFACE((1900,1736,1804));
#3655=IFCINDEXEDPOLYGONALFACE((1736,1900,1805));
#3656=IFCINDEXEDPOLYGONALFACE((1901,1807,1806));
#3657=IFCINDEXEDPOLYGONALFACE((1842,1807,1901));
#3658=IFCINDEXEDPOLYGONALFACE((1901,1808,1842));
#3659=IFCINDEXEDPOLYGONALFACE((1809,1808,1902));
#3660=IFCINDEXEDPOLYGONALFACE((1903,1844,1871));
#3661=IFCINDEXEDPOLYGONALFACE((1844,1903,1845));
#3662=IFCINDEXEDPOLYGONALFACE((1743,1845,1904));
#3663=IFCINDEXEDPOLYGONALFACE((1743,1904,1744));
#3664=IFCINDEXEDPOLYGONALFACE((1744,1904,1872));
#3665=IFCINDEXEDPOLYGONALFACE((1873,1872,1905));
#3666=IFCINDEXEDPOLYGONALFACE((1747,1906,1748));
#3667=IFCINDEXEDPOLYGONALFACE((1815,1874,1778));
#3668=IFCINDEXEDPOLYGONALFACE((1847,1907,1875));
#3669=IFCINDEXEDPOLYGONALFACE((1877,1876,1907));
#3670=IFCINDEXEDPOLYGONALFACE((1875,1907,1876));
#3671=IFCINDEXEDPOLYGONALFACE((1823,1878,1908));
#3672=IFCINDEXEDPOLYGONALFACE((1786,1785,1879));
#3673=IFCINDEXEDPOLYGONALFACE((1879,1909,1786));
#3674=IFCINDEXEDPOLYGONALFACE((1909,1825,1786));
#3675=IFCINDEXEDPOLYGONALFACE((1825,1909,1824));
#3676=IFCINDEXEDPOLYGONALFACE((1787,1880,1758));
#3677=IFCINDEXEDPOLYGONALFACE((1910,1854,1853));
#3678=IFCINDEXEDPOLYGONALFACE((1854,1910,1855));
#3679=IFCINDEXEDPOLYGONALFACE((1788,1855,1911));
#3680=IFCINDEXEDPOLYGONALFACE((1856,1826,1911));
#3681=IFCINDEXEDPOLYGONALFACE((1788,1911,1826));
#3682=IFCINDEXEDPOLYGONALFACE((1827,1856,1912));
#3683=IFCINDEXEDPOLYGONALFACE((1912,1881,1827));
#3684=IFCINDEXEDPOLYGONALFACE((1883,1857,1881));
#3685=IFCINDEXEDPOLYGONALFACE((1883,1913,1882));
#3686=IFCINDEXEDPOLYGONALFACE((1914,1882,1913));
#3687=IFCINDEXEDPOLYGONALFACE((1830,1882,1914));
#3688=IFCINDEXEDPOLYGONALFACE((1914,1915,1830));
#3689=IFCINDEXEDPOLYGONALFACE((1915,1916,1830));
#3690=IFCINDEXEDPOLYGONALFACE((1830,1916,1829));
#3691=IFCINDEXEDPOLYGONALFACE((1829,1917,1761));
#3692=IFCINDEXEDPOLYGONALFACE((1884,1761,1917));
#3693=IFCINDEXEDPOLYGONALFACE((1726,1885,1887));
#3694=IFCINDEXEDPOLYGONALFACE((1918,1888,1886));
#3695=IFCINDEXEDPOLYGONALFACE((1832,1886,1888));
#3696=IFCINDEXEDPOLYGONALFACE((1919,1833,1888));
#3697=IFCINDEXEDPOLYGONALFACE((1833,1919,1861));
#3698=IFCINDEXEDPOLYGONALFACE((1889,1861,1919));
#3699=IFCINDEXEDPOLYGONALFACE((1863,1834,1920));
#3700=IFCINDEXEDPOLYGONALFACE((1730,1863,1864));
#3701=IFCINDEXEDPOLYGONALFACE((1892,1867,1866));
#3702=IFCINDEXEDPOLYGONALFACE((1868,1837,1733));
#3703=IFCINDEXEDPOLYGONALFACE((1894,1921,1801));
#3704=IFCINDEXEDPOLYGONALFACE((1895,1734,1801));
#3705=IFCINDEXEDPOLYGONALFACE((1896,1838,1895));
#3706=IFCINDEXEDPOLYGONALFACE((1898,1922,1840));
#3707=IFCINDEXEDPOLYGONALFACE((1922,1899,1840));
#3708=IFCINDEXEDPOLYGONALFACE((1899,1900,1804));
#3709=IFCINDEXEDPOLYGONALFACE((1923,1841,1805));
#3710=IFCINDEXEDPOLYGONALFACE((1870,1768,1923));
#3711=IFCINDEXEDPOLYGONALFACE((1841,1923,1768));
#3712=IFCINDEXEDPOLYGONALFACE((1901,1902,1808));
#3713=IFCINDEXEDPOLYGONALFACE((1809,1902,1843));
#3714=IFCINDEXEDPOLYGONALFACE((1740,1924,1871));
#3715=IFCINDEXEDPOLYGONALFACE((1904,1845,1903));
#3716=IFCINDEXEDPOLYGONALFACE((1905,1872,1904));
#3717=IFCINDEXEDPOLYGONALFACE((1905,1925,1873));
#3718=IFCINDEXEDPOLYGONALFACE((1925,1747,1873));
#3719=IFCINDEXEDPOLYGONALFACE((1747,1925,1906));
#3720=IFCINDEXEDPOLYGONALFACE((1906,1815,1748));
#3721=IFCINDEXEDPOLYGONALFACE((1874,1926,1816));
#3722=IFCINDEXEDPOLYGONALFACE((1846,1816,1926));
#3723=IFCINDEXEDPOLYGONALFACE((1846,1907,1847));
#3724=IFCINDEXEDPOLYGONALFACE((1908,1878,1877));
#3725=IFCINDEXEDPOLYGONALFACE((1910,1853,1927));
#3726=IFCINDEXEDPOLYGONALFACE((1927,1928,1910));
#3727=IFCINDEXEDPOLYGONALFACE((1910,1928,1855));
#3728=IFCINDEXEDPOLYGONALFACE((1911,1855,1928));
#3729=IFCINDEXEDPOLYGONALFACE((1929,1883,1881));
#3730=IFCINDEXEDPOLYGONALFACE((1883,1929,1913));
#3731=IFCINDEXEDPOLYGONALFACE((1929,1930,1913));
#3732=IFCINDEXEDPOLYGONALFACE((1930,1931,1913));
#3733=IFCINDEXEDPOLYGONALFACE((1914,1913,1931));
#3734=IFCINDEXEDPOLYGONALFACE((1932,1914,1931));
#3735=IFCINDEXEDPOLYGONALFACE((1914,1932,1915));
#3736=IFCINDEXEDPOLYGONALFACE((1829,1916,1917));
#3737=IFCINDEXEDPOLYGONALFACE((1884,1933,1858));
#3738=IFCINDEXEDPOLYGONALFACE((1831,1858,1933));
#3739=IFCINDEXEDPOLYGONALFACE((1933,1859,1831));
#3740=IFCINDEXEDPOLYGONALFACE((1885,1934,1887));
#3741=IFCINDEXEDPOLYGONALFACE((1935,1795,1890));
#3742=IFCINDEXEDPOLYGONALFACE((1795,1935,1891));
#3743=IFCINDEXEDPOLYGONALFACE((1834,1891,1920));
#3744=IFCINDEXEDPOLYGONALFACE((1936,1864,1863));
#3745=IFCINDEXEDPOLYGONALFACE((1936,1937,1864));
#3746=IFCINDEXEDPOLYGONALFACE((1796,1864,1937));
#3747=IFCINDEXEDPOLYGONALFACE((1937,1865,1796));
#3748=IFCINDEXEDPOLYGONALFACE((1938,1892,1865));
#3749=IFCINDEXEDPOLYGONALFACE((1798,1867,1836));
#3750=IFCINDEXEDPOLYGONALFACE((1939,1836,1867));
#3751=IFCINDEXEDPOLYGONALFACE((1868,1836,1939));
#3752=IFCINDEXEDPOLYGONALFACE((1894,1893,1921));
#3753=IFCINDEXEDPOLYGONALFACE((1921,1940,1801));
#3754=IFCINDEXEDPOLYGONALFACE((1940,1941,1801));
#3755=IFCINDEXEDPOLYGONALFACE((1942,1896,1895));
#3756=IFCINDEXEDPOLYGONALFACE((1896,1942,1897));
#3757=IFCINDEXEDPOLYGONALFACE((1805,1900,1943));
#3758=IFCINDEXEDPOLYGONALFACE((1943,1923,1805));
#3759=IFCINDEXEDPOLYGONALFACE((1944,1806,1870));
#3760=IFCINDEXEDPOLYGONALFACE((1806,1944,1901));
#3761=IFCINDEXEDPOLYGONALFACE((1903,1871,1945));
#3762=IFCINDEXEDPOLYGONALFACE((1903,1945,1904));
#3763=IFCINDEXEDPOLYGONALFACE((1946,1905,1904));
#3764=IFCINDEXEDPOLYGONALFACE((1947,1948,1905));
#3765=IFCINDEXEDPOLYGONALFACE((1925,1905,1948));
#3766=IFCINDEXEDPOLYGONALFACE((1949,1815,1906));
#3767=IFCINDEXEDPOLYGONALFACE((1815,1949,1874));
#3768=IFCINDEXEDPOLYGONALFACE((1950,1874,1949));
#3769=IFCINDEXEDPOLYGONALFACE((1874,1950,1926));
#3770=IFCINDEXEDPOLYGONALFACE((1907,1846,1926));
#3771=IFCINDEXEDPOLYGONALFACE((1908,1877,1907));
#3772=IFCINDEXEDPOLYGONALFACE((1951,1823,1908));
#3773=IFCINDEXEDPOLYGONALFACE((1823,1951,1879));
#3774=IFCINDEXEDPOLYGONALFACE((1880,1824,1909));
#3775=IFCINDEXEDPOLYGONALFACE((1952,1853,1758));
#3776=IFCINDEXEDPOLYGONALFACE((1927,1853,1953));
#3777=IFCINDEXEDPOLYGONALFACE((1928,1927,1953));
#3778=IFCINDEXEDPOLYGONALFACE((1954,1928,1953));
#3779=IFCINDEXEDPOLYGONALFACE((1928,1954,1911));
#3780=IFCINDEXEDPOLYGONALFACE((1955,1856,1956));
#3781=IFCINDEXEDPOLYGONALFACE((1911,1956,1856));
#3782=IFCINDEXEDPOLYGONALFACE((1929,1881,1957));
#3783=IFCINDEXEDPOLYGONALFACE((1958,1929,1957));
#3784=IFCINDEXEDPOLYGONALFACE((1958,1930,1929));
#3785=IFCINDEXEDPOLYGONALFACE((1915,1959,1916));
#3786=IFCINDEXEDPOLYGONALFACE((1960,1917,1916));
#3787=IFCINDEXEDPOLYGONALFACE((1961,1859,1933));
#3788=IFCINDEXEDPOLYGONALFACE((1961,1962,1859));
#3789=IFCINDEXEDPOLYGONALFACE((1859,1962,1860));
#3790=IFCINDEXEDPOLYGONALFACE((1934,1885,1963));
#3791=IFCINDEXEDPOLYGONALFACE((1934,1963,1887));
#3792=IFCINDEXEDPOLYGONALFACE((1963,1886,1887));
#3793=IFCINDEXEDPOLYGONALFACE((1964,1918,1886));
#3794=IFCINDEXEDPOLYGONALFACE((1919,1888,1918));
#3795=IFCINDEXEDPOLYGONALFACE((1965,1890,1862));
#3796=IFCINDEXEDPOLYGONALFACE((1920,1891,1966));
#3797=IFCINDEXEDPOLYGONALFACE((1967,1938,1865));
#3798=IFCINDEXEDPOLYGONALFACE((1867,1892,1938));
#3799=IFCINDEXEDPOLYGONALFACE((1938,1968,1867));
#3800=IFCINDEXEDPOLYGONALFACE((1867,1968,1939));
#3801=IFCINDEXEDPOLYGONALFACE((1868,1939,1969));
#3802=IFCINDEXEDPOLYGONALFACE((1837,1868,1970));
#3803=IFCINDEXEDPOLYGONALFACE((1970,1971,1837));
#3804=IFCINDEXEDPOLYGONALFACE((1893,1837,1971));
#3805=IFCINDEXEDPOLYGONALFACE((1941,1940,1972));
#3806=IFCINDEXEDPOLYGONALFACE((1941,1973,1801));
#3807=IFCINDEXEDPOLYGONALFACE((1895,1801,1973));
#3808=IFCINDEXEDPOLYGONALFACE((1973,1942,1895));
#3809=IFCINDEXEDPOLYGONALFACE((1869,1974,1898));
#3810=IFCINDEXEDPOLYGONALFACE((1898,1975,1922));
#3811=IFCINDEXEDPOLYGONALFACE((1944,1976,1901));
#3812=IFCINDEXEDPOLYGONALFACE((1976,1977,1901));
#3813=IFCINDEXEDPOLYGONALFACE((1902,1901,1977));
#3814=IFCINDEXEDPOLYGONALFACE((1977,1843,1902));
#3815=IFCINDEXEDPOLYGONALFACE((1871,1924,1945));
#3816=IFCINDEXEDPOLYGONALFACE((1946,1904,1945));
#3817=IFCINDEXEDPOLYGONALFACE((1905,1946,1947));
#3818=IFCINDEXEDPOLYGONALFACE((1978,1925,1948));
#3819=IFCINDEXEDPOLYGONALFACE((1906,1925,1949));
#3820=IFCINDEXEDPOLYGONALFACE((1978,1949,1925));
#3821=IFCINDEXEDPOLYGONALFACE((1979,1950,1980));
#3822=IFCINDEXEDPOLYGONALFACE((1950,1979,1926));
#3823=IFCINDEXEDPOLYGONALFACE((1907,1926,1981));
#3824=IFCINDEXEDPOLYGONALFACE((1981,1908,1907));
#3825=IFCINDEXEDPOLYGONALFACE((1951,1909,1879));
#3826=IFCINDEXEDPOLYGONALFACE((1956,1911,1954));
#3827=IFCINDEXEDPOLYGONALFACE((1856,1955,1982));
#3828=IFCINDEXEDPOLYGONALFACE((1983,1912,1982));
#3829=IFCINDEXEDPOLYGONALFACE((1982,1912,1856));
#3830=IFCINDEXEDPOLYGONALFACE((1984,1912,1983));
#3831=IFCINDEXEDPOLYGONALFACE((1984,1985,1912));
#3832=IFCINDEXEDPOLYGONALFACE((1881,1912,1985));
#3833=IFCINDEXEDPOLYGONALFACE((1986,1957,1985));
#3834=IFCINDEXEDPOLYGONALFACE((1881,1985,1957));
#3835=IFCINDEXEDPOLYGONALFACE((1987,1958,1986));
#3836=IFCINDEXEDPOLYGONALFACE((1957,1986,1958));
#3837=IFCINDEXEDPOLYGONALFACE((1958,1987,1930));
#3838=IFCINDEXEDPOLYGONALFACE((1987,1988,1930));
#3839=IFCINDEXEDPOLYGONALFACE((1931,1930,1988));
#3840=IFCINDEXEDPOLYGONALFACE((1988,1989,1931));
#3841=IFCINDEXEDPOLYGONALFACE((1932,1931,1989));
#3842=IFCINDEXEDPOLYGONALFACE((1989,1959,1932));
#3843=IFCINDEXEDPOLYGONALFACE((1932,1959,1915));
#3844=IFCINDEXEDPOLYGONALFACE((1990,1916,1959));
#3845=IFCINDEXEDPOLYGONALFACE((1990,1960,1916));
#3846=IFCINDEXEDPOLYGONALFACE((1884,1917,1991));
#3847=IFCINDEXEDPOLYGONALFACE((1992,1860,1962));
#3848=IFCINDEXEDPOLYGONALFACE((1762,1860,1992));
#3849=IFCINDEXEDPOLYGONALFACE((1992,1885,1762));
#3850=IFCINDEXEDPOLYGONALFACE((1964,1886,1963));
#3851=IFCINDEXEDPOLYGONALFACE((1919,1918,1964));
#3852=IFCINDEXEDPOLYGONALFACE((1993,1889,1994));
#3853=IFCINDEXEDPOLYGONALFACE((1889,1919,1994));
#3854=IFCINDEXEDPOLYGONALFACE((1889,1995,1862));
#3855=IFCINDEXEDPOLYGONALFACE((1935,1966,1891));
#3856=IFCINDEXEDPOLYGONALFACE((1863,1920,1996));
#3857=IFCINDEXEDPOLYGONALFACE((1996,1936,1863));
#3858=IFCINDEXEDPOLYGONALFACE((1937,1967,1865));
#3859=IFCINDEXEDPOLYGONALFACE((1921,1893,1997));
#3860=IFCINDEXEDPOLYGONALFACE((1997,1998,1921));
#3861=IFCINDEXEDPOLYGONALFACE((1940,1921,1998));
#3862=IFCINDEXEDPOLYGONALFACE((1940,1998,1972));
#3863=IFCINDEXEDPOLYGONALFACE((1972,1999,1941));
#3864=IFCINDEXEDPOLYGONALFACE((1941,1999,1973));
#3865=IFCINDEXEDPOLYGONALFACE((1942,2000,1897));
#3866=IFCINDEXEDPOLYGONALFACE((1897,1974,1869));
#3867=IFCINDEXEDPOLYGONALFACE((1898,1974,1975));
#3868=IFCINDEXEDPOLYGONALFACE((1900,2001,1943));
#3869=IFCINDEXEDPOLYGONALFACE((1943,2002,1923));
#3870=IFCINDEXEDPOLYGONALFACE((1870,1923,2002));
#3871=IFCINDEXEDPOLYGONALFACE((1944,1870,2002));
#3872=IFCINDEXEDPOLYGONALFACE((1843,1977,2003));
#3873=IFCINDEXEDPOLYGONALFACE((1946,1945,2004));
#3874=IFCINDEXEDPOLYGONALFACE((1947,1946,2005));
#3875=IFCINDEXEDPOLYGONALFACE((2005,2006,1947));
#3876=IFCINDEXEDPOLYGONALFACE((2007,1947,2006));
#3877=IFCINDEXEDPOLYGONALFACE((1947,2007,1948));
#3878=IFCINDEXEDPOLYGONALFACE((2008,1948,2007));
#3879=IFCINDEXEDPOLYGONALFACE((1978,1948,2009));
#3880=IFCINDEXEDPOLYGONALFACE((1978,2010,1949));
#3881=IFCINDEXEDPOLYGONALFACE((2011,1949,2012));
#3882=IFCINDEXEDPOLYGONALFACE((1949,2011,1950));
#3883=IFCINDEXEDPOLYGONALFACE((2013,1950,2011));
#3884=IFCINDEXEDPOLYGONALFACE((2013,1980,1950));
#3885=IFCINDEXEDPOLYGONALFACE((1981,1926,1979));
#3886=IFCINDEXEDPOLYGONALFACE((1981,2014,1908));
#3887=IFCINDEXEDPOLYGONALFACE((2014,1951,1908));
#3888=IFCINDEXEDPOLYGONALFACE((1880,1909,2015));
#3889=IFCINDEXEDPOLYGONALFACE((1880,2015,1758));
#3890=IFCINDEXEDPOLYGONALFACE((1953,1853,1952));
#3891=IFCINDEXEDPOLYGONALFACE((1953,2016,1954));
#3892=IFCINDEXEDPOLYGONALFACE((1986,1985,2017));
#3893=IFCINDEXEDPOLYGONALFACE((2017,2018,1986));
#3894=IFCINDEXEDPOLYGONALFACE((1987,1986,2018));
#3895=IFCINDEXEDPOLYGONALFACE((2018,1988,1987));
#3896=IFCINDEXEDPOLYGONALFACE((1988,2019,1989));
#3897=IFCINDEXEDPOLYGONALFACE((1959,1989,2019));
#3898=IFCINDEXEDPOLYGONALFACE((1959,2019,1990));
#3899=IFCINDEXEDPOLYGONALFACE((2020,1990,2019));
#3900=IFCINDEXEDPOLYGONALFACE((1960,1991,1917));
#3901=IFCINDEXEDPOLYGONALFACE((1991,2021,1884));
#3902=IFCINDEXEDPOLYGONALFACE((1933,1884,2021));
#3903=IFCINDEXEDPOLYGONALFACE((1961,1992,1962));
#3904=IFCINDEXEDPOLYGONALFACE((1964,1963,1885));
#3905=IFCINDEXEDPOLYGONALFACE((1919,1964,1994));
#3906=IFCINDEXEDPOLYGONALFACE((1995,1889,1993));
#3907=IFCINDEXEDPOLYGONALFACE((1862,1995,1965));
#3908=IFCINDEXEDPOLYGONALFACE((1890,1965,1935));
#3909=IFCINDEXEDPOLYGONALFACE((2022,1966,1935));
#3910=IFCINDEXEDPOLYGONALFACE((2023,1920,1966));
#3911=IFCINDEXEDPOLYGONALFACE((1938,1967,2024));
#3912=IFCINDEXEDPOLYGONALFACE((2025,1939,1968));
#3913=IFCINDEXEDPOLYGONALFACE((2025,1969,1939));
#3914=IFCINDEXEDPOLYGONALFACE((1868,1969,2026));
#3915=IFCINDEXEDPOLYGONALFACE((1970,1868,2026));
#3916=IFCINDEXEDPOLYGONALFACE((1893,1971,1997));
#3917=IFCINDEXEDPOLYGONALFACE((2027,1997,1971));
#3918=IFCINDEXEDPOLYGONALFACE((1972,1998,1999));
#3919=IFCINDEXEDPOLYGONALFACE((2000,1942,1973));
#3920=IFCINDEXEDPOLYGONALFACE((2000,1974,1897));
#3921=IFCINDEXEDPOLYGONALFACE((2028,1922,1975));
#3922=IFCINDEXEDPOLYGONALFACE((1899,1922,2028));
#3923=IFCINDEXEDPOLYGONALFACE((1900,1899,2028));
#3924=IFCINDEXEDPOLYGONALFACE((2029,2002,1943));
#3925=IFCINDEXEDPOLYGONALFACE((1944,2002,2030));
#3926=IFCINDEXEDPOLYGONALFACE((1944,2030,1976));
#3927=IFCINDEXEDPOLYGONALFACE((2031,1976,2030));
#3928=IFCINDEXEDPOLYGONALFACE((1976,2031,1977));
#3929=IFCINDEXEDPOLYGONALFACE((2032,1977,2031));
#3930=IFCINDEXEDPOLYGONALFACE((2003,1977,2032));
#3931=IFCINDEXEDPOLYGONALFACE((2005,1946,2033));
#3932=IFCINDEXEDPOLYGONALFACE((1948,2008,2034));
#3933=IFCINDEXEDPOLYGONALFACE((2034,2009,1948));
#3934=IFCINDEXEDPOLYGONALFACE((2009,2035,1978));
#3935=IFCINDEXEDPOLYGONALFACE((2036,1978,2035));
#3936=IFCINDEXEDPOLYGONALFACE((1978,2036,2010));
#3937=IFCINDEXEDPOLYGONALFACE((2010,2012,1949));
#3938=IFCINDEXEDPOLYGONALFACE((2011,2037,2013));
#3939=IFCINDEXEDPOLYGONALFACE((2038,1980,2013));
#3940=IFCINDEXEDPOLYGONALFACE((1980,2038,1979));
#3941=IFCINDEXEDPOLYGONALFACE((1981,1979,2039));
#3942=IFCINDEXEDPOLYGONALFACE((1952,1758,2015));
#3943=IFCINDEXEDPOLYGONALFACE((1952,2016,1953));
#3944=IFCINDEXEDPOLYGONALFACE((2040,1954,2016));
#3945=IFCINDEXEDPOLYGONALFACE((1955,1956,1982));
#3946=IFCINDEXEDPOLYGONALFACE((2041,1985,1984));
#3947=IFCINDEXEDPOLYGONALFACE((2017,1985,2042));
#3948=IFCINDEXEDPOLYGONALFACE((2041,2042,1985));
#3949=IFCINDEXEDPOLYGONALFACE((2018,2017,2043));
#3950=IFCINDEXEDPOLYGONALFACE((2042,2043,2017));
#3951=IFCINDEXEDPOLYGONALFACE((2043,2044,2018));
#3952=IFCINDEXEDPOLYGONALFACE((2018,2044,1988));
#3953=IFCINDEXEDPOLYGONALFACE((2019,1988,2045));
#3954=IFCINDEXEDPOLYGONALFACE((2044,2045,1988));
#3955=IFCINDEXEDPOLYGONALFACE((2045,2020,2019));
#3956=IFCINDEXEDPOLYGONALFACE((2020,2046,1990));
#3957=IFCINDEXEDPOLYGONALFACE((1960,1990,2046));
#3958=IFCINDEXEDPOLYGONALFACE((2046,2047,1960));
#3959=IFCINDEXEDPOLYGONALFACE((1960,2047,1991));
#3960=IFCINDEXEDPOLYGONALFACE((2021,2048,1933));
#3961=IFCINDEXEDPOLYGONALFACE((1933,2048,1961));
#3962=IFCINDEXEDPOLYGONALFACE((1961,2049,1992));
#3963=IFCINDEXEDPOLYGONALFACE((2050,1992,2049));
#3964=IFCINDEXEDPOLYGONALFACE((2050,1885,1992));
#3965=IFCINDEXEDPOLYGONALFACE((2023,1996,1920));
#3966=IFCINDEXEDPOLYGONALFACE((2051,1938,2024));
#3967=IFCINDEXEDPOLYGONALFACE((1938,2051,1968));
#3968=IFCINDEXEDPOLYGONALFACE((2052,1969,2025));
#3969=IFCINDEXEDPOLYGONALFACE((1970,2026,1971));
#3970=IFCINDEXEDPOLYGONALFACE((1997,2053,1998));
#3971=IFCINDEXEDPOLYGONALFACE((1998,2053,1999));
#3972=IFCINDEXEDPOLYGONALFACE((2054,1975,1974));
#3973=IFCINDEXEDPOLYGONALFACE((2001,1900,2028));
#3974=IFCINDEXEDPOLYGONALFACE((2055,2002,2029));
#3975=IFCINDEXEDPOLYGONALFACE((2030,2002,2056));
#3976=IFCINDEXEDPOLYGONALFACE((2055,2056,2002));
#3977=IFCINDEXEDPOLYGONALFACE((2057,2031,2030));
#3978=IFCINDEXEDPOLYGONALFACE((2032,2031,2057));
#3979=IFCINDEXEDPOLYGONALFACE((1924,2058,1945));
#3980=IFCINDEXEDPOLYGONALFACE((2004,1945,2058));
#3981=IFCINDEXEDPOLYGONALFACE((2033,1946,2004));
#3982=IFCINDEXEDPOLYGONALFACE((2059,2009,2034));
#3983=IFCINDEXEDPOLYGONALFACE((2011,2012,2060));
#3984=IFCINDEXEDPOLYGONALFACE((2061,2011,2060));
#3985=IFCINDEXEDPOLYGONALFACE((1979,2038,2062));
#3986=IFCINDEXEDPOLYGONALFACE((2039,1979,2062));
#3987=IFCINDEXEDPOLYGONALFACE((2039,2063,1981));
#3988=IFCINDEXEDPOLYGONALFACE((2063,2014,1981));
#3989=IFCINDEXEDPOLYGONALFACE((2064,1951,2014));
#3990=IFCINDEXEDPOLYGONALFACE((1951,2015,1909));
#3991=IFCINDEXEDPOLYGONALFACE((2040,1956,1954));
#3992=IFCINDEXEDPOLYGONALFACE((2065,1982,1956));
#3993=IFCINDEXEDPOLYGONALFACE((2041,1984,1983));
#3994=IFCINDEXEDPOLYGONALFACE((2044,2043,2066));
#3995=IFCINDEXEDPOLYGONALFACE((2066,2043,2042));
#3996=IFCINDEXEDPOLYGONALFACE((2045,2044,2066));
#3997=IFCINDEXEDPOLYGONALFACE((2067,2046,2020));
#3998=IFCINDEXEDPOLYGONALFACE((2046,2068,2047));
#3999=IFCINDEXEDPOLYGONALFACE((1991,2047,2068));
#4000=IFCINDEXEDPOLYGONALFACE((2068,2069,1991));
#4001=IFCINDEXEDPOLYGONALFACE((2021,1991,2069));
#4002=IFCINDEXEDPOLYGONALFACE((2021,2069,2048));
#4003=IFCINDEXEDPOLYGONALFACE((1961,2048,2049));
#4004=IFCINDEXEDPOLYGONALFACE((1885,2070,1964));
#4005=IFCINDEXEDPOLYGONALFACE((1965,2071,1935));
#4006=IFCINDEXEDPOLYGONALFACE((2072,2023,2022));
#4007=IFCINDEXEDPOLYGONALFACE((2023,1966,2022));
#4008=IFCINDEXEDPOLYGONALFACE((2073,1936,1996));
#4009=IFCINDEXEDPOLYGONALFACE((2073,1937,1936));
#4010=IFCINDEXEDPOLYGONALFACE((1937,2074,1967));
#4011=IFCINDEXEDPOLYGONALFACE((2075,1967,2074));
#4012=IFCINDEXEDPOLYGONALFACE((1967,2075,2024));
#4013=IFCINDEXEDPOLYGONALFACE((2052,2026,1969));
#4014=IFCINDEXEDPOLYGONALFACE((2076,1971,2026));
#4015=IFCINDEXEDPOLYGONALFACE((1971,2076,2027));
#4016=IFCINDEXEDPOLYGONALFACE((2053,1973,1999));
#4017=IFCINDEXEDPOLYGONALFACE((1973,2077,2000));
#4018=IFCINDEXEDPOLYGONALFACE((1974,2000,2078));
#4019=IFCINDEXEDPOLYGONALFACE((2078,2054,1974));
#4020=IFCINDEXEDPOLYGONALFACE((2079,1943,2001));
#4021=IFCINDEXEDPOLYGONALFACE((2029,1943,2079));
#4022=IFCINDEXEDPOLYGONALFACE((2080,2033,2004));
#4023=IFCINDEXEDPOLYGONALFACE((2080,2081,2033));
#4024=IFCINDEXEDPOLYGONALFACE((2081,2006,2033));
#4025=IFCINDEXEDPOLYGONALFACE((2005,2033,2006));
#4026=IFCINDEXEDPOLYGONALFACE((2034,2008,2059));
#4027=IFCINDEXEDPOLYGONALFACE((2035,2009,2082));
#4028=IFCINDEXEDPOLYGONALFACE((2083,2010,2036));
#4029=IFCINDEXEDPOLYGONALFACE((2060,2012,2084));
#4030=IFCINDEXEDPOLYGONALFACE((2011,2061,2037));
#4031=IFCINDEXEDPOLYGONALFACE((2085,2013,2037));
#4032=IFCINDEXEDPOLYGONALFACE((2013,2085,2038));
#4033=IFCINDEXEDPOLYGONALFACE((2085,2086,2038));
#4034=IFCINDEXEDPOLYGONALFACE((2062,2038,2086));
#4035=IFCINDEXEDPOLYGONALFACE((2087,2039,2062));
#4036=IFCINDEXEDPOLYGONALFACE((2088,2063,2087));
#4037=IFCINDEXEDPOLYGONALFACE((2039,2087,2063));
#4038=IFCINDEXEDPOLYGONALFACE((2063,2089,2014));
#4039=IFCINDEXEDPOLYGONALFACE((2089,2064,2014));
#4040=IFCINDEXEDPOLYGONALFACE((1951,2064,2015));
#4041=IFCINDEXEDPOLYGONALFACE((2015,2064,2090));
#4042=IFCINDEXEDPOLYGONALFACE((1952,2015,2090));
#4043=IFCINDEXEDPOLYGONALFACE((2040,2065,1956));
#4044=IFCINDEXEDPOLYGONALFACE((2065,2091,1982));
#4045=IFCINDEXEDPOLYGONALFACE((1983,1982,2091));
#4046=IFCINDEXEDPOLYGONALFACE((2042,2041,2092));
#4047=IFCINDEXEDPOLYGONALFACE((2092,2093,2042));
#4048=IFCINDEXEDPOLYGONALFACE((2042,2093,2066));
#4049=IFCINDEXEDPOLYGONALFACE((2093,2094,2066));
#4050=IFCINDEXEDPOLYGONALFACE((2066,2094,2045));
#4051=IFCINDEXEDPOLYGONALFACE((2045,2094,2020));
#4052=IFCINDEXEDPOLYGONALFACE((2095,2020,2094));
#4053=IFCINDEXEDPOLYGONALFACE((2095,2067,2020));
#4054=IFCINDEXEDPOLYGONALFACE((2096,2048,2069));
#4055=IFCINDEXEDPOLYGONALFACE((2050,2097,1885));
#4056=IFCINDEXEDPOLYGONALFACE((1964,2070,1994));
#4057=IFCINDEXEDPOLYGONALFACE((2098,1993,1994));
#4058=IFCINDEXEDPOLYGONALFACE((2071,1965,2099));
#4059=IFCINDEXEDPOLYGONALFACE((2099,1965,1995));
#4060=IFCINDEXEDPOLYGONALFACE((2022,1935,2071));
#4061=IFCINDEXEDPOLYGONALFACE((1996,2023,2100));
#4062=IFCINDEXEDPOLYGONALFACE((2073,2074,1937));
#4063=IFCINDEXEDPOLYGONALFACE((1968,2051,2101));
#4064=IFCINDEXEDPOLYGONALFACE((2101,2025,1968));
#4065=IFCINDEXEDPOLYGONALFACE((2076,2026,2052));
#4066=IFCINDEXEDPOLYGONALFACE((1997,2102,2053));
#4067=IFCINDEXEDPOLYGONALFACE((1973,2053,2077));
#4068=IFCINDEXEDPOLYGONALFACE((2103,2000,2077));
#4069=IFCINDEXEDPOLYGONALFACE((2103,2078,2000));
#4070=IFCINDEXEDPOLYGONALFACE((1975,2054,2104));
#4071=IFCINDEXEDPOLYGONALFACE((1975,2104,2028));
#4072=IFCINDEXEDPOLYGONALFACE((2105,2001,2028));
#4073=IFCINDEXEDPOLYGONALFACE((2001,2106,2079));
#4074=IFCINDEXEDPOLYGONALFACE((2056,2107,2030));
#4075=IFCINDEXEDPOLYGONALFACE((2108,2030,2107));
#4076=IFCINDEXEDPOLYGONALFACE((2030,2108,2057));
#4077=IFCINDEXEDPOLYGONALFACE((2109,2057,2108));
#4078=IFCINDEXEDPOLYGONALFACE((2032,2057,2109));
#4079=IFCINDEXEDPOLYGONALFACE((2004,2058,2110));
#4080=IFCINDEXEDPOLYGONALFACE((2111,2004,2110));
#4081=IFCINDEXEDPOLYGONALFACE((2004,2111,2080));
#4082=IFCINDEXEDPOLYGONALFACE((2006,2081,2112));
#4083=IFCINDEXEDPOLYGONALFACE((2006,2113,2007));
#4084=IFCINDEXEDPOLYGONALFACE((2009,2059,2114));
#4085=IFCINDEXEDPOLYGONALFACE((2115,2035,2082));
#4086=IFCINDEXEDPOLYGONALFACE((2035,2115,2036));
#4087=IFCINDEXEDPOLYGONALFACE((2115,2116,2036));
#4088=IFCINDEXEDPOLYGONALFACE((2036,2116,2083));
#4089=IFCINDEXEDPOLYGONALFACE((2117,2037,2118));
#4090=IFCINDEXEDPOLYGONALFACE((2061,2118,2037));
#4091=IFCINDEXEDPOLYGONALFACE((2117,2085,2037));
#4092=IFCINDEXEDPOLYGONALFACE((2085,2119,2086));
#4093=IFCINDEXEDPOLYGONALFACE((2062,2120,2087));
#4094=IFCINDEXEDPOLYGONALFACE((2087,2121,2088));
#4095=IFCINDEXEDPOLYGONALFACE((2089,2063,2122));
#4096=IFCINDEXEDPOLYGONALFACE((2088,2122,2063));
#4097=IFCINDEXEDPOLYGONALFACE((2123,2089,2122));
#4098=IFCINDEXEDPOLYGONALFACE((2123,2124,2089));
#4099=IFCINDEXEDPOLYGONALFACE((2124,2064,2089));
#4100=IFCINDEXEDPOLYGONALFACE((2090,2016,1952));
#4101=IFCINDEXEDPOLYGONALFACE((1983,2091,2041));
#4102=IFCINDEXEDPOLYGONALFACE((2125,2067,2095));
#4103=IFCINDEXEDPOLYGONALFACE((2067,2125,2046));
#4104=IFCINDEXEDPOLYGONALFACE((2046,2125,2068));
#4105=IFCINDEXEDPOLYGONALFACE((2126,2068,2125));
#4106=IFCINDEXEDPOLYGONALFACE((2126,2069,2068));
#4107=IFCINDEXEDPOLYGONALFACE((2096,2127,2048));
#4108=IFCINDEXEDPOLYGONALFACE((2048,2127,2049));
#4109=IFCINDEXEDPOLYGONALFACE((1885,2097,2070));
#4110=IFCINDEXEDPOLYGONALFACE((2070,2098,1994));
#4111=IFCINDEXEDPOLYGONALFACE((2098,2128,1993));
#4112=IFCINDEXEDPOLYGONALFACE((1995,1993,2128));
#4113=IFCINDEXEDPOLYGONALFACE((2071,2129,2022));
#4114=IFCINDEXEDPOLYGONALFACE((2022,2130,2072));
#4115=IFCINDEXEDPOLYGONALFACE((2131,2023,2072));
#4116=IFCINDEXEDPOLYGONALFACE((2131,2100,2023));
#4117=IFCINDEXEDPOLYGONALFACE((2132,2075,2074));
#4118=IFCINDEXEDPOLYGONALFACE((2075,2132,2024));
#4119=IFCINDEXEDPOLYGONALFACE((2132,2133,2024));
#4120=IFCINDEXEDPOLYGONALFACE((2051,2024,2133));
#4121=IFCINDEXEDPOLYGONALFACE((2101,2134,2025));
#4122=IFCINDEXEDPOLYGONALFACE((2135,2052,2134));
#4123=IFCINDEXEDPOLYGONALFACE((2025,2134,2052));
#4124=IFCINDEXEDPOLYGONALFACE((2135,2136,2052));
#4125=IFCINDEXEDPOLYGONALFACE((2076,2052,2136));
#4126=IFCINDEXEDPOLYGONALFACE((2136,2027,2076));
#4127=IFCINDEXEDPOLYGONALFACE((2102,1997,2027));
#4128=IFCINDEXEDPOLYGONALFACE((2137,2053,2102));
#4129=IFCINDEXEDPOLYGONALFACE((2077,2053,2137));
#4130=IFCINDEXEDPOLYGONALFACE((2138,2104,2054));
#4131=IFCINDEXEDPOLYGONALFACE((2106,2001,2105));
#4132=IFCINDEXEDPOLYGONALFACE((2139,2029,2079));
#4133=IFCINDEXEDPOLYGONALFACE((2055,2029,2140));
#4134=IFCINDEXEDPOLYGONALFACE((2140,2141,2055));
#4135=IFCINDEXEDPOLYGONALFACE((2055,2141,2056));
#4136=IFCINDEXEDPOLYGONALFACE((2107,2056,2141));
#4137=IFCINDEXEDPOLYGONALFACE((2110,2058,2142));
#4138=IFCINDEXEDPOLYGONALFACE((2143,2080,2111));
#4139=IFCINDEXEDPOLYGONALFACE((2081,2080,2143));
#4140=IFCINDEXEDPOLYGONALFACE((2113,2144,2007));
#4141=IFCINDEXEDPOLYGONALFACE((2144,2008,2007));
#4142=IFCINDEXEDPOLYGONALFACE((2059,2008,2144));
#4143=IFCINDEXEDPOLYGONALFACE((2145,2009,2114));
#4144=IFCINDEXEDPOLYGONALFACE((2009,2145,2082));
#4145=IFCINDEXEDPOLYGONALFACE((2146,2082,2145));
#4146=IFCINDEXEDPOLYGONALFACE((2082,2146,2115));
#4147=IFCINDEXEDPOLYGONALFACE((2012,2010,2084));
#4148=IFCINDEXEDPOLYGONALFACE((2083,2084,2010));
#4149=IFCINDEXEDPOLYGONALFACE((2147,2117,2118));
#4150=IFCINDEXEDPOLYGONALFACE((2085,2117,2148));
#4151=IFCINDEXEDPOLYGONALFACE((2149,2085,2148));
#4152=IFCINDEXEDPOLYGONALFACE((2149,2150,2085));
#4153=IFCINDEXEDPOLYGONALFACE((2119,2085,2150));
#4154=IFCINDEXEDPOLYGONALFACE((2119,2151,2086));
#4155=IFCINDEXEDPOLYGONALFACE((2086,2151,2062));
#4156=IFCINDEXEDPOLYGONALFACE((2152,2062,2151));
#4157=IFCINDEXEDPOLYGONALFACE((2062,2152,2120));
#4158=IFCINDEXEDPOLYGONALFACE((2087,2120,2121));
#4159=IFCINDEXEDPOLYGONALFACE((2124,2153,2064));
#4160=IFCINDEXEDPOLYGONALFACE((2154,2090,2155));
#4161=IFCINDEXEDPOLYGONALFACE((2090,2064,2155));
#4162=IFCINDEXEDPOLYGONALFACE((2016,2090,2156));
#4163=IFCINDEXEDPOLYGONALFACE((2016,2065,2040));
#4164=IFCINDEXEDPOLYGONALFACE((2157,2092,2041));
#4165=IFCINDEXEDPOLYGONALFACE((2126,2125,2158));
#4166=IFCINDEXEDPOLYGONALFACE((2069,2126,2096));
#4167=IFCINDEXEDPOLYGONALFACE((2126,2159,2096));
#4168=IFCINDEXEDPOLYGONALFACE((2127,2096,2159));
#4169=IFCINDEXEDPOLYGONALFACE((2127,2050,2049));
#4170=IFCINDEXEDPOLYGONALFACE((2128,2160,1995));
#4171=IFCINDEXEDPOLYGONALFACE((2129,2071,2161));
#4172=IFCINDEXEDPOLYGONALFACE((2099,2161,2071));
#4173=IFCINDEXEDPOLYGONALFACE((2022,2129,2130));
#4174=IFCINDEXEDPOLYGONALFACE((1996,2162,2073));
#4175=IFCINDEXEDPOLYGONALFACE((2133,2163,2051));
#4176=IFCINDEXEDPOLYGONALFACE((2163,2101,2051));
#4177=IFCINDEXEDPOLYGONALFACE((2135,2164,2136));
#4178=IFCINDEXEDPOLYGONALFACE((2164,2165,2136));
#4179=IFCINDEXEDPOLYGONALFACE((2027,2136,2165));
#4180=IFCINDEXEDPOLYGONALFACE((2102,2027,2165));
#4181=IFCINDEXEDPOLYGONALFACE((2137,2102,2166));
#4182=IFCINDEXEDPOLYGONALFACE((2077,2167,2103));
#4183=IFCINDEXEDPOLYGONALFACE((2168,2054,2078));
#4184=IFCINDEXEDPOLYGONALFACE((2054,2168,2138));
#4185=IFCINDEXEDPOLYGONALFACE((2028,2104,2169));
#4186=IFCINDEXEDPOLYGONALFACE((2032,2109,2170));
#4187=IFCINDEXEDPOLYGONALFACE((2170,2003,2032));
#4188=IFCINDEXEDPOLYGONALFACE((2171,2110,2142));
#4189=IFCINDEXEDPOLYGONALFACE((2171,2111,2110));
#4190=IFCINDEXEDPOLYGONALFACE((2143,2111,2171));
#4191=IFCINDEXEDPOLYGONALFACE((2172,2113,2006));
#4192=IFCINDEXEDPOLYGONALFACE((2115,2173,2116));
#4193=IFCINDEXEDPOLYGONALFACE((2060,2084,2174));
#4194=IFCINDEXEDPOLYGONALFACE((2060,2174,2061));
#4195=IFCINDEXEDPOLYGONALFACE((2175,2118,2061));
#4196=IFCINDEXEDPOLYGONALFACE((2176,2148,2117));
#4197=IFCINDEXEDPOLYGONALFACE((2176,2149,2148));
#4198=IFCINDEXEDPOLYGONALFACE((2150,2177,2119));
#4199=IFCINDEXEDPOLYGONALFACE((2177,2178,2119));
#4200=IFCINDEXEDPOLYGONALFACE((2151,2119,2178));
#4201=IFCINDEXEDPOLYGONALFACE((2152,2179,2120));
#4202=IFCINDEXEDPOLYGONALFACE((2180,2124,2123));
#4203=IFCINDEXEDPOLYGONALFACE((2180,2153,2124));
#4204=IFCINDEXEDPOLYGONALFACE((2153,2181,2064));
#4205=IFCINDEXEDPOLYGONALFACE((2155,2064,2181));
#4206=IFCINDEXEDPOLYGONALFACE((2154,2155,2182));
#4207=IFCINDEXEDPOLYGONALFACE((2090,2154,2156));
#4208=IFCINDEXEDPOLYGONALFACE((2065,2016,2156));
#4209=IFCINDEXEDPOLYGONALFACE((2183,2041,2091));
#4210=IFCINDEXEDPOLYGONALFACE((2183,2157,2041));
#4211=IFCINDEXEDPOLYGONALFACE((2093,2092,2157));
#4212=IFCINDEXEDPOLYGONALFACE((2094,2093,2157));
#4213=IFCINDEXEDPOLYGONALFACE((2095,2094,2184));
#4214=IFCINDEXEDPOLYGONALFACE((2185,2125,2095));
#4215=IFCINDEXEDPOLYGONALFACE((2125,2185,2158));
#4216=IFCINDEXEDPOLYGONALFACE((2186,2126,2158));
#4217=IFCINDEXEDPOLYGONALFACE((2186,2159,2126));
#4218=IFCINDEXEDPOLYGONALFACE((2187,2127,2159));
#4219=IFCINDEXEDPOLYGONALFACE((2050,2127,2187));
#4220=IFCINDEXEDPOLYGONALFACE((2188,2070,2097));
#4221=IFCINDEXEDPOLYGONALFACE((2160,2099,1995));
#4222=IFCINDEXEDPOLYGONALFACE((2129,2189,2130));
#4223=IFCINDEXEDPOLYGONALFACE((2072,2190,2131));
#4224=IFCINDEXEDPOLYGONALFACE((2131,2191,2100));
#4225=IFCINDEXEDPOLYGONALFACE((2192,1996,2100));
#4226=IFCINDEXEDPOLYGONALFACE((2162,2193,2073));
#4227=IFCINDEXEDPOLYGONALFACE((2074,2073,2193));
#4228=IFCINDEXEDPOLYGONALFACE((2103,2167,2194));
#4229=IFCINDEXEDPOLYGONALFACE((2078,2103,2194));
#4230=IFCINDEXEDPOLYGONALFACE((2168,2078,2195));
#4231=IFCINDEXEDPOLYGONALFACE((2104,2138,2169));
#4232=IFCINDEXEDPOLYGONALFACE((2105,2028,2169));
#4233=IFCINDEXEDPOLYGONALFACE((2140,2029,2139));
#4234=IFCINDEXEDPOLYGONALFACE((2108,2107,2196));
#4235=IFCINDEXEDPOLYGONALFACE((2197,2196,2107));
#4236=IFCINDEXEDPOLYGONALFACE((2196,2170,2108));
#4237=IFCINDEXEDPOLYGONALFACE((2109,2108,2170));
#4238=IFCINDEXEDPOLYGONALFACE((2198,2171,2142));
#4239=IFCINDEXEDPOLYGONALFACE((2199,2112,2081));
#4240=IFCINDEXEDPOLYGONALFACE((2172,2006,2112));
#4241=IFCINDEXEDPOLYGONALFACE((2200,2059,2144));
#4242=IFCINDEXEDPOLYGONALFACE((2200,2114,2059));
#4243=IFCINDEXEDPOLYGONALFACE((2146,2145,2114));
#4244=IFCINDEXEDPOLYGONALFACE((2201,2115,2146));
#4245=IFCINDEXEDPOLYGONALFACE((2116,2202,2083));
#4246=IFCINDEXEDPOLYGONALFACE((2203,2174,2084));
#4247=IFCINDEXEDPOLYGONALFACE((2149,2176,2204));
#4248=IFCINDEXEDPOLYGONALFACE((2204,2150,2149));
#4249=IFCINDEXEDPOLYGONALFACE((2178,2205,2151));
#4250=IFCINDEXEDPOLYGONALFACE((2152,2151,2205));
#4251=IFCINDEXEDPOLYGONALFACE((2179,2152,2205));
#4252=IFCINDEXEDPOLYGONALFACE((2120,2179,2121));
#4253=IFCINDEXEDPOLYGONALFACE((2123,2206,2180));
#4254=IFCINDEXEDPOLYGONALFACE((2207,2155,2181));
#4255=IFCINDEXEDPOLYGONALFACE((2207,2208,2155));
#4256=IFCINDEXEDPOLYGONALFACE((2155,2208,2182));
#4257=IFCINDEXEDPOLYGONALFACE((2209,2156,2154));
#4258=IFCINDEXEDPOLYGONALFACE((2156,2183,2065));
#4259=IFCINDEXEDPOLYGONALFACE((2091,2065,2183));
#4260=IFCINDEXEDPOLYGONALFACE((2184,2094,2210));
#4261=IFCINDEXEDPOLYGONALFACE((2185,2095,2184));
#4262=IFCINDEXEDPOLYGONALFACE((2098,2070,2188));
#4263=IFCINDEXEDPOLYGONALFACE((2099,2160,2211));
#4264=IFCINDEXEDPOLYGONALFACE((2161,2099,2211));
#4265=IFCINDEXEDPOLYGONALFACE((2192,2212,1996));
#4266=IFCINDEXEDPOLYGONALFACE((2162,1996,2212));
#4267=IFCINDEXEDPOLYGONALFACE((2132,2213,2133));
#4268=IFCINDEXEDPOLYGONALFACE((2213,2163,2133));
#4269=IFCINDEXEDPOLYGONALFACE((2214,2164,2135));
#4270=IFCINDEXEDPOLYGONALFACE((2137,2166,2077));
#4271=IFCINDEXEDPOLYGONALFACE((2195,2078,2194));
#4272=IFCINDEXEDPOLYGONALFACE((2138,2168,2195));
#4273=IFCINDEXEDPOLYGONALFACE((2139,2079,2106));
#4274=IFCINDEXEDPOLYGONALFACE((2140,2215,2141));
#4275=IFCINDEXEDPOLYGONALFACE((2197,2141,2215));
#4276=IFCINDEXEDPOLYGONALFACE((2141,2197,2107));
#4277=IFCINDEXEDPOLYGONALFACE((2003,2170,2216));
#4278=IFCINDEXEDPOLYGONALFACE((2171,2198,2143));
#4279=IFCINDEXEDPOLYGONALFACE((2112,2199,2172));
#4280=IFCINDEXEDPOLYGONALFACE((2217,2146,2114));
#4281=IFCINDEXEDPOLYGONALFACE((2218,2115,2201));
#4282=IFCINDEXEDPOLYGONALFACE((2218,2173,2115));
#4283=IFCINDEXEDPOLYGONALFACE((2116,2173,2202));
#4284=IFCINDEXEDPOLYGONALFACE((2083,2219,2084));
#4285=IFCINDEXEDPOLYGONALFACE((2175,2061,2174));
#4286=IFCINDEXEDPOLYGONALFACE((2118,2175,2147));
#4287=IFCINDEXEDPOLYGONALFACE((2220,2221,2147));
#4288=IFCINDEXEDPOLYGONALFACE((2117,2147,2221));
#4289=IFCINDEXEDPOLYGONALFACE((2117,2221,2176));
#4290=IFCINDEXEDPOLYGONALFACE((2176,2221,2204));
#4291=IFCINDEXEDPOLYGONALFACE((2178,2177,2222));
#4292=IFCINDEXEDPOLYGONALFACE((2178,2222,2205));
#4293=IFCINDEXEDPOLYGONALFACE((2223,2179,2205));
#4294=IFCINDEXEDPOLYGONALFACE((2223,2088,2121));
#4295=IFCINDEXEDPOLYGONALFACE((2223,2122,2088));
#4296=IFCINDEXEDPOLYGONALFACE((2207,2181,2224));
#4297=IFCINDEXEDPOLYGONALFACE((2209,2154,2225));
#4298=IFCINDEXEDPOLYGONALFACE((2156,2209,2183));
#4299=IFCINDEXEDPOLYGONALFACE((2226,2158,2185));
#4300=IFCINDEXEDPOLYGONALFACE((2186,2158,2226));
#4301=IFCINDEXEDPOLYGONALFACE((2186,2227,2159));
#4302=IFCINDEXEDPOLYGONALFACE((2097,2050,2187));
#4303=IFCINDEXEDPOLYGONALFACE((2211,2228,2161));
#4304=IFCINDEXEDPOLYGONALFACE((2228,2229,2161));
#4305=IFCINDEXEDPOLYGONALFACE((2129,2161,2189));
#4306=IFCINDEXEDPOLYGONALFACE((2072,2130,2230));
#4307=IFCINDEXEDPOLYGONALFACE((2190,2072,2231));
#4308=IFCINDEXEDPOLYGONALFACE((2231,2191,2190));
#4309=IFCINDEXEDPOLYGONALFACE((2131,2190,2191));
#4310=IFCINDEXEDPOLYGONALFACE((2100,2191,2232));
#4311=IFCINDEXEDPOLYGONALFACE((2192,2100,2232));
#4312=IFCINDEXEDPOLYGONALFACE((2132,2074,2233));
#4313=IFCINDEXEDPOLYGONALFACE((2193,2233,2074));
#4314=IFCINDEXEDPOLYGONALFACE((2233,2213,2132));
#4315=IFCINDEXEDPOLYGONALFACE((2101,2163,2134));
#4316=IFCINDEXEDPOLYGONALFACE((2134,2214,2135));
#4317=IFCINDEXEDPOLYGONALFACE((2234,2165,2214));
#4318=IFCINDEXEDPOLYGONALFACE((2214,2165,2164));
#4319=IFCINDEXEDPOLYGONALFACE((2165,2234,2102));
#4320=IFCINDEXEDPOLYGONALFACE((2234,2235,2102));
#4321=IFCINDEXEDPOLYGONALFACE((2235,2166,2102));
#4322=IFCINDEXEDPOLYGONALFACE((2194,2236,2195));
#4323=IFCINDEXEDPOLYGONALFACE((2169,2138,2237));
#4324=IFCINDEXEDPOLYGONALFACE((2105,2238,2106));
#4325=IFCINDEXEDPOLYGONALFACE((2106,2239,2139));
#4326=IFCINDEXEDPOLYGONALFACE((2240,2139,2239));
#4327=IFCINDEXEDPOLYGONALFACE((2215,2140,2240));
#4328=IFCINDEXEDPOLYGONALFACE((2139,2240,2140));
#4329=IFCINDEXEDPOLYGONALFACE((2241,2003,2216));
#4330=IFCINDEXEDPOLYGONALFACE((2143,2198,2242));
#4331=IFCINDEXEDPOLYGONALFACE((2081,2143,2199));
#4332=IFCINDEXEDPOLYGONALFACE((2243,2144,2113));
#4333=IFCINDEXEDPOLYGONALFACE((2244,2114,2200));
#4334=IFCINDEXEDPOLYGONALFACE((2244,2217,2114));
#4335=IFCINDEXEDPOLYGONALFACE((2245,2146,2217));
#4336=IFCINDEXEDPOLYGONALFACE((2201,2146,2245));
#4337=IFCINDEXEDPOLYGONALFACE((2083,2202,2246));
#4338=IFCINDEXEDPOLYGONALFACE((2246,2219,2083));
#4339=IFCINDEXEDPOLYGONALFACE((2204,2221,2247));
#4340=IFCINDEXEDPOLYGONALFACE((2204,2247,2150));
#4341=IFCINDEXEDPOLYGONALFACE((2248,2177,2247));
#4342=IFCINDEXEDPOLYGONALFACE((2247,2177,2150));
#4343=IFCINDEXEDPOLYGONALFACE((2248,2249,2177));
#4344=IFCINDEXEDPOLYGONALFACE((2222,2177,2249));
#4345=IFCINDEXEDPOLYGONALFACE((2222,2250,2205));
#4346=IFCINDEXEDPOLYGONALFACE((2250,2223,2205));
#4347=IFCINDEXEDPOLYGONALFACE((2121,2179,2223));
#4348=IFCINDEXEDPOLYGONALFACE((2123,2122,2251));
#4349=IFCINDEXEDPOLYGONALFACE((2206,2123,2251));
#4350=IFCINDEXEDPOLYGONALFACE((2252,2153,2180));
#4351=IFCINDEXEDPOLYGONALFACE((2253,2154,2182));
#4352=IFCINDEXEDPOLYGONALFACE((2225,2154,2253));
#4353=IFCINDEXEDPOLYGONALFACE((2183,2209,2254));
#4354=IFCINDEXEDPOLYGONALFACE((2157,2183,2254));
#4355=IFCINDEXEDPOLYGONALFACE((2254,2210,2157));
#4356=IFCINDEXEDPOLYGONALFACE((2094,2157,2210));
#4357=IFCINDEXEDPOLYGONALFACE((2255,2184,2210));
#4358=IFCINDEXEDPOLYGONALFACE((2187,2159,2227));
#4359=IFCINDEXEDPOLYGONALFACE((2160,2128,2256));
#4360=IFCINDEXEDPOLYGONALFACE((2161,2257,2189));
#4361=IFCINDEXEDPOLYGONALFACE((2130,2189,2230));
#4362=IFCINDEXEDPOLYGONALFACE((2258,2232,2191));
#4363=IFCINDEXEDPOLYGONALFACE((2166,2235,2077));
#4364=IFCINDEXEDPOLYGONALFACE((2259,2077,2235));
#4365=IFCINDEXEDPOLYGONALFACE((2077,2259,2167));
#4366=IFCINDEXEDPOLYGONALFACE((2236,2194,2260));
#4367=IFCINDEXEDPOLYGONALFACE((2260,2194,2167));
#4368=IFCINDEXEDPOLYGONALFACE((2195,2236,2237));
#4369=IFCINDEXEDPOLYGONALFACE((2195,2237,2138));
#4370=IFCINDEXEDPOLYGONALFACE((2261,2105,2169));
#4371=IFCINDEXEDPOLYGONALFACE((2238,2105,2261));
#4372=IFCINDEXEDPOLYGONALFACE((2239,2106,2238));
#4373=IFCINDEXEDPOLYGONALFACE((2197,2262,2196));
#4374=IFCINDEXEDPOLYGONALFACE((2216,2196,2262));
#4375=IFCINDEXEDPOLYGONALFACE((2196,2216,2170));
#4376=IFCINDEXEDPOLYGONALFACE((2242,2198,2263));
#4377=IFCINDEXEDPOLYGONALFACE((2242,2264,2143));
#4378=IFCINDEXEDPOLYGONALFACE((2199,2143,2264));
#4379=IFCINDEXEDPOLYGONALFACE((2265,2172,2199));
#4380=IFCINDEXEDPOLYGONALFACE((2243,2200,2144));
#4381=IFCINDEXEDPOLYGONALFACE((2266,2173,2218));
#4382=IFCINDEXEDPOLYGONALFACE((2202,2173,2246));
#4383=IFCINDEXEDPOLYGONALFACE((2266,2246,2173));
#4384=IFCINDEXEDPOLYGONALFACE((2267,2175,2174));
#4385=IFCINDEXEDPOLYGONALFACE((2220,2147,2175));
#4386=IFCINDEXEDPOLYGONALFACE((2268,2247,2221));
#4387=IFCINDEXEDPOLYGONALFACE((2248,2247,2269));
#4388=IFCINDEXEDPOLYGONALFACE((2270,2222,2249));
#4389=IFCINDEXEDPOLYGONALFACE((2222,2270,2250));
#4390=IFCINDEXEDPOLYGONALFACE((2223,2250,2271));
#4391=IFCINDEXEDPOLYGONALFACE((2122,2223,2251));
#4392=IFCINDEXEDPOLYGONALFACE((2272,2180,2206));
#4393=IFCINDEXEDPOLYGONALFACE((2252,2180,2272));
#4394=IFCINDEXEDPOLYGONALFACE((2252,2181,2153));
#4395=IFCINDEXEDPOLYGONALFACE((2182,2273,2253));
#4396=IFCINDEXEDPOLYGONALFACE((2225,2274,2209));
#4397=IFCINDEXEDPOLYGONALFACE((2275,2254,2209));
#4398=IFCINDEXEDPOLYGONALFACE((2210,2254,2276));
#4399=IFCINDEXEDPOLYGONALFACE((2255,2185,2184));
#4400=IFCINDEXEDPOLYGONALFACE((2097,2277,2188));
#4401=IFCINDEXEDPOLYGONALFACE((2278,2188,2277));
#4402=IFCINDEXEDPOLYGONALFACE((2188,2278,2098));
#4403=IFCINDEXEDPOLYGONALFACE((2161,2229,2257));
#4404=IFCINDEXEDPOLYGONALFACE((2230,2279,2072));
#4405=IFCINDEXEDPOLYGONALFACE((2162,2280,2193));
#4406=IFCINDEXEDPOLYGONALFACE((2213,2233,2281));
#4407=IFCINDEXEDPOLYGONALFACE((2163,2213,2281));
#4408=IFCINDEXEDPOLYGONALFACE((2163,2281,2134));
#4409=IFCINDEXEDPOLYGONALFACE((2282,2214,2134));
#4410=IFCINDEXEDPOLYGONALFACE((2283,2259,2235));
#4411=IFCINDEXEDPOLYGONALFACE((2260,2167,2259));
#4412=IFCINDEXEDPOLYGONALFACE((2284,2236,2260));
#4413=IFCINDEXEDPOLYGONALFACE((2284,2237,2236));
#4414=IFCINDEXEDPOLYGONALFACE((2237,2285,2169));
#4415=IFCINDEXEDPOLYGONALFACE((2261,2169,2285));
#4416=IFCINDEXEDPOLYGONALFACE((2286,2215,2240));
#4417=IFCINDEXEDPOLYGONALFACE((2197,2215,2286));
#4418=IFCINDEXEDPOLYGONALFACE((2262,2197,2286));
#4419=IFCINDEXEDPOLYGONALFACE((2199,2287,2265));
#4420=IFCINDEXEDPOLYGONALFACE((2113,2172,2243));
#4421=IFCINDEXEDPOLYGONALFACE((2200,2243,2288));
#4422=IFCINDEXEDPOLYGONALFACE((2200,2288,2244));
#4423=IFCINDEXEDPOLYGONALFACE((2217,2244,2289));
#4424=IFCINDEXEDPOLYGONALFACE((2290,2217,2289));
#4425=IFCINDEXEDPOLYGONALFACE((2291,2245,2290));
#4426=IFCINDEXEDPOLYGONALFACE((2217,2290,2245));
#4427=IFCINDEXEDPOLYGONALFACE((2245,2291,2201));
#4428=IFCINDEXEDPOLYGONALFACE((2292,2203,2084));
#4429=IFCINDEXEDPOLYGONALFACE((2293,2174,2203));
#4430=IFCINDEXEDPOLYGONALFACE((2267,2174,2293));
#4431=IFCINDEXEDPOLYGONALFACE((2175,2294,2220));
#4432=IFCINDEXEDPOLYGONALFACE((2220,2295,2221));
#4433=IFCINDEXEDPOLYGONALFACE((2296,2221,2295));
#4434=IFCINDEXEDPOLYGONALFACE((2296,2268,2221));
#4435=IFCINDEXEDPOLYGONALFACE((2297,2249,2269));
#4436=IFCINDEXEDPOLYGONALFACE((2248,2269,2249));
#4437=IFCINDEXEDPOLYGONALFACE((2272,2206,2251));
#4438=IFCINDEXEDPOLYGONALFACE((2298,2207,2224));
#4439=IFCINDEXEDPOLYGONALFACE((2299,2208,2207));
#4440=IFCINDEXEDPOLYGONALFACE((2253,2274,2225));
#4441=IFCINDEXEDPOLYGONALFACE((2209,2274,2275));
#4442=IFCINDEXEDPOLYGONALFACE((2254,2275,2276));
#4443=IFCINDEXEDPOLYGONALFACE((2300,2186,2226));
#4444=IFCINDEXEDPOLYGONALFACE((2186,2300,2227));
#4445=IFCINDEXEDPOLYGONALFACE((2187,2301,2097));
#4446=IFCINDEXEDPOLYGONALFACE((2277,2097,2301));
#4447=IFCINDEXEDPOLYGONALFACE((2098,2278,2256));
#4448=IFCINDEXEDPOLYGONALFACE((2128,2098,2256));
#4449=IFCINDEXEDPOLYGONALFACE((2160,2302,2211));
#4450=IFCINDEXEDPOLYGONALFACE((2211,2303,2228));
#4451=IFCINDEXEDPOLYGONALFACE((2304,2229,2228));
#4452=IFCINDEXEDPOLYGONALFACE((2229,2305,2257));
#4453=IFCINDEXEDPOLYGONALFACE((2257,2230,2189));
#4454=IFCINDEXEDPOLYGONALFACE((2072,2279,2231));
#4455=IFCINDEXEDPOLYGONALFACE((2231,2306,2191));
#4456=IFCINDEXEDPOLYGONALFACE((2306,2258,2191));
#4457=IFCINDEXEDPOLYGONALFACE((2307,2192,2308));
#4458=IFCINDEXEDPOLYGONALFACE((2232,2308,2192));
#4459=IFCINDEXEDPOLYGONALFACE((2162,2212,2280));
#4460=IFCINDEXEDPOLYGONALFACE((2233,2193,2309));
#4461=IFCINDEXEDPOLYGONALFACE((2281,2233,2309));
#4462=IFCINDEXEDPOLYGONALFACE((2282,2134,2281));
#4463=IFCINDEXEDPOLYGONALFACE((2234,2214,2235));
#4464=IFCINDEXEDPOLYGONALFACE((2284,2310,2237));
#4465=IFCINDEXEDPOLYGONALFACE((2311,2237,2310));
#4466=IFCINDEXEDPOLYGONALFACE((2311,2312,2237));
#4467=IFCINDEXEDPOLYGONALFACE((2285,2237,2312));
#4468=IFCINDEXEDPOLYGONALFACE((2313,2239,2238));
#4469=IFCINDEXEDPOLYGONALFACE((2239,2314,2240));
#4470=IFCINDEXEDPOLYGONALFACE((2286,2240,2314));
#4471=IFCINDEXEDPOLYGONALFACE((2262,2286,2315));
#4472=IFCINDEXEDPOLYGONALFACE((2262,2315,2216));
#4473=IFCINDEXEDPOLYGONALFACE((2216,2316,2241));
#4474=IFCINDEXEDPOLYGONALFACE((2317,2241,2316));
#4475=IFCINDEXEDPOLYGONALFACE((2318,2241,2317));
#4476=IFCINDEXEDPOLYGONALFACE((2241,2318,2319));
#4477=IFCINDEXEDPOLYGONALFACE((2263,2320,2242));
#4478=IFCINDEXEDPOLYGONALFACE((2264,2242,2321));
#4479=IFCINDEXEDPOLYGONALFACE((2199,2264,2287));
#4480=IFCINDEXEDPOLYGONALFACE((2265,2322,2172));
#4481=IFCINDEXEDPOLYGONALFACE((2243,2172,2322));
#4482=IFCINDEXEDPOLYGONALFACE((2323,2201,2291));
#4483=IFCINDEXEDPOLYGONALFACE((2323,2324,2201));
#4484=IFCINDEXEDPOLYGONALFACE((2201,2324,2218));
#4485=IFCINDEXEDPOLYGONALFACE((2325,2246,2326));
#4486=IFCINDEXEDPOLYGONALFACE((2246,2266,2326));
#4487=IFCINDEXEDPOLYGONALFACE((2327,2246,2325));
#4488=IFCINDEXEDPOLYGONALFACE((2219,2292,2084));
#4489=IFCINDEXEDPOLYGONALFACE((2175,2267,2294));
#4490=IFCINDEXEDPOLYGONALFACE((2220,2294,2295));
#4491=IFCINDEXEDPOLYGONALFACE((2268,2328,2247));
#4492=IFCINDEXEDPOLYGONALFACE((2328,2269,2247));
#4493=IFCINDEXEDPOLYGONALFACE((2249,2297,2329));
#4494=IFCINDEXEDPOLYGONALFACE((2270,2249,2330));
#4495=IFCINDEXEDPOLYGONALFACE((2330,2249,2329));
#4496=IFCINDEXEDPOLYGONALFACE((2330,2250,2270));
#4497=IFCINDEXEDPOLYGONALFACE((2250,2330,2271));
#4498=IFCINDEXEDPOLYGONALFACE((2223,2271,2331));
#4499=IFCINDEXEDPOLYGONALFACE((2331,2332,2223));
#4500=IFCINDEXEDPOLYGONALFACE((2332,2251,2223));
#4501=IFCINDEXEDPOLYGONALFACE((2333,2181,2252));
#4502=IFCINDEXEDPOLYGONALFACE((2182,2208,2334));
#4503=IFCINDEXEDPOLYGONALFACE((2334,2208,2299));
#4504=IFCINDEXEDPOLYGONALFACE((2273,2182,2334));
#4505=IFCINDEXEDPOLYGONALFACE((2253,2335,2274));
#4506=IFCINDEXEDPOLYGONALFACE((2300,2185,2255));
#4507=IFCINDEXEDPOLYGONALFACE((2185,2300,2226));
#4508=IFCINDEXEDPOLYGONALFACE((2227,2301,2187));
#4509=IFCINDEXEDPOLYGONALFACE((2256,2302,2160));
#4510=IFCINDEXEDPOLYGONALFACE((2303,2304,2228));
#4511=IFCINDEXEDPOLYGONALFACE((2305,2229,2304));
#4512=IFCINDEXEDPOLYGONALFACE((2306,2231,2279));
#4513=IFCINDEXEDPOLYGONALFACE((2258,2336,2232));
#4514=IFCINDEXEDPOLYGONALFACE((2336,2308,2232));
#4515=IFCINDEXEDPOLYGONALFACE((2307,2337,2192));
#4516=IFCINDEXEDPOLYGONALFACE((2212,2192,2337));
#4517=IFCINDEXEDPOLYGONALFACE((2337,2338,2212));
#4518=IFCINDEXEDPOLYGONALFACE((2338,2280,2212));
#4519=IFCINDEXEDPOLYGONALFACE((2339,2214,2282));
#4520=IFCINDEXEDPOLYGONALFACE((2214,2339,2235));
#4521=IFCINDEXEDPOLYGONALFACE((2340,2259,2283));
#4522=IFCINDEXEDPOLYGONALFACE((2341,2259,2340));
#4523=IFCINDEXEDPOLYGONALFACE((2259,2341,2260));
#4524=IFCINDEXEDPOLYGONALFACE((2284,2260,2341));
#4525=IFCINDEXEDPOLYGONALFACE((2313,2238,2261));
#4526=IFCINDEXEDPOLYGONALFACE((2313,2342,2239));
#4527=IFCINDEXEDPOLYGONALFACE((2314,2239,2342));
#4528=IFCINDEXEDPOLYGONALFACE((2286,2343,2315));
#4529=IFCINDEXEDPOLYGONALFACE((2344,2242,2320));
#4530=IFCINDEXEDPOLYGONALFACE((2242,2344,2321));
#4531=IFCINDEXEDPOLYGONALFACE((2264,2321,2345));
#4532=IFCINDEXEDPOLYGONALFACE((2287,2346,2265));
#4533=IFCINDEXEDPOLYGONALFACE((2346,2322,2265));
#4534=IFCINDEXEDPOLYGONALFACE((2322,2288,2243));
#4535=IFCINDEXEDPOLYGONALFACE((2291,2290,2289));
#4536=IFCINDEXEDPOLYGONALFACE((2347,2218,2324));
#4537=IFCINDEXEDPOLYGONALFACE((2266,2218,2348));
#4538=IFCINDEXEDPOLYGONALFACE((2347,2348,2218));
#4539=IFCINDEXEDPOLYGONALFACE((2348,2326,2266));
#4540=IFCINDEXEDPOLYGONALFACE((2327,2219,2246));
#4541=IFCINDEXEDPOLYGONALFACE((2349,2267,2293));
#4542=IFCINDEXEDPOLYGONALFACE((2350,2294,2267));
#4543=IFCINDEXEDPOLYGONALFACE((2350,2295,2294));
#4544=IFCINDEXEDPOLYGONALFACE((2296,2351,2268));
#4545=IFCINDEXEDPOLYGONALFACE((2297,2269,2328));
#4546=IFCINDEXEDPOLYGONALFACE((2297,2328,2329));
#4547=IFCINDEXEDPOLYGONALFACE((2271,2330,2331));
#4548=IFCINDEXEDPOLYGONALFACE((2207,2298,2352));
#4549=IFCINDEXEDPOLYGONALFACE((2352,2299,2207));
#4550=IFCINDEXEDPOLYGONALFACE((2335,2353,2274));
#4551=IFCINDEXEDPOLYGONALFACE((2275,2274,2353));
#4552=IFCINDEXEDPOLYGONALFACE((2276,2275,2354));
#4553=IFCINDEXEDPOLYGONALFACE((2255,2210,2300));
#4554=IFCINDEXEDPOLYGONALFACE((2302,2355,2211));
#4555=IFCINDEXEDPOLYGONALFACE((2211,2355,2303));
#4556=IFCINDEXEDPOLYGONALFACE((2305,2304,2356));
#4557=IFCINDEXEDPOLYGONALFACE((2357,2257,2305));
#4558=IFCINDEXEDPOLYGONALFACE((2230,2257,2357));
#4559=IFCINDEXEDPOLYGONALFACE((2230,2357,2279));
#4560=IFCINDEXEDPOLYGONALFACE((2336,2258,2358));
#4561=IFCINDEXEDPOLYGONALFACE((2306,2358,2258));
#4562=IFCINDEXEDPOLYGONALFACE((2280,2309,2193));
#4563=IFCINDEXEDPOLYGONALFACE((2281,2359,2282));
#4564=IFCINDEXEDPOLYGONALFACE((2360,2235,2339));
#4565=IFCINDEXEDPOLYGONALFACE((2235,2360,2283));
#4566=IFCINDEXEDPOLYGONALFACE((2361,2310,2362));
#4567=IFCINDEXEDPOLYGONALFACE((2284,2362,2310));
#4568=IFCINDEXEDPOLYGONALFACE((2361,2363,2310));
#4569=IFCINDEXEDPOLYGONALFACE((2311,2310,2363));
#4570=IFCINDEXEDPOLYGONALFACE((2285,2312,2311));
#4571=IFCINDEXEDPOLYGONALFACE((2314,2364,2286));
#4572=IFCINDEXEDPOLYGONALFACE((2286,2364,2343));
#4573=IFCINDEXEDPOLYGONALFACE((2365,2315,2343));
#4574=IFCINDEXEDPOLYGONALFACE((2316,2315,2365));
#4575=IFCINDEXEDPOLYGONALFACE((2315,2316,2216));
#4576=IFCINDEXEDPOLYGONALFACE((2244,2288,2322));
#4577=IFCINDEXEDPOLYGONALFACE((2366,2291,2367));
#4578=IFCINDEXEDPOLYGONALFACE((2289,2367,2291));
#4579=IFCINDEXEDPOLYGONALFACE((2291,2366,2323));
#4580=IFCINDEXEDPOLYGONALFACE((2368,2347,2324));
#4581=IFCINDEXEDPOLYGONALFACE((2348,2369,2326));
#4582=IFCINDEXEDPOLYGONALFACE((2326,2369,2325));
#4583=IFCINDEXEDPOLYGONALFACE((2327,2325,2370));
#4584=IFCINDEXEDPOLYGONALFACE((2370,2325,2369));
#4585=IFCINDEXEDPOLYGONALFACE((2370,2219,2327));
#4586=IFCINDEXEDPOLYGONALFACE((2350,2267,2349));
#4587=IFCINDEXEDPOLYGONALFACE((2328,2268,2351));
#4588=IFCINDEXEDPOLYGONALFACE((2328,2371,2329));
#4589=IFCINDEXEDPOLYGONALFACE((2330,2329,2371));
#4590=IFCINDEXEDPOLYGONALFACE((2372,2332,2331));
#4591=IFCINDEXEDPOLYGONALFACE((2251,2332,2272));
#4592=IFCINDEXEDPOLYGONALFACE((2252,2272,2373));
#4593=IFCINDEXEDPOLYGONALFACE((2181,2333,2224));
#4594=IFCINDEXEDPOLYGONALFACE((2374,2273,2334));
#4595=IFCINDEXEDPOLYGONALFACE((2273,2374,2253));
#4596=IFCINDEXEDPOLYGONALFACE((2375,2253,2374));
#4597=IFCINDEXEDPOLYGONALFACE((2253,2375,2335));
#4598=IFCINDEXEDPOLYGONALFACE((2354,2275,2376));
#4599=IFCINDEXEDPOLYGONALFACE((2210,2276,2377));
#4600=IFCINDEXEDPOLYGONALFACE((2300,2210,2377));
#4601=IFCINDEXEDPOLYGONALFACE((2256,2278,2277));
#4602=IFCINDEXEDPOLYGONALFACE((2303,2378,2304));
#4603=IFCINDEXEDPOLYGONALFACE((2357,2379,2279));
#4604=IFCINDEXEDPOLYGONALFACE((2380,2279,2379));
#4605=IFCINDEXEDPOLYGONALFACE((2306,2279,2358));
#4606=IFCINDEXEDPOLYGONALFACE((2380,2358,2279));
#4607=IFCINDEXEDPOLYGONALFACE((2381,2382,2338));
#4608=IFCINDEXEDPOLYGONALFACE((2382,2280,2338));
#4609=IFCINDEXEDPOLYGONALFACE((2309,2359,2281));
#4610=IFCINDEXEDPOLYGONALFACE((2383,2283,2360));
#4611=IFCINDEXEDPOLYGONALFACE((2384,2340,2383));
#4612=IFCINDEXEDPOLYGONALFACE((2283,2383,2340));
#4613=IFCINDEXEDPOLYGONALFACE((2340,2384,2341));
#4614=IFCINDEXEDPOLYGONALFACE((2341,2384,2284));
#4615=IFCINDEXEDPOLYGONALFACE((2384,2362,2284));
#4616=IFCINDEXEDPOLYGONALFACE((2363,2361,2385));
#4617=IFCINDEXEDPOLYGONALFACE((2386,2285,2311));
#4618=IFCINDEXEDPOLYGONALFACE((2285,2386,2261));
#4619=IFCINDEXEDPOLYGONALFACE((2342,2313,2387));
#4620=IFCINDEXEDPOLYGONALFACE((2388,2387,2313));
#4621=IFCINDEXEDPOLYGONALFACE((2364,2314,2342));
#4622=IFCINDEXEDPOLYGONALFACE((2389,2319,2318));
#4623=IFCINDEXEDPOLYGONALFACE((2322,2390,2244));
#4624=IFCINDEXEDPOLYGONALFACE((2391,2289,2244));
#4625=IFCINDEXEDPOLYGONALFACE((2367,2289,2391));
#4626=IFCINDEXEDPOLYGONALFACE((2392,2323,2366));
#4627=IFCINDEXEDPOLYGONALFACE((2368,2324,2392));
#4628=IFCINDEXEDPOLYGONALFACE((2392,2324,2323));
#4629=IFCINDEXEDPOLYGONALFACE((2347,2393,2348));
#4630=IFCINDEXEDPOLYGONALFACE((2348,2393,2369));
#4631=IFCINDEXEDPOLYGONALFACE((2394,2219,2370));
#4632=IFCINDEXEDPOLYGONALFACE((2349,2395,2350));
#4633=IFCINDEXEDPOLYGONALFACE((2396,2350,2395));
#4634=IFCINDEXEDPOLYGONALFACE((2350,2396,2295));
#4635=IFCINDEXEDPOLYGONALFACE((2296,2295,2396));
#4636=IFCINDEXEDPOLYGONALFACE((2331,2330,2371));
#4637=IFCINDEXEDPOLYGONALFACE((2372,2331,2371));
#4638=IFCINDEXEDPOLYGONALFACE((2272,2332,2373));
#4639=IFCINDEXEDPOLYGONALFACE((2397,2252,2373));
#4640=IFCINDEXEDPOLYGONALFACE((2252,2397,2333));
#4641=IFCINDEXEDPOLYGONALFACE((2224,2333,2398));
#4642=IFCINDEXEDPOLYGONALFACE((2398,2298,2224));
#4643=IFCINDEXEDPOLYGONALFACE((2399,2334,2299));
#4644=IFCINDEXEDPOLYGONALFACE((2400,2335,2375));
#4645=IFCINDEXEDPOLYGONALFACE((2353,2335,2400));
#4646=IFCINDEXEDPOLYGONALFACE((2376,2275,2353));
#4647=IFCINDEXEDPOLYGONALFACE((2353,2401,2376));
#4648=IFCINDEXEDPOLYGONALFACE((2354,2376,2402));
#4649=IFCINDEXEDPOLYGONALFACE((2403,2276,2354));
#4650=IFCINDEXEDPOLYGONALFACE((2276,2403,2377));
#4651=IFCINDEXEDPOLYGONALFACE((2404,2227,2300));
#4652=IFCINDEXEDPOLYGONALFACE((2405,2304,2378));
#4653=IFCINDEXEDPOLYGONALFACE((2356,2304,2405));
#4654=IFCINDEXEDPOLYGONALFACE((2305,2356,2406));
#4655=IFCINDEXEDPOLYGONALFACE((2406,2357,2305));
#4656=IFCINDEXEDPOLYGONALFACE((2336,2407,2308));
#4657=IFCINDEXEDPOLYGONALFACE((2337,2307,2308));
#4658=IFCINDEXEDPOLYGONALFACE((2408,2338,2409));
#4659=IFCINDEXEDPOLYGONALFACE((2337,2409,2338));
#4660=IFCINDEXEDPOLYGONALFACE((2338,2408,2381));
#4661=IFCINDEXEDPOLYGONALFACE((2382,2410,2280));
#4662=IFCINDEXEDPOLYGONALFACE((2282,2359,2339));
#4663=IFCINDEXEDPOLYGONALFACE((2383,2411,2384));
#4664=IFCINDEXEDPOLYGONALFACE((2362,2412,2361));
#4665=IFCINDEXEDPOLYGONALFACE((2311,2363,2386));
#4666=IFCINDEXEDPOLYGONALFACE((2388,2261,2386));
#4667=IFCINDEXEDPOLYGONALFACE((2261,2388,2313));
#4668=IFCINDEXEDPOLYGONALFACE((2413,2342,2387));
#4669=IFCINDEXEDPOLYGONALFACE((2342,2413,2364));
#4670=IFCINDEXEDPOLYGONALFACE((2414,2364,2413));
#4671=IFCINDEXEDPOLYGONALFACE((2364,2414,2343));
#4672=IFCINDEXEDPOLYGONALFACE((2415,2316,2365));
#4673=IFCINDEXEDPOLYGONALFACE((2416,2318,2317));
#4674=IFCINDEXEDPOLYGONALFACE((2389,2318,2416));
#4675=IFCINDEXEDPOLYGONALFACE((2321,2417,2345));
#4676=IFCINDEXEDPOLYGONALFACE((2264,2345,2418));
#4677=IFCINDEXEDPOLYGONALFACE((2346,2287,2419));
#4678=IFCINDEXEDPOLYGONALFACE((2419,2420,2346));
#4679=IFCINDEXEDPOLYGONALFACE((2420,2421,2346));
#4680=IFCINDEXEDPOLYGONALFACE((2346,2421,2322));
#4681=IFCINDEXEDPOLYGONALFACE((2390,2422,2244));
#4682=IFCINDEXEDPOLYGONALFACE((2367,2423,2366));
#4683=IFCINDEXEDPOLYGONALFACE((2392,2366,2423));
#4684=IFCINDEXEDPOLYGONALFACE((2368,2392,2424));
#4685=IFCINDEXEDPOLYGONALFACE((2368,2393,2347));
#4686=IFCINDEXEDPOLYGONALFACE((2219,2394,2425));
#4687=IFCINDEXEDPOLYGONALFACE((2203,2292,2293));
#4688=IFCINDEXEDPOLYGONALFACE((2426,2296,2396));
#4689=IFCINDEXEDPOLYGONALFACE((2427,2371,2328));
#4690=IFCINDEXEDPOLYGONALFACE((2352,2298,2398));
#4691=IFCINDEXEDPOLYGONALFACE((2401,2402,2376));
#4692=IFCINDEXEDPOLYGONALFACE((2403,2354,2402));
#4693=IFCINDEXEDPOLYGONALFACE((2300,2377,2404));
#4694=IFCINDEXEDPOLYGONALFACE((2403,2404,2377));
#4695=IFCINDEXEDPOLYGONALFACE((2428,2301,2404));
#4696=IFCINDEXEDPOLYGONALFACE((2301,2227,2404));
#4697=IFCINDEXEDPOLYGONALFACE((2429,2301,2428));
#4698=IFCINDEXEDPOLYGONALFACE((2429,2277,2301));
#4699=IFCINDEXEDPOLYGONALFACE((2430,2256,2429));
#4700=IFCINDEXEDPOLYGONALFACE((2277,2429,2256));
#4701=IFCINDEXEDPOLYGONALFACE((2302,2256,2430));
#4702=IFCINDEXEDPOLYGONALFACE((2302,2431,2355));
#4703=IFCINDEXEDPOLYGONALFACE((2355,2432,2303));
#4704=IFCINDEXEDPOLYGONALFACE((2405,2406,2356));
#4705=IFCINDEXEDPOLYGONALFACE((2358,2380,2433));
#4706=IFCINDEXEDPOLYGONALFACE((2407,2358,2433));
#4707=IFCINDEXEDPOLYGONALFACE((2358,2407,2336));
#4708=IFCINDEXEDPOLYGONALFACE((2308,2409,2337));
#4709=IFCINDEXEDPOLYGONALFACE((2280,2410,2309));
#4710=IFCINDEXEDPOLYGONALFACE((2359,2434,2339));
#4711=IFCINDEXEDPOLYGONALFACE((2339,2434,2360));
#4712=IFCINDEXEDPOLYGONALFACE((2411,2360,2434));
#4713=IFCINDEXEDPOLYGONALFACE((2360,2411,2383));
#4714=IFCINDEXEDPOLYGONALFACE((2411,2435,2384));
#4715=IFCINDEXEDPOLYGONALFACE((2436,2384,2435));
#4716=IFCINDEXEDPOLYGONALFACE((2412,2362,2436));
#4717=IFCINDEXEDPOLYGONALFACE((2384,2436,2362));
#4718=IFCINDEXEDPOLYGONALFACE((2412,2437,2361));
#4719=IFCINDEXEDPOLYGONALFACE((2385,2361,2437));
#4720=IFCINDEXEDPOLYGONALFACE((2437,2438,2385));
#4721=IFCINDEXEDPOLYGONALFACE((2385,2438,2363));
#4722=IFCINDEXEDPOLYGONALFACE((2439,2363,2438));
#4723=IFCINDEXEDPOLYGONALFACE((2363,2439,2386));
#4724=IFCINDEXEDPOLYGONALFACE((2439,2440,2386));
#4725=IFCINDEXEDPOLYGONALFACE((2440,2388,2386));
#4726=IFCINDEXEDPOLYGONALFACE((2388,2441,2387));
#4727=IFCINDEXEDPOLYGONALFACE((2413,2442,2414));
#4728=IFCINDEXEDPOLYGONALFACE((2443,2343,2414));
#4729=IFCINDEXEDPOLYGONALFACE((2415,2365,2443));
#4730=IFCINDEXEDPOLYGONALFACE((2343,2443,2365));
#4731=IFCINDEXEDPOLYGONALFACE((2389,2444,2319));
#4732=IFCINDEXEDPOLYGONALFACE((2263,2445,2320));
#4733=IFCINDEXEDPOLYGONALFACE((2264,2418,2446));
#4734=IFCINDEXEDPOLYGONALFACE((2287,2264,2446));
#4735=IFCINDEXEDPOLYGONALFACE((2446,2419,2287));
#4736=IFCINDEXEDPOLYGONALFACE((2390,2322,2421));
#4737=IFCINDEXEDPOLYGONALFACE((2391,2244,2422));
#4738=IFCINDEXEDPOLYGONALFACE((2447,2367,2391));
#4739=IFCINDEXEDPOLYGONALFACE((2367,2447,2423));
#4740=IFCINDEXEDPOLYGONALFACE((2424,2392,2448));
#4741=IFCINDEXEDPOLYGONALFACE((2369,2393,2449));
#4742=IFCINDEXEDPOLYGONALFACE((2449,2370,2369));
#4743=IFCINDEXEDPOLYGONALFACE((2450,2349,2293));
#4744=IFCINDEXEDPOLYGONALFACE((2349,2450,2395));
#4745=IFCINDEXEDPOLYGONALFACE((2351,2451,2328));
#4746=IFCINDEXEDPOLYGONALFACE((2452,2427,2328));
#4747=IFCINDEXEDPOLYGONALFACE((2372,2371,2453));
#4748=IFCINDEXEDPOLYGONALFACE((2372,2453,2454));
#4749=IFCINDEXEDPOLYGONALFACE((2332,2372,2454));
#4750=IFCINDEXEDPOLYGONALFACE((2454,2373,2332));
#4751=IFCINDEXEDPOLYGONALFACE((2455,2333,2397));
#4752=IFCINDEXEDPOLYGONALFACE((2456,2352,2398));
#4753=IFCINDEXEDPOLYGONALFACE((2299,2352,2399));
#4754=IFCINDEXEDPOLYGONALFACE((2400,2457,2353));
#4755=IFCINDEXEDPOLYGONALFACE((2402,2401,2458));
#4756=IFCINDEXEDPOLYGONALFACE((2403,2402,2459));
#4757=IFCINDEXEDPOLYGONALFACE((2460,2404,2403));
#4758=IFCINDEXEDPOLYGONALFACE((2431,2302,2430));
#4759=IFCINDEXEDPOLYGONALFACE((2432,2355,2431));
#4760=IFCINDEXEDPOLYGONALFACE((2357,2406,2379));
#4761=IFCINDEXEDPOLYGONALFACE((2409,2308,2461));
#4762=IFCINDEXEDPOLYGONALFACE((2381,2462,2382));
#4763=IFCINDEXEDPOLYGONALFACE((2462,2463,2382));
#4764=IFCINDEXEDPOLYGONALFACE((2410,2382,2463));
#4765=IFCINDEXEDPOLYGONALFACE((2410,2463,2309));
#4766=IFCINDEXEDPOLYGONALFACE((2309,2463,2464));
#4767=IFCINDEXEDPOLYGONALFACE((2465,2309,2464));
#4768=IFCINDEXEDPOLYGONALFACE((2465,2359,2309));
#4769=IFCINDEXEDPOLYGONALFACE((2359,2465,2434));
#4770=IFCINDEXEDPOLYGONALFACE((2465,2466,2434));
#4771=IFCINDEXEDPOLYGONALFACE((2466,2467,2434));
#4772=IFCINDEXEDPOLYGONALFACE((2467,2468,2434));
#4773=IFCINDEXEDPOLYGONALFACE((2411,2434,2468));
#4774=IFCINDEXEDPOLYGONALFACE((2435,2411,2468));
#4775=IFCINDEXEDPOLYGONALFACE((2469,2437,2412));
#4776=IFCINDEXEDPOLYGONALFACE((2470,2439,2438));
#4777=IFCINDEXEDPOLYGONALFACE((2388,2440,2441));
#4778=IFCINDEXEDPOLYGONALFACE((2441,2413,2387));
#4779=IFCINDEXEDPOLYGONALFACE((2317,2316,2415));
#4780=IFCINDEXEDPOLYGONALFACE((2320,2445,2344));
#4781=IFCINDEXEDPOLYGONALFACE((2417,2321,2344));
#4782=IFCINDEXEDPOLYGONALFACE((2417,2471,2345));
#4783=IFCINDEXEDPOLYGONALFACE((2472,2420,2419));
#4784=IFCINDEXEDPOLYGONALFACE((2423,2447,2448));
#4785=IFCINDEXEDPOLYGONALFACE((2423,2448,2392));
#4786=IFCINDEXEDPOLYGONALFACE((2424,2393,2368));
#4787=IFCINDEXEDPOLYGONALFACE((2394,2370,2449));
#4788=IFCINDEXEDPOLYGONALFACE((2473,2293,2292));
#4789=IFCINDEXEDPOLYGONALFACE((2293,2473,2450));
#4790=IFCINDEXEDPOLYGONALFACE((2395,2450,2396));
#4791=IFCINDEXEDPOLYGONALFACE((2426,2396,2450));
#4792=IFCINDEXEDPOLYGONALFACE((2296,2426,2351));
#4793=IFCINDEXEDPOLYGONALFACE((2371,2427,2474));
#4794=IFCINDEXEDPOLYGONALFACE((2454,2475,2373));
#4795=IFCINDEXEDPOLYGONALFACE((2398,2333,2476));
#4796=IFCINDEXEDPOLYGONALFACE((2477,2374,2334));
#4797=IFCINDEXEDPOLYGONALFACE((2375,2374,2477));
#4798=IFCINDEXEDPOLYGONALFACE((2457,2400,2375));
#4799=IFCINDEXEDPOLYGONALFACE((2478,2353,2457));
#4800=IFCINDEXEDPOLYGONALFACE((2353,2478,2401));
#4801=IFCINDEXEDPOLYGONALFACE((2458,2401,2479));
#4802=IFCINDEXEDPOLYGONALFACE((2459,2460,2403));
#4803=IFCINDEXEDPOLYGONALFACE((2460,2428,2404));
#4804=IFCINDEXEDPOLYGONALFACE((2480,2429,2428));
#4805=IFCINDEXEDPOLYGONALFACE((2432,2481,2303));
#4806=IFCINDEXEDPOLYGONALFACE((2378,2303,2481));
#4807=IFCINDEXEDPOLYGONALFACE((2405,2378,2406));
#4808=IFCINDEXEDPOLYGONALFACE((2406,2482,2379));
#4809=IFCINDEXEDPOLYGONALFACE((2483,2379,2482));
#4810=IFCINDEXEDPOLYGONALFACE((2379,2483,2380));
#4811=IFCINDEXEDPOLYGONALFACE((2484,2407,2433));
#4812=IFCINDEXEDPOLYGONALFACE((2308,2407,2461));
#4813=IFCINDEXEDPOLYGONALFACE((2485,2381,2408));
#4814=IFCINDEXEDPOLYGONALFACE((2463,2462,2486));
#4815=IFCINDEXEDPOLYGONALFACE((2486,2464,2463));
#4816=IFCINDEXEDPOLYGONALFACE((2435,2487,2436));
#4817=IFCINDEXEDPOLYGONALFACE((2436,2487,2412));
#4818=IFCINDEXEDPOLYGONALFACE((2487,2469,2412));
#4819=IFCINDEXEDPOLYGONALFACE((2437,2469,2488));
#4820=IFCINDEXEDPOLYGONALFACE((2470,2437,2488));
#4821=IFCINDEXEDPOLYGONALFACE((2438,2437,2470));
#4822=IFCINDEXEDPOLYGONALFACE((2439,2470,2489));
#4823=IFCINDEXEDPOLYGONALFACE((2440,2439,2489));
#4824=IFCINDEXEDPOLYGONALFACE((2413,2441,2490));
#4825=IFCINDEXEDPOLYGONALFACE((2442,2413,2491));
#4826=IFCINDEXEDPOLYGONALFACE((2416,2317,2415));
#4827=IFCINDEXEDPOLYGONALFACE((2416,2492,2389));
#4828=IFCINDEXEDPOLYGONALFACE((2493,2444,2389));
#4829=IFCINDEXEDPOLYGONALFACE((2494,2417,2344));
#4830=IFCINDEXEDPOLYGONALFACE((2418,2345,2471));
#4831=IFCINDEXEDPOLYGONALFACE((2446,2472,2419));
#4832=IFCINDEXEDPOLYGONALFACE((2495,2390,2421));
#4833=IFCINDEXEDPOLYGONALFACE((2422,2496,2391));
#4834=IFCINDEXEDPOLYGONALFACE((2447,2497,2448));
#4835=IFCINDEXEDPOLYGONALFACE((2448,2498,2424));
#4836=IFCINDEXEDPOLYGONALFACE((2393,2424,2499));
#4837=IFCINDEXEDPOLYGONALFACE((2393,2499,2449));
#4838=IFCINDEXEDPOLYGONALFACE((2292,2219,2425));
#4839=IFCINDEXEDPOLYGONALFACE((2500,2450,2473));
#4840=IFCINDEXEDPOLYGONALFACE((2426,2501,2351));
#4841=IFCINDEXEDPOLYGONALFACE((2453,2502,2454));
#4842=IFCINDEXEDPOLYGONALFACE((2454,2502,2475));
#4843=IFCINDEXEDPOLYGONALFACE((2373,2475,2397));
#4844=IFCINDEXEDPOLYGONALFACE((2333,2455,2476));
#4845=IFCINDEXEDPOLYGONALFACE((2479,2401,2478));
#4846=IFCINDEXEDPOLYGONALFACE((2480,2428,2460));
#4847=IFCINDEXEDPOLYGONALFACE((2431,2430,2429));
#4848=IFCINDEXEDPOLYGONALFACE((2503,2432,2431));
#4849=IFCINDEXEDPOLYGONALFACE((2504,2481,2432));
#4850=IFCINDEXEDPOLYGONALFACE((2378,2481,2504));
#4851=IFCINDEXEDPOLYGONALFACE((2378,2504,2406));
#4852=IFCINDEXEDPOLYGONALFACE((2483,2482,2406));
#4853=IFCINDEXEDPOLYGONALFACE((2433,2380,2484));
#4854=IFCINDEXEDPOLYGONALFACE((2409,2461,2505));
#4855=IFCINDEXEDPOLYGONALFACE((2409,2506,2408));
#4856=IFCINDEXEDPOLYGONALFACE((2507,2462,2485));
#4857=IFCINDEXEDPOLYGONALFACE((2381,2485,2462));
#4858=IFCINDEXEDPOLYGONALFACE((2507,2508,2462));
#4859=IFCINDEXEDPOLYGONALFACE((2486,2462,2508));
#4860=IFCINDEXEDPOLYGONALFACE((2509,2486,2508));
#4861=IFCINDEXEDPOLYGONALFACE((2464,2486,2510));
#4862=IFCINDEXEDPOLYGONALFACE((2510,2511,2464));
#4863=IFCINDEXEDPOLYGONALFACE((2465,2464,2511));
#4864=IFCINDEXEDPOLYGONALFACE((2512,2467,2466));
#4865=IFCINDEXEDPOLYGONALFACE((2513,2468,2512));
#4866=IFCINDEXEDPOLYGONALFACE((2467,2512,2468));
#4867=IFCINDEXEDPOLYGONALFACE((2468,2513,2435));
#4868=IFCINDEXEDPOLYGONALFACE((2435,2513,2514));
#4869=IFCINDEXEDPOLYGONALFACE((2435,2514,2487));
#4870=IFCINDEXEDPOLYGONALFACE((2514,2515,2487));
#4871=IFCINDEXEDPOLYGONALFACE((2469,2487,2516));
#4872=IFCINDEXEDPOLYGONALFACE((2488,2469,2516));
#4873=IFCINDEXEDPOLYGONALFACE((2517,2488,2516));
#4874=IFCINDEXEDPOLYGONALFACE((2488,2517,2470));
#4875=IFCINDEXEDPOLYGONALFACE((2517,2518,2470));
#4876=IFCINDEXEDPOLYGONALFACE((2489,2470,2518));
#4877=IFCINDEXEDPOLYGONALFACE((2489,2490,2440));
#4878=IFCINDEXEDPOLYGONALFACE((2441,2440,2490));
#4879=IFCINDEXEDPOLYGONALFACE((2413,2490,2491));
#4880=IFCINDEXEDPOLYGONALFACE((2442,2519,2414));
#4881=IFCINDEXEDPOLYGONALFACE((2520,2443,2521));
#4882=IFCINDEXEDPOLYGONALFACE((2414,2521,2443));
#4883=IFCINDEXEDPOLYGONALFACE((2443,2520,2415));
#4884=IFCINDEXEDPOLYGONALFACE((2522,2415,2520));
#4885=IFCINDEXEDPOLYGONALFACE((2416,2415,2522));
#4886=IFCINDEXEDPOLYGONALFACE((2417,2494,2471));
#4887=IFCINDEXEDPOLYGONALFACE((2472,2446,2420));
#4888=IFCINDEXEDPOLYGONALFACE((2523,2421,2420));
#4889=IFCINDEXEDPOLYGONALFACE((2421,2523,2495));
#4890=IFCINDEXEDPOLYGONALFACE((2524,2391,2496));
#4891=IFCINDEXEDPOLYGONALFACE((2391,2524,2447));
#4892=IFCINDEXEDPOLYGONALFACE((2447,2524,2497));
#4893=IFCINDEXEDPOLYGONALFACE((2498,2448,2525));
#4894=IFCINDEXEDPOLYGONALFACE((2526,2525,2448));
#4895=IFCINDEXEDPOLYGONALFACE((2449,2499,2527));
#4896=IFCINDEXEDPOLYGONALFACE((2528,2394,2449));
#4897=IFCINDEXEDPOLYGONALFACE((2528,2425,2394));
#4898=IFCINDEXEDPOLYGONALFACE((2529,2450,2500));
#4899=IFCINDEXEDPOLYGONALFACE((2450,2529,2426));
#4900=IFCINDEXEDPOLYGONALFACE((2529,2501,2426));
#4901=IFCINDEXEDPOLYGONALFACE((2371,2474,2530));
#4902=IFCINDEXEDPOLYGONALFACE((2371,2530,2453));
#4903=IFCINDEXEDPOLYGONALFACE((2475,2531,2397));
#4904=IFCINDEXEDPOLYGONALFACE((2352,2456,2532));
#4905=IFCINDEXEDPOLYGONALFACE((2532,2399,2352));
#4906=IFCINDEXEDPOLYGONALFACE((2334,2399,2533));
#4907=IFCINDEXEDPOLYGONALFACE((2534,2375,2477));
#4908=IFCINDEXEDPOLYGONALFACE((2375,2534,2457));
#4909=IFCINDEXEDPOLYGONALFACE((2458,2479,2535));
#4910=IFCINDEXEDPOLYGONALFACE((2402,2458,2536));
#4911=IFCINDEXEDPOLYGONALFACE((2459,2402,2536));
#4912=IFCINDEXEDPOLYGONALFACE((2459,2537,2460));
#4913=IFCINDEXEDPOLYGONALFACE((2480,2538,2429));
#4914=IFCINDEXEDPOLYGONALFACE((2431,2429,2503));
#4915=IFCINDEXEDPOLYGONALFACE((2432,2503,2504));
#4916=IFCINDEXEDPOLYGONALFACE((2483,2406,2504));
#4917=IFCINDEXEDPOLYGONALFACE((2380,2483,2484));
#4918=IFCINDEXEDPOLYGONALFACE((2539,2407,2484));
#4919=IFCINDEXEDPOLYGONALFACE((2407,2539,2461));
#4920=IFCINDEXEDPOLYGONALFACE((2461,2540,2505));
#4921=IFCINDEXEDPOLYGONALFACE((2541,2408,2506));
#4922=IFCINDEXEDPOLYGONALFACE((2408,2541,2485));
#4923=IFCINDEXEDPOLYGONALFACE((2507,2485,2542));
#4924=IFCINDEXEDPOLYGONALFACE((2543,2507,2542));
#4925=IFCINDEXEDPOLYGONALFACE((2507,2543,2508));
#4926=IFCINDEXEDPOLYGONALFACE((2509,2508,2543));
#4927=IFCINDEXEDPOLYGONALFACE((2544,2486,2509));
#4928=IFCINDEXEDPOLYGONALFACE((2511,2545,2465));
#4929=IFCINDEXEDPOLYGONALFACE((2465,2545,2466));
#4930=IFCINDEXEDPOLYGONALFACE((2466,2545,2512));
#4931=IFCINDEXEDPOLYGONALFACE((2512,2514,2513));
#4932=IFCINDEXEDPOLYGONALFACE((2516,2487,2546));
#4933=IFCINDEXEDPOLYGONALFACE((2489,2547,2490));
#4934=IFCINDEXEDPOLYGONALFACE((2519,2521,2414));
#4935=IFCINDEXEDPOLYGONALFACE((2492,2493,2389));
#4936=IFCINDEXEDPOLYGONALFACE((2548,2444,2493));
#4937=IFCINDEXEDPOLYGONALFACE((2549,2444,2548));
#4938=IFCINDEXEDPOLYGONALFACE((2550,2418,2471));
#4939=IFCINDEXEDPOLYGONALFACE((2446,2418,2551));
#4940=IFCINDEXEDPOLYGONALFACE((2420,2446,2552));
#4941=IFCINDEXEDPOLYGONALFACE((2552,2553,2420));
#4942=IFCINDEXEDPOLYGONALFACE((2554,2523,2553));
#4943=IFCINDEXEDPOLYGONALFACE((2420,2553,2523));
#4944=IFCINDEXEDPOLYGONALFACE((2554,2555,2523));
#4945=IFCINDEXEDPOLYGONALFACE((2495,2523,2555));
#4946=IFCINDEXEDPOLYGONALFACE((2495,2555,2390));
#4947=IFCINDEXEDPOLYGONALFACE((2556,2390,2555));
#4948=IFCINDEXEDPOLYGONALFACE((2390,2556,2422));
#4949=IFCINDEXEDPOLYGONALFACE((2557,2524,2496));
#4950=IFCINDEXEDPOLYGONALFACE((2524,2557,2497));
#4951=IFCINDEXEDPOLYGONALFACE((2497,2557,2558));
#4952=IFCINDEXEDPOLYGONALFACE((2497,2558,2448));
#4953=IFCINDEXEDPOLYGONALFACE((2498,2525,2424));
#4954=IFCINDEXEDPOLYGONALFACE((2525,2499,2424));
#4955=IFCINDEXEDPOLYGONALFACE((2527,2528,2449));
#4956=IFCINDEXEDPOLYGONALFACE((2425,2528,2559));
#4957=IFCINDEXEDPOLYGONALFACE((2292,2560,2473));
#4958=IFCINDEXEDPOLYGONALFACE((2561,2500,2473));
#4959=IFCINDEXEDPOLYGONALFACE((2427,2452,2562));
#4960=IFCINDEXEDPOLYGONALFACE((2474,2427,2562));
#4961=IFCINDEXEDPOLYGONALFACE((2563,2453,2530));
#4962=IFCINDEXEDPOLYGONALFACE((2502,2453,2563));
#4963=IFCINDEXEDPOLYGONALFACE((2564,2531,2475));
#4964=IFCINDEXEDPOLYGONALFACE((2397,2531,2455));
#4965=IFCINDEXEDPOLYGONALFACE((2398,2565,2456));
#4966=IFCINDEXEDPOLYGONALFACE((2533,2566,2334));
#4967=IFCINDEXEDPOLYGONALFACE((2334,2566,2477));
#4968=IFCINDEXEDPOLYGONALFACE((2478,2457,2567));
#4969=IFCINDEXEDPOLYGONALFACE((2479,2478,2568));
#4970=IFCINDEXEDPOLYGONALFACE((2536,2458,2535));
#4971=IFCINDEXEDPOLYGONALFACE((2459,2536,2569));
#4972=IFCINDEXEDPOLYGONALFACE((2569,2537,2459));
#4973=IFCINDEXEDPOLYGONALFACE((2480,2460,2570));
#4974=IFCINDEXEDPOLYGONALFACE((2503,2429,2538));
#4975=IFCINDEXEDPOLYGONALFACE((2503,2571,2504));
#4976=IFCINDEXEDPOLYGONALFACE((2572,2483,2504));
#4977=IFCINDEXEDPOLYGONALFACE((2461,2539,2573));
#4978=IFCINDEXEDPOLYGONALFACE((2540,2461,2573));
#4979=IFCINDEXEDPOLYGONALFACE((2506,2409,2505));
#4980=IFCINDEXEDPOLYGONALFACE((2574,2509,2543));
#4981=IFCINDEXEDPOLYGONALFACE((2544,2510,2486));
#4982=IFCINDEXEDPOLYGONALFACE((2575,2576,2511));
#4983=IFCINDEXEDPOLYGONALFACE((2576,2545,2511));
#4984=IFCINDEXEDPOLYGONALFACE((2545,2577,2512));
#4985=IFCINDEXEDPOLYGONALFACE((2512,2577,2514));
#4986=IFCINDEXEDPOLYGONALFACE((2515,2514,2577));
#4987=IFCINDEXEDPOLYGONALFACE((2515,2546,2487));
#4988=IFCINDEXEDPOLYGONALFACE((2516,2546,2578));
#4989=IFCINDEXEDPOLYGONALFACE((2517,2516,2579));
#4990=IFCINDEXEDPOLYGONALFACE((2516,2578,2579));
#4991=IFCINDEXEDPOLYGONALFACE((2579,2580,2517));
#4992=IFCINDEXEDPOLYGONALFACE((2517,2580,2518));
#4993=IFCINDEXEDPOLYGONALFACE((2581,2518,2580));
#4994=IFCINDEXEDPOLYGONALFACE((2518,2581,2489));
#4995=IFCINDEXEDPOLYGONALFACE((2489,2581,2547));
#4996=IFCINDEXEDPOLYGONALFACE((2491,2490,2547));
#4997=IFCINDEXEDPOLYGONALFACE((2519,2442,2491));
#4998=IFCINDEXEDPOLYGONALFACE((2522,2582,2416));
#4999=IFCINDEXEDPOLYGONALFACE((2583,2492,2416));
#5000=IFCINDEXEDPOLYGONALFACE((2418,2550,2551));
#5001=IFCINDEXEDPOLYGONALFACE((2551,2552,2446));
#5002=IFCINDEXEDPOLYGONALFACE((2584,2554,2553));
#5003=IFCINDEXEDPOLYGONALFACE((2556,2555,2584));
#5004=IFCINDEXEDPOLYGONALFACE((2554,2584,2555));
#5005=IFCINDEXEDPOLYGONALFACE((2585,2496,2422));
#5006=IFCINDEXEDPOLYGONALFACE((2448,2558,2526));
#5007=IFCINDEXEDPOLYGONALFACE((2586,2499,2525));
#5008=IFCINDEXEDPOLYGONALFACE((2499,2586,2527));
#5009=IFCINDEXEDPOLYGONALFACE((2560,2292,2425));
#5010=IFCINDEXEDPOLYGONALFACE((2529,2500,2587));
#5011=IFCINDEXEDPOLYGONALFACE((2501,2451,2351));
#5012=IFCINDEXEDPOLYGONALFACE((2451,2452,2328));
#5013=IFCINDEXEDPOLYGONALFACE((2502,2564,2475));
#5014=IFCINDEXEDPOLYGONALFACE((2588,2565,2398));
#5015=IFCINDEXEDPOLYGONALFACE((2532,2456,2565));
#5016=IFCINDEXEDPOLYGONALFACE((2589,2399,2532));
#5017=IFCINDEXEDPOLYGONALFACE((2533,2399,2589));
#5018=IFCINDEXEDPOLYGONALFACE((2534,2477,2590));
#5019=IFCINDEXEDPOLYGONALFACE((2567,2457,2534));
#5020=IFCINDEXEDPOLYGONALFACE((2567,2591,2478));
#5021=IFCINDEXEDPOLYGONALFACE((2591,2568,2478));
#5022=IFCINDEXEDPOLYGONALFACE((2537,2570,2460));
#5023=IFCINDEXEDPOLYGONALFACE((2480,2570,2538));
#5024=IFCINDEXEDPOLYGONALFACE((2571,2503,2592));
#5025=IFCINDEXEDPOLYGONALFACE((2504,2571,2593));
#5026=IFCINDEXEDPOLYGONALFACE((2572,2539,2483));
#5027=IFCINDEXEDPOLYGONALFACE((2484,2483,2539));
#5028=IFCINDEXEDPOLYGONALFACE((2594,2541,2506));
#5029=IFCINDEXEDPOLYGONALFACE((2541,2594,2485));
#5030=IFCINDEXEDPOLYGONALFACE((2542,2485,2595));
#5031=IFCINDEXEDPOLYGONALFACE((2543,2542,2595));
#5032=IFCINDEXEDPOLYGONALFACE((2543,2595,2574));
#5033=IFCINDEXEDPOLYGONALFACE((2509,2574,2544));
#5034=IFCINDEXEDPOLYGONALFACE((2574,2596,2544));
#5035=IFCINDEXEDPOLYGONALFACE((2510,2544,2597));
#5036=IFCINDEXEDPOLYGONALFACE((2544,2596,2597));
#5037=IFCINDEXEDPOLYGONALFACE((2511,2510,2575));
#5038=IFCINDEXEDPOLYGONALFACE((2597,2575,2510));
#5039=IFCINDEXEDPOLYGONALFACE((2545,2576,2598));
#5040=IFCINDEXEDPOLYGONALFACE((2545,2598,2577));
#5041=IFCINDEXEDPOLYGONALFACE((2599,2577,2598));
#5042=IFCINDEXEDPOLYGONALFACE((2577,2599,2515));
#5043=IFCINDEXEDPOLYGONALFACE((2515,2599,2546));
#5044=IFCINDEXEDPOLYGONALFACE((2581,2580,2579));
#5045=IFCINDEXEDPOLYGONALFACE((2600,2521,2519));
#5046=IFCINDEXEDPOLYGONALFACE((2521,2600,2520));
#5047=IFCINDEXEDPOLYGONALFACE((2520,2600,2522));
#5048=IFCINDEXEDPOLYGONALFACE((2416,2582,2583));
#5049=IFCINDEXEDPOLYGONALFACE((2492,2601,2493));
#5050=IFCINDEXEDPOLYGONALFACE((2471,2494,2602));
#5051=IFCINDEXEDPOLYGONALFACE((2603,2552,2551));
#5052=IFCINDEXEDPOLYGONALFACE((2604,2553,2603));
#5053=IFCINDEXEDPOLYGONALFACE((2553,2552,2603));
#5054=IFCINDEXEDPOLYGONALFACE((2553,2604,2584));
#5055=IFCINDEXEDPOLYGONALFACE((2605,2496,2585));
#5056=IFCINDEXEDPOLYGONALFACE((2557,2496,2605));
#5057=IFCINDEXEDPOLYGONALFACE((2606,2525,2526));
#5058=IFCINDEXEDPOLYGONALFACE((2607,2586,2525));
#5059=IFCINDEXEDPOLYGONALFACE((2560,2425,2559));
#5060=IFCINDEXEDPOLYGONALFACE((2561,2473,2560));
#5061=IFCINDEXEDPOLYGONALFACE((2451,2562,2452));
#5062=IFCINDEXEDPOLYGONALFACE((2474,2562,2530));
#5063=IFCINDEXEDPOLYGONALFACE((2398,2476,2608));
#5064=IFCINDEXEDPOLYGONALFACE((2398,2608,2588));
#5065=IFCINDEXEDPOLYGONALFACE((2533,2589,2609));
#5066=IFCINDEXEDPOLYGONALFACE((2533,2609,2566));
#5067=IFCINDEXEDPOLYGONALFACE((2477,2566,2590));
#5068=IFCINDEXEDPOLYGONALFACE((2536,2535,2610));
#5069=IFCINDEXEDPOLYGONALFACE((2610,2569,2536));
#5070=IFCINDEXEDPOLYGONALFACE((2537,2569,2611));
#5071=IFCINDEXEDPOLYGONALFACE((2611,2570,2537));
#5072=IFCINDEXEDPOLYGONALFACE((2612,2592,2538));
#5073=IFCINDEXEDPOLYGONALFACE((2503,2538,2592));
#5074=IFCINDEXEDPOLYGONALFACE((2593,2572,2504));
#5075=IFCINDEXEDPOLYGONALFACE((2572,2613,2539));
#5076=IFCINDEXEDPOLYGONALFACE((2506,2614,2594));
#5077=IFCINDEXEDPOLYGONALFACE((2615,2485,2594));
#5078=IFCINDEXEDPOLYGONALFACE((2485,2615,2595));
#5079=IFCINDEXEDPOLYGONALFACE((2576,2575,2616));
#5080=IFCINDEXEDPOLYGONALFACE((2597,2616,2575));
#5081=IFCINDEXEDPOLYGONALFACE((2616,2598,2576));
#5082=IFCINDEXEDPOLYGONALFACE((2617,2578,2618));
#5083=IFCINDEXEDPOLYGONALFACE((2546,2618,2578));
#5084=IFCINDEXEDPOLYGONALFACE((2619,2578,2617));
#5085=IFCINDEXEDPOLYGONALFACE((2578,2619,2579));
#5086=IFCINDEXEDPOLYGONALFACE((2547,2579,2619));
#5087=IFCINDEXEDPOLYGONALFACE((2581,2579,2547));
#5088=IFCINDEXEDPOLYGONALFACE((2547,2620,2491));
#5089=IFCINDEXEDPOLYGONALFACE((2491,2621,2519));
#5090=IFCINDEXEDPOLYGONALFACE((2622,2519,2621));
#5091=IFCINDEXEDPOLYGONALFACE((2600,2519,2622));
#5092=IFCINDEXEDPOLYGONALFACE((2601,2492,2583));
#5093=IFCINDEXEDPOLYGONALFACE((2601,2623,2493));
#5094=IFCINDEXEDPOLYGONALFACE((2493,2624,2548));
#5095=IFCINDEXEDPOLYGONALFACE((2471,2602,2550));
#5096=IFCINDEXEDPOLYGONALFACE((2551,2550,2625));
#5097=IFCINDEXEDPOLYGONALFACE((2626,2551,2625));
#5098=IFCINDEXEDPOLYGONALFACE((2551,2626,2603));
#5099=IFCINDEXEDPOLYGONALFACE((2627,2603,2626));
#5100=IFCINDEXEDPOLYGONALFACE((2628,2604,2627));
#5101=IFCINDEXEDPOLYGONALFACE((2603,2627,2604));
#5102=IFCINDEXEDPOLYGONALFACE((2628,2629,2604));
#5103=IFCINDEXEDPOLYGONALFACE((2584,2604,2629));
#5104=IFCINDEXEDPOLYGONALFACE((2584,2629,2556));
#5105=IFCINDEXEDPOLYGONALFACE((2556,2630,2422));
#5106=IFCINDEXEDPOLYGONALFACE((2631,2526,2558));
#5107=IFCINDEXEDPOLYGONALFACE((2631,2632,2526));
#5108=IFCINDEXEDPOLYGONALFACE((2606,2526,2632));
#5109=IFCINDEXEDPOLYGONALFACE((2525,2606,2607));
#5110=IFCINDEXEDPOLYGONALFACE((2586,2528,2527));
#5111=IFCINDEXEDPOLYGONALFACE((2633,2561,2560));
#5112=IFCINDEXEDPOLYGONALFACE((2634,2500,2561));
#5113=IFCINDEXEDPOLYGONALFACE((2634,2587,2500));
#5114=IFCINDEXEDPOLYGONALFACE((2529,2587,2635));
#5115=IFCINDEXEDPOLYGONALFACE((2529,2635,2501));
#5116=IFCINDEXEDPOLYGONALFACE((2636,2501,2637));
#5117=IFCINDEXEDPOLYGONALFACE((2451,2501,2636));
#5118=IFCINDEXEDPOLYGONALFACE((2502,2563,2638));
#5119=IFCINDEXEDPOLYGONALFACE((2638,2639,2502));
#5120=IFCINDEXEDPOLYGONALFACE((2639,2564,2502));
#5121=IFCINDEXEDPOLYGONALFACE((2455,2640,2476));
#5122=IFCINDEXEDPOLYGONALFACE((2565,2641,2532));
#5123=IFCINDEXEDPOLYGONALFACE((2609,2642,2566));
#5124=IFCINDEXEDPOLYGONALFACE((2566,2642,2590));
#5125=IFCINDEXEDPOLYGONALFACE((2479,2568,2643));
#5126=IFCINDEXEDPOLYGONALFACE((2643,2644,2479));
#5127=IFCINDEXEDPOLYGONALFACE((2535,2479,2644));
#5128=IFCINDEXEDPOLYGONALFACE((2610,2535,2644));
#5129=IFCINDEXEDPOLYGONALFACE((2571,2592,2645));
#5130=IFCINDEXEDPOLYGONALFACE((2646,2593,2571));
#5131=IFCINDEXEDPOLYGONALFACE((2593,2613,2572));
#5132=IFCINDEXEDPOLYGONALFACE((2647,2539,2613));
#5133=IFCINDEXEDPOLYGONALFACE((2539,2647,2573));
#5134=IFCINDEXEDPOLYGONALFACE((2573,2505,2540));
#5135=IFCINDEXEDPOLYGONALFACE((2505,2648,2506));
#5136=IFCINDEXEDPOLYGONALFACE((2614,2506,2648));
#5137=IFCINDEXEDPOLYGONALFACE((2574,2595,2615));
#5138=IFCINDEXEDPOLYGONALFACE((2574,2649,2596));
#5139=IFCINDEXEDPOLYGONALFACE((2650,2596,2649));
#5140=IFCINDEXEDPOLYGONALFACE((2650,2651,2596));
#5141=IFCINDEXEDPOLYGONALFACE((2597,2596,2651));
#5142=IFCINDEXEDPOLYGONALFACE((2652,2598,2616));
#5143=IFCINDEXEDPOLYGONALFACE((2598,2652,2599));
#5144=IFCINDEXEDPOLYGONALFACE((2599,2653,2546));
#5145=IFCINDEXEDPOLYGONALFACE((2654,2547,2619));
#5146=IFCINDEXEDPOLYGONALFACE((2654,2620,2547));
#5147=IFCINDEXEDPOLYGONALFACE((2621,2491,2620));
#5148=IFCINDEXEDPOLYGONALFACE((2582,2522,2600));
#5149=IFCINDEXEDPOLYGONALFACE((2582,2655,2583));
#5150=IFCINDEXEDPOLYGONALFACE((2624,2493,2623));
#5151=IFCINDEXEDPOLYGONALFACE((2548,2624,2549));
#5152=IFCINDEXEDPOLYGONALFACE((2627,2626,2656));
#5153=IFCINDEXEDPOLYGONALFACE((2625,2656,2626));
#5154=IFCINDEXEDPOLYGONALFACE((2627,2656,2628));
#5155=IFCINDEXEDPOLYGONALFACE((2657,2629,2628));
#5156=IFCINDEXEDPOLYGONALFACE((2629,2657,2556));
#5157=IFCINDEXEDPOLYGONALFACE((2422,2630,2585));
#5158=IFCINDEXEDPOLYGONALFACE((2605,2658,2557));
#5159=IFCINDEXEDPOLYGONALFACE((2558,2557,2658));
#5160=IFCINDEXEDPOLYGONALFACE((2606,2632,2607));
#5161=IFCINDEXEDPOLYGONALFACE((2607,2659,2586));
#5162=IFCINDEXEDPOLYGONALFACE((2586,2659,2528));
#5163=IFCINDEXEDPOLYGONALFACE((2660,2528,2659));
#5164=IFCINDEXEDPOLYGONALFACE((2528,2660,2559));
#5165=IFCINDEXEDPOLYGONALFACE((2661,2587,2634));
#5166=IFCINDEXEDPOLYGONALFACE((2587,2661,2635));
#5167=IFCINDEXEDPOLYGONALFACE((2635,2637,2501));
#5168=IFCINDEXEDPOLYGONALFACE((2451,2662,2562));
#5169=IFCINDEXEDPOLYGONALFACE((2562,2662,2530));
#5170=IFCINDEXEDPOLYGONALFACE((2564,2639,2531));
#5171=IFCINDEXEDPOLYGONALFACE((2531,2663,2455));
#5172=IFCINDEXEDPOLYGONALFACE((2588,2641,2565));
#5173=IFCINDEXEDPOLYGONALFACE((2567,2664,2665));
#5174=IFCINDEXEDPOLYGONALFACE((2591,2567,2665));
#5175=IFCINDEXEDPOLYGONALFACE((2568,2591,2666));
#5176=IFCINDEXEDPOLYGONALFACE((2666,2643,2568));
#5177=IFCINDEXEDPOLYGONALFACE((2612,2667,2592));
#5178=IFCINDEXEDPOLYGONALFACE((2668,2645,2592));
#5179=IFCINDEXEDPOLYGONALFACE((2669,2505,2670));
#5180=IFCINDEXEDPOLYGONALFACE((2670,2505,2573));
#5181=IFCINDEXEDPOLYGONALFACE((2648,2505,2669));
#5182=IFCINDEXEDPOLYGONALFACE((2648,2671,2614));
#5183=IFCINDEXEDPOLYGONALFACE((2594,2614,2672));
#5184=IFCINDEXEDPOLYGONALFACE((2594,2672,2615));
#5185=IFCINDEXEDPOLYGONALFACE((2615,2649,2574));
#5186=IFCINDEXEDPOLYGONALFACE((2597,2651,2673));
#5187=IFCINDEXEDPOLYGONALFACE((2652,2616,2673));
#5188=IFCINDEXEDPOLYGONALFACE((2597,2673,2616));
#5189=IFCINDEXEDPOLYGONALFACE((2674,2653,2652));
#5190=IFCINDEXEDPOLYGONALFACE((2599,2652,2653));
#5191=IFCINDEXEDPOLYGONALFACE((2675,2618,2653));
#5192=IFCINDEXEDPOLYGONALFACE((2546,2653,2618));
#5193=IFCINDEXEDPOLYGONALFACE((2676,2618,2675));
#5194=IFCINDEXEDPOLYGONALFACE((2618,2676,2617));
#5195=IFCINDEXEDPOLYGONALFACE((2676,2677,2617));
#5196=IFCINDEXEDPOLYGONALFACE((2677,2678,2617));
#5197=IFCINDEXEDPOLYGONALFACE((2619,2617,2678));
#5198=IFCINDEXEDPOLYGONALFACE((2678,2679,2619));
#5199=IFCINDEXEDPOLYGONALFACE((2679,2654,2619));
#5200=IFCINDEXEDPOLYGONALFACE((2621,2620,2680));
#5201=IFCINDEXEDPOLYGONALFACE((2681,2582,2600));
#5202=IFCINDEXEDPOLYGONALFACE((2601,2583,2655));
#5203=IFCINDEXEDPOLYGONALFACE((2549,2624,2682));
#5204=IFCINDEXEDPOLYGONALFACE((2494,2344,2683));
#5205=IFCINDEXEDPOLYGONALFACE((2656,2625,2684));
#5206=IFCINDEXEDPOLYGONALFACE((2684,2685,2656));
#5207=IFCINDEXEDPOLYGONALFACE((2628,2656,2685));
#5208=IFCINDEXEDPOLYGONALFACE((2628,2685,2657));
#5209=IFCINDEXEDPOLYGONALFACE((2630,2556,2657));
#5210=IFCINDEXEDPOLYGONALFACE((2686,2585,2630));
#5211=IFCINDEXEDPOLYGONALFACE((2558,2658,2687));
#5212=IFCINDEXEDPOLYGONALFACE((2607,2688,2659));
#5213=IFCINDEXEDPOLYGONALFACE((2634,2561,2633));
#5214=IFCINDEXEDPOLYGONALFACE((2689,2530,2662));
#5215=IFCINDEXEDPOLYGONALFACE((2530,2689,2563));
#5216=IFCINDEXEDPOLYGONALFACE((2563,2689,2638));
#5217=IFCINDEXEDPOLYGONALFACE((2639,2663,2531));
#5218=IFCINDEXEDPOLYGONALFACE((2640,2608,2476));
#5219=IFCINDEXEDPOLYGONALFACE((2690,2642,2609));
#5220=IFCINDEXEDPOLYGONALFACE((2534,2590,2691));
#5221=IFCINDEXEDPOLYGONALFACE((2590,2642,2691));
#5222=IFCINDEXEDPOLYGONALFACE((2567,2534,2692));
#5223=IFCINDEXEDPOLYGONALFACE((2665,2664,2693));
#5224=IFCINDEXEDPOLYGONALFACE((2665,2666,2591));
#5225=IFCINDEXEDPOLYGONALFACE((2569,2610,2694));
#5226=IFCINDEXEDPOLYGONALFACE((2695,2694,2610));
#5227=IFCINDEXEDPOLYGONALFACE((2611,2569,2696));
#5228=IFCINDEXEDPOLYGONALFACE((2570,2612,2538));
#5229=IFCINDEXEDPOLYGONALFACE((2697,2592,2667));
#5230=IFCINDEXEDPOLYGONALFACE((2668,2592,2697));
#5231=IFCINDEXEDPOLYGONALFACE((2571,2645,2698));
#5232=IFCINDEXEDPOLYGONALFACE((2699,2700,2646));
#5233=IFCINDEXEDPOLYGONALFACE((2700,2593,2646));
#5234=IFCINDEXEDPOLYGONALFACE((2647,2613,2701));
#5235=IFCINDEXEDPOLYGONALFACE((2670,2573,2647));
#5236=IFCINDEXEDPOLYGONALFACE((2702,2669,2670));
#5237=IFCINDEXEDPOLYGONALFACE((2648,2669,2671));
#5238=IFCINDEXEDPOLYGONALFACE((2702,2671,2669));
#5239=IFCINDEXEDPOLYGONALFACE((2703,2614,2671));
#5240=IFCINDEXEDPOLYGONALFACE((2672,2614,2703));
#5241=IFCINDEXEDPOLYGONALFACE((2704,2650,2649));
#5242=IFCINDEXEDPOLYGONALFACE((2651,2650,2704));
#5243=IFCINDEXEDPOLYGONALFACE((2704,2652,2651));
#5244=IFCINDEXEDPOLYGONALFACE((2673,2651,2652));
#5245=IFCINDEXEDPOLYGONALFACE((2675,2705,2676));
#5246=IFCINDEXEDPOLYGONALFACE((2706,2676,2705));
#5247=IFCINDEXEDPOLYGONALFACE((2707,2677,2706));
#5248=IFCINDEXEDPOLYGONALFACE((2676,2706,2677));
#5249=IFCINDEXEDPOLYGONALFACE((2678,2677,2708));
#5250=IFCINDEXEDPOLYGONALFACE((2707,2708,2677));
#5251=IFCINDEXEDPOLYGONALFACE((2654,2680,2620));
#5252=IFCINDEXEDPOLYGONALFACE((2622,2621,2680));
#5253=IFCINDEXEDPOLYGONALFACE((2681,2600,2622));
#5254=IFCINDEXEDPOLYGONALFACE((2709,2582,2681));
#5255=IFCINDEXEDPOLYGONALFACE((2655,2582,2709));
#5256=IFCINDEXEDPOLYGONALFACE((2601,2710,2623));
#5257=IFCINDEXEDPOLYGONALFACE((2710,2624,2623));
#5258=IFCINDEXEDPOLYGONALFACE((2344,2445,2683));
#5259=IFCINDEXEDPOLYGONALFACE((2711,2602,2494));
#5260=IFCINDEXEDPOLYGONALFACE((2712,2550,2602));
#5261=IFCINDEXEDPOLYGONALFACE((2550,2712,2625));
#5262=IFCINDEXEDPOLYGONALFACE((2712,2684,2625));
#5263=IFCINDEXEDPOLYGONALFACE((2713,2685,2714));
#5264=IFCINDEXEDPOLYGONALFACE((2684,2714,2685));
#5265=IFCINDEXEDPOLYGONALFACE((2685,2713,2657));
#5266=IFCINDEXEDPOLYGONALFACE((2657,2713,2715));
#5267=IFCINDEXEDPOLYGONALFACE((2715,2630,2657));
#5268=IFCINDEXEDPOLYGONALFACE((2716,2605,2686));
#5269=IFCINDEXEDPOLYGONALFACE((2585,2686,2605));
#5270=IFCINDEXEDPOLYGONALFACE((2605,2716,2658));
#5271=IFCINDEXEDPOLYGONALFACE((2658,2716,2687));
#5272=IFCINDEXEDPOLYGONALFACE((2631,2558,2687));
#5273=IFCINDEXEDPOLYGONALFACE((2632,2688,2607));
#5274=IFCINDEXEDPOLYGONALFACE((2717,2659,2688));
#5275=IFCINDEXEDPOLYGONALFACE((2659,2718,2660));
#5276=IFCINDEXEDPOLYGONALFACE((2559,2660,2718));
#5277=IFCINDEXEDPOLYGONALFACE((2560,2559,2718));
#5278=IFCINDEXEDPOLYGONALFACE((2560,2719,2633));
#5279=IFCINDEXEDPOLYGONALFACE((2638,2689,2639));
#5280=IFCINDEXEDPOLYGONALFACE((2663,2720,2455));
#5281=IFCINDEXEDPOLYGONALFACE((2721,2455,2720));
#5282=IFCINDEXEDPOLYGONALFACE((2721,2640,2455));
#5283=IFCINDEXEDPOLYGONALFACE((2589,2690,2609));
#5284=IFCINDEXEDPOLYGONALFACE((2567,2692,2664));
#5285=IFCINDEXEDPOLYGONALFACE((2692,2693,2664));
#5286=IFCINDEXEDPOLYGONALFACE((2644,2643,2722));
#5287=IFCINDEXEDPOLYGONALFACE((2696,2569,2694));
#5288=IFCINDEXEDPOLYGONALFACE((2723,2570,2696));
#5289=IFCINDEXEDPOLYGONALFACE((2696,2570,2611));
#5290=IFCINDEXEDPOLYGONALFACE((2667,2724,2697));
#5291=IFCINDEXEDPOLYGONALFACE((2646,2571,2698));
#5292=IFCINDEXEDPOLYGONALFACE((2646,2698,2699));
#5293=IFCINDEXEDPOLYGONALFACE((2700,2725,2593));
#5294=IFCINDEXEDPOLYGONALFACE((2701,2726,2647));
#5295=IFCINDEXEDPOLYGONALFACE((2726,2670,2647));
#5296=IFCINDEXEDPOLYGONALFACE((2727,2702,2670));
#5297=IFCINDEXEDPOLYGONALFACE((2728,2671,2702));
#5298=IFCINDEXEDPOLYGONALFACE((2728,2703,2671));
#5299=IFCINDEXEDPOLYGONALFACE((2615,2729,2649));
#5300=IFCINDEXEDPOLYGONALFACE((2730,2649,2729));
#5301=IFCINDEXEDPOLYGONALFACE((2649,2730,2704));
#5302=IFCINDEXEDPOLYGONALFACE((2705,2675,2653));
#5303=IFCINDEXEDPOLYGONALFACE((2731,2706,2732));
#5304=IFCINDEXEDPOLYGONALFACE((2705,2732,2706));
#5305=IFCINDEXEDPOLYGONALFACE((2706,2731,2707));
#5306=IFCINDEXEDPOLYGONALFACE((2679,2678,2708));
#5307=IFCINDEXEDPOLYGONALFACE((2679,2708,2654));
#5308=IFCINDEXEDPOLYGONALFACE((2733,2654,2708));
#5309=IFCINDEXEDPOLYGONALFACE((2654,2733,2680));
#5310=IFCINDEXEDPOLYGONALFACE((2622,2734,2681));
#5311=IFCINDEXEDPOLYGONALFACE((2712,2735,2684));
#5312=IFCINDEXEDPOLYGONALFACE((2736,2714,2735));
#5313=IFCINDEXEDPOLYGONALFACE((2684,2735,2714));
#5314=IFCINDEXEDPOLYGONALFACE((2714,2736,2713));
#5315=IFCINDEXEDPOLYGONALFACE((2713,2736,2715));
#5316=IFCINDEXEDPOLYGONALFACE((2716,2737,2687));
#5317=IFCINDEXEDPOLYGONALFACE((2738,2631,2687));
#5318=IFCINDEXEDPOLYGONALFACE((2738,2632,2631));
#5319=IFCINDEXEDPOLYGONALFACE((2717,2688,2739));
#5320=IFCINDEXEDPOLYGONALFACE((2717,2718,2659));
#5321=IFCINDEXEDPOLYGONALFACE((2719,2560,2718));
#5322=IFCINDEXEDPOLYGONALFACE((2633,2719,2740));
#5323=IFCINDEXEDPOLYGONALFACE((2634,2633,2740));
#5324=IFCINDEXEDPOLYGONALFACE((2661,2634,2740));
#5325=IFCINDEXEDPOLYGONALFACE((2740,2635,2661));
#5326=IFCINDEXEDPOLYGONALFACE((2740,2637,2635));
#5327=IFCINDEXEDPOLYGONALFACE((2451,2636,2741));
#5328=IFCINDEXEDPOLYGONALFACE((2451,2741,2662));
#5329=IFCINDEXEDPOLYGONALFACE((2662,2742,2689));
#5330=IFCINDEXEDPOLYGONALFACE((2742,2639,2689));
#5331=IFCINDEXEDPOLYGONALFACE((2640,2721,2608));
#5332=IFCINDEXEDPOLYGONALFACE((2743,2589,2532));
#5333=IFCINDEXEDPOLYGONALFACE((2642,2690,2744));
#5334=IFCINDEXEDPOLYGONALFACE((2745,2691,2642));
#5335=IFCINDEXEDPOLYGONALFACE((2534,2691,2692));
#5336=IFCINDEXEDPOLYGONALFACE((2643,2666,2722));
#5337=IFCINDEXEDPOLYGONALFACE((2610,2644,2695));
#5338=IFCINDEXEDPOLYGONALFACE((2723,2746,2570));
#5339=IFCINDEXEDPOLYGONALFACE((2667,2612,2746));
#5340=IFCINDEXEDPOLYGONALFACE((2570,2746,2612));
#5341=IFCINDEXEDPOLYGONALFACE((2724,2747,2697));
#5342=IFCINDEXEDPOLYGONALFACE((2668,2697,2748));
#5343=IFCINDEXEDPOLYGONALFACE((2698,2749,2699));
#5344=IFCINDEXEDPOLYGONALFACE((2750,2699,2749));
#5345=IFCINDEXEDPOLYGONALFACE((2700,2699,2750));
#5346=IFCINDEXEDPOLYGONALFACE((2750,2725,2700));
#5347=IFCINDEXEDPOLYGONALFACE((2725,2751,2593));
#5348=IFCINDEXEDPOLYGONALFACE((2613,2593,2752));
#5349=IFCINDEXEDPOLYGONALFACE((2701,2613,2752));
#5350=IFCINDEXEDPOLYGONALFACE((2727,2670,2726));
#5351=IFCINDEXEDPOLYGONALFACE((2727,2753,2702));
#5352=IFCINDEXEDPOLYGONALFACE((2728,2754,2703));
#5353=IFCINDEXEDPOLYGONALFACE((2754,2755,2703));
#5354=IFCINDEXEDPOLYGONALFACE((2729,2672,2703));
#5355=IFCINDEXEDPOLYGONALFACE((2672,2729,2615));
#5356=IFCINDEXEDPOLYGONALFACE((2756,2704,2757));
#5357=IFCINDEXEDPOLYGONALFACE((2730,2757,2704));
#5358=IFCINDEXEDPOLYGONALFACE((2756,2758,2704));
#5359=IFCINDEXEDPOLYGONALFACE((2704,2758,2652));
#5360=IFCINDEXEDPOLYGONALFACE((2674,2652,2758));
#5361=IFCINDEXEDPOLYGONALFACE((2653,2674,2759));
#5362=IFCINDEXEDPOLYGONALFACE((2705,2653,2760));
#5363=IFCINDEXEDPOLYGONALFACE((2760,2732,2705));
#5364=IFCINDEXEDPOLYGONALFACE((2707,2731,2761));
#5365=IFCINDEXEDPOLYGONALFACE((2708,2707,2761));
#5366=IFCINDEXEDPOLYGONALFACE((2761,2762,2708));
#5367=IFCINDEXEDPOLYGONALFACE((2733,2708,2762));
#5368=IFCINDEXEDPOLYGONALFACE((2762,2763,2733));
#5369=IFCINDEXEDPOLYGONALFACE((2763,2680,2733));
#5370=IFCINDEXEDPOLYGONALFACE((2680,2763,2622));
#5371=IFCINDEXEDPOLYGONALFACE((2734,2622,2763));
#5372=IFCINDEXEDPOLYGONALFACE((2655,2709,2601));
#5373=IFCINDEXEDPOLYGONALFACE((2682,2624,2710));
#5374=IFCINDEXEDPOLYGONALFACE((2712,2602,2711));
#5375=IFCINDEXEDPOLYGONALFACE((2712,2764,2735));
#5376=IFCINDEXEDPOLYGONALFACE((2765,2735,2764));
#5377=IFCINDEXEDPOLYGONALFACE((2766,2736,2765));
#5378=IFCINDEXEDPOLYGONALFACE((2735,2765,2736));
#5379=IFCINDEXEDPOLYGONALFACE((2736,2766,2715));
#5380=IFCINDEXEDPOLYGONALFACE((2766,2767,2715));
#5381=IFCINDEXEDPOLYGONALFACE((2768,2715,2767));
#5382=IFCINDEXEDPOLYGONALFACE((2630,2715,2768));
#5383=IFCINDEXEDPOLYGONALFACE((2630,2768,2686));
#5384=IFCINDEXEDPOLYGONALFACE((2686,2769,2716));
#5385=IFCINDEXEDPOLYGONALFACE((2632,2738,2770));
#5386=IFCINDEXEDPOLYGONALFACE((2771,2719,2718));
#5387=IFCINDEXEDPOLYGONALFACE((2740,2772,2637));
#5388=IFCINDEXEDPOLYGONALFACE((2773,2641,2588));
#5389=IFCINDEXEDPOLYGONALFACE((2743,2532,2641));
#5390=IFCINDEXEDPOLYGONALFACE((2690,2589,2774));
#5391=IFCINDEXEDPOLYGONALFACE((2642,2744,2745));
#5392=IFCINDEXEDPOLYGONALFACE((2692,2691,2775));
#5393=IFCINDEXEDPOLYGONALFACE((2745,2775,2691));
#5394=IFCINDEXEDPOLYGONALFACE((2693,2776,2665));
#5395=IFCINDEXEDPOLYGONALFACE((2665,2776,2666));
#5396=IFCINDEXEDPOLYGONALFACE((2777,2667,2746));
#5397=IFCINDEXEDPOLYGONALFACE((2668,2778,2645));
#5398=IFCINDEXEDPOLYGONALFACE((2698,2645,2778));
#5399=IFCINDEXEDPOLYGONALFACE((2749,2698,2778));
#5400=IFCINDEXEDPOLYGONALFACE((2593,2751,2752));
#5401=IFCINDEXEDPOLYGONALFACE((2752,2726,2701));
#5402=IFCINDEXEDPOLYGONALFACE((2753,2754,2702));
#5403=IFCINDEXEDPOLYGONALFACE((2728,2702,2754));
#5404=IFCINDEXEDPOLYGONALFACE((2729,2703,2755));
#5405=IFCINDEXEDPOLYGONALFACE((2758,2779,2674));
#5406=IFCINDEXEDPOLYGONALFACE((2780,2653,2759));
#5407=IFCINDEXEDPOLYGONALFACE((2780,2760,2653));
#5408=IFCINDEXEDPOLYGONALFACE((2731,2732,2781));
#5409=IFCINDEXEDPOLYGONALFACE((2709,2782,2601));
#5410=IFCINDEXEDPOLYGONALFACE((2601,2782,2710));
#5411=IFCINDEXEDPOLYGONALFACE((2764,2712,2783));
#5412=IFCINDEXEDPOLYGONALFACE((2766,2765,2767));
#5413=IFCINDEXEDPOLYGONALFACE((2768,2784,2686));
#5414=IFCINDEXEDPOLYGONALFACE((2686,2784,2769));
#5415=IFCINDEXEDPOLYGONALFACE((2737,2716,2769));
#5416=IFCINDEXEDPOLYGONALFACE((2737,2785,2687));
#5417=IFCINDEXEDPOLYGONALFACE((2738,2687,2785));
#5418=IFCINDEXEDPOLYGONALFACE((2718,2717,2739));
#5419=IFCINDEXEDPOLYGONALFACE((2740,2719,2786));
#5420=IFCINDEXEDPOLYGONALFACE((2636,2637,2787));
#5421=IFCINDEXEDPOLYGONALFACE((2787,2741,2636));
#5422=IFCINDEXEDPOLYGONALFACE((2742,2662,2741));
#5423=IFCINDEXEDPOLYGONALFACE((2742,2663,2639));
#5424=IFCINDEXEDPOLYGONALFACE((2588,2608,2773));
#5425=IFCINDEXEDPOLYGONALFACE((2589,2743,2774));
#5426=IFCINDEXEDPOLYGONALFACE((2692,2788,2693));
#5427=IFCINDEXEDPOLYGONALFACE((2789,2667,2777));
#5428=IFCINDEXEDPOLYGONALFACE((2724,2667,2747));
#5429=IFCINDEXEDPOLYGONALFACE((2789,2747,2667));
#5430=IFCINDEXEDPOLYGONALFACE((2748,2778,2668));
#5431=IFCINDEXEDPOLYGONALFACE((2790,2750,2749));
#5432=IFCINDEXEDPOLYGONALFACE((2725,2750,2791));
#5433=IFCINDEXEDPOLYGONALFACE((2726,2752,2792));
#5434=IFCINDEXEDPOLYGONALFACE((2792,2752,2793));
#5435=IFCINDEXEDPOLYGONALFACE((2754,2753,2794));
#5436=IFCINDEXEDPOLYGONALFACE((2794,2795,2754));
#5437=IFCINDEXEDPOLYGONALFACE((2755,2754,2795));
#5438=IFCINDEXEDPOLYGONALFACE((2729,2796,2730));
#5439=IFCINDEXEDPOLYGONALFACE((2730,2796,2757));
#5440=IFCINDEXEDPOLYGONALFACE((2756,2757,2758));
#5441=IFCINDEXEDPOLYGONALFACE((2779,2759,2674));
#5442=IFCINDEXEDPOLYGONALFACE((2797,2760,2780));
#5443=IFCINDEXEDPOLYGONALFACE((2760,2797,2732));
#5444=IFCINDEXEDPOLYGONALFACE((2797,2798,2732));
#5445=IFCINDEXEDPOLYGONALFACE((2781,2732,2798));
#5446=IFCINDEXEDPOLYGONALFACE((2731,2781,2799));
#5447=IFCINDEXEDPOLYGONALFACE((2799,2800,2731));
#5448=IFCINDEXEDPOLYGONALFACE((2800,2761,2731));
#5449=IFCINDEXEDPOLYGONALFACE((2763,2762,2761));
#5450=IFCINDEXEDPOLYGONALFACE((2782,2709,2801));
#5451=IFCINDEXEDPOLYGONALFACE((2782,2802,2710));
#5452=IFCINDEXEDPOLYGONALFACE((2494,2683,2711));
#5453=IFCINDEXEDPOLYGONALFACE((2803,2804,2783));
#5454=IFCINDEXEDPOLYGONALFACE((2764,2783,2804));
#5455=IFCINDEXEDPOLYGONALFACE((2805,2765,2804));
#5456=IFCINDEXEDPOLYGONALFACE((2764,2804,2765));
#5457=IFCINDEXEDPOLYGONALFACE((2765,2805,2767));
#5458=IFCINDEXEDPOLYGONALFACE((2739,2771,2718));
#5459=IFCINDEXEDPOLYGONALFACE((2719,2771,2806));
#5460=IFCINDEXEDPOLYGONALFACE((2719,2806,2786));
#5461=IFCINDEXEDPOLYGONALFACE((2740,2807,2772));
#5462=IFCINDEXEDPOLYGONALFACE((2808,2637,2807));
#5463=IFCINDEXEDPOLYGONALFACE((2772,2807,2637));
#5464=IFCINDEXEDPOLYGONALFACE((2787,2809,2741));
#5465=IFCINDEXEDPOLYGONALFACE((2809,2742,2741));
#5466=IFCINDEXEDPOLYGONALFACE((2810,2608,2721));
#5467=IFCINDEXEDPOLYGONALFACE((2774,2744,2690));
#5468=IFCINDEXEDPOLYGONALFACE((2692,2775,2811));
#5469=IFCINDEXEDPOLYGONALFACE((2692,2811,2788));
#5470=IFCINDEXEDPOLYGONALFACE((2693,2788,2776));
#5471=IFCINDEXEDPOLYGONALFACE((2644,2722,2812));
#5472=IFCINDEXEDPOLYGONALFACE((2812,2813,2644));
#5473=IFCINDEXEDPOLYGONALFACE((2644,2813,2695));
#5474=IFCINDEXEDPOLYGONALFACE((2813,2814,2695));
#5475=IFCINDEXEDPOLYGONALFACE((2814,2694,2695));
#5476=IFCINDEXEDPOLYGONALFACE((2696,2694,2815));
#5477=IFCINDEXEDPOLYGONALFACE((2723,2696,2815));
#5478=IFCINDEXEDPOLYGONALFACE((2789,2816,2747));
#5479=IFCINDEXEDPOLYGONALFACE((2747,2817,2697));
#5480=IFCINDEXEDPOLYGONALFACE((2817,2818,2697));
#5481=IFCINDEXEDPOLYGONALFACE((2697,2818,2748));
#5482=IFCINDEXEDPOLYGONALFACE((2748,2819,2778));
#5483=IFCINDEXEDPOLYGONALFACE((2749,2778,2820));
#5484=IFCINDEXEDPOLYGONALFACE((2791,2751,2725));
#5485=IFCINDEXEDPOLYGONALFACE((2727,2726,2821));
#5486=IFCINDEXEDPOLYGONALFACE((2794,2822,2795));
#5487=IFCINDEXEDPOLYGONALFACE((2755,2795,2822));
#5488=IFCINDEXEDPOLYGONALFACE((2822,2823,2755));
#5489=IFCINDEXEDPOLYGONALFACE((2755,2823,2729));
#5490=IFCINDEXEDPOLYGONALFACE((2757,2796,2824));
#5491=IFCINDEXEDPOLYGONALFACE((2824,2758,2757));
#5492=IFCINDEXEDPOLYGONALFACE((2825,2799,2781));
#5493=IFCINDEXEDPOLYGONALFACE((2761,2826,2763));
#5494=IFCINDEXEDPOLYGONALFACE((2763,2826,2734));
#5495=IFCINDEXEDPOLYGONALFACE((2681,2827,2709));
#5496=IFCINDEXEDPOLYGONALFACE((2828,2682,2710));
#5497=IFCINDEXEDPOLYGONALFACE((2829,2712,2830));
#5498=IFCINDEXEDPOLYGONALFACE((2711,2830,2712));
#5499=IFCINDEXEDPOLYGONALFACE((2831,2783,2829));
#5500=IFCINDEXEDPOLYGONALFACE((2712,2829,2783));
#5501=IFCINDEXEDPOLYGONALFACE((2783,2831,2803));
#5502=IFCINDEXEDPOLYGONALFACE((2805,2804,2832));
#5503=IFCINDEXEDPOLYGONALFACE((2805,2832,2767));
#5504=IFCINDEXEDPOLYGONALFACE((2785,2737,2769));
#5505=IFCINDEXEDPOLYGONALFACE((2739,2688,2833));
#5506=IFCINDEXEDPOLYGONALFACE((2833,2834,2739));
#5507=IFCINDEXEDPOLYGONALFACE((2771,2739,2834));
#5508=IFCINDEXEDPOLYGONALFACE((2807,2740,2786));
#5509=IFCINDEXEDPOLYGONALFACE((2787,2637,2808));
#5510=IFCINDEXEDPOLYGONALFACE((2742,2835,2663));
#5511=IFCINDEXEDPOLYGONALFACE((2641,2773,2836));
#5512=IFCINDEXEDPOLYGONALFACE((2743,2837,2774));
#5513=IFCINDEXEDPOLYGONALFACE((2838,2744,2774));
#5514=IFCINDEXEDPOLYGONALFACE((2666,2776,2839));
#5515=IFCINDEXEDPOLYGONALFACE((2666,2839,2722));
#5516=IFCINDEXEDPOLYGONALFACE((2812,2722,2839));
#5517=IFCINDEXEDPOLYGONALFACE((2815,2694,2814));
#5518=IFCINDEXEDPOLYGONALFACE((2777,2746,2840));
#5519=IFCINDEXEDPOLYGONALFACE((2723,2840,2746));
#5520=IFCINDEXEDPOLYGONALFACE((2789,2777,2816));
#5521=IFCINDEXEDPOLYGONALFACE((2816,2817,2747));
#5522=IFCINDEXEDPOLYGONALFACE((2818,2819,2748));
#5523=IFCINDEXEDPOLYGONALFACE((2820,2778,2819));
#5524=IFCINDEXEDPOLYGONALFACE((2841,2749,2842));
#5525=IFCINDEXEDPOLYGONALFACE((2842,2749,2820));
#5526=IFCINDEXEDPOLYGONALFACE((2841,2790,2749));
#5527=IFCINDEXEDPOLYGONALFACE((2843,2750,2790));
#5528=IFCINDEXEDPOLYGONALFACE((2843,2791,2750));
#5529=IFCINDEXEDPOLYGONALFACE((2791,2844,2751));
#5530=IFCINDEXEDPOLYGONALFACE((2844,2845,2751));
#5531=IFCINDEXEDPOLYGONALFACE((2752,2751,2845));
#5532=IFCINDEXEDPOLYGONALFACE((2753,2727,2821));
#5533=IFCINDEXEDPOLYGONALFACE((2821,2846,2753));
#5534=IFCINDEXEDPOLYGONALFACE((2753,2846,2794));
#5535=IFCINDEXEDPOLYGONALFACE((2822,2794,2846));
#5536=IFCINDEXEDPOLYGONALFACE((2823,2822,2847));
#5537=IFCINDEXEDPOLYGONALFACE((2822,2846,2847));
#5538=IFCINDEXEDPOLYGONALFACE((2847,2848,2823));
#5539=IFCINDEXEDPOLYGONALFACE((2848,2849,2823));
#5540=IFCINDEXEDPOLYGONALFACE((2729,2823,2849));
#5541=IFCINDEXEDPOLYGONALFACE((2849,2850,2729));
#5542=IFCINDEXEDPOLYGONALFACE((2850,2796,2729));
#5543=IFCINDEXEDPOLYGONALFACE((2758,2824,2779));
#5544=IFCINDEXEDPOLYGONALFACE((2759,2851,2780));
#5545=IFCINDEXEDPOLYGONALFACE((2780,2851,2797));
#5546=IFCINDEXEDPOLYGONALFACE((2781,2798,2825));
#5547=IFCINDEXEDPOLYGONALFACE((2826,2761,2800));
#5548=IFCINDEXEDPOLYGONALFACE((2826,2827,2734));
#5549=IFCINDEXEDPOLYGONALFACE((2734,2827,2681));
#5550=IFCINDEXEDPOLYGONALFACE((2782,2852,2802));
#5551=IFCINDEXEDPOLYGONALFACE((2710,2802,2853));
#5552=IFCINDEXEDPOLYGONALFACE((2853,2828,2710));
#5553=IFCINDEXEDPOLYGONALFACE((2854,2829,2830));
#5554=IFCINDEXEDPOLYGONALFACE((2855,2829,2854));
#5555=IFCINDEXEDPOLYGONALFACE((2856,2831,2855));
#5556=IFCINDEXEDPOLYGONALFACE((2829,2855,2831));
#5557=IFCINDEXEDPOLYGONALFACE((2831,2856,2803));
#5558=IFCINDEXEDPOLYGONALFACE((2803,2856,2857));
#5559=IFCINDEXEDPOLYGONALFACE((2804,2803,2858));
#5560=IFCINDEXEDPOLYGONALFACE((2858,2803,2857));
#5561=IFCINDEXEDPOLYGONALFACE((2804,2858,2832));
#5562=IFCINDEXEDPOLYGONALFACE((2768,2767,2859));
#5563=IFCINDEXEDPOLYGONALFACE((2784,2768,2859));
#5564=IFCINDEXEDPOLYGONALFACE((2860,2769,2859));
#5565=IFCINDEXEDPOLYGONALFACE((2784,2859,2769));
#5566=IFCINDEXEDPOLYGONALFACE((2769,2860,2785));
#5567=IFCINDEXEDPOLYGONALFACE((2688,2632,2833));
#5568=IFCINDEXEDPOLYGONALFACE((2806,2771,2834));
#5569=IFCINDEXEDPOLYGONALFACE((2861,2786,2806));
#5570=IFCINDEXEDPOLYGONALFACE((2808,2809,2787));
#5571=IFCINDEXEDPOLYGONALFACE((2663,2835,2720));
#5572=IFCINDEXEDPOLYGONALFACE((2836,2743,2641));
#5573=IFCINDEXEDPOLYGONALFACE((2838,2745,2744));
#5574=IFCINDEXEDPOLYGONALFACE((2776,2788,2862));
#5575=IFCINDEXEDPOLYGONALFACE((2815,2840,2723));
#5576=IFCINDEXEDPOLYGONALFACE((2818,2863,2819));
#5577=IFCINDEXEDPOLYGONALFACE((2864,2844,2791));
#5578=IFCINDEXEDPOLYGONALFACE((2844,2865,2845));
#5579=IFCINDEXEDPOLYGONALFACE((2752,2845,2865));
#5580=IFCINDEXEDPOLYGONALFACE((2793,2752,2865));
#5581=IFCINDEXEDPOLYGONALFACE((2726,2792,2821));
#5582=IFCINDEXEDPOLYGONALFACE((2846,2821,2866));
#5583=IFCINDEXEDPOLYGONALFACE((2867,2847,2846));
#5584=IFCINDEXEDPOLYGONALFACE((2848,2847,2867));
#5585=IFCINDEXEDPOLYGONALFACE((2849,2848,2868));
#5586=IFCINDEXEDPOLYGONALFACE((2867,2868,2848));
#5587=IFCINDEXEDPOLYGONALFACE((2868,2869,2849));
#5588=IFCINDEXEDPOLYGONALFACE((2850,2849,2869));
#5589=IFCINDEXEDPOLYGONALFACE((2870,2796,2850));
#5590=IFCINDEXEDPOLYGONALFACE((2796,2870,2824));
#5591=IFCINDEXEDPOLYGONALFACE((2779,2824,2871));
#5592=IFCINDEXEDPOLYGONALFACE((2851,2759,2779));
#5593=IFCINDEXEDPOLYGONALFACE((2872,2800,2799));
#5594=IFCINDEXEDPOLYGONALFACE((2801,2709,2827));
#5595=IFCINDEXEDPOLYGONALFACE((2852,2782,2801));
#5596=IFCINDEXEDPOLYGONALFACE((2802,2852,2853));
#5597=IFCINDEXEDPOLYGONALFACE((2873,2830,2711));
#5598=IFCINDEXEDPOLYGONALFACE((2855,2854,2874));
#5599=IFCINDEXEDPOLYGONALFACE((2856,2855,2875));
#5600=IFCINDEXEDPOLYGONALFACE((2874,2875,2855));
#5601=IFCINDEXEDPOLYGONALFACE((2856,2875,2857));
#5602=IFCINDEXEDPOLYGONALFACE((2876,2858,2857));
#5603=IFCINDEXEDPOLYGONALFACE((2858,2876,2832));
#5604=IFCINDEXEDPOLYGONALFACE((2832,2877,2767));
#5605=IFCINDEXEDPOLYGONALFACE((2767,2877,2859));
#5606=IFCINDEXEDPOLYGONALFACE((2878,2738,2785));
#5607=IFCINDEXEDPOLYGONALFACE((2879,2806,2834));
#5608=IFCINDEXEDPOLYGONALFACE((2879,2861,2806));
#5609=IFCINDEXEDPOLYGONALFACE((2880,2786,2861));
#5610=IFCINDEXEDPOLYGONALFACE((2807,2786,2880));
#5611=IFCINDEXEDPOLYGONALFACE((2880,2808,2807));
#5612=IFCINDEXEDPOLYGONALFACE((2808,2881,2809));
#5613=IFCINDEXEDPOLYGONALFACE((2809,2882,2742));
#5614=IFCINDEXEDPOLYGONALFACE((2835,2742,2882));
#5615=IFCINDEXEDPOLYGONALFACE((2883,2721,2720));
#5616=IFCINDEXEDPOLYGONALFACE((2773,2608,2884));
#5617=IFCINDEXEDPOLYGONALFACE((2811,2775,2745));
#5618=IFCINDEXEDPOLYGONALFACE((2862,2788,2811));
#5619=IFCINDEXEDPOLYGONALFACE((2862,2839,2776));
#5620=IFCINDEXEDPOLYGONALFACE((2777,2885,2816));
#5621=IFCINDEXEDPOLYGONALFACE((2886,2816,2885));
#5622=IFCINDEXEDPOLYGONALFACE((2816,2886,2817));
#5623=IFCINDEXEDPOLYGONALFACE((2887,2863,2818));
#5624=IFCINDEXEDPOLYGONALFACE((2842,2820,2819));
#5625=IFCINDEXEDPOLYGONALFACE((2888,2790,2841));
#5626=IFCINDEXEDPOLYGONALFACE((2888,2843,2790));
#5627=IFCINDEXEDPOLYGONALFACE((2791,2843,2864));
#5628=IFCINDEXEDPOLYGONALFACE((2889,2864,2843));
#5629=IFCINDEXEDPOLYGONALFACE((2864,2890,2844));
#5630=IFCINDEXEDPOLYGONALFACE((2844,2890,2865));
#5631=IFCINDEXEDPOLYGONALFACE((2865,2891,2793));
#5632=IFCINDEXEDPOLYGONALFACE((2792,2793,2891));
#5633=IFCINDEXEDPOLYGONALFACE((2868,2892,2869));
#5634=IFCINDEXEDPOLYGONALFACE((2850,2869,2892));
#5635=IFCINDEXEDPOLYGONALFACE((2892,2870,2850));
#5636=IFCINDEXEDPOLYGONALFACE((2870,2871,2824));
#5637=IFCINDEXEDPOLYGONALFACE((2893,2851,2871));
#5638=IFCINDEXEDPOLYGONALFACE((2871,2851,2779));
#5639=IFCINDEXEDPOLYGONALFACE((2798,2797,2894));
#5640=IFCINDEXEDPOLYGONALFACE((2851,2894,2797));
#5641=IFCINDEXEDPOLYGONALFACE((2798,2895,2825));
#5642=IFCINDEXEDPOLYGONALFACE((2825,2895,2799));
#5643=IFCINDEXEDPOLYGONALFACE((2872,2799,2895));
#5644=IFCINDEXEDPOLYGONALFACE((2826,2800,2896));
#5645=IFCINDEXEDPOLYGONALFACE((2827,2826,2897));
#5646=IFCINDEXEDPOLYGONALFACE((2898,2801,2827));
#5647=IFCINDEXEDPOLYGONALFACE((2801,2898,2899));
#5648=IFCINDEXEDPOLYGONALFACE((2852,2801,2899));
#5649=IFCINDEXEDPOLYGONALFACE((2900,2853,2852));
#5650=IFCINDEXEDPOLYGONALFACE((2901,2873,2711));
#5651=IFCINDEXEDPOLYGONALFACE((2830,2873,2902));
#5652=IFCINDEXEDPOLYGONALFACE((2854,2830,2902));
#5653=IFCINDEXEDPOLYGONALFACE((2903,2874,2902));
#5654=IFCINDEXEDPOLYGONALFACE((2902,2874,2854));
#5655=IFCINDEXEDPOLYGONALFACE((2874,2903,2875));
#5656=IFCINDEXEDPOLYGONALFACE((2904,2875,2903));
#5657=IFCINDEXEDPOLYGONALFACE((2876,2857,2904));
#5658=IFCINDEXEDPOLYGONALFACE((2875,2904,2857));
#5659=IFCINDEXEDPOLYGONALFACE((2905,2877,2876));
#5660=IFCINDEXEDPOLYGONALFACE((2832,2876,2877));
#5661=IFCINDEXEDPOLYGONALFACE((2906,2859,2877));
#5662=IFCINDEXEDPOLYGONALFACE((2860,2859,2906));
#5663=IFCINDEXEDPOLYGONALFACE((2785,2860,2907));
#5664=IFCINDEXEDPOLYGONALFACE((2770,2738,2878));
#5665=IFCINDEXEDPOLYGONALFACE((2882,2809,2881));
#5666=IFCINDEXEDPOLYGONALFACE((2908,2720,2835));
#5667=IFCINDEXEDPOLYGONALFACE((2908,2883,2720));
#5668=IFCINDEXEDPOLYGONALFACE((2909,2608,2810));
#5669=IFCINDEXEDPOLYGONALFACE((2743,2836,2837));
#5670=IFCINDEXEDPOLYGONALFACE((2862,2811,2910));
#5671=IFCINDEXEDPOLYGONALFACE((2911,2812,2912));
#5672=IFCINDEXEDPOLYGONALFACE((2839,2912,2812));
#5673=IFCINDEXEDPOLYGONALFACE((2812,2911,2813));
#5674=IFCINDEXEDPOLYGONALFACE((2815,2814,2813));
#5675=IFCINDEXEDPOLYGONALFACE((2885,2777,2840));
#5676=IFCINDEXEDPOLYGONALFACE((2913,2817,2886));
#5677=IFCINDEXEDPOLYGONALFACE((2913,2818,2817));
#5678=IFCINDEXEDPOLYGONALFACE((2863,2887,2914));
#5679=IFCINDEXEDPOLYGONALFACE((2863,2915,2819));
#5680=IFCINDEXEDPOLYGONALFACE((2842,2819,2915));
#5681=IFCINDEXEDPOLYGONALFACE((2916,2842,2915));
#5682=IFCINDEXEDPOLYGONALFACE((2842,2916,2841));
#5683=IFCINDEXEDPOLYGONALFACE((2917,2890,2864));
#5684=IFCINDEXEDPOLYGONALFACE((2890,2917,2865));
#5685=IFCINDEXEDPOLYGONALFACE((2917,2918,2865));
#5686=IFCINDEXEDPOLYGONALFACE((2918,2891,2865));
#5687=IFCINDEXEDPOLYGONALFACE((2891,2919,2792));
#5688=IFCINDEXEDPOLYGONALFACE((2792,2919,2821));
#5689=IFCINDEXEDPOLYGONALFACE((2867,2846,2920));
#5690=IFCINDEXEDPOLYGONALFACE((2920,2868,2867));
#5691=IFCINDEXEDPOLYGONALFACE((2892,2868,2920));
#5692=IFCINDEXEDPOLYGONALFACE((2920,2921,2892));
#5693=IFCINDEXEDPOLYGONALFACE((2870,2892,2921));
#5694=IFCINDEXEDPOLYGONALFACE((2870,2922,2871));
#5695=IFCINDEXEDPOLYGONALFACE((2923,2871,2922));
#5696=IFCINDEXEDPOLYGONALFACE((2893,2871,2923));
#5697=IFCINDEXEDPOLYGONALFACE((2924,2894,2893));
#5698=IFCINDEXEDPOLYGONALFACE((2851,2893,2894));
#5699=IFCINDEXEDPOLYGONALFACE((2872,2895,2925));
#5700=IFCINDEXEDPOLYGONALFACE((2926,2872,2925));
#5701=IFCINDEXEDPOLYGONALFACE((2926,2800,2872));
#5702=IFCINDEXEDPOLYGONALFACE((2926,2896,2800));
#5703=IFCINDEXEDPOLYGONALFACE((2897,2826,2896));
#5704=IFCINDEXEDPOLYGONALFACE((2927,2852,2899));
#5705=IFCINDEXEDPOLYGONALFACE((2711,2683,2901));
#5706=IFCINDEXEDPOLYGONALFACE((2901,2928,2873));
#5707=IFCINDEXEDPOLYGONALFACE((2928,2929,2873));
#5708=IFCINDEXEDPOLYGONALFACE((2929,2902,2873));
#5709=IFCINDEXEDPOLYGONALFACE((2930,2902,2929));
#5710=IFCINDEXEDPOLYGONALFACE((2902,2930,2903));
#5711=IFCINDEXEDPOLYGONALFACE((2930,2904,2903));
#5712=IFCINDEXEDPOLYGONALFACE((2905,2876,2904));
#5713=IFCINDEXEDPOLYGONALFACE((2931,2860,2906));
#5714=IFCINDEXEDPOLYGONALFACE((2907,2860,2931));
#5715=IFCINDEXEDPOLYGONALFACE((2785,2907,2878));
#5716=IFCINDEXEDPOLYGONALFACE((2932,2632,2770));
#5717=IFCINDEXEDPOLYGONALFACE((2880,2861,2933));
#5718=IFCINDEXEDPOLYGONALFACE((2880,2881,2808));
#5719=IFCINDEXEDPOLYGONALFACE((2934,2882,2881));
#5720=IFCINDEXEDPOLYGONALFACE((2935,2882,2934));
#5721=IFCINDEXEDPOLYGONALFACE((2835,2882,2935));
#5722=IFCINDEXEDPOLYGONALFACE((2909,2721,2883));
#5723=IFCINDEXEDPOLYGONALFACE((2721,2909,2810));
#5724=IFCINDEXEDPOLYGONALFACE((2773,2884,2836));
#5725=IFCINDEXEDPOLYGONALFACE((2837,2936,2774));
#5726=IFCINDEXEDPOLYGONALFACE((2774,2937,2838));
#5727=IFCINDEXEDPOLYGONALFACE((2745,2838,2811));
#5728=IFCINDEXEDPOLYGONALFACE((2912,2839,2862));
#5729=IFCINDEXEDPOLYGONALFACE((2938,2813,2911));
#5730=IFCINDEXEDPOLYGONALFACE((2813,2939,2815));
#5731=IFCINDEXEDPOLYGONALFACE((2940,2840,2815));
#5732=IFCINDEXEDPOLYGONALFACE((2818,2913,2887));
#5733=IFCINDEXEDPOLYGONALFACE((2915,2863,2914));
#5734=IFCINDEXEDPOLYGONALFACE((2841,2916,2941));
#5735=IFCINDEXEDPOLYGONALFACE((2841,2941,2888));
#5736=IFCINDEXEDPOLYGONALFACE((2888,2942,2843));
#5737=IFCINDEXEDPOLYGONALFACE((2843,2942,2889));
#5738=IFCINDEXEDPOLYGONALFACE((2943,2864,2889));
#5739=IFCINDEXEDPOLYGONALFACE((2864,2943,2917));
#5740=IFCINDEXEDPOLYGONALFACE((2943,2918,2917));
#5741=IFCINDEXEDPOLYGONALFACE((2944,2891,2918));
#5742=IFCINDEXEDPOLYGONALFACE((2945,2891,2944));
#5743=IFCINDEXEDPOLYGONALFACE((2846,2866,2920));
#5744=IFCINDEXEDPOLYGONALFACE((2921,2920,2946));
#5745=IFCINDEXEDPOLYGONALFACE((2946,2947,2921));
#5746=IFCINDEXEDPOLYGONALFACE((2870,2921,2947));
#5747=IFCINDEXEDPOLYGONALFACE((2947,2922,2870));
#5748=IFCINDEXEDPOLYGONALFACE((2923,2924,2893));
#5749=IFCINDEXEDPOLYGONALFACE((2894,2948,2798));
#5750=IFCINDEXEDPOLYGONALFACE((2798,2948,2949));
#5751=IFCINDEXEDPOLYGONALFACE((2895,2798,2949));
#5752=IFCINDEXEDPOLYGONALFACE((2852,2927,2900));
#5753=IFCINDEXEDPOLYGONALFACE((2683,2950,2901));
#5754=IFCINDEXEDPOLYGONALFACE((2928,2901,2951));
#5755=IFCINDEXEDPOLYGONALFACE((2952,2928,2951));
#5756=IFCINDEXEDPOLYGONALFACE((2928,2952,2929));
#5757=IFCINDEXEDPOLYGONALFACE((2929,2952,2930));
#5758=IFCINDEXEDPOLYGONALFACE((2930,2952,2953));
#5759=IFCINDEXEDPOLYGONALFACE((2954,2930,2953));
#5760=IFCINDEXEDPOLYGONALFACE((2904,2930,2954));
#5761=IFCINDEXEDPOLYGONALFACE((2904,2954,2905));
#5762=IFCINDEXEDPOLYGONALFACE((2632,2932,2833));
#5763=IFCINDEXEDPOLYGONALFACE((2861,2879,2955));
#5764=IFCINDEXEDPOLYGONALFACE((2934,2880,2933));
#5765=IFCINDEXEDPOLYGONALFACE((2881,2880,2934));
#5766=IFCINDEXEDPOLYGONALFACE((2608,2909,2884));
#5767=IFCINDEXEDPOLYGONALFACE((2774,2936,2937));
#5768=IFCINDEXEDPOLYGONALFACE((2838,2956,2811));
#5769=IFCINDEXEDPOLYGONALFACE((2910,2811,2956));
#5770=IFCINDEXEDPOLYGONALFACE((2912,2862,2910));
#5771=IFCINDEXEDPOLYGONALFACE((2940,2815,2939));
#5772=IFCINDEXEDPOLYGONALFACE((2957,2840,2940));
#5773=IFCINDEXEDPOLYGONALFACE((2840,2957,2885));
#5774=IFCINDEXEDPOLYGONALFACE((2885,2958,2886));
#5775=IFCINDEXEDPOLYGONALFACE((2888,2941,2942));
#5776=IFCINDEXEDPOLYGONALFACE((2959,2889,2942));
#5777=IFCINDEXEDPOLYGONALFACE((2918,2943,2944));
#5778=IFCINDEXEDPOLYGONALFACE((2960,2944,2943));
#5779=IFCINDEXEDPOLYGONALFACE((2944,2961,2945));
#5780=IFCINDEXEDPOLYGONALFACE((2891,2945,2962));
#5781=IFCINDEXEDPOLYGONALFACE((2962,2963,2891));
#5782=IFCINDEXEDPOLYGONALFACE((2919,2891,2963));
#5783=IFCINDEXEDPOLYGONALFACE((2964,2920,2965));
#5784=IFCINDEXEDPOLYGONALFACE((2866,2965,2920));
#5785=IFCINDEXEDPOLYGONALFACE((2966,2946,2964));
#5786=IFCINDEXEDPOLYGONALFACE((2920,2964,2946));
#5787=IFCINDEXEDPOLYGONALFACE((2946,2966,2947));
#5788=IFCINDEXEDPOLYGONALFACE((2923,2922,2947));
#5789=IFCINDEXEDPOLYGONALFACE((2967,2924,2968));
#5790=IFCINDEXEDPOLYGONALFACE((2923,2968,2924));
#5791=IFCINDEXEDPOLYGONALFACE((2967,2969,2924));
#5792=IFCINDEXEDPOLYGONALFACE((2969,2894,2924));
#5793=IFCINDEXEDPOLYGONALFACE((2895,2970,2925));
#5794=IFCINDEXEDPOLYGONALFACE((2971,2897,2896));
#5795=IFCINDEXEDPOLYGONALFACE((2827,2897,2972));
#5796=IFCINDEXEDPOLYGONALFACE((2898,2827,2972));
#5797=IFCINDEXEDPOLYGONALFACE((2853,2900,2973));
#5798=IFCINDEXEDPOLYGONALFACE((2973,2974,2853));
#5799=IFCINDEXEDPOLYGONALFACE((2975,2950,2683));
#5800=IFCINDEXEDPOLYGONALFACE((2901,2950,2976));
#5801=IFCINDEXEDPOLYGONALFACE((2977,2976,2950));
#5802=IFCINDEXEDPOLYGONALFACE((2978,2951,2976));
#5803=IFCINDEXEDPOLYGONALFACE((2901,2976,2951));
#5804=IFCINDEXEDPOLYGONALFACE((2951,2978,2952));
#5805=IFCINDEXEDPOLYGONALFACE((2953,2952,2978));
#5806=IFCINDEXEDPOLYGONALFACE((2979,2954,2953));
#5807=IFCINDEXEDPOLYGONALFACE((2979,2980,2954));
#5808=IFCINDEXEDPOLYGONALFACE((2954,2980,2905));
#5809=IFCINDEXEDPOLYGONALFACE((2905,2980,2877));
#5810=IFCINDEXEDPOLYGONALFACE((2981,2906,2877));
#5811=IFCINDEXEDPOLYGONALFACE((2907,2931,2981));
#5812=IFCINDEXEDPOLYGONALFACE((2906,2981,2931));
#5813=IFCINDEXEDPOLYGONALFACE((2932,2770,2878));
#5814=IFCINDEXEDPOLYGONALFACE((2982,2834,2833));
#5815=IFCINDEXEDPOLYGONALFACE((2982,2983,2834));
#5816=IFCINDEXEDPOLYGONALFACE((2984,2879,2834));
#5817=IFCINDEXEDPOLYGONALFACE((2933,2861,2955));
#5818=IFCINDEXEDPOLYGONALFACE((2883,2985,2909));
#5819=IFCINDEXEDPOLYGONALFACE((2986,2836,2884));
#5820=IFCINDEXEDPOLYGONALFACE((2837,2836,2987));
#5821=IFCINDEXEDPOLYGONALFACE((2838,2937,2956));
#5822=IFCINDEXEDPOLYGONALFACE((2938,2988,2813));
#5823=IFCINDEXEDPOLYGONALFACE((2813,2988,2939));
#5824=IFCINDEXEDPOLYGONALFACE((2989,2885,2957));
#5825=IFCINDEXEDPOLYGONALFACE((2915,2914,2916));
#5826=IFCINDEXEDPOLYGONALFACE((2889,2959,2943));
#5827=IFCINDEXEDPOLYGONALFACE((2961,2962,2945));
#5828=IFCINDEXEDPOLYGONALFACE((2963,2990,2919));
#5829=IFCINDEXEDPOLYGONALFACE((2866,2821,2991));
#5830=IFCINDEXEDPOLYGONALFACE((2965,2866,2991));
#5831=IFCINDEXEDPOLYGONALFACE((2992,2965,2991));
#5832=IFCINDEXEDPOLYGONALFACE((2964,2965,2993));
#5833=IFCINDEXEDPOLYGONALFACE((2994,2947,2966));
#5834=IFCINDEXEDPOLYGONALFACE((2947,2994,2923));
#5835=IFCINDEXEDPOLYGONALFACE((2967,2968,2995));
#5836=IFCINDEXEDPOLYGONALFACE((2967,2995,2969));
#5837=IFCINDEXEDPOLYGONALFACE((2969,2948,2894));
#5838=IFCINDEXEDPOLYGONALFACE((2926,2925,2970));
#5839=IFCINDEXEDPOLYGONALFACE((2896,2926,2996));
#5840=IFCINDEXEDPOLYGONALFACE((2898,2997,2899));
#5841=IFCINDEXEDPOLYGONALFACE((2927,2899,2997));
#5842=IFCINDEXEDPOLYGONALFACE((2927,2998,2900));
#5843=IFCINDEXEDPOLYGONALFACE((2828,2853,2974));
#5844=IFCINDEXEDPOLYGONALFACE((2950,2975,2999));
#5845=IFCINDEXEDPOLYGONALFACE((2999,2977,2950));
#5846=IFCINDEXEDPOLYGONALFACE((2978,2976,3000));
#5847=IFCINDEXEDPOLYGONALFACE((3001,2978,3000));
#5848=IFCINDEXEDPOLYGONALFACE((3002,2953,3001));
#5849=IFCINDEXEDPOLYGONALFACE((3001,2953,2978));
#5850=IFCINDEXEDPOLYGONALFACE((3003,2980,2979));
#5851=IFCINDEXEDPOLYGONALFACE((2877,2980,2981));
#5852=IFCINDEXEDPOLYGONALFACE((3003,2981,2980));
#5853=IFCINDEXEDPOLYGONALFACE((2834,2983,2984));
#5854=IFCINDEXEDPOLYGONALFACE((2955,2879,2984));
#5855=IFCINDEXEDPOLYGONALFACE((2933,2935,2934));
#5856=IFCINDEXEDPOLYGONALFACE((2883,2908,2985));
#5857=IFCINDEXEDPOLYGONALFACE((3004,2884,2909));
#5858=IFCINDEXEDPOLYGONALFACE((2910,3005,2912));
#5859=IFCINDEXEDPOLYGONALFACE((3006,2911,2912));
#5860=IFCINDEXEDPOLYGONALFACE((2885,2989,2958));
#5861=IFCINDEXEDPOLYGONALFACE((3007,2914,2887));
#5862=IFCINDEXEDPOLYGONALFACE((2944,2960,2961));
#5863=IFCINDEXEDPOLYGONALFACE((2960,2962,2961));
#5864=IFCINDEXEDPOLYGONALFACE((2962,2990,2963));
#5865=IFCINDEXEDPOLYGONALFACE((2990,3008,2919));
#5866=IFCINDEXEDPOLYGONALFACE((2821,2919,3008));
#5867=IFCINDEXEDPOLYGONALFACE((2991,2821,3008));
#5868=IFCINDEXEDPOLYGONALFACE((2992,3009,2965));
#5869=IFCINDEXEDPOLYGONALFACE((2993,2965,3009));
#5870=IFCINDEXEDPOLYGONALFACE((2964,2994,2966));
#5871=IFCINDEXEDPOLYGONALFACE((3010,2923,2994));
#5872=IFCINDEXEDPOLYGONALFACE((2968,2923,3011));
#5873=IFCINDEXEDPOLYGONALFACE((3010,3011,2923));
#5874=IFCINDEXEDPOLYGONALFACE((3011,2995,2968));
#5875=IFCINDEXEDPOLYGONALFACE((2949,2948,3012));
#5876=IFCINDEXEDPOLYGONALFACE((3013,2949,3012));
#5877=IFCINDEXEDPOLYGONALFACE((2949,3013,2895));
#5878=IFCINDEXEDPOLYGONALFACE((2895,3013,2970));
#5879=IFCINDEXEDPOLYGONALFACE((3014,2926,2970));
#5880=IFCINDEXEDPOLYGONALFACE((2996,2971,2896));
#5881=IFCINDEXEDPOLYGONALFACE((2898,2972,3015));
#5882=IFCINDEXEDPOLYGONALFACE((3016,2828,2974));
#5883=IFCINDEXEDPOLYGONALFACE((2999,2975,3017));
#5884=IFCINDEXEDPOLYGONALFACE((2977,2999,3017));
#5885=IFCINDEXEDPOLYGONALFACE((2977,3017,2976));
#5886=IFCINDEXEDPOLYGONALFACE((3017,3000,2976));
#5887=IFCINDEXEDPOLYGONALFACE((3001,3000,3002));
#5888=IFCINDEXEDPOLYGONALFACE((3002,3018,2953));
#5889=IFCINDEXEDPOLYGONALFACE((2953,3018,2979));
#5890=IFCINDEXEDPOLYGONALFACE((2981,3019,2907));
#5891=IFCINDEXEDPOLYGONALFACE((2932,3020,2833));
#5892=IFCINDEXEDPOLYGONALFACE((2955,3021,2933));
#5893=IFCINDEXEDPOLYGONALFACE((2935,2908,2835));
#5894=IFCINDEXEDPOLYGONALFACE((2985,2908,3022));
#5895=IFCINDEXEDPOLYGONALFACE((2936,2956,2937));
#5896=IFCINDEXEDPOLYGONALFACE((3023,3005,2956));
#5897=IFCINDEXEDPOLYGONALFACE((2910,2956,3005));
#5898=IFCINDEXEDPOLYGONALFACE((2940,3024,2957));
#5899=IFCINDEXEDPOLYGONALFACE((3024,2958,2957));
#5900=IFCINDEXEDPOLYGONALFACE((2989,2957,2958));
#5901=IFCINDEXEDPOLYGONALFACE((2958,3025,2886));
#5902=IFCINDEXEDPOLYGONALFACE((3025,3026,2886));
#5903=IFCINDEXEDPOLYGONALFACE((2886,3026,2913));
#5904=IFCINDEXEDPOLYGONALFACE((2913,3007,2887));
#5905=IFCINDEXEDPOLYGONALFACE((2914,3027,2916));
#5906=IFCINDEXEDPOLYGONALFACE((3028,2916,3027));
#5907=IFCINDEXEDPOLYGONALFACE((2916,3028,2941));
#5908=IFCINDEXEDPOLYGONALFACE((2942,2941,3028));
#5909=IFCINDEXEDPOLYGONALFACE((2959,2942,3029));
#5910=IFCINDEXEDPOLYGONALFACE((2959,3029,2943));
#5911=IFCINDEXEDPOLYGONALFACE((3030,2943,3029));
#5912=IFCINDEXEDPOLYGONALFACE((2943,3030,3031));
#5913=IFCINDEXEDPOLYGONALFACE((2962,2960,3032));
#5914=IFCINDEXEDPOLYGONALFACE((2990,2962,3033));
#5915=IFCINDEXEDPOLYGONALFACE((3033,3034,2990));
#5916=IFCINDEXEDPOLYGONALFACE((3008,2990,3034));
#5917=IFCINDEXEDPOLYGONALFACE((3035,2991,3008));
#5918=IFCINDEXEDPOLYGONALFACE((3036,2992,3035));
#5919=IFCINDEXEDPOLYGONALFACE((2991,3035,2992));
#5920=IFCINDEXEDPOLYGONALFACE((3036,3009,2992));
#5921=IFCINDEXEDPOLYGONALFACE((3009,3037,2993));
#5922=IFCINDEXEDPOLYGONALFACE((2964,2993,3037));
#5923=IFCINDEXEDPOLYGONALFACE((2964,3037,2994));
#5924=IFCINDEXEDPOLYGONALFACE((3038,2995,3011));
#5925=IFCINDEXEDPOLYGONALFACE((2995,3038,2969));
#5926=IFCINDEXEDPOLYGONALFACE((2948,2969,3039));
#5927=IFCINDEXEDPOLYGONALFACE((2948,3039,3012));
#5928=IFCINDEXEDPOLYGONALFACE((3012,3040,3013));
#5929=IFCINDEXEDPOLYGONALFACE((2972,2897,2971));
#5930=IFCINDEXEDPOLYGONALFACE((3015,3041,2898));
#5931=IFCINDEXEDPOLYGONALFACE((2898,3041,2997));
#5932=IFCINDEXEDPOLYGONALFACE((3042,2997,3041));
#5933=IFCINDEXEDPOLYGONALFACE((2927,2997,3042));
#5934=IFCINDEXEDPOLYGONALFACE((3042,3043,2927));
#5935=IFCINDEXEDPOLYGONALFACE((2998,2927,3043));
#5936=IFCINDEXEDPOLYGONALFACE((2900,2998,2973));
#5937=IFCINDEXEDPOLYGONALFACE((3044,3017,2975));
#5938=IFCINDEXEDPOLYGONALFACE((3002,3000,3045));
#5939=IFCINDEXEDPOLYGONALFACE((3045,3018,3002));
#5940=IFCINDEXEDPOLYGONALFACE((2981,3046,3019));
#5941=IFCINDEXEDPOLYGONALFACE((2833,3020,2982));
#5942=IFCINDEXEDPOLYGONALFACE((2908,2935,3047));
#5943=IFCINDEXEDPOLYGONALFACE((2884,3004,2986));
#5944=IFCINDEXEDPOLYGONALFACE((3048,2987,2836));
#5945=IFCINDEXEDPOLYGONALFACE((2936,2837,2987));
#5946=IFCINDEXEDPOLYGONALFACE((2956,2936,3023));
#5947=IFCINDEXEDPOLYGONALFACE((3049,2911,3006));
#5948=IFCINDEXEDPOLYGONALFACE((2911,3049,2938));
#5949=IFCINDEXEDPOLYGONALFACE((2988,2938,3049));
#5950=IFCINDEXEDPOLYGONALFACE((3050,3025,2958));
#5951=IFCINDEXEDPOLYGONALFACE((3051,2960,3031));
#5952=IFCINDEXEDPOLYGONALFACE((3031,2960,2943));
#5953=IFCINDEXEDPOLYGONALFACE((3051,3032,2960));
#5954=IFCINDEXEDPOLYGONALFACE((2962,3032,3052));
#5955=IFCINDEXEDPOLYGONALFACE((3052,3033,2962));
#5956=IFCINDEXEDPOLYGONALFACE((3052,3053,3033));
#5957=IFCINDEXEDPOLYGONALFACE((3008,3034,3054));
#5958=IFCINDEXEDPOLYGONALFACE((3054,3035,3008));
#5959=IFCINDEXEDPOLYGONALFACE((3036,3035,3055));
#5960=IFCINDEXEDPOLYGONALFACE((3056,3036,3055));
#5961=IFCINDEXEDPOLYGONALFACE((3036,3056,3009));
#5962=IFCINDEXEDPOLYGONALFACE((3056,3057,3009));
#5963=IFCINDEXEDPOLYGONALFACE((3057,3037,3009));
#5964=IFCINDEXEDPOLYGONALFACE((2994,3037,3010));
#5965=IFCINDEXEDPOLYGONALFACE((3058,3011,3059));
#5966=IFCINDEXEDPOLYGONALFACE((3010,3059,3011));
#5967=IFCINDEXEDPOLYGONALFACE((3011,3058,3038));
#5968=IFCINDEXEDPOLYGONALFACE((3040,3012,3039));
#5969=IFCINDEXEDPOLYGONALFACE((3013,3040,3014));
#5970=IFCINDEXEDPOLYGONALFACE((2970,3013,3014));
#5971=IFCINDEXEDPOLYGONALFACE((2926,3014,2996));
#5972=IFCINDEXEDPOLYGONALFACE((3060,3015,2972));
#5973=IFCINDEXEDPOLYGONALFACE((3041,3061,3042));
#5974=IFCINDEXEDPOLYGONALFACE((3062,3042,3061));
#5975=IFCINDEXEDPOLYGONALFACE((2974,2973,3016));
#5976=IFCINDEXEDPOLYGONALFACE((3044,3063,3017));
#5977=IFCINDEXEDPOLYGONALFACE((3000,3017,3045));
#5978=IFCINDEXEDPOLYGONALFACE((3064,2981,3003));
#5979=IFCINDEXEDPOLYGONALFACE((2981,3064,3046));
#5980=IFCINDEXEDPOLYGONALFACE((3065,3019,3046));
#5981=IFCINDEXEDPOLYGONALFACE((3066,3019,3065));
#5982=IFCINDEXEDPOLYGONALFACE((3019,3066,2907));
#5983=IFCINDEXEDPOLYGONALFACE((2878,2907,3066));
#5984=IFCINDEXEDPOLYGONALFACE((3021,2935,2933));
#5985=IFCINDEXEDPOLYGONALFACE((3047,2935,3067));
#5986=IFCINDEXEDPOLYGONALFACE((3047,3022,2908));
#5987=IFCINDEXEDPOLYGONALFACE((2985,3068,2909));
#5988=IFCINDEXEDPOLYGONALFACE((3048,2836,2986));
#5989=IFCINDEXEDPOLYGONALFACE((3069,3070,3005));
#5990=IFCINDEXEDPOLYGONALFACE((3070,3006,3005));
#5991=IFCINDEXEDPOLYGONALFACE((3005,3006,2912));
#5992=IFCINDEXEDPOLYGONALFACE((2940,3071,3024));
#5993=IFCINDEXEDPOLYGONALFACE((2958,3024,3072));
#5994=IFCINDEXEDPOLYGONALFACE((3025,3050,3026));
#5995=IFCINDEXEDPOLYGONALFACE((3026,3073,2913));
#5996=IFCINDEXEDPOLYGONALFACE((2913,3073,3007));
#5997=IFCINDEXEDPOLYGONALFACE((3027,2914,3007));
#5998=IFCINDEXEDPOLYGONALFACE((3074,3030,3029));
#5999=IFCINDEXEDPOLYGONALFACE((3033,3053,3075));
#6000=IFCINDEXEDPOLYGONALFACE((3034,3033,3076));
#6001=IFCINDEXEDPOLYGONALFACE((3075,3076,3033));
#6002=IFCINDEXEDPOLYGONALFACE((3076,3054,3034));
#6003=IFCINDEXEDPOLYGONALFACE((3055,3035,3077));
#6004=IFCINDEXEDPOLYGONALFACE((3054,3077,3035));
#6005=IFCINDEXEDPOLYGONALFACE((3077,3078,3055));
#6006=IFCINDEXEDPOLYGONALFACE((3056,3055,3078));
#6007=IFCINDEXEDPOLYGONALFACE((3057,3056,3078));
#6008=IFCINDEXEDPOLYGONALFACE((3037,3057,3079));
#6009=IFCINDEXEDPOLYGONALFACE((3010,3037,3059));
#6010=IFCINDEXEDPOLYGONALFACE((3079,3059,3037));
#6011=IFCINDEXEDPOLYGONALFACE((3039,2969,3038));
#6012=IFCINDEXEDPOLYGONALFACE((3080,3040,3039));
#6013=IFCINDEXEDPOLYGONALFACE((3014,3040,3080));
#6014=IFCINDEXEDPOLYGONALFACE((3081,3015,3060));
#6015=IFCINDEXEDPOLYGONALFACE((3041,3015,3082));
#6016=IFCINDEXEDPOLYGONALFACE((3082,3061,3041));
#6017=IFCINDEXEDPOLYGONALFACE((3042,3062,3043));
#6018=IFCINDEXEDPOLYGONALFACE((3083,3016,2973));
#6019=IFCINDEXEDPOLYGONALFACE((3045,3017,3063));
#6020=IFCINDEXEDPOLYGONALFACE((3063,3084,3045));
#6021=IFCINDEXEDPOLYGONALFACE((3045,3084,3018));
#6022=IFCINDEXEDPOLYGONALFACE((3084,2979,3018));
#6023=IFCINDEXEDPOLYGONALFACE((3084,3003,2979));
#6024=IFCINDEXEDPOLYGONALFACE((3065,3046,3064));
#6025=IFCINDEXEDPOLYGONALFACE((3020,2932,2878));
#6026=IFCINDEXEDPOLYGONALFACE((2955,3085,3021));
#6027=IFCINDEXEDPOLYGONALFACE((3021,3067,2935));
#6028=IFCINDEXEDPOLYGONALFACE((3086,3022,3047));
#6029=IFCINDEXEDPOLYGONALFACE((3069,3005,3023));
#6030=IFCINDEXEDPOLYGONALFACE((3070,3087,3006));
#6031=IFCINDEXEDPOLYGONALFACE((3006,3087,3049));
#6032=IFCINDEXEDPOLYGONALFACE((3088,3024,3071));
#6033=IFCINDEXEDPOLYGONALFACE((3072,3024,3088));
#6034=IFCINDEXEDPOLYGONALFACE((3072,3089,2958));
#6035=IFCINDEXEDPOLYGONALFACE((3050,2958,3089));
#6036=IFCINDEXEDPOLYGONALFACE((3089,3090,3050));
#6037=IFCINDEXEDPOLYGONALFACE((3026,3050,3090));
#6038=IFCINDEXEDPOLYGONALFACE((3090,3073,3026));
#6039=IFCINDEXEDPOLYGONALFACE((3027,3091,3028));
#6040=IFCINDEXEDPOLYGONALFACE((3074,3029,3092));
#6041=IFCINDEXEDPOLYGONALFACE((3030,3074,3093));
#6042=IFCINDEXEDPOLYGONALFACE((3031,3094,3051));
#6043=IFCINDEXEDPOLYGONALFACE((3051,3095,3032));
#6044=IFCINDEXEDPOLYGONALFACE((3052,3032,3096));
#6045=IFCINDEXEDPOLYGONALFACE((3076,3075,3054));
#6046=IFCINDEXEDPOLYGONALFACE((3097,3077,3098));
#6047=IFCINDEXEDPOLYGONALFACE((3054,3098,3077));
#6048=IFCINDEXEDPOLYGONALFACE((3077,3097,3078));
#6049=IFCINDEXEDPOLYGONALFACE((3097,3099,3078));
#6050=IFCINDEXEDPOLYGONALFACE((3057,3078,3100));
#6051=IFCINDEXEDPOLYGONALFACE((3057,3100,3079));
#6052=IFCINDEXEDPOLYGONALFACE((3101,3059,3102));
#6053=IFCINDEXEDPOLYGONALFACE((3079,3102,3059));
#6054=IFCINDEXEDPOLYGONALFACE((3103,3058,3101));
#6055=IFCINDEXEDPOLYGONALFACE((3059,3101,3058));
#6056=IFCINDEXEDPOLYGONALFACE((3104,3058,3103));
#6057=IFCINDEXEDPOLYGONALFACE((3058,3104,3038));
#6058=IFCINDEXEDPOLYGONALFACE((3104,3105,3038));
#6059=IFCINDEXEDPOLYGONALFACE((3038,3105,3039));
#6060=IFCINDEXEDPOLYGONALFACE((3080,3039,3105));
#6061=IFCINDEXEDPOLYGONALFACE((3014,3080,3106));
#6062=IFCINDEXEDPOLYGONALFACE((2996,3014,3106));
#6063=IFCINDEXEDPOLYGONALFACE((3107,2996,3106));
#6064=IFCINDEXEDPOLYGONALFACE((2996,3107,2971));
#6065=IFCINDEXEDPOLYGONALFACE((3108,2972,2971));
#6066=IFCINDEXEDPOLYGONALFACE((3081,3082,3015));
#6067=IFCINDEXEDPOLYGONALFACE((3043,3109,2998));
#6068=IFCINDEXEDPOLYGONALFACE((3110,2973,3111));
#6069=IFCINDEXEDPOLYGONALFACE((2973,2998,3111));
#6070=IFCINDEXEDPOLYGONALFACE((3110,3083,2973));
#6071=IFCINDEXEDPOLYGONALFACE((3064,3003,3112));
#6072=IFCINDEXEDPOLYGONALFACE((3113,3064,3112));
#6073=IFCINDEXEDPOLYGONALFACE((3020,2878,3066));
#6074=IFCINDEXEDPOLYGONALFACE((3114,2936,2987));
#6075=IFCINDEXEDPOLYGONALFACE((3049,3087,2988));
#6076=IFCINDEXEDPOLYGONALFACE((2988,3115,2939));
#6077=IFCINDEXEDPOLYGONALFACE((2939,3116,2940));
#6078=IFCINDEXEDPOLYGONALFACE((3071,2940,3116));
#6079=IFCINDEXEDPOLYGONALFACE((3117,3072,3118));
#6080=IFCINDEXEDPOLYGONALFACE((3088,3118,3072));
#6081=IFCINDEXEDPOLYGONALFACE((3007,3073,3119));
#6082=IFCINDEXEDPOLYGONALFACE((3119,3027,3007));
#6083=IFCINDEXEDPOLYGONALFACE((2942,3028,3091));
#6084=IFCINDEXEDPOLYGONALFACE((3120,3029,2942));
#6085=IFCINDEXEDPOLYGONALFACE((3074,3092,3121));
#6086=IFCINDEXEDPOLYGONALFACE((3121,3093,3074));
#6087=IFCINDEXEDPOLYGONALFACE((3093,3094,3030));
#6088=IFCINDEXEDPOLYGONALFACE((3031,3030,3094));
#6089=IFCINDEXEDPOLYGONALFACE((3051,3094,3095));
#6090=IFCINDEXEDPOLYGONALFACE((3122,3095,3094));
#6091=IFCINDEXEDPOLYGONALFACE((3052,3075,3053));
#6092=IFCINDEXEDPOLYGONALFACE((3075,3123,3054));
#6093=IFCINDEXEDPOLYGONALFACE((3124,3054,3123));
#6094=IFCINDEXEDPOLYGONALFACE((3097,3098,3124));
#6095=IFCINDEXEDPOLYGONALFACE((3054,3124,3098));
#6096=IFCINDEXEDPOLYGONALFACE((3078,3099,3125));
#6097=IFCINDEXEDPOLYGONALFACE((3125,3100,3078));
#6098=IFCINDEXEDPOLYGONALFACE((3126,3079,3100));
#6099=IFCINDEXEDPOLYGONALFACE((3079,3126,3102));
#6100=IFCINDEXEDPOLYGONALFACE((3127,3102,3126));
#6101=IFCINDEXEDPOLYGONALFACE((3128,3101,3127));
#6102=IFCINDEXEDPOLYGONALFACE((3102,3127,3101));
#6103=IFCINDEXEDPOLYGONALFACE((3101,3128,3103));
#6104=IFCINDEXEDPOLYGONALFACE((3129,3103,3128));
#6105=IFCINDEXEDPOLYGONALFACE((3103,3129,3104));
#6106=IFCINDEXEDPOLYGONALFACE((3080,3105,3130));
#6107=IFCINDEXEDPOLYGONALFACE((3106,3080,3130));
#6108=IFCINDEXEDPOLYGONALFACE((2971,3107,3108));
#6109=IFCINDEXEDPOLYGONALFACE((3108,3060,2972));
#6110=IFCINDEXEDPOLYGONALFACE((3081,3131,3082));
#6111=IFCINDEXEDPOLYGONALFACE((3082,3131,3061));
#6112=IFCINDEXEDPOLYGONALFACE((3061,3109,3062));
#6113=IFCINDEXEDPOLYGONALFACE((3062,3109,3043));
#6114=IFCINDEXEDPOLYGONALFACE((3083,3110,3132));
#6115=IFCINDEXEDPOLYGONALFACE((3133,3134,3044));
#6116=IFCINDEXEDPOLYGONALFACE((3044,3134,3063));
#6117=IFCINDEXEDPOLYGONALFACE((3135,3064,3113));
#6118=IFCINDEXEDPOLYGONALFACE((3064,3135,3065));
#6119=IFCINDEXEDPOLYGONALFACE((3066,3065,3135));
#6120=IFCINDEXEDPOLYGONALFACE((2984,3136,2955));
#6121=IFCINDEXEDPOLYGONALFACE((2985,3022,3086));
#6122=IFCINDEXEDPOLYGONALFACE((3137,3068,2985));
#6123=IFCINDEXEDPOLYGONALFACE((2909,3068,3004));
#6124=IFCINDEXEDPOLYGONALFACE((3138,2986,3004));
#6125=IFCINDEXEDPOLYGONALFACE((3139,3140,3048));
#6126=IFCINDEXEDPOLYGONALFACE((3140,2987,3048));
#6127=IFCINDEXEDPOLYGONALFACE((2936,3141,3023));
#6128=IFCINDEXEDPOLYGONALFACE((3087,3115,2988));
#6129=IFCINDEXEDPOLYGONALFACE((3116,2939,3115));
#6130=IFCINDEXEDPOLYGONALFACE((3142,3072,3117));
#6131=IFCINDEXEDPOLYGONALFACE((3142,3143,3072));
#6132=IFCINDEXEDPOLYGONALFACE((3089,3072,3143));
#6133=IFCINDEXEDPOLYGONALFACE((3119,3073,3090));
#6134=IFCINDEXEDPOLYGONALFACE((3027,3119,3091));
#6135=IFCINDEXEDPOLYGONALFACE((3120,2942,3091));
#6136=IFCINDEXEDPOLYGONALFACE((3144,3029,3120));
#6137=IFCINDEXEDPOLYGONALFACE((3029,3144,3092));
#6138=IFCINDEXEDPOLYGONALFACE((3093,3121,3094));
#6139=IFCINDEXEDPOLYGONALFACE((3122,3094,3121));
#6140=IFCINDEXEDPOLYGONALFACE((3095,3096,3032));
#6141=IFCINDEXEDPOLYGONALFACE((3145,3052,3096));
#6142=IFCINDEXEDPOLYGONALFACE((3052,3146,3075));
#6143=IFCINDEXEDPOLYGONALFACE((3147,3097,3148));
#6144=IFCINDEXEDPOLYGONALFACE((3124,3148,3097));
#6145=IFCINDEXEDPOLYGONALFACE((3097,3147,3099));
#6146=IFCINDEXEDPOLYGONALFACE((3081,3060,3149));
#6147=IFCINDEXEDPOLYGONALFACE((3061,3150,3109));
#6148=IFCINDEXEDPOLYGONALFACE((3111,2998,3109));
#6149=IFCINDEXEDPOLYGONALFACE((3132,3151,3083));
#6150=IFCINDEXEDPOLYGONALFACE((3084,3063,3152));
#6151=IFCINDEXEDPOLYGONALFACE((3084,3152,3003));
#6152=IFCINDEXEDPOLYGONALFACE((3112,3003,3152));
#6153=IFCINDEXEDPOLYGONALFACE((3066,3135,3153));
#6154=IFCINDEXEDPOLYGONALFACE((3154,3085,2955));
#6155=IFCINDEXEDPOLYGONALFACE((3021,3085,3155));
#6156=IFCINDEXEDPOLYGONALFACE((2985,3086,3137));
#6157=IFCINDEXEDPOLYGONALFACE((3048,2986,3138));
#6158=IFCINDEXEDPOLYGONALFACE((3114,2987,3140));
#6159=IFCINDEXEDPOLYGONALFACE((3114,3141,2936));
#6160=IFCINDEXEDPOLYGONALFACE((3023,3156,3069));
#6161=IFCINDEXEDPOLYGONALFACE((3069,3156,3070));
#6162=IFCINDEXEDPOLYGONALFACE((3157,3088,3158));
#6163=IFCINDEXEDPOLYGONALFACE((3157,3118,3088));
#6164=IFCINDEXEDPOLYGONALFACE((3117,3118,3159));
#6165=IFCINDEXEDPOLYGONALFACE((3159,3160,3117));
#6166=IFCINDEXEDPOLYGONALFACE((3142,3117,3160));
#6167=IFCINDEXEDPOLYGONALFACE((3161,3143,3160));
#6168=IFCINDEXEDPOLYGONALFACE((3142,3160,3143));
#6169=IFCINDEXEDPOLYGONALFACE((3089,3143,3162));
#6170=IFCINDEXEDPOLYGONALFACE((3161,3162,3143));
#6171=IFCINDEXEDPOLYGONALFACE((3162,3163,3089));
#6172=IFCINDEXEDPOLYGONALFACE((3090,3089,3163));
#6173=IFCINDEXEDPOLYGONALFACE((3092,3144,3121));
#6174=IFCINDEXEDPOLYGONALFACE((3146,3052,3145));
#6175=IFCINDEXEDPOLYGONALFACE((3124,3123,3164));
#6176=IFCINDEXEDPOLYGONALFACE((3147,3148,3164));
#6177=IFCINDEXEDPOLYGONALFACE((3124,3164,3148));
#6178=IFCINDEXEDPOLYGONALFACE((3099,3147,3125));
#6179=IFCINDEXEDPOLYGONALFACE((3125,3147,3165));
#6180=IFCINDEXEDPOLYGONALFACE((3166,3127,3167));
#6181=IFCINDEXEDPOLYGONALFACE((3167,3127,3126));
#6182=IFCINDEXEDPOLYGONALFACE((3127,3166,3128));
#6183=IFCINDEXEDPOLYGONALFACE((3128,3166,3168));
#6184=IFCINDEXEDPOLYGONALFACE((3128,3168,3129));
#6185=IFCINDEXEDPOLYGONALFACE((3169,3129,3168));
#6186=IFCINDEXEDPOLYGONALFACE((3170,3104,3129));
#6187=IFCINDEXEDPOLYGONALFACE((3105,3104,3171));
#6188=IFCINDEXEDPOLYGONALFACE((3130,3105,3171));
#6189=IFCINDEXEDPOLYGONALFACE((3171,3172,3130));
#6190=IFCINDEXEDPOLYGONALFACE((3172,3173,3130));
#6191=IFCINDEXEDPOLYGONALFACE((3130,3173,3106));
#6192=IFCINDEXEDPOLYGONALFACE((3060,3108,3174));
#6193=IFCINDEXEDPOLYGONALFACE((3175,3149,3060));
#6194=IFCINDEXEDPOLYGONALFACE((3061,3131,3150));
#6195=IFCINDEXEDPOLYGONALFACE((3109,3150,3111));
#6196=IFCINDEXEDPOLYGONALFACE((3151,3132,3176));
#6197=IFCINDEXEDPOLYGONALFACE((3134,3152,3063));
#6198=IFCINDEXEDPOLYGONALFACE((3177,3112,3152));
#6199=IFCINDEXEDPOLYGONALFACE((3113,3112,3177));
#6200=IFCINDEXEDPOLYGONALFACE((3178,3153,3113));
#6201=IFCINDEXEDPOLYGONALFACE((3135,3113,3153));
#6202=IFCINDEXEDPOLYGONALFACE((3179,3066,3153));
#6203=IFCINDEXEDPOLYGONALFACE((3179,3180,3066));
#6204=IFCINDEXEDPOLYGONALFACE((3020,3066,3181));
#6205=IFCINDEXEDPOLYGONALFACE((3136,2984,2983));
#6206=IFCINDEXEDPOLYGONALFACE((3154,3182,3085));
#6207=IFCINDEXEDPOLYGONALFACE((3085,3183,3155));
#6208=IFCINDEXEDPOLYGONALFACE((3184,3004,3068));
#6209=IFCINDEXEDPOLYGONALFACE((3140,3139,3185));
#6210=IFCINDEXEDPOLYGONALFACE((3070,3186,3087));
#6211=IFCINDEXEDPOLYGONALFACE((3087,3186,3115));
#6212=IFCINDEXEDPOLYGONALFACE((3088,3187,3158));
#6213=IFCINDEXEDPOLYGONALFACE((3160,3159,3188));
#6214=IFCINDEXEDPOLYGONALFACE((3188,3189,3160));
#6215=IFCINDEXEDPOLYGONALFACE((3160,3189,3161));
#6216=IFCINDEXEDPOLYGONALFACE((3190,3162,3189));
#6217=IFCINDEXEDPOLYGONALFACE((3161,3189,3162));
#6218=IFCINDEXEDPOLYGONALFACE((3163,3162,3190));
#6219=IFCINDEXEDPOLYGONALFACE((3190,3191,3163));
#6220=IFCINDEXEDPOLYGONALFACE((3191,3192,3163));
#6221=IFCINDEXEDPOLYGONALFACE((3163,3192,3090));
#6222=IFCINDEXEDPOLYGONALFACE((3192,3193,3090));
#6223=IFCINDEXEDPOLYGONALFACE((3119,3090,3193));
#6224=IFCINDEXEDPOLYGONALFACE((3193,3194,3119));
#6225=IFCINDEXEDPOLYGONALFACE((3119,3194,3091));
#6226=IFCINDEXEDPOLYGONALFACE((3195,3096,3095));
#6227=IFCINDEXEDPOLYGONALFACE((3196,3123,3146));
#6228=IFCINDEXEDPOLYGONALFACE((3146,3123,3075));
#6229=IFCINDEXEDPOLYGONALFACE((3197,3123,3196));
#6230=IFCINDEXEDPOLYGONALFACE((3198,3164,3197));
#6231=IFCINDEXEDPOLYGONALFACE((3164,3123,3197));
#6232=IFCINDEXEDPOLYGONALFACE((3164,3198,3147));
#6233=IFCINDEXEDPOLYGONALFACE((3165,3147,3198));
#6234=IFCINDEXEDPOLYGONALFACE((3199,3167,3126));
#6235=IFCINDEXEDPOLYGONALFACE((3200,3166,3199));
#6236=IFCINDEXEDPOLYGONALFACE((3167,3199,3166));
#6237=IFCINDEXEDPOLYGONALFACE((3166,3200,3168));
#6238=IFCINDEXEDPOLYGONALFACE((3169,3170,3129));
#6239=IFCINDEXEDPOLYGONALFACE((3171,3104,3170));
#6240=IFCINDEXEDPOLYGONALFACE((3131,3081,3149));
#6241=IFCINDEXEDPOLYGONALFACE((3149,3201,3131));
#6242=IFCINDEXEDPOLYGONALFACE((3150,3131,3201));
#6243=IFCINDEXEDPOLYGONALFACE((3150,3202,3111));
#6244=IFCINDEXEDPOLYGONALFACE((3111,3202,3110));
#6245=IFCINDEXEDPOLYGONALFACE((3110,3202,3203));
#6246=IFCINDEXEDPOLYGONALFACE((3110,3203,3132));
#6247=IFCINDEXEDPOLYGONALFACE((3152,3134,3204));
#6248=IFCINDEXEDPOLYGONALFACE((3178,3113,3177));
#6249=IFCINDEXEDPOLYGONALFACE((3205,3181,3066));
#6250=IFCINDEXEDPOLYGONALFACE((2983,2982,3020));
#6251=IFCINDEXEDPOLYGONALFACE((3085,3182,3183));
#6252=IFCINDEXEDPOLYGONALFACE((3021,3155,3067));
#6253=IFCINDEXEDPOLYGONALFACE((3206,3004,3184));
#6254=IFCINDEXEDPOLYGONALFACE((3004,3206,3138));
#6255=IFCINDEXEDPOLYGONALFACE((3048,3207,3139));
#6256=IFCINDEXEDPOLYGONALFACE((3140,3208,3114));
#6257=IFCINDEXEDPOLYGONALFACE((3115,3209,3116));
#6258=IFCINDEXEDPOLYGONALFACE((3116,3210,3071));
#6259=IFCINDEXEDPOLYGONALFACE((3071,3187,3088));
#6260=IFCINDEXEDPOLYGONALFACE((3118,3157,3211));
#6261=IFCINDEXEDPOLYGONALFACE((3159,3118,3211));
#6262=IFCINDEXEDPOLYGONALFACE((3189,3212,3190));
#6263=IFCINDEXEDPOLYGONALFACE((3191,3190,3213));
#6264=IFCINDEXEDPOLYGONALFACE((3212,3213,3190));
#6265=IFCINDEXEDPOLYGONALFACE((3213,3214,3191));
#6266=IFCINDEXEDPOLYGONALFACE((3192,3191,3214));
#6267=IFCINDEXEDPOLYGONALFACE((3215,3192,3214));
#6268=IFCINDEXEDPOLYGONALFACE((3215,3216,3192));
#6269=IFCINDEXEDPOLYGONALFACE((3193,3192,3216));
#6270=IFCINDEXEDPOLYGONALFACE((3091,3194,3217));
#6271=IFCINDEXEDPOLYGONALFACE((3120,3218,3144));
#6272=IFCINDEXEDPOLYGONALFACE((3121,3144,3219));
#6273=IFCINDEXEDPOLYGONALFACE((3096,3195,3145));
#6274=IFCINDEXEDPOLYGONALFACE((3220,3146,3221));
#6275=IFCINDEXEDPOLYGONALFACE((3145,3221,3146));
#6276=IFCINDEXEDPOLYGONALFACE((3197,3222,3198));
#6277=IFCINDEXEDPOLYGONALFACE((3223,3198,3222));
#6278=IFCINDEXEDPOLYGONALFACE((3198,3223,3165));
#6279=IFCINDEXEDPOLYGONALFACE((3125,3165,3223));
#6280=IFCINDEXEDPOLYGONALFACE((3224,3100,3225));
#6281=IFCINDEXEDPOLYGONALFACE((3125,3225,3100));
#6282=IFCINDEXEDPOLYGONALFACE((3100,3224,3126));
#6283=IFCINDEXEDPOLYGONALFACE((3126,3224,3199));
#6284=IFCINDEXEDPOLYGONALFACE((3168,3200,3226));
#6285=IFCINDEXEDPOLYGONALFACE((3168,3226,3169));
#6286=IFCINDEXEDPOLYGONALFACE((3172,3171,3227));
#6287=IFCINDEXEDPOLYGONALFACE((3172,3227,3173));
#6288=IFCINDEXEDPOLYGONALFACE((3173,3228,3106));
#6289=IFCINDEXEDPOLYGONALFACE((3107,3106,3228));
#6290=IFCINDEXEDPOLYGONALFACE((3107,3229,3108));
#6291=IFCINDEXEDPOLYGONALFACE((3060,3174,3175));
#6292=IFCINDEXEDPOLYGONALFACE((3201,3202,3150));
#6293=IFCINDEXEDPOLYGONALFACE((3132,3203,3176));
#6294=IFCINDEXEDPOLYGONALFACE((3230,3176,3231));
#6295=IFCINDEXEDPOLYGONALFACE((3176,3230,3151));
#6296=IFCINDEXEDPOLYGONALFACE((3204,3232,3152));
#6297=IFCINDEXEDPOLYGONALFACE((3152,3232,3177));
#6298=IFCINDEXEDPOLYGONALFACE((3066,3180,3205));
#6299=IFCINDEXEDPOLYGONALFACE((3020,3233,2983));
#6300=IFCINDEXEDPOLYGONALFACE((3138,3206,3048));
#6301=IFCINDEXEDPOLYGONALFACE((3207,3234,3139));
#6302=IFCINDEXEDPOLYGONALFACE((3234,3185,3139));
#6303=IFCINDEXEDPOLYGONALFACE((3208,3140,3185));
#6304=IFCINDEXEDPOLYGONALFACE((3235,3023,3141));
#6305=IFCINDEXEDPOLYGONALFACE((3210,3116,3209));
#6306=IFCINDEXEDPOLYGONALFACE((3071,3210,3187));
#6307=IFCINDEXEDPOLYGONALFACE((3189,3188,3236));
#6308=IFCINDEXEDPOLYGONALFACE((3236,3212,3189));
#6309=IFCINDEXEDPOLYGONALFACE((3237,3213,3212));
#6310=IFCINDEXEDPOLYGONALFACE((3238,3214,3237));
#6311=IFCINDEXEDPOLYGONALFACE((3213,3237,3214));
#6312=IFCINDEXEDPOLYGONALFACE((3214,3238,3215));
#6313=IFCINDEXEDPOLYGONALFACE((3239,3215,3238));
#6314=IFCINDEXEDPOLYGONALFACE((3239,3216,3215));
#6315=IFCINDEXEDPOLYGONALFACE((3194,3193,3240));
#6316=IFCINDEXEDPOLYGONALFACE((3120,3091,3217));
#6317=IFCINDEXEDPOLYGONALFACE((3120,3217,3218));
#6318=IFCINDEXEDPOLYGONALFACE((3219,3144,3218));
#6319=IFCINDEXEDPOLYGONALFACE((3241,3121,3219));
#6320=IFCINDEXEDPOLYGONALFACE((3121,3241,3122));
#6321=IFCINDEXEDPOLYGONALFACE((3241,3095,3122));
#6322=IFCINDEXEDPOLYGONALFACE((3095,3242,3195));
#6323=IFCINDEXEDPOLYGONALFACE((3221,3145,3243));
#6324=IFCINDEXEDPOLYGONALFACE((3243,3145,3195));
#6325=IFCINDEXEDPOLYGONALFACE((3146,3220,3196));
#6326=IFCINDEXEDPOLYGONALFACE((3244,3197,3196));
#6327=IFCINDEXEDPOLYGONALFACE((3223,3222,3244));
#6328=IFCINDEXEDPOLYGONALFACE((3197,3244,3222));
#6329=IFCINDEXEDPOLYGONALFACE((3245,3246,3223));
#6330=IFCINDEXEDPOLYGONALFACE((3125,3223,3246));
#6331=IFCINDEXEDPOLYGONALFACE((3247,3199,3248));
#6332=IFCINDEXEDPOLYGONALFACE((3224,3248,3199));
#6333=IFCINDEXEDPOLYGONALFACE((3199,3247,3200));
#6334=IFCINDEXEDPOLYGONALFACE((3226,3200,3247));
#6335=IFCINDEXEDPOLYGONALFACE((3169,3226,3249));
#6336=IFCINDEXEDPOLYGONALFACE((3170,3169,3249));
#6337=IFCINDEXEDPOLYGONALFACE((3250,3227,3170));
#6338=IFCINDEXEDPOLYGONALFACE((3227,3171,3170));
#6339=IFCINDEXEDPOLYGONALFACE((3227,3228,3173));
#6340=IFCINDEXEDPOLYGONALFACE((3229,3174,3108));
#6341=IFCINDEXEDPOLYGONALFACE((3251,3175,3174));
#6342=IFCINDEXEDPOLYGONALFACE((3202,3201,3252));
#6343=IFCINDEXEDPOLYGONALFACE((3252,3203,3202));
#6344=IFCINDEXEDPOLYGONALFACE((3253,3230,3231));
#6345=IFCINDEXEDPOLYGONALFACE((3177,3232,3178));
#6346=IFCINDEXEDPOLYGONALFACE((3254,3178,3232));
#6347=IFCINDEXEDPOLYGONALFACE((3255,3178,3254));
#6348=IFCINDEXEDPOLYGONALFACE((3178,3255,3153));
#6349=IFCINDEXEDPOLYGONALFACE((3233,3020,3181));
#6350=IFCINDEXEDPOLYGONALFACE((3047,3067,3256));
#6351=IFCINDEXEDPOLYGONALFACE((3068,3137,3184));
#6352=IFCINDEXEDPOLYGONALFACE((3206,3207,3048));
#6353=IFCINDEXEDPOLYGONALFACE((3208,3257,3114));
#6354=IFCINDEXEDPOLYGONALFACE((3141,3114,3235));
#6355=IFCINDEXEDPOLYGONALFACE((3258,3156,3235));
#6356=IFCINDEXEDPOLYGONALFACE((3023,3235,3156));
#6357=IFCINDEXEDPOLYGONALFACE((3186,3070,3156));
#6358=IFCINDEXEDPOLYGONALFACE((3156,3259,3186));
#6359=IFCINDEXEDPOLYGONALFACE((3187,3260,3158));
#6360=IFCINDEXEDPOLYGONALFACE((3260,3157,3158));
#6361=IFCINDEXEDPOLYGONALFACE((3188,3159,3211));
#6362=IFCINDEXEDPOLYGONALFACE((3212,3236,3261));
#6363=IFCINDEXEDPOLYGONALFACE((3212,3261,3237));
#6364=IFCINDEXEDPOLYGONALFACE((3262,3238,3237));
#6365=IFCINDEXEDPOLYGONALFACE((3238,3262,3239));
#6366=IFCINDEXEDPOLYGONALFACE((3239,3263,3216));
#6367=IFCINDEXEDPOLYGONALFACE((3216,3240,3193));
#6368=IFCINDEXEDPOLYGONALFACE((3264,3194,3240));
#6369=IFCINDEXEDPOLYGONALFACE((3241,3265,3095));
#6370=IFCINDEXEDPOLYGONALFACE((3242,3095,3265));
#6371=IFCINDEXEDPOLYGONALFACE((3244,3266,3223));
#6372=IFCINDEXEDPOLYGONALFACE((3267,3223,3266));
#6373=IFCINDEXEDPOLYGONALFACE((3267,3245,3223));
#6374=IFCINDEXEDPOLYGONALFACE((3246,3225,3125));
#6375=IFCINDEXEDPOLYGONALFACE((3249,3226,3268));
#6376=IFCINDEXEDPOLYGONALFACE((3170,3249,3250));
#6377=IFCINDEXEDPOLYGONALFACE((3250,3269,3227));
#6378=IFCINDEXEDPOLYGONALFACE((3228,3227,3269));
#6379=IFCINDEXEDPOLYGONALFACE((3229,3270,3174));
#6380=IFCINDEXEDPOLYGONALFACE((3231,3176,3271));
#6381=IFCINDEXEDPOLYGONALFACE((3203,3271,3176));
#6382=IFCINDEXEDPOLYGONALFACE((3272,3273,3230));
#6383=IFCINDEXEDPOLYGONALFACE((3230,3273,3151));
#6384=IFCINDEXEDPOLYGONALFACE((3274,3133,3275));
#6385=IFCINDEXEDPOLYGONALFACE((3276,3181,3205));
#6386=IFCINDEXEDPOLYGONALFACE((2983,3233,3136));
#6387=IFCINDEXEDPOLYGONALFACE((3277,2955,3136));
#6388=IFCINDEXEDPOLYGONALFACE((2955,3277,3154));
#6389=IFCINDEXEDPOLYGONALFACE((3182,3154,3278));
#6390=IFCINDEXEDPOLYGONALFACE((3182,3278,3183));
#6391=IFCINDEXEDPOLYGONALFACE((3183,3278,3155));
#6392=IFCINDEXEDPOLYGONALFACE((3047,3256,3086));
#6393=IFCINDEXEDPOLYGONALFACE((3234,3279,3185));
#6394=IFCINDEXEDPOLYGONALFACE((3185,3279,3208));
#6395=IFCINDEXEDPOLYGONALFACE((3115,3186,3259));
#6396=IFCINDEXEDPOLYGONALFACE((3187,3210,3280));
#6397=IFCINDEXEDPOLYGONALFACE((3260,3187,3280));
#6398=IFCINDEXEDPOLYGONALFACE((3281,3188,3211));
#6399=IFCINDEXEDPOLYGONALFACE((3282,3236,3281));
#6400=IFCINDEXEDPOLYGONALFACE((3188,3281,3236));
#6401=IFCINDEXEDPOLYGONALFACE((3282,3261,3236));
#6402=IFCINDEXEDPOLYGONALFACE((3283,3237,3284));
#6403=IFCINDEXEDPOLYGONALFACE((3261,3284,3237));
#6404=IFCINDEXEDPOLYGONALFACE((3237,3283,3262));
#6405=IFCINDEXEDPOLYGONALFACE((3285,3262,3283));
#6406=IFCINDEXEDPOLYGONALFACE((3262,3263,3239));
#6407=IFCINDEXEDPOLYGONALFACE((3240,3216,3263));
#6408=IFCINDEXEDPOLYGONALFACE((3217,3194,3286));
#6409=IFCINDEXEDPOLYGONALFACE((3286,3194,3264));
#6410=IFCINDEXEDPOLYGONALFACE((3217,3287,3218));
#6411=IFCINDEXEDPOLYGONALFACE((3287,3219,3218));
#6412=IFCINDEXEDPOLYGONALFACE((3242,3288,3195));
#6413=IFCINDEXEDPOLYGONALFACE((3195,3288,3243));
#6414=IFCINDEXEDPOLYGONALFACE((3220,3221,3289));
#6415=IFCINDEXEDPOLYGONALFACE((3243,3289,3221));
#6416=IFCINDEXEDPOLYGONALFACE((3220,3289,3196));
#6417=IFCINDEXEDPOLYGONALFACE((3290,3196,3289));
#6418=IFCINDEXEDPOLYGONALFACE((3291,3244,3290));
#6419=IFCINDEXEDPOLYGONALFACE((3290,3244,3196));
#6420=IFCINDEXEDPOLYGONALFACE((3244,3291,3266));
#6421=IFCINDEXEDPOLYGONALFACE((3266,3291,3267));
#6422=IFCINDEXEDPOLYGONALFACE((3292,3224,3225));
#6423=IFCINDEXEDPOLYGONALFACE((3224,3292,3248));
#6424=IFCINDEXEDPOLYGONALFACE((3248,3292,3247));
#6425=IFCINDEXEDPOLYGONALFACE((3293,3247,3292));
#6426=IFCINDEXEDPOLYGONALFACE((3247,3293,3226));
#6427=IFCINDEXEDPOLYGONALFACE((3268,3226,3293));
#6428=IFCINDEXEDPOLYGONALFACE((3268,3294,3249));
#6429=IFCINDEXEDPOLYGONALFACE((3269,3295,3228));
#6430=IFCINDEXEDPOLYGONALFACE((3229,3107,3296));
#6431=IFCINDEXEDPOLYGONALFACE((3228,3296,3107));
#6432=IFCINDEXEDPOLYGONALFACE((3297,3174,3270));
#6433=IFCINDEXEDPOLYGONALFACE((3298,3174,3297));
#6434=IFCINDEXEDPOLYGONALFACE((3149,3175,3251));
#6435=IFCINDEXEDPOLYGONALFACE((3252,3201,3299));
#6436=IFCINDEXEDPOLYGONALFACE((3203,3252,3299));
#6437=IFCINDEXEDPOLYGONALFACE((3300,3231,3271));
#6438=IFCINDEXEDPOLYGONALFACE((3300,3253,3231));
#6439=IFCINDEXEDPOLYGONALFACE((3272,3230,3253));
#6440=IFCINDEXEDPOLYGONALFACE((3133,3274,3134));
#6441=IFCINDEXEDPOLYGONALFACE((3274,3204,3134));
#6442=IFCINDEXEDPOLYGONALFACE((3301,3232,3204));
#6443=IFCINDEXEDPOLYGONALFACE((3255,3254,3302));
#6444=IFCINDEXEDPOLYGONALFACE((3232,3302,3254));
#6445=IFCINDEXEDPOLYGONALFACE((3255,3179,3153));
#6446=IFCINDEXEDPOLYGONALFACE((3303,3154,3277));
#6447=IFCINDEXEDPOLYGONALFACE((3256,3067,3155));
#6448=IFCINDEXEDPOLYGONALFACE((3304,3086,3256));
#6449=IFCINDEXEDPOLYGONALFACE((3086,3304,3137));
#6450=IFCINDEXEDPOLYGONALFACE((3279,3234,3207));
#6451=IFCINDEXEDPOLYGONALFACE((3305,3114,3257));
#6452=IFCINDEXEDPOLYGONALFACE((3235,3114,3305));
#6453=IFCINDEXEDPOLYGONALFACE((3306,3115,3259));
#6454=IFCINDEXEDPOLYGONALFACE((3115,3306,3209));
#6455=IFCINDEXEDPOLYGONALFACE((3210,3209,3307));
#6456=IFCINDEXEDPOLYGONALFACE((3280,3308,3260));
#6457=IFCINDEXEDPOLYGONALFACE((3284,3261,3282));
#6458=IFCINDEXEDPOLYGONALFACE((3262,3285,3309));
#6459=IFCINDEXEDPOLYGONALFACE((3263,3262,3309));
#6460=IFCINDEXEDPOLYGONALFACE((3240,3263,3310));
#6461=IFCINDEXEDPOLYGONALFACE((3241,3219,3311));
#6462=IFCINDEXEDPOLYGONALFACE((3265,3241,3311));
#6463=IFCINDEXEDPOLYGONALFACE((3312,3243,3288));
#6464=IFCINDEXEDPOLYGONALFACE((3243,3313,3289));
#6465=IFCINDEXEDPOLYGONALFACE((3289,3313,3290));
#6466=IFCINDEXEDPOLYGONALFACE((3314,3291,3290));
#6467=IFCINDEXEDPOLYGONALFACE((3314,3315,3291));
#6468=IFCINDEXEDPOLYGONALFACE((3267,3291,3315));
#6469=IFCINDEXEDPOLYGONALFACE((3315,3316,3267));
#6470=IFCINDEXEDPOLYGONALFACE((3245,3267,3317));
#6471=IFCINDEXEDPOLYGONALFACE((3316,3317,3267));
#6472=IFCINDEXEDPOLYGONALFACE((3246,3245,3317));
#6473=IFCINDEXEDPOLYGONALFACE((3225,3246,3318));
#6474=IFCINDEXEDPOLYGONALFACE((3225,3318,3292));
#6475=IFCINDEXEDPOLYGONALFACE((3292,3318,3319));
#6476=IFCINDEXEDPOLYGONALFACE((3293,3292,3319));
#6477=IFCINDEXEDPOLYGONALFACE((3249,3320,3250));
#6478=IFCINDEXEDPOLYGONALFACE((3250,3320,3269));
#6479=IFCINDEXEDPOLYGONALFACE((3270,3229,3296));
#6480=IFCINDEXEDPOLYGONALFACE((3201,3149,3321));
#6481=IFCINDEXEDPOLYGONALFACE((3321,3299,3201));
#6482=IFCINDEXEDPOLYGONALFACE((3203,3299,3322));
#6483=IFCINDEXEDPOLYGONALFACE((3203,3322,3271));
#6484=IFCINDEXEDPOLYGONALFACE((3271,3322,3300));
#6485=IFCINDEXEDPOLYGONALFACE((3323,3253,3300));
#6486=IFCINDEXEDPOLYGONALFACE((3324,3273,3325));
#6487=IFCINDEXEDPOLYGONALFACE((3272,3325,3273));
#6488=IFCINDEXEDPOLYGONALFACE((3274,3301,3204));
#6489=IFCINDEXEDPOLYGONALFACE((3326,3205,3180));
#6490=IFCINDEXEDPOLYGONALFACE((3136,3233,3327));
#6491=IFCINDEXEDPOLYGONALFACE((3154,3303,3278));
#6492=IFCINDEXEDPOLYGONALFACE((3328,3256,3155));
#6493=IFCINDEXEDPOLYGONALFACE((3304,3329,3137));
#6494=IFCINDEXEDPOLYGONALFACE((3184,3137,3329));
#6495=IFCINDEXEDPOLYGONALFACE((3330,3259,3156));
#6496=IFCINDEXEDPOLYGONALFACE((3306,3307,3209));
#6497=IFCINDEXEDPOLYGONALFACE((3210,3307,3280));
#6498=IFCINDEXEDPOLYGONALFACE((3331,3281,3211));
#6499=IFCINDEXEDPOLYGONALFACE((3282,3281,3332));
#6500=IFCINDEXEDPOLYGONALFACE((3331,3332,3281));
#6501=IFCINDEXEDPOLYGONALFACE((3282,3332,3284));
#6502=IFCINDEXEDPOLYGONALFACE((3284,3332,3283));
#6503=IFCINDEXEDPOLYGONALFACE((3333,3283,3332));
#6504=IFCINDEXEDPOLYGONALFACE((3283,3333,3285));
#6505=IFCINDEXEDPOLYGONALFACE((3309,3285,3333));
#6506=IFCINDEXEDPOLYGONALFACE((3263,3309,3310));
#6507=IFCINDEXEDPOLYGONALFACE((3240,3310,3334));
#6508=IFCINDEXEDPOLYGONALFACE((3334,3335,3240));
#6509=IFCINDEXEDPOLYGONALFACE((3264,3240,3335));
#6510=IFCINDEXEDPOLYGONALFACE((3335,3286,3264));
#6511=IFCINDEXEDPOLYGONALFACE((3217,3286,3287));
#6512=IFCINDEXEDPOLYGONALFACE((3287,3311,3219));
#6513=IFCINDEXEDPOLYGONALFACE((3242,3336,3288));
#6514=IFCINDEXEDPOLYGONALFACE((3312,3313,3243));
#6515=IFCINDEXEDPOLYGONALFACE((3314,3290,3337));
#6516=IFCINDEXEDPOLYGONALFACE((3337,3290,3313));
#6517=IFCINDEXEDPOLYGONALFACE((3315,3314,3338));
#6518=IFCINDEXEDPOLYGONALFACE((3338,3339,3315));
#6519=IFCINDEXEDPOLYGONALFACE((3318,3317,3316));
#6520=IFCINDEXEDPOLYGONALFACE((3246,3317,3318));
#6521=IFCINDEXEDPOLYGONALFACE((3340,3293,3319));
#6522=IFCINDEXEDPOLYGONALFACE((3293,3340,3268));
#6523=IFCINDEXEDPOLYGONALFACE((3320,3249,3294));
#6524=IFCINDEXEDPOLYGONALFACE((3320,3341,3269));
#6525=IFCINDEXEDPOLYGONALFACE((3342,3297,3270));
#6526=IFCINDEXEDPOLYGONALFACE((3298,3297,3343));
#6527=IFCINDEXEDPOLYGONALFACE((3298,3344,3174));
#6528=IFCINDEXEDPOLYGONALFACE((3251,3174,3344));
#6529=IFCINDEXEDPOLYGONALFACE((3149,3251,3344));
#6530=IFCINDEXEDPOLYGONALFACE((3345,3300,3346));
#6531=IFCINDEXEDPOLYGONALFACE((3346,3300,3322));
#6532=IFCINDEXEDPOLYGONALFACE((3323,3300,3345));
#6533=IFCINDEXEDPOLYGONALFACE((3347,3253,3323));
#6534=IFCINDEXEDPOLYGONALFACE((3347,3325,3253));
#6535=IFCINDEXEDPOLYGONALFACE((3272,3253,3325));
#6536=IFCINDEXEDPOLYGONALFACE((3325,3348,3324));
#6537=IFCINDEXEDPOLYGONALFACE((3274,3275,3349));
#6538=IFCINDEXEDPOLYGONALFACE((3350,3301,3274));
#6539=IFCINDEXEDPOLYGONALFACE((3301,3351,3232));
#6540=IFCINDEXEDPOLYGONALFACE((3302,3232,3351));
#6541=IFCINDEXEDPOLYGONALFACE((3352,3255,3302));
#6542=IFCINDEXEDPOLYGONALFACE((3255,3352,3353));
#6543=IFCINDEXEDPOLYGONALFACE((3353,3179,3255));
#6544=IFCINDEXEDPOLYGONALFACE((3354,3205,3326));
#6545=IFCINDEXEDPOLYGONALFACE((3276,3205,3354));
#6546=IFCINDEXEDPOLYGONALFACE((3276,3355,3181));
#6547=IFCINDEXEDPOLYGONALFACE((3356,3206,3184));
#6548=IFCINDEXEDPOLYGONALFACE((3207,3206,3279));
#6549=IFCINDEXEDPOLYGONALFACE((3279,3357,3208));
#6550=IFCINDEXEDPOLYGONALFACE((3208,3357,3257));
#6551=IFCINDEXEDPOLYGONALFACE((3258,3235,3358));
#6552=IFCINDEXEDPOLYGONALFACE((3359,3306,3259));
#6553=IFCINDEXEDPOLYGONALFACE((3360,3308,3280));
#6554=IFCINDEXEDPOLYGONALFACE((3360,3361,3308));
#6555=IFCINDEXEDPOLYGONALFACE((3361,3260,3308));
#6556=IFCINDEXEDPOLYGONALFACE((3332,3331,3362));
#6557=IFCINDEXEDPOLYGONALFACE((3332,3362,3363));
#6558=IFCINDEXEDPOLYGONALFACE((3333,3332,3364));
#6559=IFCINDEXEDPOLYGONALFACE((3363,3364,3332));
#6560=IFCINDEXEDPOLYGONALFACE((3333,3365,3309));
#6561=IFCINDEXEDPOLYGONALFACE((3366,3309,3365));
#6562=IFCINDEXEDPOLYGONALFACE((3309,3366,3310));
#6563=IFCINDEXEDPOLYGONALFACE((3286,3367,3287));
#6564=IFCINDEXEDPOLYGONALFACE((3242,3265,3336));
#6565=IFCINDEXEDPOLYGONALFACE((3368,3288,3369));
#6566=IFCINDEXEDPOLYGONALFACE((3368,3312,3288));
#6567=IFCINDEXEDPOLYGONALFACE((3370,3313,3312));
#6568=IFCINDEXEDPOLYGONALFACE((3337,3313,3370));
#6569=IFCINDEXEDPOLYGONALFACE((3314,3371,3338));
#6570=IFCINDEXEDPOLYGONALFACE((3339,3372,3315));
#6571=IFCINDEXEDPOLYGONALFACE((3316,3315,3372));
#6572=IFCINDEXEDPOLYGONALFACE((3318,3316,3373));
#6573=IFCINDEXEDPOLYGONALFACE((3373,3374,3318));
#6574=IFCINDEXEDPOLYGONALFACE((3319,3318,3374));
#6575=IFCINDEXEDPOLYGONALFACE((3319,3374,3340));
#6576=IFCINDEXEDPOLYGONALFACE((3294,3268,3340));
#6577=IFCINDEXEDPOLYGONALFACE((3294,3375,3320));
#6578=IFCINDEXEDPOLYGONALFACE((3376,3320,3375));
#6579=IFCINDEXEDPOLYGONALFACE((3320,3376,3341));
#6580=IFCINDEXEDPOLYGONALFACE((3377,3269,3341));
#6581=IFCINDEXEDPOLYGONALFACE((3295,3269,3377));
#6582=IFCINDEXEDPOLYGONALFACE((3228,3295,3296));
#6583=IFCINDEXEDPOLYGONALFACE((3378,3297,3342));
#6584=IFCINDEXEDPOLYGONALFACE((3297,3378,3343));
#6585=IFCINDEXEDPOLYGONALFACE((3149,3344,3321));
#6586=IFCINDEXEDPOLYGONALFACE((3299,3321,3379));
#6587=IFCINDEXEDPOLYGONALFACE((3345,3346,3380));
#6588=IFCINDEXEDPOLYGONALFACE((3381,3323,3345));
#6589=IFCINDEXEDPOLYGONALFACE((3323,3381,3347));
#6590=IFCINDEXEDPOLYGONALFACE((3350,3274,3349));
#6591=IFCINDEXEDPOLYGONALFACE((3350,3382,3301));
#6592=IFCINDEXEDPOLYGONALFACE((3382,3351,3301));
#6593=IFCINDEXEDPOLYGONALFACE((3352,3302,3383));
#6594=IFCINDEXEDPOLYGONALFACE((3179,3384,3180));
#6595=IFCINDEXEDPOLYGONALFACE((3276,3354,3355));
#6596=IFCINDEXEDPOLYGONALFACE((3233,3181,3355));
#6597=IFCINDEXEDPOLYGONALFACE((3327,3233,3385));
#6598=IFCINDEXEDPOLYGONALFACE((3327,3386,3136));
#6599=IFCINDEXEDPOLYGONALFACE((3303,3277,3387));
#6600=IFCINDEXEDPOLYGONALFACE((3303,3328,3278));
#6601=IFCINDEXEDPOLYGONALFACE((3155,3278,3328));
#6602=IFCINDEXEDPOLYGONALFACE((3304,3256,3328));
#6603=IFCINDEXEDPOLYGONALFACE((3206,3356,3279));
#6604=IFCINDEXEDPOLYGONALFACE((3388,3257,3357));
#6605=IFCINDEXEDPOLYGONALFACE((3389,3257,3388));
#6606=IFCINDEXEDPOLYGONALFACE((3257,3389,3305));
#6607=IFCINDEXEDPOLYGONALFACE((3235,3305,3390));
#6608=IFCINDEXEDPOLYGONALFACE((3156,3258,3330));
#6609=IFCINDEXEDPOLYGONALFACE((3330,3359,3259));
#6610=IFCINDEXEDPOLYGONALFACE((3260,3361,3157));
#6611=IFCINDEXEDPOLYGONALFACE((3331,3211,3391));
#6612=IFCINDEXEDPOLYGONALFACE((3331,3391,3362));
#6613=IFCINDEXEDPOLYGONALFACE((3392,3363,3362));
#6614=IFCINDEXEDPOLYGONALFACE((3364,3363,3392));
#6615=IFCINDEXEDPOLYGONALFACE((3365,3333,3364));
#6616=IFCINDEXEDPOLYGONALFACE((3366,3334,3310));
#6617=IFCINDEXEDPOLYGONALFACE((3335,3334,3393));
#6618=IFCINDEXEDPOLYGONALFACE((3393,3286,3335));
#6619=IFCINDEXEDPOLYGONALFACE((3394,3287,3367));
#6620=IFCINDEXEDPOLYGONALFACE((3311,3287,3394));
#6621=IFCINDEXEDPOLYGONALFACE((3288,3336,3369));
#6622=IFCINDEXEDPOLYGONALFACE((3370,3312,3368));
#6623=IFCINDEXEDPOLYGONALFACE((3314,3337,3371));
#6624=IFCINDEXEDPOLYGONALFACE((3338,3371,3395));
#6625=IFCINDEXEDPOLYGONALFACE((3339,3338,3396));
#6626=IFCINDEXEDPOLYGONALFACE((3372,3339,3396));
#6627=IFCINDEXEDPOLYGONALFACE((3374,3397,3340));
#6628=IFCINDEXEDPOLYGONALFACE((3398,3340,3397));
#6629=IFCINDEXEDPOLYGONALFACE((3398,3294,3340));
#6630=IFCINDEXEDPOLYGONALFACE((3399,3375,3400));
#6631=IFCINDEXEDPOLYGONALFACE((3294,3400,3375));
#6632=IFCINDEXEDPOLYGONALFACE((3376,3375,3399));
#6633=IFCINDEXEDPOLYGONALFACE((3401,3295,3377));
#6634=IFCINDEXEDPOLYGONALFACE((3402,3295,3401));
#6635=IFCINDEXEDPOLYGONALFACE((3403,3342,3270));
#6636=IFCINDEXEDPOLYGONALFACE((3343,3404,3298));
#6637=IFCINDEXEDPOLYGONALFACE((3299,3379,3322));
#6638=IFCINDEXEDPOLYGONALFACE((3379,3405,3322));
#6639=IFCINDEXEDPOLYGONALFACE((3346,3322,3405));
#6640=IFCINDEXEDPOLYGONALFACE((3405,3380,3346));
#6641=IFCINDEXEDPOLYGONALFACE((3345,3380,3406));
#6642=IFCINDEXEDPOLYGONALFACE((3406,3381,3345));
#6643=IFCINDEXEDPOLYGONALFACE((3347,3381,3407));
#6644=IFCINDEXEDPOLYGONALFACE((3347,3407,3325));
#6645=IFCINDEXEDPOLYGONALFACE((3348,3325,3408));
#6646=IFCINDEXEDPOLYGONALFACE((3325,3407,3408));
#6647=IFCINDEXEDPOLYGONALFACE((3324,3348,3409));
#6648=IFCINDEXEDPOLYGONALFACE((3408,3409,3348));
#6649=IFCINDEXEDPOLYGONALFACE((3410,3350,3349));
#6650=IFCINDEXEDPOLYGONALFACE((3382,3350,3410));
#6651=IFCINDEXEDPOLYGONALFACE((3383,3302,3351));
#6652=IFCINDEXEDPOLYGONALFACE((3352,3411,3353));
#6653=IFCINDEXEDPOLYGONALFACE((3384,3179,3353));
#6654=IFCINDEXEDPOLYGONALFACE((3384,3326,3180));
#6655=IFCINDEXEDPOLYGONALFACE((3277,3136,3386));
#6656=IFCINDEXEDPOLYGONALFACE((3328,3303,3412));
#6657=IFCINDEXEDPOLYGONALFACE((3356,3388,3279));
#6658=IFCINDEXEDPOLYGONALFACE((3413,3235,3390));
#6659=IFCINDEXEDPOLYGONALFACE((3306,3414,3307));
#6660=IFCINDEXEDPOLYGONALFACE((3307,3415,3280));
#6661=IFCINDEXEDPOLYGONALFACE((3157,3361,3416));
#6662=IFCINDEXEDPOLYGONALFACE((3157,3416,3211));
#6663=IFCINDEXEDPOLYGONALFACE((3417,3362,3391));
#6664=IFCINDEXEDPOLYGONALFACE((3362,3417,3392));
#6665=IFCINDEXEDPOLYGONALFACE((3418,3392,3417));
#6666=IFCINDEXEDPOLYGONALFACE((3364,3392,3419));
#6667=IFCINDEXEDPOLYGONALFACE((3419,3392,3418));
#6668=IFCINDEXEDPOLYGONALFACE((3365,3364,3419));
#6669=IFCINDEXEDPOLYGONALFACE((3419,3420,3365));
#6670=IFCINDEXEDPOLYGONALFACE((3366,3365,3420));
#6671=IFCINDEXEDPOLYGONALFACE((3420,3421,3366));
#6672=IFCINDEXEDPOLYGONALFACE((3366,3421,3334));
#6673=IFCINDEXEDPOLYGONALFACE((3422,3423,3334));
#6674=IFCINDEXEDPOLYGONALFACE((3393,3334,3423));
#6675=IFCINDEXEDPOLYGONALFACE((3393,3367,3286));
#6676=IFCINDEXEDPOLYGONALFACE((3424,3311,3425));
#6677=IFCINDEXEDPOLYGONALFACE((3265,3311,3424));
#6678=IFCINDEXEDPOLYGONALFACE((3265,3424,3426));
#6679=IFCINDEXEDPOLYGONALFACE((3426,3336,3265));
#6680=IFCINDEXEDPOLYGONALFACE((3368,3369,3427));
#6681=IFCINDEXEDPOLYGONALFACE((3368,3427,3370));
#6682=IFCINDEXEDPOLYGONALFACE((3395,3428,3338));
#6683=IFCINDEXEDPOLYGONALFACE((3338,3428,3396));
#6684=IFCINDEXEDPOLYGONALFACE((3429,3396,3428));
#6685=IFCINDEXEDPOLYGONALFACE((3396,3429,3372));
#6686=IFCINDEXEDPOLYGONALFACE((3316,3372,3430));
#6687=IFCINDEXEDPOLYGONALFACE((3429,3430,3372));
#6688=IFCINDEXEDPOLYGONALFACE((3430,3373,3316));
#6689=IFCINDEXEDPOLYGONALFACE((3397,3374,3431));
#6690=IFCINDEXEDPOLYGONALFACE((3373,3431,3374));
#6691=IFCINDEXEDPOLYGONALFACE((3431,3398,3397));
#6692=IFCINDEXEDPOLYGONALFACE((3400,3294,3398));
#6693=IFCINDEXEDPOLYGONALFACE((3399,3432,3376));
#6694=IFCINDEXEDPOLYGONALFACE((3432,3433,3376));
#6695=IFCINDEXEDPOLYGONALFACE((3376,3433,3341));
#6696=IFCINDEXEDPOLYGONALFACE((3433,3377,3341));
#6697=IFCINDEXEDPOLYGONALFACE((3403,3270,3296));
#6698=IFCINDEXEDPOLYGONALFACE((3343,3378,3404));
#6699=IFCINDEXEDPOLYGONALFACE((3434,3435,3298));
#6700=IFCINDEXEDPOLYGONALFACE((3344,3298,3435));
#6701=IFCINDEXEDPOLYGONALFACE((3321,3436,3379));
#6702=IFCINDEXEDPOLYGONALFACE((3405,3437,3380));
#6703=IFCINDEXEDPOLYGONALFACE((3380,3437,3406));
#6704=IFCINDEXEDPOLYGONALFACE((3381,3406,3438));
#6705=IFCINDEXEDPOLYGONALFACE((3437,3438,3406));
#6706=IFCINDEXEDPOLYGONALFACE((3439,3407,3438));
#6707=IFCINDEXEDPOLYGONALFACE((3381,3438,3407));
#6708=IFCINDEXEDPOLYGONALFACE((3440,3407,3439));
#6709=IFCINDEXEDPOLYGONALFACE((3407,3440,3408));
#6710=IFCINDEXEDPOLYGONALFACE((3275,3441,3349));
#6711=IFCINDEXEDPOLYGONALFACE((3410,3349,3442));
#6712=IFCINDEXEDPOLYGONALFACE((3411,3352,3383));
#6713=IFCINDEXEDPOLYGONALFACE((3233,3355,3443));
#6714=IFCINDEXEDPOLYGONALFACE((3233,3443,3385));
#6715=IFCINDEXEDPOLYGONALFACE((3327,3385,3444));
#6716=IFCINDEXEDPOLYGONALFACE((3303,3387,3412));
#6717=IFCINDEXEDPOLYGONALFACE((3279,3388,3357));
#6718=IFCINDEXEDPOLYGONALFACE((3358,3235,3413));
#6719=IFCINDEXEDPOLYGONALFACE((3258,3358,3445));
#6720=IFCINDEXEDPOLYGONALFACE((3359,3330,3446));
#6721=IFCINDEXEDPOLYGONALFACE((3359,3446,3306));
#6722=IFCINDEXEDPOLYGONALFACE((3447,3307,3414));
#6723=IFCINDEXEDPOLYGONALFACE((3280,3415,3360));
#6724=IFCINDEXEDPOLYGONALFACE((3360,3448,3361));
#6725=IFCINDEXEDPOLYGONALFACE((3417,3391,3449));
#6726=IFCINDEXEDPOLYGONALFACE((3418,3417,3449));
#6727=IFCINDEXEDPOLYGONALFACE((3418,3450,3419));
#6728=IFCINDEXEDPOLYGONALFACE((3422,3334,3421));
#6729=IFCINDEXEDPOLYGONALFACE((3451,3423,3422));
#6730=IFCINDEXEDPOLYGONALFACE((3452,3423,3451));
#6731=IFCINDEXEDPOLYGONALFACE((3393,3423,3452));
#6732=IFCINDEXEDPOLYGONALFACE((3393,3452,3367));
#6733=IFCINDEXEDPOLYGONALFACE((3394,3425,3311));
#6734=IFCINDEXEDPOLYGONALFACE((3453,3369,3336));
#6735=IFCINDEXEDPOLYGONALFACE((3427,3369,3453));
#6736=IFCINDEXEDPOLYGONALFACE((3427,3454,3370));
#6737=IFCINDEXEDPOLYGONALFACE((3337,3370,3455));
#6738=IFCINDEXEDPOLYGONALFACE((3455,3395,3337));
#6739=IFCINDEXEDPOLYGONALFACE((3395,3371,3337));
#6740=IFCINDEXEDPOLYGONALFACE((3395,3456,3428));
#6741=IFCINDEXEDPOLYGONALFACE((3428,3457,3429));
#6742=IFCINDEXEDPOLYGONALFACE((3431,3373,3458));
#6743=IFCINDEXEDPOLYGONALFACE((3431,3459,3398));
#6744=IFCINDEXEDPOLYGONALFACE((3459,3400,3398));
#6745=IFCINDEXEDPOLYGONALFACE((3399,3460,3432));
#6746=IFCINDEXEDPOLYGONALFACE((3432,3461,3433));
#6747=IFCINDEXEDPOLYGONALFACE((3462,3377,3433));
#6748=IFCINDEXEDPOLYGONALFACE((3403,3296,3402));
#6749=IFCINDEXEDPOLYGONALFACE((3295,3402,3296));
#6750=IFCINDEXEDPOLYGONALFACE((3342,3403,3378));
#6751=IFCINDEXEDPOLYGONALFACE((3404,3434,3298));
#6752=IFCINDEXEDPOLYGONALFACE((3344,3463,3321));
#6753=IFCINDEXEDPOLYGONALFACE((3464,3405,3379));
#6754=IFCINDEXEDPOLYGONALFACE((3437,3405,3465));
#6755=IFCINDEXEDPOLYGONALFACE((3405,3464,3465));
#6756=IFCINDEXEDPOLYGONALFACE((3438,3437,3466));
#6757=IFCINDEXEDPOLYGONALFACE((3465,3466,3437));
#6758=IFCINDEXEDPOLYGONALFACE((3438,3466,3439));
#6759=IFCINDEXEDPOLYGONALFACE((3439,3466,3440));
#6760=IFCINDEXEDPOLYGONALFACE((3467,3408,3440));
#6761=IFCINDEXEDPOLYGONALFACE((3467,3409,3408));
#6762=IFCINDEXEDPOLYGONALFACE((3442,3349,3441));
#6763=IFCINDEXEDPOLYGONALFACE((3410,3442,3382));
#6764=IFCINDEXEDPOLYGONALFACE((3351,3382,3442));
#6765=IFCINDEXEDPOLYGONALFACE((3468,3411,3383));
#6766=IFCINDEXEDPOLYGONALFACE((3277,3386,3469));
#6767=IFCINDEXEDPOLYGONALFACE((3470,3387,3469));
#6768=IFCINDEXEDPOLYGONALFACE((3277,3469,3387));
#6769=IFCINDEXEDPOLYGONALFACE((3471,3184,3329));
#6770=IFCINDEXEDPOLYGONALFACE((3356,3184,3471));
#6771=IFCINDEXEDPOLYGONALFACE((3446,3330,3258));
#6772=IFCINDEXEDPOLYGONALFACE((3414,3306,3446));
#6773=IFCINDEXEDPOLYGONALFACE((3415,3448,3360));
#6774=IFCINDEXEDPOLYGONALFACE((3448,3472,3361));
#6775=IFCINDEXEDPOLYGONALFACE((3391,3211,3473));
#6776=IFCINDEXEDPOLYGONALFACE((3473,3211,3416));
#6777=IFCINDEXEDPOLYGONALFACE((3473,3449,3391));
#6778=IFCINDEXEDPOLYGONALFACE((3420,3419,3474));
#6779=IFCINDEXEDPOLYGONALFACE((3474,3475,3420));
#6780=IFCINDEXEDPOLYGONALFACE((3421,3420,3475));
#6781=IFCINDEXEDPOLYGONALFACE((3421,3475,3422));
#6782=IFCINDEXEDPOLYGONALFACE((3451,3476,3452));
#6783=IFCINDEXEDPOLYGONALFACE((3452,3476,3367));
#6784=IFCINDEXEDPOLYGONALFACE((3477,3367,3476));
#6785=IFCINDEXEDPOLYGONALFACE((3394,3367,3477));
#6786=IFCINDEXEDPOLYGONALFACE((3477,3425,3394));
#6787=IFCINDEXEDPOLYGONALFACE((3425,3478,3424));
#6788=IFCINDEXEDPOLYGONALFACE((3453,3336,3426));
#6789=IFCINDEXEDPOLYGONALFACE((3454,3427,3453));
#6790=IFCINDEXEDPOLYGONALFACE((3479,3370,3454));
#6791=IFCINDEXEDPOLYGONALFACE((3480,3370,3479));
#6792=IFCINDEXEDPOLYGONALFACE((3370,3480,3455));
#6793=IFCINDEXEDPOLYGONALFACE((3457,3428,3481));
#6794=IFCINDEXEDPOLYGONALFACE((3457,3481,3429));
#6795=IFCINDEXEDPOLYGONALFACE((3430,3429,3481));
#6796=IFCINDEXEDPOLYGONALFACE((3458,3373,3430));
#6797=IFCINDEXEDPOLYGONALFACE((3459,3431,3458));
#6798=IFCINDEXEDPOLYGONALFACE((3400,3459,3399));
#6799=IFCINDEXEDPOLYGONALFACE((3460,3399,3459));
#6800=IFCINDEXEDPOLYGONALFACE((3461,3432,3460));
#6801=IFCINDEXEDPOLYGONALFACE((3462,3433,3461));
#6802=IFCINDEXEDPOLYGONALFACE((3482,3483,3403));
#6803=IFCINDEXEDPOLYGONALFACE((3484,3321,3463));
#6804=IFCINDEXEDPOLYGONALFACE((3485,3321,3484));
#6805=IFCINDEXEDPOLYGONALFACE((3436,3321,3485));
#6806=IFCINDEXEDPOLYGONALFACE((3466,3465,3486));
#6807=IFCINDEXEDPOLYGONALFACE((3464,3486,3465));
#6808=IFCINDEXEDPOLYGONALFACE((3466,3486,3440));
#6809=IFCINDEXEDPOLYGONALFACE((3486,3467,3440));
#6810=IFCINDEXEDPOLYGONALFACE((3351,3442,3487));
#6811=IFCINDEXEDPOLYGONALFACE((3488,3487,3442));
#6812=IFCINDEXEDPOLYGONALFACE((3351,3487,3383));
#6813=IFCINDEXEDPOLYGONALFACE((3468,3383,3487));
#6814=IFCINDEXEDPOLYGONALFACE((3489,3353,3411));
#6815=IFCINDEXEDPOLYGONALFACE((3353,3490,3384));
#6816=IFCINDEXEDPOLYGONALFACE((3355,3354,3443));
#6817=IFCINDEXEDPOLYGONALFACE((3327,3444,3386));
#6818=IFCINDEXEDPOLYGONALFACE((3412,3387,3491));
#6819=IFCINDEXEDPOLYGONALFACE((3470,3491,3387));
#6820=IFCINDEXEDPOLYGONALFACE((3471,3329,3492));
#6821=IFCINDEXEDPOLYGONALFACE((3258,3445,3493));
#6822=IFCINDEXEDPOLYGONALFACE((3493,3494,3258));
#6823=IFCINDEXEDPOLYGONALFACE((3494,3446,3258));
#6824=IFCINDEXEDPOLYGONALFACE((3415,3307,3447));
#6825=IFCINDEXEDPOLYGONALFACE((3415,3495,3448));
#6826=IFCINDEXEDPOLYGONALFACE((3361,3472,3416));
#6827=IFCINDEXEDPOLYGONALFACE((3418,3449,3496));
#6828=IFCINDEXEDPOLYGONALFACE((3496,3497,3418));
#6829=IFCINDEXEDPOLYGONALFACE((3497,3450,3418));
#6830=IFCINDEXEDPOLYGONALFACE((3498,3422,3475));
#6831=IFCINDEXEDPOLYGONALFACE((3451,3422,3498));
#6832=IFCINDEXEDPOLYGONALFACE((3476,3451,3498));
#6833=IFCINDEXEDPOLYGONALFACE((3499,3500,3476));
#6834=IFCINDEXEDPOLYGONALFACE((3477,3476,3500));
#6835=IFCINDEXEDPOLYGONALFACE((3501,3477,3500));
#6836=IFCINDEXEDPOLYGONALFACE((3502,3453,3426));
#6837=IFCINDEXEDPOLYGONALFACE((3503,3395,3480));
#6838=IFCINDEXEDPOLYGONALFACE((3395,3455,3480));
#6839=IFCINDEXEDPOLYGONALFACE((3395,3503,3456));
#6840=IFCINDEXEDPOLYGONALFACE((3504,3428,3456));
#6841=IFCINDEXEDPOLYGONALFACE((3428,3504,3481));
#6842=IFCINDEXEDPOLYGONALFACE((3461,3460,3459));
#6843=IFCINDEXEDPOLYGONALFACE((3505,3377,3506));
#6844=IFCINDEXEDPOLYGONALFACE((3462,3506,3377));
#6845=IFCINDEXEDPOLYGONALFACE((3401,3377,3505));
#6846=IFCINDEXEDPOLYGONALFACE((3403,3507,3378));
#6847=IFCINDEXEDPOLYGONALFACE((3404,3378,3507));
#6848=IFCINDEXEDPOLYGONALFACE((3484,3463,3508));
#6849=IFCINDEXEDPOLYGONALFACE((3436,3464,3379));
#6850=IFCINDEXEDPOLYGONALFACE((3509,3510,3464));
#6851=IFCINDEXEDPOLYGONALFACE((3486,3464,3510));
#6852=IFCINDEXEDPOLYGONALFACE((3409,3467,3511));
#6853=IFCINDEXEDPOLYGONALFACE((3486,3511,3467));
#6854=IFCINDEXEDPOLYGONALFACE((3512,3468,3513));
#6855=IFCINDEXEDPOLYGONALFACE((3514,3513,3468));
#6856=IFCINDEXEDPOLYGONALFACE((3411,3468,3512));
#6857=IFCINDEXEDPOLYGONALFACE((3512,3489,3411));
#6858=IFCINDEXEDPOLYGONALFACE((3489,3490,3353));
#6859=IFCINDEXEDPOLYGONALFACE((3515,3326,3384));
#6860=IFCINDEXEDPOLYGONALFACE((3354,3326,3443));
#6861=IFCINDEXEDPOLYGONALFACE((3443,3516,3385));
#6862=IFCINDEXEDPOLYGONALFACE((3516,3517,3385));
#6863=IFCINDEXEDPOLYGONALFACE((3385,3517,3444));
#6864=IFCINDEXEDPOLYGONALFACE((3518,3444,3517));
#6865=IFCINDEXEDPOLYGONALFACE((3386,3444,3518));
#6866=IFCINDEXEDPOLYGONALFACE((3519,3469,3386));
#6867=IFCINDEXEDPOLYGONALFACE((3520,3329,3304));
#6868=IFCINDEXEDPOLYGONALFACE((3390,3305,3389));
#6869=IFCINDEXEDPOLYGONALFACE((3521,3358,3413));
#6870=IFCINDEXEDPOLYGONALFACE((3472,3522,3416));
#6871=IFCINDEXEDPOLYGONALFACE((3450,3497,3523));
#6872=IFCINDEXEDPOLYGONALFACE((3450,3474,3419));
#6873=IFCINDEXEDPOLYGONALFACE((3476,3498,3499));
#6874=IFCINDEXEDPOLYGONALFACE((3501,3500,3524));
#6875=IFCINDEXEDPOLYGONALFACE((3425,3477,3501));
#6876=IFCINDEXEDPOLYGONALFACE((3425,3501,3525));
#6877=IFCINDEXEDPOLYGONALFACE((3525,3478,3425));
#6878=IFCINDEXEDPOLYGONALFACE((3478,3526,3424));
#6879=IFCINDEXEDPOLYGONALFACE((3527,3424,3526));
#6880=IFCINDEXEDPOLYGONALFACE((3424,3527,3426));
#6881=IFCINDEXEDPOLYGONALFACE((3528,3453,3502));
#6882=IFCINDEXEDPOLYGONALFACE((3453,3528,3454));
#6883=IFCINDEXEDPOLYGONALFACE((3479,3454,3528));
#6884=IFCINDEXEDPOLYGONALFACE((3529,3481,3504));
#6885=IFCINDEXEDPOLYGONALFACE((3481,3530,3430));
#6886=IFCINDEXEDPOLYGONALFACE((3459,3531,3461));
#6887=IFCINDEXEDPOLYGONALFACE((3532,3462,3461));
#6888=IFCINDEXEDPOLYGONALFACE((3506,3462,3532));
#6889=IFCINDEXEDPOLYGONALFACE((3402,3533,3403));
#6890=IFCINDEXEDPOLYGONALFACE((3482,3403,3533));
#6891=IFCINDEXEDPOLYGONALFACE((3507,3403,3483));
#6892=IFCINDEXEDPOLYGONALFACE((3404,3507,3434));
#6893=IFCINDEXEDPOLYGONALFACE((3534,3485,3484));
#6894=IFCINDEXEDPOLYGONALFACE((3436,3535,3464));
#6895=IFCINDEXEDPOLYGONALFACE((3464,3535,3509));
#6896=IFCINDEXEDPOLYGONALFACE((3486,3510,3511));
#6897=IFCINDEXEDPOLYGONALFACE((3441,3536,3442));
#6898=IFCINDEXEDPOLYGONALFACE((3442,3536,3488));
#6899=IFCINDEXEDPOLYGONALFACE((3537,3488,3536));
#6900=IFCINDEXEDPOLYGONALFACE((3537,3487,3488));
#6901=IFCINDEXEDPOLYGONALFACE((3487,3537,3514));
#6902=IFCINDEXEDPOLYGONALFACE((3487,3514,3468));
#6903=IFCINDEXEDPOLYGONALFACE((3513,3538,3512));
#6904=IFCINDEXEDPOLYGONALFACE((3512,3539,3489));
#6905=IFCINDEXEDPOLYGONALFACE((3540,3384,3490));
#6906=IFCINDEXEDPOLYGONALFACE((3384,3540,3515));
#6907=IFCINDEXEDPOLYGONALFACE((3412,3541,3328));
#6908=IFCINDEXEDPOLYGONALFACE((3328,3542,3304));
#6909=IFCINDEXEDPOLYGONALFACE((3520,3304,3542));
#6910=IFCINDEXEDPOLYGONALFACE((3388,3543,3389));
#6911=IFCINDEXEDPOLYGONALFACE((3413,3544,3521));
#6912=IFCINDEXEDPOLYGONALFACE((3445,3358,3545));
#6913=IFCINDEXEDPOLYGONALFACE((3446,3494,3546));
#6914=IFCINDEXEDPOLYGONALFACE((3446,3546,3414));
#6915=IFCINDEXEDPOLYGONALFACE((3546,3447,3414));
#6916=IFCINDEXEDPOLYGONALFACE((3547,3448,3495));
#6917=IFCINDEXEDPOLYGONALFACE((3448,3547,3472));
#6918=IFCINDEXEDPOLYGONALFACE((3416,3522,3548));
#6919=IFCINDEXEDPOLYGONALFACE((3549,3416,3548));
#6920=IFCINDEXEDPOLYGONALFACE((3416,3549,3473));
#6921=IFCINDEXEDPOLYGONALFACE((3449,3473,3550));
#6922=IFCINDEXEDPOLYGONALFACE((3549,3550,3473));
#6923=IFCINDEXEDPOLYGONALFACE((3550,3496,3449));
#6924=IFCINDEXEDPOLYGONALFACE((3474,3450,3523));
#6925=IFCINDEXEDPOLYGONALFACE((3475,3551,3498));
#6926=IFCINDEXEDPOLYGONALFACE((3552,3500,3499));
#6927=IFCINDEXEDPOLYGONALFACE((3500,3552,3524));
#6928=IFCINDEXEDPOLYGONALFACE((3553,3501,3524));
#6929=IFCINDEXEDPOLYGONALFACE((3553,3525,3501));
#6930=IFCINDEXEDPOLYGONALFACE((3527,3554,3426));
#6931=IFCINDEXEDPOLYGONALFACE((3502,3426,3528));
#6932=IFCINDEXEDPOLYGONALFACE((3554,3528,3426));
#6933=IFCINDEXEDPOLYGONALFACE((3555,3430,3530));
#6934=IFCINDEXEDPOLYGONALFACE((3430,3555,3458));
#6935=IFCINDEXEDPOLYGONALFACE((3458,3555,3459));
#6936=IFCINDEXEDPOLYGONALFACE((3531,3459,3555));
#6937=IFCINDEXEDPOLYGONALFACE((3532,3461,3531));
#6938=IFCINDEXEDPOLYGONALFACE((3402,3401,3505));
#6939=IFCINDEXEDPOLYGONALFACE((3435,3556,3344));
#6940=IFCINDEXEDPOLYGONALFACE((3344,3556,3463));
#6941=IFCINDEXEDPOLYGONALFACE((3534,3557,3485));
#6942=IFCINDEXEDPOLYGONALFACE((3557,3436,3485));
#6943=IFCINDEXEDPOLYGONALFACE((3557,3535,3436));
#6944=IFCINDEXEDPOLYGONALFACE((3510,3509,3511));
#6945=IFCINDEXEDPOLYGONALFACE((3489,3539,3490));
#6946=IFCINDEXEDPOLYGONALFACE((3443,3326,3515));
#6947=IFCINDEXEDPOLYGONALFACE((3519,3386,3558));
#6948=IFCINDEXEDPOLYGONALFACE((3469,3491,3470));
#6949=IFCINDEXEDPOLYGONALFACE((3492,3329,3520));
#6950=IFCINDEXEDPOLYGONALFACE((3471,3559,3356));
#6951=IFCINDEXEDPOLYGONALFACE((3389,3543,3560));
#6952=IFCINDEXEDPOLYGONALFACE((3389,3560,3390));
#6953=IFCINDEXEDPOLYGONALFACE((3493,3445,3545));
#6954=IFCINDEXEDPOLYGONALFACE((3522,3472,3561));
#6955=IFCINDEXEDPOLYGONALFACE((3561,3548,3522));
#6956=IFCINDEXEDPOLYGONALFACE((3550,3497,3496));
#6957=IFCINDEXEDPOLYGONALFACE((3474,3551,3475));
#6958=IFCINDEXEDPOLYGONALFACE((3498,3551,3562));
#6959=IFCINDEXEDPOLYGONALFACE((3562,3499,3498));
#6960=IFCINDEXEDPOLYGONALFACE((3499,3562,3552));
#6961=IFCINDEXEDPOLYGONALFACE((3553,3563,3525));
#6962=IFCINDEXEDPOLYGONALFACE((3478,3525,3563));
#6963=IFCINDEXEDPOLYGONALFACE((3526,3478,3563));
#6964=IFCINDEXEDPOLYGONALFACE((3563,3564,3526));
#6965=IFCINDEXEDPOLYGONALFACE((3564,3565,3526));
#6966=IFCINDEXEDPOLYGONALFACE((3527,3526,3565));
#6967=IFCINDEXEDPOLYGONALFACE((3479,3528,3554));
#6968=IFCINDEXEDPOLYGONALFACE((3480,3479,3554));
#6969=IFCINDEXEDPOLYGONALFACE((3480,3566,3503));
#6970=IFCINDEXEDPOLYGONALFACE((3456,3503,3566));
#6971=IFCINDEXEDPOLYGONALFACE((3531,3567,3532));
#6972=IFCINDEXEDPOLYGONALFACE((3434,3507,3556));
#6973=IFCINDEXEDPOLYGONALFACE((3463,3568,3508));
#6974=IFCINDEXEDPOLYGONALFACE((3508,3569,3484));
#6975=IFCINDEXEDPOLYGONALFACE((3484,3569,3570));
#6976=IFCINDEXEDPOLYGONALFACE((3570,3571,3484));
#6977=IFCINDEXEDPOLYGONALFACE((3571,3534,3484));
#6978=IFCINDEXEDPOLYGONALFACE((3557,3572,3535));
#6979=IFCINDEXEDPOLYGONALFACE((3573,3537,3536));
#6980=IFCINDEXEDPOLYGONALFACE((3573,3514,3537));
#6981=IFCINDEXEDPOLYGONALFACE((3573,3513,3514));
#6982=IFCINDEXEDPOLYGONALFACE((3512,3538,3539));
#6983=IFCINDEXEDPOLYGONALFACE((3443,3515,3574));
#6984=IFCINDEXEDPOLYGONALFACE((3574,3516,3443));
#6985=IFCINDEXEDPOLYGONALFACE((3575,3517,3516));
#6986=IFCINDEXEDPOLYGONALFACE((3386,3518,3558));
#6987=IFCINDEXEDPOLYGONALFACE((3519,3576,3469));
#6988=IFCINDEXEDPOLYGONALFACE((3577,3412,3491));
#6989=IFCINDEXEDPOLYGONALFACE((3543,3388,3578));
#6990=IFCINDEXEDPOLYGONALFACE((3447,3546,3579));
#6991=IFCINDEXEDPOLYGONALFACE((3495,3580,3547));
#6992=IFCINDEXEDPOLYGONALFACE((3472,3581,3561));
#6993=IFCINDEXEDPOLYGONALFACE((3549,3582,3550));
#6994=IFCINDEXEDPOLYGONALFACE((3497,3583,3523));
#6995=IFCINDEXEDPOLYGONALFACE((3551,3474,3584));
#6996=IFCINDEXEDPOLYGONALFACE((3552,3562,3585));
#6997=IFCINDEXEDPOLYGONALFACE((3585,3586,3552));
#6998=IFCINDEXEDPOLYGONALFACE((3524,3552,3586));
#6999=IFCINDEXEDPOLYGONALFACE((3524,3586,3553));
#7000=IFCINDEXEDPOLYGONALFACE((3527,3565,3554));
#7001=IFCINDEXEDPOLYGONALFACE((3566,3480,3554));
#7002=IFCINDEXEDPOLYGONALFACE((3456,3587,3504));
#7003=IFCINDEXEDPOLYGONALFACE((3588,3504,3587));
#7004=IFCINDEXEDPOLYGONALFACE((3588,3529,3504));
#7005=IFCINDEXEDPOLYGONALFACE((3481,3529,3530));
#7006=IFCINDEXEDPOLYGONALFACE((3402,3589,3533));
#7007=IFCINDEXEDPOLYGONALFACE((3482,3533,3589));
#7008=IFCINDEXEDPOLYGONALFACE((3483,3556,3507));
#7009=IFCINDEXEDPOLYGONALFACE((3434,3556,3435));
#7010=IFCINDEXEDPOLYGONALFACE((3463,3556,3590));
#7011=IFCINDEXEDPOLYGONALFACE((3508,3568,3591));
#7012=IFCINDEXEDPOLYGONALFACE((3569,3508,3591));
#7013=IFCINDEXEDPOLYGONALFACE((3592,3557,3534));
#7014=IFCINDEXEDPOLYGONALFACE((3509,3593,3511));
#7015=IFCINDEXEDPOLYGONALFACE((3441,3594,3536));
#7016=IFCINDEXEDPOLYGONALFACE((3573,3536,3595));
#7017=IFCINDEXEDPOLYGONALFACE((3596,3573,3595));
#7018=IFCINDEXEDPOLYGONALFACE((3573,3596,3513));
#7019=IFCINDEXEDPOLYGONALFACE((3513,3596,3538));
#7020=IFCINDEXEDPOLYGONALFACE((3597,3538,3596));
#7021=IFCINDEXEDPOLYGONALFACE((3558,3576,3519));
#7022=IFCINDEXEDPOLYGONALFACE((3469,3576,3598));
#7023=IFCINDEXEDPOLYGONALFACE((3469,3598,3491));
#7024=IFCINDEXEDPOLYGONALFACE((3577,3491,3598));
#7025=IFCINDEXEDPOLYGONALFACE((3541,3412,3577));
#7026=IFCINDEXEDPOLYGONALFACE((3328,3541,3542));
#7027=IFCINDEXEDPOLYGONALFACE((3599,3471,3492));
#7028=IFCINDEXEDPOLYGONALFACE((3358,3521,3545));
#7029=IFCINDEXEDPOLYGONALFACE((3493,3545,3494));
#7030=IFCINDEXEDPOLYGONALFACE((3494,3600,3546));
#7031=IFCINDEXEDPOLYGONALFACE((3579,3601,3447));
#7032=IFCINDEXEDPOLYGONALFACE((3447,3601,3415));
#7033=IFCINDEXEDPOLYGONALFACE((3472,3547,3581));
#7034=IFCINDEXEDPOLYGONALFACE((3602,3549,3548));
#7035=IFCINDEXEDPOLYGONALFACE((3602,3582,3549));
#7036=IFCINDEXEDPOLYGONALFACE((3550,3582,3603));
#7037=IFCINDEXEDPOLYGONALFACE((3497,3550,3604));
#7038=IFCINDEXEDPOLYGONALFACE((3550,3603,3604));
#7039=IFCINDEXEDPOLYGONALFACE((3604,3583,3497));
#7040=IFCINDEXEDPOLYGONALFACE((3474,3523,3584));
#7041=IFCINDEXEDPOLYGONALFACE((3583,3584,3523));
#7042=IFCINDEXEDPOLYGONALFACE((3562,3551,3605));
#7043=IFCINDEXEDPOLYGONALFACE((3553,3586,3606));
#7044=IFCINDEXEDPOLYGONALFACE((3563,3553,3606));
#7045=IFCINDEXEDPOLYGONALFACE((3607,3564,3606));
#7046=IFCINDEXEDPOLYGONALFACE((3563,3606,3564));
#7047=IFCINDEXEDPOLYGONALFACE((3564,3607,3565));
#7048=IFCINDEXEDPOLYGONALFACE((3566,3554,3608));
#7049=IFCINDEXEDPOLYGONALFACE((3565,3608,3554));
#7050=IFCINDEXEDPOLYGONALFACE((3531,3609,3567));
#7051=IFCINDEXEDPOLYGONALFACE((3532,3610,3506));
#7052=IFCINDEXEDPOLYGONALFACE((3611,3402,3505));
#7053=IFCINDEXEDPOLYGONALFACE((3589,3612,3482));
#7054=IFCINDEXEDPOLYGONALFACE((3556,3483,3613));
#7055=IFCINDEXEDPOLYGONALFACE((3568,3463,3590));
#7056=IFCINDEXEDPOLYGONALFACE((3570,3569,3591));
#7057=IFCINDEXEDPOLYGONALFACE((3571,3592,3534));
#7058=IFCINDEXEDPOLYGONALFACE((3592,3614,3557));
#7059=IFCINDEXEDPOLYGONALFACE((3572,3557,3614));
#7060=IFCINDEXEDPOLYGONALFACE((3593,3535,3572));
#7061=IFCINDEXEDPOLYGONALFACE((3535,3593,3509));
#7062=IFCINDEXEDPOLYGONALFACE((3536,3594,3615));
#7063=IFCINDEXEDPOLYGONALFACE((3595,3536,3615));
#7064=IFCINDEXEDPOLYGONALFACE((3615,3616,3595));
#7065=IFCINDEXEDPOLYGONALFACE((3595,3616,3596));
#7066=IFCINDEXEDPOLYGONALFACE((3539,3538,3617));
#7067=IFCINDEXEDPOLYGONALFACE((3490,3539,3617));
#7068=IFCINDEXEDPOLYGONALFACE((3540,3490,3617));
#7069=IFCINDEXEDPOLYGONALFACE((3517,3575,3518));
#7070=IFCINDEXEDPOLYGONALFACE((3558,3598,3576));
#7071=IFCINDEXEDPOLYGONALFACE((3356,3578,3388));
#7072=IFCINDEXEDPOLYGONALFACE((3560,3543,3618));
#7073=IFCINDEXEDPOLYGONALFACE((3619,3413,3390));
#7074=IFCINDEXEDPOLYGONALFACE((3544,3413,3619));
#7075=IFCINDEXEDPOLYGONALFACE((3600,3494,3545));
#7076=IFCINDEXEDPOLYGONALFACE((3579,3546,3600));
#7077=IFCINDEXEDPOLYGONALFACE((3580,3415,3601));
#7078=IFCINDEXEDPOLYGONALFACE((3415,3580,3495));
#7079=IFCINDEXEDPOLYGONALFACE((3580,3620,3547));
#7080=IFCINDEXEDPOLYGONALFACE((3581,3621,3561));
#7081=IFCINDEXEDPOLYGONALFACE((3548,3561,3621));
#7082=IFCINDEXEDPOLYGONALFACE((3603,3582,3622));
#7083=IFCINDEXEDPOLYGONALFACE((3585,3562,3605));
#7084=IFCINDEXEDPOLYGONALFACE((3606,3586,3623));
#7085=IFCINDEXEDPOLYGONALFACE((3606,3624,3607));
#7086=IFCINDEXEDPOLYGONALFACE((3608,3565,3625));
#7087=IFCINDEXEDPOLYGONALFACE((3607,3625,3565));
#7088=IFCINDEXEDPOLYGONALFACE((3566,3626,3456));
#7089=IFCINDEXEDPOLYGONALFACE((3626,3627,3456));
#7090=IFCINDEXEDPOLYGONALFACE((3456,3627,3587));
#7091=IFCINDEXEDPOLYGONALFACE((3587,3628,3588));
#7092=IFCINDEXEDPOLYGONALFACE((3629,3531,3555));
#7093=IFCINDEXEDPOLYGONALFACE((3609,3531,3629));
#7094=IFCINDEXEDPOLYGONALFACE((3610,3532,3567));
#7095=IFCINDEXEDPOLYGONALFACE((3506,3610,3505));
#7096=IFCINDEXEDPOLYGONALFACE((3589,3402,3611));
#7097=IFCINDEXEDPOLYGONALFACE((3482,3630,3483));
#7098=IFCINDEXEDPOLYGONALFACE((3570,3631,3571));
#7099=IFCINDEXEDPOLYGONALFACE((3572,3614,3632));
#7100=IFCINDEXEDPOLYGONALFACE((3615,3594,3633));
#7101=IFCINDEXEDPOLYGONALFACE((3634,3597,3596));
#7102=IFCINDEXEDPOLYGONALFACE((3617,3597,3634));
#7103=IFCINDEXEDPOLYGONALFACE((3538,3597,3617));
#7104=IFCINDEXEDPOLYGONALFACE((3518,3635,3558));
#7105=IFCINDEXEDPOLYGONALFACE((3598,3558,3636));
#7106=IFCINDEXEDPOLYGONALFACE((3637,3520,3542));
#7107=IFCINDEXEDPOLYGONALFACE((3492,3520,3637));
#7108=IFCINDEXEDPOLYGONALFACE((3471,3599,3559));
#7109=IFCINDEXEDPOLYGONALFACE((3618,3543,3638));
#7110=IFCINDEXEDPOLYGONALFACE((3618,3638,3560));
#7111=IFCINDEXEDPOLYGONALFACE((3619,3560,3638));
#7112=IFCINDEXEDPOLYGONALFACE((3560,3619,3390));
#7113=IFCINDEXEDPOLYGONALFACE((3544,3639,3521));
#7114=IFCINDEXEDPOLYGONALFACE((3640,3545,3641));
#7115=IFCINDEXEDPOLYGONALFACE((3521,3641,3545));
#7116=IFCINDEXEDPOLYGONALFACE((3600,3545,3640));
#7117=IFCINDEXEDPOLYGONALFACE((3642,3580,3601));
#7118=IFCINDEXEDPOLYGONALFACE((3547,3620,3643));
#7119=IFCINDEXEDPOLYGONALFACE((3643,3581,3547));
#7120=IFCINDEXEDPOLYGONALFACE((3644,3548,3621));
#7121=IFCINDEXEDPOLYGONALFACE((3548,3644,3602));
#7122=IFCINDEXEDPOLYGONALFACE((3645,3602,3644));
#7123=IFCINDEXEDPOLYGONALFACE((3602,3645,3582));
#7124=IFCINDEXEDPOLYGONALFACE((3645,3622,3582));
#7125=IFCINDEXEDPOLYGONALFACE((3603,3622,3646));
#7126=IFCINDEXEDPOLYGONALFACE((3603,3646,3604));
#7127=IFCINDEXEDPOLYGONALFACE((3583,3604,3647));
#7128=IFCINDEXEDPOLYGONALFACE((3647,3648,3583));
#7129=IFCINDEXEDPOLYGONALFACE((3584,3583,3648));
#7130=IFCINDEXEDPOLYGONALFACE((3551,3649,3605));
#7131=IFCINDEXEDPOLYGONALFACE((3650,3586,3585));
#7132=IFCINDEXEDPOLYGONALFACE((3624,3606,3623));
#7133=IFCINDEXEDPOLYGONALFACE((3624,3625,3607));
#7134=IFCINDEXEDPOLYGONALFACE((3626,3566,3608));
#7135=IFCINDEXEDPOLYGONALFACE((3628,3587,3627));
#7136=IFCINDEXEDPOLYGONALFACE((3651,3529,3588));
#7137=IFCINDEXEDPOLYGONALFACE((3652,3530,3651));
#7138=IFCINDEXEDPOLYGONALFACE((3529,3651,3530));
#7139=IFCINDEXEDPOLYGONALFACE((3653,3555,3652));
#7140=IFCINDEXEDPOLYGONALFACE((3530,3652,3555));
#7141=IFCINDEXEDPOLYGONALFACE((3629,3555,3653));
#7142=IFCINDEXEDPOLYGONALFACE((3568,3590,3654));
#7143=IFCINDEXEDPOLYGONALFACE((3591,3568,3655));
#7144=IFCINDEXEDPOLYGONALFACE((3570,3591,3655));
#7145=IFCINDEXEDPOLYGONALFACE((3655,3631,3570));
#7146=IFCINDEXEDPOLYGONALFACE((3631,3656,3571));
#7147=IFCINDEXEDPOLYGONALFACE((3592,3571,3657));
#7148=IFCINDEXEDPOLYGONALFACE((3656,3657,3571));
#7149=IFCINDEXEDPOLYGONALFACE((3657,3614,3592));
#7150=IFCINDEXEDPOLYGONALFACE((3632,3658,3572));
#7151=IFCINDEXEDPOLYGONALFACE((3593,3572,3658));
#7152=IFCINDEXEDPOLYGONALFACE((3659,3593,3658));
#7153=IFCINDEXEDPOLYGONALFACE((3633,3594,3660));
#7154=IFCINDEXEDPOLYGONALFACE((3661,3615,3633));
#7155=IFCINDEXEDPOLYGONALFACE((3615,3661,3616));
#7156=IFCINDEXEDPOLYGONALFACE((3662,3616,3661));
#7157=IFCINDEXEDPOLYGONALFACE((3616,3662,3596));
#7158=IFCINDEXEDPOLYGONALFACE((3596,3662,3634));
#7159=IFCINDEXEDPOLYGONALFACE((3575,3663,3518));
#7160=IFCINDEXEDPOLYGONALFACE((3663,3635,3518));
#7161=IFCINDEXEDPOLYGONALFACE((3636,3558,3635));
#7162=IFCINDEXEDPOLYGONALFACE((3636,3577,3598));
#7163=IFCINDEXEDPOLYGONALFACE((3356,3559,3578));
#7164=IFCINDEXEDPOLYGONALFACE((3544,3619,3664));
#7165=IFCINDEXEDPOLYGONALFACE((3664,3639,3544));
#7166=IFCINDEXEDPOLYGONALFACE((3579,3665,3601));
#7167=IFCINDEXEDPOLYGONALFACE((3620,3580,3642));
#7168=IFCINDEXEDPOLYGONALFACE((3666,3581,3643));
#7169=IFCINDEXEDPOLYGONALFACE((3621,3581,3667));
#7170=IFCINDEXEDPOLYGONALFACE((3644,3621,3668));
#7171=IFCINDEXEDPOLYGONALFACE((3668,3669,3644));
#7172=IFCINDEXEDPOLYGONALFACE((3644,3669,3645));
#7173=IFCINDEXEDPOLYGONALFACE((3645,3669,3622));
#7174=IFCINDEXEDPOLYGONALFACE((3646,3622,3669));
#7175=IFCINDEXEDPOLYGONALFACE((3648,3649,3584));
#7176=IFCINDEXEDPOLYGONALFACE((3551,3584,3649));
#7177=IFCINDEXEDPOLYGONALFACE((3649,3670,3605));
#7178=IFCINDEXEDPOLYGONALFACE((3650,3585,3605));
#7179=IFCINDEXEDPOLYGONALFACE((3650,3623,3586));
#7180=IFCINDEXEDPOLYGONALFACE((3625,3624,3623));
#7181=IFCINDEXEDPOLYGONALFACE((3671,3588,3628));
#7182=IFCINDEXEDPOLYGONALFACE((3651,3588,3671));
#7183=IFCINDEXEDPOLYGONALFACE((3610,3567,3672));
#7184=IFCINDEXEDPOLYGONALFACE((3673,3612,3611));
#7185=IFCINDEXEDPOLYGONALFACE((3611,3612,3589));
#7186=IFCINDEXEDPOLYGONALFACE((3612,3674,3482));
#7187=IFCINDEXEDPOLYGONALFACE((3613,3483,3630));
#7188=IFCINDEXEDPOLYGONALFACE((3556,3613,3590));
#7189=IFCINDEXEDPOLYGONALFACE((3654,3655,3568));
#7190=IFCINDEXEDPOLYGONALFACE((3631,3655,3675));
#7191=IFCINDEXEDPOLYGONALFACE((3675,3656,3631));
#7192=IFCINDEXEDPOLYGONALFACE((3676,3661,3677));
#7193=IFCINDEXEDPOLYGONALFACE((3677,3661,3633));
#7194=IFCINDEXEDPOLYGONALFACE((3661,3676,3662));
#7195=IFCINDEXEDPOLYGONALFACE((3678,3617,3634));
#7196=IFCINDEXEDPOLYGONALFACE((3617,3678,3540));
#7197=IFCINDEXEDPOLYGONALFACE((3516,3679,3575));
#7198=IFCINDEXEDPOLYGONALFACE((3575,3679,3663));
#7199=IFCINDEXEDPOLYGONALFACE((3680,3541,3577));
#7200=IFCINDEXEDPOLYGONALFACE((3680,3637,3541));
#7201=IFCINDEXEDPOLYGONALFACE((3542,3541,3637));
#7202=IFCINDEXEDPOLYGONALFACE((3681,3682,3578));
#7203=IFCINDEXEDPOLYGONALFACE((3578,3682,3543));
#7204=IFCINDEXEDPOLYGONALFACE((3682,3683,3543));
#7205=IFCINDEXEDPOLYGONALFACE((3638,3543,3683));
#7206=IFCINDEXEDPOLYGONALFACE((3521,3639,3684));
#7207=IFCINDEXEDPOLYGONALFACE((3684,3641,3521));
#7208=IFCINDEXEDPOLYGONALFACE((3685,3579,3600));
#7209=IFCINDEXEDPOLYGONALFACE((3642,3601,3686));
#7210=IFCINDEXEDPOLYGONALFACE((3601,3687,3686));
#7211=IFCINDEXEDPOLYGONALFACE((3620,3642,3686));
#7212=IFCINDEXEDPOLYGONALFACE((3581,3666,3667));
#7213=IFCINDEXEDPOLYGONALFACE((3621,3667,3668));
#7214=IFCINDEXEDPOLYGONALFACE((3668,3646,3669));
#7215=IFCINDEXEDPOLYGONALFACE((3646,3688,3604));
#7216=IFCINDEXEDPOLYGONALFACE((3604,3689,3647));
#7217=IFCINDEXEDPOLYGONALFACE((3647,3649,3648));
#7218=IFCINDEXEDPOLYGONALFACE((3605,3670,3690));
#7219=IFCINDEXEDPOLYGONALFACE((3623,3650,3691));
#7220=IFCINDEXEDPOLYGONALFACE((3623,3691,3625));
#7221=IFCINDEXEDPOLYGONALFACE((3625,3692,3608));
#7222=IFCINDEXEDPOLYGONALFACE((3608,3692,3626));
#7223=IFCINDEXEDPOLYGONALFACE((3609,3672,3567));
#7224=IFCINDEXEDPOLYGONALFACE((3610,3693,3505));
#7225=IFCINDEXEDPOLYGONALFACE((3694,3505,3693));
#7226=IFCINDEXEDPOLYGONALFACE((3694,3611,3505));
#7227=IFCINDEXEDPOLYGONALFACE((3673,3695,3612));
#7228=IFCINDEXEDPOLYGONALFACE((3695,3674,3612));
#7229=IFCINDEXEDPOLYGONALFACE((3630,3482,3674));
#7230=IFCINDEXEDPOLYGONALFACE((3696,3590,3613));
#7231=IFCINDEXEDPOLYGONALFACE((3696,3697,3590));
#7232=IFCINDEXEDPOLYGONALFACE((3697,3654,3590));
#7233=IFCINDEXEDPOLYGONALFACE((3654,3675,3655));
#7234=IFCINDEXEDPOLYGONALFACE((3698,3656,3675));
#7235=IFCINDEXEDPOLYGONALFACE((3699,3656,3698));
#7236=IFCINDEXEDPOLYGONALFACE((3699,3657,3656));
#7237=IFCINDEXEDPOLYGONALFACE((3614,3657,3700));
#7238=IFCINDEXEDPOLYGONALFACE((3660,3594,3701));
#7239=IFCINDEXEDPOLYGONALFACE((3441,3701,3594));
#7240=IFCINDEXEDPOLYGONALFACE((3702,3634,3662));
#7241=IFCINDEXEDPOLYGONALFACE((3702,3678,3634));
#7242=IFCINDEXEDPOLYGONALFACE((3703,3515,3540));
#7243=IFCINDEXEDPOLYGONALFACE((3703,3574,3515));
#7244=IFCINDEXEDPOLYGONALFACE((3577,3636,3704));
#7245=IFCINDEXEDPOLYGONALFACE((3685,3600,3705));
#7246=IFCINDEXEDPOLYGONALFACE((3640,3705,3600));
#7247=IFCINDEXEDPOLYGONALFACE((3706,3665,3579));
#7248=IFCINDEXEDPOLYGONALFACE((3707,3686,3687));
#7249=IFCINDEXEDPOLYGONALFACE((3686,3707,3620));
#7250=IFCINDEXEDPOLYGONALFACE((3708,3643,3620));
#7251=IFCINDEXEDPOLYGONALFACE((3666,3643,3708));
#7252=IFCINDEXEDPOLYGONALFACE((3666,3708,3667));
#7253=IFCINDEXEDPOLYGONALFACE((3709,3668,3667));
#7254=IFCINDEXEDPOLYGONALFACE((3668,3710,3646));
#7255=IFCINDEXEDPOLYGONALFACE((3646,3710,3711));
#7256=IFCINDEXEDPOLYGONALFACE((3688,3646,3711));
#7257=IFCINDEXEDPOLYGONALFACE((3688,3689,3604));
#7258=IFCINDEXEDPOLYGONALFACE((3689,3712,3647));
#7259=IFCINDEXEDPOLYGONALFACE((3649,3647,3712));
#7260=IFCINDEXEDPOLYGONALFACE((3690,3650,3605));
#7261=IFCINDEXEDPOLYGONALFACE((3713,3691,3650));
#7262=IFCINDEXEDPOLYGONALFACE((3625,3691,3713));
#7263=IFCINDEXEDPOLYGONALFACE((3625,3713,3692));
#7264=IFCINDEXEDPOLYGONALFACE((3626,3692,3713));
#7265=IFCINDEXEDPOLYGONALFACE((3627,3714,3628));
#7266=IFCINDEXEDPOLYGONALFACE((3714,3715,3628));
#7267=IFCINDEXEDPOLYGONALFACE((3629,3716,3609));
#7268=IFCINDEXEDPOLYGONALFACE((3717,3609,3716));
#7269=IFCINDEXEDPOLYGONALFACE((3672,3609,3717));
#7270=IFCINDEXEDPOLYGONALFACE((3697,3718,3654));
#7271=IFCINDEXEDPOLYGONALFACE((3718,3675,3654));
#7272=IFCINDEXEDPOLYGONALFACE((3698,3675,3719));
#7273=IFCINDEXEDPOLYGONALFACE((3699,3698,3720));
#7274=IFCINDEXEDPOLYGONALFACE((3632,3614,3700));
#7275=IFCINDEXEDPOLYGONALFACE((3721,3676,3677));
#7276=IFCINDEXEDPOLYGONALFACE((3721,3662,3676));
#7277=IFCINDEXEDPOLYGONALFACE((3722,3574,3703));
#7278=IFCINDEXEDPOLYGONALFACE((3679,3516,3574));
#7279=IFCINDEXEDPOLYGONALFACE((3663,3679,3723));
#7280=IFCINDEXEDPOLYGONALFACE((3636,3635,3724));
#7281=IFCINDEXEDPOLYGONALFACE((3637,3725,3492));
#7282=IFCINDEXEDPOLYGONALFACE((3638,3683,3619));
#7283=IFCINDEXEDPOLYGONALFACE((3640,3641,3684));
#7284=IFCINDEXEDPOLYGONALFACE((3685,3726,3579));
#7285=IFCINDEXEDPOLYGONALFACE((3579,3726,3706));
#7286=IFCINDEXEDPOLYGONALFACE((3687,3601,3665));
#7287=IFCINDEXEDPOLYGONALFACE((3707,3727,3620));
#7288=IFCINDEXEDPOLYGONALFACE((3728,3620,3727));
#7289=IFCINDEXEDPOLYGONALFACE((3708,3620,3729));
#7290=IFCINDEXEDPOLYGONALFACE((3728,3729,3620));
#7291=IFCINDEXEDPOLYGONALFACE((3730,3667,3731));
#7292=IFCINDEXEDPOLYGONALFACE((3667,3730,3709));
#7293=IFCINDEXEDPOLYGONALFACE((3710,3668,3709));
#7294=IFCINDEXEDPOLYGONALFACE((3732,3689,3688));
#7295=IFCINDEXEDPOLYGONALFACE((3712,3689,3733));
#7296=IFCINDEXEDPOLYGONALFACE((3732,3733,3689));
#7297=IFCINDEXEDPOLYGONALFACE((3712,3670,3649));
#7298=IFCINDEXEDPOLYGONALFACE((3734,3713,3650));
#7299=IFCINDEXEDPOLYGONALFACE((3626,3735,3627));
#7300=IFCINDEXEDPOLYGONALFACE((3714,3627,3735));
#7301=IFCINDEXEDPOLYGONALFACE((3715,3671,3628));
#7302=IFCINDEXEDPOLYGONALFACE((3653,3652,3651));
#7303=IFCINDEXEDPOLYGONALFACE((3653,3716,3629));
#7304=IFCINDEXEDPOLYGONALFACE((3611,3736,3673));
#7305=IFCINDEXEDPOLYGONALFACE((3737,3673,3736));
#7306=IFCINDEXEDPOLYGONALFACE((3630,3738,3613));
#7307=IFCINDEXEDPOLYGONALFACE((3738,3696,3613));
#7308=IFCINDEXEDPOLYGONALFACE((3675,3718,3739));
#7309=IFCINDEXEDPOLYGONALFACE((3675,3739,3719));
#7310=IFCINDEXEDPOLYGONALFACE((3719,3720,3698));
#7311=IFCINDEXEDPOLYGONALFACE((3700,3657,3699));
#7312=IFCINDEXEDPOLYGONALFACE((3658,3632,3700));
#7313=IFCINDEXEDPOLYGONALFACE((3700,3659,3658));
#7314=IFCINDEXEDPOLYGONALFACE((3677,3633,3660));
#7315=IFCINDEXEDPOLYGONALFACE((3702,3740,3678));
#7316=IFCINDEXEDPOLYGONALFACE((3635,3663,3723));
#7317=IFCINDEXEDPOLYGONALFACE((3680,3577,3704));
#7318=IFCINDEXEDPOLYGONALFACE((3492,3741,3599));
#7319=IFCINDEXEDPOLYGONALFACE((3742,3619,3743));
#7320=IFCINDEXEDPOLYGONALFACE((3742,3664,3619));
#7321=IFCINDEXEDPOLYGONALFACE((3684,3705,3640));
#7322=IFCINDEXEDPOLYGONALFACE((3665,3744,3687));
#7323=IFCINDEXEDPOLYGONALFACE((3707,3745,3727));
#7324=IFCINDEXEDPOLYGONALFACE((3729,3731,3708));
#7325=IFCINDEXEDPOLYGONALFACE((3667,3708,3731));
#7326=IFCINDEXEDPOLYGONALFACE((3746,3710,3709));
#7327=IFCINDEXEDPOLYGONALFACE((3711,3747,3688));
#7328=IFCINDEXEDPOLYGONALFACE((3688,3747,3732));
#7329=IFCINDEXEDPOLYGONALFACE((3712,3733,3748));
#7330=IFCINDEXEDPOLYGONALFACE((3748,3749,3712));
#7331=IFCINDEXEDPOLYGONALFACE((3670,3712,3749));
#7332=IFCINDEXEDPOLYGONALFACE((3690,3670,3749));
#7333=IFCINDEXEDPOLYGONALFACE((3650,3690,3750));
#7334=IFCINDEXEDPOLYGONALFACE((3734,3650,3750));
#7335=IFCINDEXEDPOLYGONALFACE((3713,3734,3626));
#7336=IFCINDEXEDPOLYGONALFACE((3735,3751,3714));
#7337=IFCINDEXEDPOLYGONALFACE((3651,3752,3653));
#7338=IFCINDEXEDPOLYGONALFACE((3716,3653,3752));
#7339=IFCINDEXEDPOLYGONALFACE((3753,3610,3672));
#7340=IFCINDEXEDPOLYGONALFACE((3736,3754,3737));
#7341=IFCINDEXEDPOLYGONALFACE((3737,3695,3673));
#7342=IFCINDEXEDPOLYGONALFACE((3755,3630,3674));
#7343=IFCINDEXEDPOLYGONALFACE((3720,3756,3699));
#7344=IFCINDEXEDPOLYGONALFACE((3700,3699,3756));
#7345=IFCINDEXEDPOLYGONALFACE((3659,3700,3757));
#7346=IFCINDEXEDPOLYGONALFACE((3660,3758,3677));
#7347=IFCINDEXEDPOLYGONALFACE((3677,3758,3721));
#7348=IFCINDEXEDPOLYGONALFACE((3759,3702,3662));
#7349=IFCINDEXEDPOLYGONALFACE((3740,3702,3759));
#7350=IFCINDEXEDPOLYGONALFACE((3574,3760,3679));
#7351=IFCINDEXEDPOLYGONALFACE((3704,3636,3724));
#7352=IFCINDEXEDPOLYGONALFACE((3680,3761,3637));
#7353=IFCINDEXEDPOLYGONALFACE((3725,3637,3761));
#7354=IFCINDEXEDPOLYGONALFACE((3725,3741,3492));
#7355=IFCINDEXEDPOLYGONALFACE((3599,3741,3762));
#7356=IFCINDEXEDPOLYGONALFACE((3559,3599,3763));
#7357=IFCINDEXEDPOLYGONALFACE((3578,3764,3681));
#7358=IFCINDEXEDPOLYGONALFACE((3765,3682,3681));
#7359=IFCINDEXEDPOLYGONALFACE((3683,3766,3619));
#7360=IFCINDEXEDPOLYGONALFACE((3743,3619,3766));
#7361=IFCINDEXEDPOLYGONALFACE((3744,3665,3706));
#7362=IFCINDEXEDPOLYGONALFACE((3687,3744,3707));
#7363=IFCINDEXEDPOLYGONALFACE((3767,3707,3744));
#7364=IFCINDEXEDPOLYGONALFACE((3707,3767,3745));
#7365=IFCINDEXEDPOLYGONALFACE((3728,3727,3768));
#7366=IFCINDEXEDPOLYGONALFACE((3745,3768,3727));
#7367=IFCINDEXEDPOLYGONALFACE((3768,3769,3728));
#7368=IFCINDEXEDPOLYGONALFACE((3728,3769,3729));
#7369=IFCINDEXEDPOLYGONALFACE((3770,3709,3730));
#7370=IFCINDEXEDPOLYGONALFACE((3746,3711,3710));
#7371=IFCINDEXEDPOLYGONALFACE((3771,3747,3711));
#7372=IFCINDEXEDPOLYGONALFACE((3772,3747,3771));
#7373=IFCINDEXEDPOLYGONALFACE((3772,3732,3747));
#7374=IFCINDEXEDPOLYGONALFACE((3773,3749,3748));
#7375=IFCINDEXEDPOLYGONALFACE((3690,3749,3750));
#7376=IFCINDEXEDPOLYGONALFACE((3735,3626,3734));
#7377=IFCINDEXEDPOLYGONALFACE((3774,3714,3751));
#7378=IFCINDEXEDPOLYGONALFACE((3775,3671,3715));
#7379=IFCINDEXEDPOLYGONALFACE((3651,3671,3776));
#7380=IFCINDEXEDPOLYGONALFACE((3777,3651,3776));
#7381=IFCINDEXEDPOLYGONALFACE((3752,3651,3777));
#7382=IFCINDEXEDPOLYGONALFACE((3610,3778,3693));
#7383=IFCINDEXEDPOLYGONALFACE((3694,3736,3611));
#7384=IFCINDEXEDPOLYGONALFACE((3674,3695,3779));
#7385=IFCINDEXEDPOLYGONALFACE((3779,3755,3674));
#7386=IFCINDEXEDPOLYGONALFACE((3780,3738,3630));
#7387=IFCINDEXEDPOLYGONALFACE((3718,3781,3739));
#7388=IFCINDEXEDPOLYGONALFACE((3782,3739,3781));
#7389=IFCINDEXEDPOLYGONALFACE((3719,3739,3782));
#7390=IFCINDEXEDPOLYGONALFACE((3782,3720,3719));
#7391=IFCINDEXEDPOLYGONALFACE((3783,3758,3660));
#7392=IFCINDEXEDPOLYGONALFACE((3721,3758,3784));
#7393=IFCINDEXEDPOLYGONALFACE((3784,3785,3721));
#7394=IFCINDEXEDPOLYGONALFACE((3662,3721,3785));
#7395=IFCINDEXEDPOLYGONALFACE((3759,3662,3785));
#7396=IFCINDEXEDPOLYGONALFACE((3540,3678,3740));
#7397=IFCINDEXEDPOLYGONALFACE((3574,3786,3760));
#7398=IFCINDEXEDPOLYGONALFACE((3724,3635,3723));
#7399=IFCINDEXEDPOLYGONALFACE((3680,3787,3761));
#7400=IFCINDEXEDPOLYGONALFACE((3599,3762,3763));
#7401=IFCINDEXEDPOLYGONALFACE((3788,3559,3763));
#7402=IFCINDEXEDPOLYGONALFACE((3559,3788,3578));
#7403=IFCINDEXEDPOLYGONALFACE((3683,3682,3766));
#7404=IFCINDEXEDPOLYGONALFACE((3744,3789,3767));
#7405=IFCINDEXEDPOLYGONALFACE((3745,3767,3790));
#7406=IFCINDEXEDPOLYGONALFACE((3790,3768,3745));
#7407=IFCINDEXEDPOLYGONALFACE((3729,3769,3731));
#7408=IFCINDEXEDPOLYGONALFACE((3770,3791,3709));
#7409=IFCINDEXEDPOLYGONALFACE((3709,3791,3746));
#7410=IFCINDEXEDPOLYGONALFACE((3746,3791,3792));
#7411=IFCINDEXEDPOLYGONALFACE((3746,3792,3771));
#7412=IFCINDEXEDPOLYGONALFACE((3711,3746,3771));
#7413=IFCINDEXEDPOLYGONALFACE((3732,3772,3793));
#7414=IFCINDEXEDPOLYGONALFACE((3794,3732,3793));
#7415=IFCINDEXEDPOLYGONALFACE((3794,3733,3732));
#7416=IFCINDEXEDPOLYGONALFACE((3733,3794,3748));
#7417=IFCINDEXEDPOLYGONALFACE((3795,3749,3773));
#7418=IFCINDEXEDPOLYGONALFACE((3795,3750,3749));
#7419=IFCINDEXEDPOLYGONALFACE((3774,3715,3714));
#7420=IFCINDEXEDPOLYGONALFACE((3775,3776,3671));
#7421=IFCINDEXEDPOLYGONALFACE((3796,3752,3777));
#7422=IFCINDEXEDPOLYGONALFACE((3752,3796,3716));
#7423=IFCINDEXEDPOLYGONALFACE((3716,3796,3717));
#7424=IFCINDEXEDPOLYGONALFACE((3797,3717,3796));
#7425=IFCINDEXEDPOLYGONALFACE((3798,3672,3797));
#7426=IFCINDEXEDPOLYGONALFACE((3797,3672,3717));
#7427=IFCINDEXEDPOLYGONALFACE((3672,3798,3753));
#7428=IFCINDEXEDPOLYGONALFACE((3610,3753,3778));
#7429=IFCINDEXEDPOLYGONALFACE((3694,3693,3799));
#7430=IFCINDEXEDPOLYGONALFACE((3778,3799,3693));
#7431=IFCINDEXEDPOLYGONALFACE((3800,3754,3736));
#7432=IFCINDEXEDPOLYGONALFACE((3695,3737,3801));
#7433=IFCINDEXEDPOLYGONALFACE((3802,3738,3780));
#7434=IFCINDEXEDPOLYGONALFACE((3696,3803,3697));
#7435=IFCINDEXEDPOLYGONALFACE((3781,3718,3803));
#7436=IFCINDEXEDPOLYGONALFACE((3697,3803,3718));
#7437=IFCINDEXEDPOLYGONALFACE((3804,3720,3782));
#7438=IFCINDEXEDPOLYGONALFACE((3805,3700,3756));
#7439=IFCINDEXEDPOLYGONALFACE((3757,3700,3805));
#7440=IFCINDEXEDPOLYGONALFACE((3660,3701,3806));
#7441=IFCINDEXEDPOLYGONALFACE((3660,3806,3783));
#7442=IFCINDEXEDPOLYGONALFACE((3784,3758,3783));
#7443=IFCINDEXEDPOLYGONALFACE((3740,3807,3540));
#7444=IFCINDEXEDPOLYGONALFACE((3808,3679,3760));
#7445=IFCINDEXEDPOLYGONALFACE((3723,3679,3808));
#7446=IFCINDEXEDPOLYGONALFACE((3787,3680,3704));
#7447=IFCINDEXEDPOLYGONALFACE((3787,3809,3761));
#7448=IFCINDEXEDPOLYGONALFACE((3810,3725,3761));
#7449=IFCINDEXEDPOLYGONALFACE((3810,3811,3725));
#7450=IFCINDEXEDPOLYGONALFACE((3741,3725,3811));
#7451=IFCINDEXEDPOLYGONALFACE((3766,3682,3765));
#7452=IFCINDEXEDPOLYGONALFACE((3812,3790,3767));
#7453=IFCINDEXEDPOLYGONALFACE((3813,3814,3768));
#7454=IFCINDEXEDPOLYGONALFACE((3769,3768,3814));
#7455=IFCINDEXEDPOLYGONALFACE((3815,3769,3814));
#7456=IFCINDEXEDPOLYGONALFACE((3769,3815,3731));
#7457=IFCINDEXEDPOLYGONALFACE((3731,3815,3730));
#7458=IFCINDEXEDPOLYGONALFACE((3730,3816,3770));
#7459=IFCINDEXEDPOLYGONALFACE((3770,3816,3791));
#7460=IFCINDEXEDPOLYGONALFACE((3817,3772,3771));
#7461=IFCINDEXEDPOLYGONALFACE((3773,3748,3794));
#7462=IFCINDEXEDPOLYGONALFACE((3795,3818,3750));
#7463=IFCINDEXEDPOLYGONALFACE((3818,3819,3750));
#7464=IFCINDEXEDPOLYGONALFACE((3750,3819,3734));
#7465=IFCINDEXEDPOLYGONALFACE((3735,3734,3819));
#7466=IFCINDEXEDPOLYGONALFACE((3751,3735,3820));
#7467=IFCINDEXEDPOLYGONALFACE((3774,3751,3820));
#7468=IFCINDEXEDPOLYGONALFACE((3715,3774,3821));
#7469=IFCINDEXEDPOLYGONALFACE((3821,3775,3715));
#7470=IFCINDEXEDPOLYGONALFACE((3822,3823,3775));
#7471=IFCINDEXEDPOLYGONALFACE((3823,3776,3775));
#7472=IFCINDEXEDPOLYGONALFACE((3777,3824,3796));
#7473=IFCINDEXEDPOLYGONALFACE((3801,3737,3754));
#7474=IFCINDEXEDPOLYGONALFACE((3801,3779,3695));
#7475=IFCINDEXEDPOLYGONALFACE((3780,3630,3755));
#7476=IFCINDEXEDPOLYGONALFACE((3696,3738,3802));
#7477=IFCINDEXEDPOLYGONALFACE((3804,3825,3720));
#7478=IFCINDEXEDPOLYGONALFACE((3826,3756,3825));
#7479=IFCINDEXEDPOLYGONALFACE((3720,3825,3756));
#7480=IFCINDEXEDPOLYGONALFACE((3785,3827,3759));
#7481=IFCINDEXEDPOLYGONALFACE((3759,3807,3740));
#7482=IFCINDEXEDPOLYGONALFACE((3724,3828,3704));
#7483=IFCINDEXEDPOLYGONALFACE((3829,3761,3809));
#7484=IFCINDEXEDPOLYGONALFACE((3810,3761,3829));
#7485=IFCINDEXEDPOLYGONALFACE((3765,3681,3764));
#7486=IFCINDEXEDPOLYGONALFACE((3639,3664,3742));
#7487=IFCINDEXEDPOLYGONALFACE((3639,3830,3684));
#7488=IFCINDEXEDPOLYGONALFACE((3705,3831,3685));
#7489=IFCINDEXEDPOLYGONALFACE((3726,3685,3831));
#7490=IFCINDEXEDPOLYGONALFACE((3832,3706,3726));
#7491=IFCINDEXEDPOLYGONALFACE((3706,3833,3744));
#7492=IFCINDEXEDPOLYGONALFACE((3744,3833,3789));
#7493=IFCINDEXEDPOLYGONALFACE((3834,3812,3789));
#7494=IFCINDEXEDPOLYGONALFACE((3767,3789,3812));
#7495=IFCINDEXEDPOLYGONALFACE((3768,3790,3835));
#7496=IFCINDEXEDPOLYGONALFACE((3836,3813,3835));
#7497=IFCINDEXEDPOLYGONALFACE((3835,3813,3768));
#7498=IFCINDEXEDPOLYGONALFACE((3814,3813,3836));
#7499=IFCINDEXEDPOLYGONALFACE((3836,3815,3814));
#7500=IFCINDEXEDPOLYGONALFACE((3837,3730,3815));
#7501=IFCINDEXEDPOLYGONALFACE((3838,3816,3837));
#7502=IFCINDEXEDPOLYGONALFACE((3730,3837,3816));
#7503=IFCINDEXEDPOLYGONALFACE((3816,3838,3791));
#7504=IFCINDEXEDPOLYGONALFACE((3791,3838,3792));
#7505=IFCINDEXEDPOLYGONALFACE((3839,3771,3840));
#7506=IFCINDEXEDPOLYGONALFACE((3792,3840,3771));
#7507=IFCINDEXEDPOLYGONALFACE((3817,3771,3839));
#7508=IFCINDEXEDPOLYGONALFACE((3795,3773,3841));
#7509=IFCINDEXEDPOLYGONALFACE((3842,3735,3819));
#7510=IFCINDEXEDPOLYGONALFACE((3842,3820,3735));
#7511=IFCINDEXEDPOLYGONALFACE((3820,3843,3774));
#7512=IFCINDEXEDPOLYGONALFACE((3843,3844,3774));
#7513=IFCINDEXEDPOLYGONALFACE((3821,3774,3844));
#7514=IFCINDEXEDPOLYGONALFACE((3775,3821,3822));
#7515=IFCINDEXEDPOLYGONALFACE((3845,3777,3776));
#7516=IFCINDEXEDPOLYGONALFACE((3845,3824,3777));
#7517=IFCINDEXEDPOLYGONALFACE((3797,3796,3846));
#7518=IFCINDEXEDPOLYGONALFACE((3797,3847,3798));
#7519=IFCINDEXEDPOLYGONALFACE((3800,3736,3848));
#7520=IFCINDEXEDPOLYGONALFACE((3849,3754,3800));
#7521=IFCINDEXEDPOLYGONALFACE((3779,3801,3755));
#7522=IFCINDEXEDPOLYGONALFACE((3780,3850,3802));
#7523=IFCINDEXEDPOLYGONALFACE((3851,3696,3802));
#7524=IFCINDEXEDPOLYGONALFACE((3852,3781,3803));
#7525=IFCINDEXEDPOLYGONALFACE((3782,3781,3853));
#7526=IFCINDEXEDPOLYGONALFACE((3854,3756,3826));
#7527=IFCINDEXEDPOLYGONALFACE((3756,3854,3855));
#7528=IFCINDEXEDPOLYGONALFACE((3856,3805,3855));
#7529=IFCINDEXEDPOLYGONALFACE((3855,3805,3756));
#7530=IFCINDEXEDPOLYGONALFACE((3857,3757,3856));
#7531=IFCINDEXEDPOLYGONALFACE((3805,3856,3757));
#7532=IFCINDEXEDPOLYGONALFACE((3701,3858,3806));
#7533=IFCINDEXEDPOLYGONALFACE((3859,3783,3806));
#7534=IFCINDEXEDPOLYGONALFACE((3783,3859,3784));
#7535=IFCINDEXEDPOLYGONALFACE((3759,3827,3807));
#7536=IFCINDEXEDPOLYGONALFACE((3786,3574,3722));
#7537=IFCINDEXEDPOLYGONALFACE((3724,3723,3828));
#7538=IFCINDEXEDPOLYGONALFACE((3828,3860,3704));
#7539=IFCINDEXEDPOLYGONALFACE((3860,3787,3704));
#7540=IFCINDEXEDPOLYGONALFACE((3861,3810,3829));
#7541=IFCINDEXEDPOLYGONALFACE((3810,3861,3811));
#7542=IFCINDEXEDPOLYGONALFACE((3741,3862,3762));
#7543=IFCINDEXEDPOLYGONALFACE((3762,3862,3763));
#7544=IFCINDEXEDPOLYGONALFACE((3578,3788,3764));
#7545=IFCINDEXEDPOLYGONALFACE((3764,3863,3765));
#7546=IFCINDEXEDPOLYGONALFACE((3765,3864,3766));
#7547=IFCINDEXEDPOLYGONALFACE((3743,3766,3864));
#7548=IFCINDEXEDPOLYGONALFACE((3865,3830,3639));
#7549=IFCINDEXEDPOLYGONALFACE((3684,3830,3705));
#7550=IFCINDEXEDPOLYGONALFACE((3830,3866,3705));
#7551=IFCINDEXEDPOLYGONALFACE((3831,3705,3866));
#7552=IFCINDEXEDPOLYGONALFACE((3833,3867,3789));
#7553=IFCINDEXEDPOLYGONALFACE((3867,3834,3789));
#7554=IFCINDEXEDPOLYGONALFACE((3790,3812,3868));
#7555=IFCINDEXEDPOLYGONALFACE((3834,3868,3812));
#7556=IFCINDEXEDPOLYGONALFACE((3868,3869,3790));
#7557=IFCINDEXEDPOLYGONALFACE((3869,3835,3790));
#7558=IFCINDEXEDPOLYGONALFACE((3836,3835,3870));
#7559=IFCINDEXEDPOLYGONALFACE((3870,3871,3836));
#7560=IFCINDEXEDPOLYGONALFACE((3872,3815,3871));
#7561=IFCINDEXEDPOLYGONALFACE((3836,3871,3815));
#7562=IFCINDEXEDPOLYGONALFACE((3872,3837,3815));
#7563=IFCINDEXEDPOLYGONALFACE((3873,3838,3837));
#7564=IFCINDEXEDPOLYGONALFACE((3792,3838,3873));
#7565=IFCINDEXEDPOLYGONALFACE((3874,3772,3817));
#7566=IFCINDEXEDPOLYGONALFACE((3793,3875,3794));
#7567=IFCINDEXEDPOLYGONALFACE((3875,3876,3794));
#7568=IFCINDEXEDPOLYGONALFACE((3794,3876,3773));
#7569=IFCINDEXEDPOLYGONALFACE((3841,3773,3876));
#7570=IFCINDEXEDPOLYGONALFACE((3841,3818,3795));
#7571=IFCINDEXEDPOLYGONALFACE((3877,3820,3842));
#7572=IFCINDEXEDPOLYGONALFACE((3877,3843,3820));
#7573=IFCINDEXEDPOLYGONALFACE((3844,3822,3821));
#7574=IFCINDEXEDPOLYGONALFACE((3878,3823,3822));
#7575=IFCINDEXEDPOLYGONALFACE((3878,3845,3823));
#7576=IFCINDEXEDPOLYGONALFACE((3823,3845,3776));
#7577=IFCINDEXEDPOLYGONALFACE((3846,3796,3824));
#7578=IFCINDEXEDPOLYGONALFACE((3879,3797,3846));
#7579=IFCINDEXEDPOLYGONALFACE((3797,3879,3847));
#7580=IFCINDEXEDPOLYGONALFACE((3798,3847,3880));
#7581=IFCINDEXEDPOLYGONALFACE((3798,3880,3753));
#7582=IFCINDEXEDPOLYGONALFACE((3778,3753,3880));
#7583=IFCINDEXEDPOLYGONALFACE((3736,3694,3799));
#7584=IFCINDEXEDPOLYGONALFACE((3881,3800,3848));
#7585=IFCINDEXEDPOLYGONALFACE((3849,3801,3754));
#7586=IFCINDEXEDPOLYGONALFACE((3882,3802,3850));
#7587=IFCINDEXEDPOLYGONALFACE((3882,3851,3802));
#7588=IFCINDEXEDPOLYGONALFACE((3696,3852,3803));
#7589=IFCINDEXEDPOLYGONALFACE((3852,3853,3781));
#7590=IFCINDEXEDPOLYGONALFACE((3883,3782,3853));
#7591=IFCINDEXEDPOLYGONALFACE((3804,3782,3883));
#7592=IFCINDEXEDPOLYGONALFACE((3884,3855,3854));
#7593=IFCINDEXEDPOLYGONALFACE((3884,3856,3855));
#7594=IFCINDEXEDPOLYGONALFACE((3859,3806,3858));
#7595=IFCINDEXEDPOLYGONALFACE((3859,3885,3784));
#7596=IFCINDEXEDPOLYGONALFACE((3784,3885,3886));
#7597=IFCINDEXEDPOLYGONALFACE((3827,3785,3886));
#7598=IFCINDEXEDPOLYGONALFACE((3785,3784,3886));
#7599=IFCINDEXEDPOLYGONALFACE((3860,3809,3787));
#7600=IFCINDEXEDPOLYGONALFACE((3829,3809,3861));
#7601=IFCINDEXEDPOLYGONALFACE((3811,3861,3741));
#7602=IFCINDEXEDPOLYGONALFACE((3788,3863,3764));
#7603=IFCINDEXEDPOLYGONALFACE((3864,3887,3743));
#7604=IFCINDEXEDPOLYGONALFACE((3888,3867,3833));
#7605=IFCINDEXEDPOLYGONALFACE((3889,3867,3888));
#7606=IFCINDEXEDPOLYGONALFACE((3867,3889,3834));
#7607=IFCINDEXEDPOLYGONALFACE((3889,3890,3834));
#7608=IFCINDEXEDPOLYGONALFACE((3890,3868,3834));
#7609=IFCINDEXEDPOLYGONALFACE((3835,3869,3870));
#7610=IFCINDEXEDPOLYGONALFACE((3891,3870,3869));
#7611=IFCINDEXEDPOLYGONALFACE((3871,3870,3891));
#7612=IFCINDEXEDPOLYGONALFACE((3891,3892,3871));
#7613=IFCINDEXEDPOLYGONALFACE((3892,3872,3871));
#7614=IFCINDEXEDPOLYGONALFACE((3872,3892,3837));
#7615=IFCINDEXEDPOLYGONALFACE((3892,3873,3837));
#7616=IFCINDEXEDPOLYGONALFACE((3873,3893,3792));
#7617=IFCINDEXEDPOLYGONALFACE((3894,3817,3839));
#7618=IFCINDEXEDPOLYGONALFACE((3817,3894,3874));
#7619=IFCINDEXEDPOLYGONALFACE((3772,3874,3793));
#7620=IFCINDEXEDPOLYGONALFACE((3793,3874,3875));
#7621=IFCINDEXEDPOLYGONALFACE((3895,3896,3876));
#7622=IFCINDEXEDPOLYGONALFACE((3841,3876,3896));
#7623=IFCINDEXEDPOLYGONALFACE((3897,3819,3898));
#7624=IFCINDEXEDPOLYGONALFACE((3898,3819,3818));
#7625=IFCINDEXEDPOLYGONALFACE((3842,3819,3899));
#7626=IFCINDEXEDPOLYGONALFACE((3843,3877,3900));
#7627=IFCINDEXEDPOLYGONALFACE((3844,3843,3901));
#7628=IFCINDEXEDPOLYGONALFACE((3901,3822,3844));
#7629=IFCINDEXEDPOLYGONALFACE((3902,3878,3903));
#7630=IFCINDEXEDPOLYGONALFACE((3903,3878,3822));
#7631=IFCINDEXEDPOLYGONALFACE((3845,3878,3904));
#7632=IFCINDEXEDPOLYGONALFACE((3902,3904,3878));
#7633=IFCINDEXEDPOLYGONALFACE((3904,3905,3845));
#7634=IFCINDEXEDPOLYGONALFACE((3824,3845,3905));
#7635=IFCINDEXEDPOLYGONALFACE((3824,3905,3846));
#7636=IFCINDEXEDPOLYGONALFACE((3879,3906,3847));
#7637=IFCINDEXEDPOLYGONALFACE((3906,3880,3847));
#7638=IFCINDEXEDPOLYGONALFACE((3907,3736,3799));
#7639=IFCINDEXEDPOLYGONALFACE((3736,3907,3848));
#7640=IFCINDEXEDPOLYGONALFACE((3881,3849,3800));
#7641=IFCINDEXEDPOLYGONALFACE((3908,3780,3755));
#7642=IFCINDEXEDPOLYGONALFACE((3909,3910,3882));
#7643=IFCINDEXEDPOLYGONALFACE((3910,3851,3882));
#7644=IFCINDEXEDPOLYGONALFACE((3696,3851,3852));
#7645=IFCINDEXEDPOLYGONALFACE((3853,3852,3911));
#7646=IFCINDEXEDPOLYGONALFACE((3883,3912,3804));
#7647=IFCINDEXEDPOLYGONALFACE((3804,3912,3825));
#7648=IFCINDEXEDPOLYGONALFACE((3826,3825,3913));
#7649=IFCINDEXEDPOLYGONALFACE((3913,3825,3912));
#7650=IFCINDEXEDPOLYGONALFACE((3913,3854,3826));
#7651=IFCINDEXEDPOLYGONALFACE((3854,3914,3884));
#7652=IFCINDEXEDPOLYGONALFACE((3915,3884,3914));
#7653=IFCINDEXEDPOLYGONALFACE((3915,3916,3884));
#7654=IFCINDEXEDPOLYGONALFACE((3856,3884,3916));
#7655=IFCINDEXEDPOLYGONALFACE((3916,3917,3856));
#7656=IFCINDEXEDPOLYGONALFACE((3857,3856,3917));
#7657=IFCINDEXEDPOLYGONALFACE((3859,3858,3918));
#7658=IFCINDEXEDPOLYGONALFACE((3885,3859,3918));
#7659=IFCINDEXEDPOLYGONALFACE((3919,3827,3886));
#7660=IFCINDEXEDPOLYGONALFACE((3920,3807,3827));
#7661=IFCINDEXEDPOLYGONALFACE((3807,3920,3540));
#7662=IFCINDEXEDPOLYGONALFACE((3921,3808,3760));
#7663=IFCINDEXEDPOLYGONALFACE((3809,3860,3922));
#7664=IFCINDEXEDPOLYGONALFACE((3862,3741,3923));
#7665=IFCINDEXEDPOLYGONALFACE((3788,3763,3924));
#7666=IFCINDEXEDPOLYGONALFACE((3788,3925,3863));
#7667=IFCINDEXEDPOLYGONALFACE((3864,3765,3863));
#7668=IFCINDEXEDPOLYGONALFACE((3887,3742,3743));
#7669=IFCINDEXEDPOLYGONALFACE((3832,3726,3831));
#7670=IFCINDEXEDPOLYGONALFACE((3706,3832,3833));
#7671=IFCINDEXEDPOLYGONALFACE((3868,3890,3926));
#7672=IFCINDEXEDPOLYGONALFACE((3926,3869,3868));
#7673=IFCINDEXEDPOLYGONALFACE((3869,3926,3891));
#7674=IFCINDEXEDPOLYGONALFACE((3891,3927,3892));
#7675=IFCINDEXEDPOLYGONALFACE((3893,3873,3927));
#7676=IFCINDEXEDPOLYGONALFACE((3892,3927,3873));
#7677=IFCINDEXEDPOLYGONALFACE((3928,3792,3893));
#7678=IFCINDEXEDPOLYGONALFACE((3792,3928,3840));
#7679=IFCINDEXEDPOLYGONALFACE((3839,3840,3894));
#7680=IFCINDEXEDPOLYGONALFACE((3840,3928,3894));
#7681=IFCINDEXEDPOLYGONALFACE((3895,3929,3896));
#7682=IFCINDEXEDPOLYGONALFACE((3896,3929,3841));
#7683=IFCINDEXEDPOLYGONALFACE((3930,3841,3929));
#7684=IFCINDEXEDPOLYGONALFACE((3930,3898,3841));
#7685=IFCINDEXEDPOLYGONALFACE((3818,3841,3898));
#7686=IFCINDEXEDPOLYGONALFACE((3899,3819,3897));
#7687=IFCINDEXEDPOLYGONALFACE((3931,3842,3932));
#7688=IFCINDEXEDPOLYGONALFACE((3842,3931,3877));
#7689=IFCINDEXEDPOLYGONALFACE((3901,3843,3900));
#7690=IFCINDEXEDPOLYGONALFACE((3903,3822,3901));
#7691=IFCINDEXEDPOLYGONALFACE((3933,3902,3903));
#7692=IFCINDEXEDPOLYGONALFACE((3933,3904,3902));
#7693=IFCINDEXEDPOLYGONALFACE((3933,3934,3904));
#7694=IFCINDEXEDPOLYGONALFACE((3905,3904,3934));
#7695=IFCINDEXEDPOLYGONALFACE((3846,3905,3935));
#7696=IFCINDEXEDPOLYGONALFACE((3934,3935,3905));
#7697=IFCINDEXEDPOLYGONALFACE((3846,3935,3879));
#7698=IFCINDEXEDPOLYGONALFACE((3906,3879,3935));
#7699=IFCINDEXEDPOLYGONALFACE((3881,3848,3936));
#7700=IFCINDEXEDPOLYGONALFACE((3908,3755,3937));
#7701=IFCINDEXEDPOLYGONALFACE((3801,3937,3755));
#7702=IFCINDEXEDPOLYGONALFACE((3853,3911,3883));
#7703=IFCINDEXEDPOLYGONALFACE((3854,3913,3938));
#7704=IFCINDEXEDPOLYGONALFACE((3854,3938,3914));
#7705=IFCINDEXEDPOLYGONALFACE((3914,3939,3915));
#7706=IFCINDEXEDPOLYGONALFACE((3940,3916,3939));
#7707=IFCINDEXEDPOLYGONALFACE((3915,3939,3916));
#7708=IFCINDEXEDPOLYGONALFACE((3916,3940,3917));
#7709=IFCINDEXEDPOLYGONALFACE((3941,3886,3885));
#7710=IFCINDEXEDPOLYGONALFACE((3703,3540,3920));
#7711=IFCINDEXEDPOLYGONALFACE((3786,3921,3760));
#7712=IFCINDEXEDPOLYGONALFACE((3942,3763,3862));
#7713=IFCINDEXEDPOLYGONALFACE((3763,3942,3924));
#7714=IFCINDEXEDPOLYGONALFACE((3865,3742,3887));
#7715=IFCINDEXEDPOLYGONALFACE((3742,3865,3639));
#7716=IFCINDEXEDPOLYGONALFACE((3943,3888,3833));
#7717=IFCINDEXEDPOLYGONALFACE((3888,3944,3889));
#7718=IFCINDEXEDPOLYGONALFACE((3890,3889,3944));
#7719=IFCINDEXEDPOLYGONALFACE((3926,3945,3891));
#7720=IFCINDEXEDPOLYGONALFACE((3891,3946,3927));
#7721=IFCINDEXEDPOLYGONALFACE((3928,3947,3894));
#7722=IFCINDEXEDPOLYGONALFACE((3948,3949,3894));
#7723=IFCINDEXEDPOLYGONALFACE((3874,3894,3949));
#7724=IFCINDEXEDPOLYGONALFACE((3874,3949,3875));
#7725=IFCINDEXEDPOLYGONALFACE((3949,3950,3875));
#7726=IFCINDEXEDPOLYGONALFACE((3951,3875,3950));
#7727=IFCINDEXEDPOLYGONALFACE((3875,3951,3876));
#7728=IFCINDEXEDPOLYGONALFACE((3876,3951,3895));
#7729=IFCINDEXEDPOLYGONALFACE((3929,3952,3930));
#7730=IFCINDEXEDPOLYGONALFACE((3953,3930,3952));
#7731=IFCINDEXEDPOLYGONALFACE((3898,3930,3953));
#7732=IFCINDEXEDPOLYGONALFACE((3897,3898,3899));
#7733=IFCINDEXEDPOLYGONALFACE((3932,3842,3899));
#7734=IFCINDEXEDPOLYGONALFACE((3954,3931,3932));
#7735=IFCINDEXEDPOLYGONALFACE((3955,3877,3954));
#7736=IFCINDEXEDPOLYGONALFACE((3931,3954,3877));
#7737=IFCINDEXEDPOLYGONALFACE((3955,3956,3877));
#7738=IFCINDEXEDPOLYGONALFACE((3900,3877,3956));
#7739=IFCINDEXEDPOLYGONALFACE((3957,3901,3958));
#7740=IFCINDEXEDPOLYGONALFACE((3958,3901,3900));
#7741=IFCINDEXEDPOLYGONALFACE((3901,3957,3903));
#7742=IFCINDEXEDPOLYGONALFACE((3880,3959,3778));
#7743=IFCINDEXEDPOLYGONALFACE((3960,3848,3907));
#7744=IFCINDEXEDPOLYGONALFACE((3961,3848,3960));
#7745=IFCINDEXEDPOLYGONALFACE((3936,3848,3961));
#7746=IFCINDEXEDPOLYGONALFACE((3881,3936,3962));
#7747=IFCINDEXEDPOLYGONALFACE((3937,3801,3849));
#7748=IFCINDEXEDPOLYGONALFACE((3780,3908,3963));
#7749=IFCINDEXEDPOLYGONALFACE((3963,3850,3780));
#7750=IFCINDEXEDPOLYGONALFACE((3909,3882,3963));
#7751=IFCINDEXEDPOLYGONALFACE((3963,3882,3850));
#7752=IFCINDEXEDPOLYGONALFACE((3910,3964,3851));
#7753=IFCINDEXEDPOLYGONALFACE((3964,3852,3851));
#7754=IFCINDEXEDPOLYGONALFACE((3911,3965,3883));
#7755=IFCINDEXEDPOLYGONALFACE((3966,3912,3883));
#7756=IFCINDEXEDPOLYGONALFACE((3914,3938,3967));
#7757=IFCINDEXEDPOLYGONALFACE((3939,3914,3967));
#7758=IFCINDEXEDPOLYGONALFACE((3940,3939,3968));
#7759=IFCINDEXEDPOLYGONALFACE((3917,3940,3969));
#7760=IFCINDEXEDPOLYGONALFACE((3968,3969,3940));
#7761=IFCINDEXEDPOLYGONALFACE((3941,3918,3858));
#7762=IFCINDEXEDPOLYGONALFACE((3918,3941,3885));
#7763=IFCINDEXEDPOLYGONALFACE((3886,3941,3919));
#7764=IFCINDEXEDPOLYGONALFACE((3920,3827,3919));
#7765=IFCINDEXEDPOLYGONALFACE((3920,3970,3703));
#7766=IFCINDEXEDPOLYGONALFACE((3723,3808,3971));
#7767=IFCINDEXEDPOLYGONALFACE((3972,3809,3922));
#7768=IFCINDEXEDPOLYGONALFACE((3973,3741,3861));
#7769=IFCINDEXEDPOLYGONALFACE((3741,3973,3923));
#7770=IFCINDEXEDPOLYGONALFACE((3788,3924,3925));
#7771=IFCINDEXEDPOLYGONALFACE((3890,3944,3974));
#7772=IFCINDEXEDPOLYGONALFACE((3974,3926,3890));
#7773=IFCINDEXEDPOLYGONALFACE((3893,3927,3946));
#7774=IFCINDEXEDPOLYGONALFACE((3893,3975,3928));
#7775=IFCINDEXEDPOLYGONALFACE((3928,3975,3947));
#7776=IFCINDEXEDPOLYGONALFACE((3894,3947,3948));
#7777=IFCINDEXEDPOLYGONALFACE((3895,3976,3929));
#7778=IFCINDEXEDPOLYGONALFACE((3898,3953,3977));
#7779=IFCINDEXEDPOLYGONALFACE((3977,3899,3898));
#7780=IFCINDEXEDPOLYGONALFACE((3978,3932,3899));
#7781=IFCINDEXEDPOLYGONALFACE((3932,3979,3954));
#7782=IFCINDEXEDPOLYGONALFACE((3980,3900,3956));
#7783=IFCINDEXEDPOLYGONALFACE((3900,3980,3958));
#7784=IFCINDEXEDPOLYGONALFACE((3903,3981,3933));
#7785=IFCINDEXEDPOLYGONALFACE((3934,3933,3982));
#7786=IFCINDEXEDPOLYGONALFACE((3935,3934,3983));
#7787=IFCINDEXEDPOLYGONALFACE((3935,3983,3906));
#7788=IFCINDEXEDPOLYGONALFACE((3906,3983,3880));
#7789=IFCINDEXEDPOLYGONALFACE((3984,3880,3983));
#7790=IFCINDEXEDPOLYGONALFACE((3880,3984,3959));
#7791=IFCINDEXEDPOLYGONALFACE((3778,3985,3799));
#7792=IFCINDEXEDPOLYGONALFACE((3907,3799,3985));
#7793=IFCINDEXEDPOLYGONALFACE((3986,3961,3960));
#7794=IFCINDEXEDPOLYGONALFACE((3962,3849,3881));
#7795=IFCINDEXEDPOLYGONALFACE((3987,3909,3988));
#7796=IFCINDEXEDPOLYGONALFACE((3988,3909,3963));
#7797=IFCINDEXEDPOLYGONALFACE((3910,3909,3989));
#7798=IFCINDEXEDPOLYGONALFACE((3989,3964,3910));
#7799=IFCINDEXEDPOLYGONALFACE((3911,3852,3990));
#7800=IFCINDEXEDPOLYGONALFACE((3990,3965,3911));
#7801=IFCINDEXEDPOLYGONALFACE((3965,3966,3883));
#7802=IFCINDEXEDPOLYGONALFACE((3912,3966,3913));
#7803=IFCINDEXEDPOLYGONALFACE((3913,3966,3938));
#7804=IFCINDEXEDPOLYGONALFACE((3991,3938,3966));
#7805=IFCINDEXEDPOLYGONALFACE((3967,3938,3991));
#7806=IFCINDEXEDPOLYGONALFACE((3939,3967,3992));
#7807=IFCINDEXEDPOLYGONALFACE((3939,3992,3968));
#7808=IFCINDEXEDPOLYGONALFACE((3993,3941,3858));
#7809=IFCINDEXEDPOLYGONALFACE((3919,3994,3920));
#7810=IFCINDEXEDPOLYGONALFACE((3808,3921,3971));
#7811=IFCINDEXEDPOLYGONALFACE((3828,3995,3860));
#7812=IFCINDEXEDPOLYGONALFACE((3861,3809,3972));
#7813=IFCINDEXEDPOLYGONALFACE((3996,3862,3923));
#7814=IFCINDEXEDPOLYGONALFACE((3864,3863,3997));
#7815=IFCINDEXEDPOLYGONALFACE((3866,3998,3831));
#7816=IFCINDEXEDPOLYGONALFACE((3999,3832,3831));
#7817=IFCINDEXEDPOLYGONALFACE((3832,4000,3833));
#7818=IFCINDEXEDPOLYGONALFACE((3833,4000,3943));
#7819=IFCINDEXEDPOLYGONALFACE((3943,4001,3888));
#7820=IFCINDEXEDPOLYGONALFACE((3946,3891,3945));
#7821=IFCINDEXEDPOLYGONALFACE((3893,4002,3975));
#7822=IFCINDEXEDPOLYGONALFACE((3950,3949,4003));
#7823=IFCINDEXEDPOLYGONALFACE((4004,3951,3950));
#7824=IFCINDEXEDPOLYGONALFACE((3976,3895,4004));
#7825=IFCINDEXEDPOLYGONALFACE((3895,3951,4004));
#7826=IFCINDEXEDPOLYGONALFACE((3929,3976,4005));
#7827=IFCINDEXEDPOLYGONALFACE((3929,4005,3952));
#7828=IFCINDEXEDPOLYGONALFACE((3952,4005,4006));
#7829=IFCINDEXEDPOLYGONALFACE((3977,3952,4006));
#7830=IFCINDEXEDPOLYGONALFACE((3952,3977,3953));
#7831=IFCINDEXEDPOLYGONALFACE((4007,3932,3978));
#7832=IFCINDEXEDPOLYGONALFACE((3932,4007,3979));
#7833=IFCINDEXEDPOLYGONALFACE((3954,3979,4007));
#7834=IFCINDEXEDPOLYGONALFACE((3955,3954,4008));
#7835=IFCINDEXEDPOLYGONALFACE((4009,3956,4010));
#7836=IFCINDEXEDPOLYGONALFACE((3955,4010,3956));
#7837=IFCINDEXEDPOLYGONALFACE((3956,4009,3980));
#7838=IFCINDEXEDPOLYGONALFACE((3957,3958,3980));
#7839=IFCINDEXEDPOLYGONALFACE((3903,3957,4011));
#7840=IFCINDEXEDPOLYGONALFACE((3903,4011,3981));
#7841=IFCINDEXEDPOLYGONALFACE((3982,3933,3981));
#7842=IFCINDEXEDPOLYGONALFACE((3934,3982,3983));
#7843=IFCINDEXEDPOLYGONALFACE((3985,3778,3959));
#7844=IFCINDEXEDPOLYGONALFACE((4012,3936,3961));
#7845=IFCINDEXEDPOLYGONALFACE((3849,3962,3937));
#7846=IFCINDEXEDPOLYGONALFACE((3987,3989,3909));
#7847=IFCINDEXEDPOLYGONALFACE((4013,3990,3852));
#7848=IFCINDEXEDPOLYGONALFACE((3991,3992,3967));
#7849=IFCINDEXEDPOLYGONALFACE((3992,4014,3968));
#7850=IFCINDEXEDPOLYGONALFACE((4014,3969,3968));
#7851=IFCINDEXEDPOLYGONALFACE((3919,3941,4015));
#7852=IFCINDEXEDPOLYGONALFACE((3920,3994,3970));
#7853=IFCINDEXEDPOLYGONALFACE((4016,3703,3970));
#7854=IFCINDEXEDPOLYGONALFACE((4016,3722,3703));
#7855=IFCINDEXEDPOLYGONALFACE((4017,3921,3786));
#7856=IFCINDEXEDPOLYGONALFACE((4018,3723,3971));
#7857=IFCINDEXEDPOLYGONALFACE((3828,3723,4018));
#7858=IFCINDEXEDPOLYGONALFACE((3828,4018,3995));
#7859=IFCINDEXEDPOLYGONALFACE((3942,4019,3924));
#7860=IFCINDEXEDPOLYGONALFACE((3887,3864,3997));
#7861=IFCINDEXEDPOLYGONALFACE((3865,3887,4020));
#7862=IFCINDEXEDPOLYGONALFACE((3866,3830,4021));
#7863=IFCINDEXEDPOLYGONALFACE((3865,4021,3830));
#7864=IFCINDEXEDPOLYGONALFACE((4022,3831,3998));
#7865=IFCINDEXEDPOLYGONALFACE((3999,3831,4022));
#7866=IFCINDEXEDPOLYGONALFACE((3832,3999,4000));
#7867=IFCINDEXEDPOLYGONALFACE((4000,4023,3943));
#7868=IFCINDEXEDPOLYGONALFACE((4001,3943,4023));
#7869=IFCINDEXEDPOLYGONALFACE((3888,4001,3944));
#7870=IFCINDEXEDPOLYGONALFACE((4024,3926,3974));
#7871=IFCINDEXEDPOLYGONALFACE((4024,3945,3926));
#7872=IFCINDEXEDPOLYGONALFACE((3945,4025,3946));
#7873=IFCINDEXEDPOLYGONALFACE((4026,3893,3946));
#7874=IFCINDEXEDPOLYGONALFACE((4002,3893,4026));
#7875=IFCINDEXEDPOLYGONALFACE((3975,4027,3947));
#7876=IFCINDEXEDPOLYGONALFACE((4027,3948,3947));
#7877=IFCINDEXEDPOLYGONALFACE((3948,4027,3949));
#7878=IFCINDEXEDPOLYGONALFACE((4027,4003,3949));
#7879=IFCINDEXEDPOLYGONALFACE((3950,4003,4004));
#7880=IFCINDEXEDPOLYGONALFACE((4028,4004,4003));
#7881=IFCINDEXEDPOLYGONALFACE((3978,3899,3977));
#7882=IFCINDEXEDPOLYGONALFACE((3977,4007,3978));
#7883=IFCINDEXEDPOLYGONALFACE((4010,4029,4009));
#7884=IFCINDEXEDPOLYGONALFACE((4030,4009,4029));
#7885=IFCINDEXEDPOLYGONALFACE((4009,4030,3980));
#7886=IFCINDEXEDPOLYGONALFACE((4031,3983,3982));
#7887=IFCINDEXEDPOLYGONALFACE((3984,3983,4031));
#7888=IFCINDEXEDPOLYGONALFACE((4032,3907,3985));
#7889=IFCINDEXEDPOLYGONALFACE((3960,3907,4032));
#7890=IFCINDEXEDPOLYGONALFACE((4012,3961,3986));
#7891=IFCINDEXEDPOLYGONALFACE((3936,4033,3962));
#7892=IFCINDEXEDPOLYGONALFACE((4034,3937,3962));
#7893=IFCINDEXEDPOLYGONALFACE((3963,3908,4035));
#7894=IFCINDEXEDPOLYGONALFACE((4036,4035,3908));
#7895=IFCINDEXEDPOLYGONALFACE((4037,3963,4035));
#7896=IFCINDEXEDPOLYGONALFACE((3988,3963,4037));
#7897=IFCINDEXEDPOLYGONALFACE((3987,3988,4038));
#7898=IFCINDEXEDPOLYGONALFACE((3988,4037,4038));
#7899=IFCINDEXEDPOLYGONALFACE((4039,3987,4038));
#7900=IFCINDEXEDPOLYGONALFACE((3989,3987,4039));
#7901=IFCINDEXEDPOLYGONALFACE((4039,4040,3989));
#7902=IFCINDEXEDPOLYGONALFACE((4041,3989,4040));
#7903=IFCINDEXEDPOLYGONALFACE((4041,3964,3989));
#7904=IFCINDEXEDPOLYGONALFACE((3990,4042,3965));
#7905=IFCINDEXEDPOLYGONALFACE((3966,3965,4042));
#7906=IFCINDEXEDPOLYGONALFACE((4043,3991,3966));
#7907=IFCINDEXEDPOLYGONALFACE((3991,4043,3992));
#7908=IFCINDEXEDPOLYGONALFACE((4044,4014,3992));
#7909=IFCINDEXEDPOLYGONALFACE((3993,4015,3941));
#7910=IFCINDEXEDPOLYGONALFACE((4015,3994,3919));
#7911=IFCINDEXEDPOLYGONALFACE((4045,3921,4017));
#7912=IFCINDEXEDPOLYGONALFACE((3860,4046,3922));
#7913=IFCINDEXEDPOLYGONALFACE((3972,3973,3861));
#7914=IFCINDEXEDPOLYGONALFACE((3996,3923,3973));
#7915=IFCINDEXEDPOLYGONALFACE((3862,3996,3942));
#7916=IFCINDEXEDPOLYGONALFACE((4047,3925,3924));
#7917=IFCINDEXEDPOLYGONALFACE((4047,3863,3925));
#7918=IFCINDEXEDPOLYGONALFACE((4021,3865,4020));
#7919=IFCINDEXEDPOLYGONALFACE((3998,3866,4021));
#7920=IFCINDEXEDPOLYGONALFACE((3944,4001,4048));
#7921=IFCINDEXEDPOLYGONALFACE((3944,4048,3974));
#7922=IFCINDEXEDPOLYGONALFACE((4049,3945,4024));
#7923=IFCINDEXEDPOLYGONALFACE((4049,4025,3945));
#7924=IFCINDEXEDPOLYGONALFACE((4050,4051,4025));
#7925=IFCINDEXEDPOLYGONALFACE((3946,4025,4051));
#7926=IFCINDEXEDPOLYGONALFACE((4026,3946,4052));
#7927=IFCINDEXEDPOLYGONALFACE((3975,4002,4027));
#7928=IFCINDEXEDPOLYGONALFACE((4053,4004,4028));
#7929=IFCINDEXEDPOLYGONALFACE((4004,4053,3976));
#7930=IFCINDEXEDPOLYGONALFACE((4005,3976,4054));
#7931=IFCINDEXEDPOLYGONALFACE((4053,4054,3976));
#7932=IFCINDEXEDPOLYGONALFACE((4006,4005,4054));
#7933=IFCINDEXEDPOLYGONALFACE((4055,3977,4006));
#7934=IFCINDEXEDPOLYGONALFACE((4056,3977,4055));
#7935=IFCINDEXEDPOLYGONALFACE((4056,4007,3977));
#7936=IFCINDEXEDPOLYGONALFACE((4007,4056,3954));
#7937=IFCINDEXEDPOLYGONALFACE((4057,3955,4008));
#7938=IFCINDEXEDPOLYGONALFACE((3955,4057,4010));
#7939=IFCINDEXEDPOLYGONALFACE((4010,4057,4029));
#7940=IFCINDEXEDPOLYGONALFACE((4011,3957,3980));
#7941=IFCINDEXEDPOLYGONALFACE((4011,4058,3981));
#7942=IFCINDEXEDPOLYGONALFACE((3984,4059,3959));
#7943=IFCINDEXEDPOLYGONALFACE((3986,3960,4060));
#7944=IFCINDEXEDPOLYGONALFACE((4061,3936,4012));
#7945=IFCINDEXEDPOLYGONALFACE((3936,4061,4033));
#7946=IFCINDEXEDPOLYGONALFACE((4062,4033,4061));
#7947=IFCINDEXEDPOLYGONALFACE((4063,4033,4062));
#7948=IFCINDEXEDPOLYGONALFACE((4033,4063,3962));
#7949=IFCINDEXEDPOLYGONALFACE((4063,4034,3962));
#7950=IFCINDEXEDPOLYGONALFACE((3937,4034,3908));
#7951=IFCINDEXEDPOLYGONALFACE((4036,3908,4034));
#7952=IFCINDEXEDPOLYGONALFACE((4064,4037,4035));
#7953=IFCINDEXEDPOLYGONALFACE((4064,4038,4037));
#7954=IFCINDEXEDPOLYGONALFACE((4038,4065,4039));
#7955=IFCINDEXEDPOLYGONALFACE((4040,4039,4066));
#7956=IFCINDEXEDPOLYGONALFACE((4065,4066,4039));
#7957=IFCINDEXEDPOLYGONALFACE((4040,4066,4041));
#7958=IFCINDEXEDPOLYGONALFACE((3964,4067,3852));
#7959=IFCINDEXEDPOLYGONALFACE((4013,3852,4067));
#7960=IFCINDEXEDPOLYGONALFACE((4068,3990,4013));
#7961=IFCINDEXEDPOLYGONALFACE((3990,4068,4069));
#7962=IFCINDEXEDPOLYGONALFACE((3966,4042,4043));
#7963=IFCINDEXEDPOLYGONALFACE((4043,4044,3992));
#7964=IFCINDEXEDPOLYGONALFACE((4070,4014,4044));
#7965=IFCINDEXEDPOLYGONALFACE((4014,4070,3969));
#7966=IFCINDEXEDPOLYGONALFACE((3971,3921,4045));
#7967=IFCINDEXEDPOLYGONALFACE((3922,4046,3972));
#7968=IFCINDEXEDPOLYGONALFACE((3997,4071,3887));
#7969=IFCINDEXEDPOLYGONALFACE((4071,4072,3887));
#7970=IFCINDEXEDPOLYGONALFACE((4020,3887,4072));
#7971=IFCINDEXEDPOLYGONALFACE((4073,4022,3998));
#7972=IFCINDEXEDPOLYGONALFACE((4048,4001,4074));
#7973=IFCINDEXEDPOLYGONALFACE((4074,4075,4048));
#7974=IFCINDEXEDPOLYGONALFACE((3974,4048,4075));
#7975=IFCINDEXEDPOLYGONALFACE((4075,4024,3974));
#7976=IFCINDEXEDPOLYGONALFACE((4024,4076,4049));
#7977=IFCINDEXEDPOLYGONALFACE((4049,4050,4025));
#7978=IFCINDEXEDPOLYGONALFACE((4051,4052,3946));
#7979=IFCINDEXEDPOLYGONALFACE((4002,4026,4077));
#7980=IFCINDEXEDPOLYGONALFACE((4002,4078,4027));
#7981=IFCINDEXEDPOLYGONALFACE((4079,4003,4027));
#7982=IFCINDEXEDPOLYGONALFACE((4003,4079,4028));
#7983=IFCINDEXEDPOLYGONALFACE((4080,4054,4053));
#7984=IFCINDEXEDPOLYGONALFACE((4008,3954,4056));
#7985=IFCINDEXEDPOLYGONALFACE((4008,4081,4057));
#7986=IFCINDEXEDPOLYGONALFACE((4081,4082,4057));
#7987=IFCINDEXEDPOLYGONALFACE((4029,4057,4082));
#7988=IFCINDEXEDPOLYGONALFACE((4082,4030,4029));
#7989=IFCINDEXEDPOLYGONALFACE((3982,3981,4031));
#7990=IFCINDEXEDPOLYGONALFACE((4032,4083,3960));
#7991=IFCINDEXEDPOLYGONALFACE((4012,3986,4061));
#7992=IFCINDEXEDPOLYGONALFACE((4060,4061,3986));
#7993=IFCINDEXEDPOLYGONALFACE((4062,4084,4063));
#7994=IFCINDEXEDPOLYGONALFACE((4063,4085,4034));
#7995=IFCINDEXEDPOLYGONALFACE((4034,4086,4036));
#7996=IFCINDEXEDPOLYGONALFACE((4064,4065,4038));
#7997=IFCINDEXEDPOLYGONALFACE((4066,4065,4041));
#7998=IFCINDEXEDPOLYGONALFACE((4041,4065,3964));
#7999=IFCINDEXEDPOLYGONALFACE((4042,3990,4069));
#8000=IFCINDEXEDPOLYGONALFACE((4043,4042,4087));
#8001=IFCINDEXEDPOLYGONALFACE((4088,4015,3993));
#8002=IFCINDEXEDPOLYGONALFACE((3970,3994,4089));
#8003=IFCINDEXEDPOLYGONALFACE((3786,4090,4017));
#8004=IFCINDEXEDPOLYGONALFACE((3860,3995,4046));
#8005=IFCINDEXEDPOLYGONALFACE((3996,4091,3942));
#8006=IFCINDEXEDPOLYGONALFACE((4092,3863,4047));
#8007=IFCINDEXEDPOLYGONALFACE((3863,4092,3997));
#8008=IFCINDEXEDPOLYGONALFACE((4093,4072,4071));
#8009=IFCINDEXEDPOLYGONALFACE((4020,4072,4094));
#8010=IFCINDEXEDPOLYGONALFACE((4095,4000,3999));
#8011=IFCINDEXEDPOLYGONALFACE((4023,4000,4095));
#8012=IFCINDEXEDPOLYGONALFACE((4074,4001,4096));
#8013=IFCINDEXEDPOLYGONALFACE((4075,4074,4096));
#8014=IFCINDEXEDPOLYGONALFACE((4076,4024,4075));
#8015=IFCINDEXEDPOLYGONALFACE((4097,4049,4076));
#8016=IFCINDEXEDPOLYGONALFACE((4097,4050,4049));
#8017=IFCINDEXEDPOLYGONALFACE((4052,4077,4026));
#8018=IFCINDEXEDPOLYGONALFACE((4002,4077,4078));
#8019=IFCINDEXEDPOLYGONALFACE((4079,4027,4078));
#8020=IFCINDEXEDPOLYGONALFACE((4098,4028,4079));
#8021=IFCINDEXEDPOLYGONALFACE((4053,4028,4080));
#8022=IFCINDEXEDPOLYGONALFACE((4098,4080,4028));
#8023=IFCINDEXEDPOLYGONALFACE((4054,4080,4006));
#8024=IFCINDEXEDPOLYGONALFACE((4099,4100,4055));
#8025=IFCINDEXEDPOLYGONALFACE((4055,4100,4056));
#8026=IFCINDEXEDPOLYGONALFACE((4008,4056,4101));
#8027=IFCINDEXEDPOLYGONALFACE((4102,4081,4008));
#8028=IFCINDEXEDPOLYGONALFACE((4081,4102,4082));
#8029=IFCINDEXEDPOLYGONALFACE((4103,4030,4082));
#8030=IFCINDEXEDPOLYGONALFACE((4104,3980,4103));
#8031=IFCINDEXEDPOLYGONALFACE((4030,4103,3980));
#8032=IFCINDEXEDPOLYGONALFACE((3980,4104,4011));
#8033=IFCINDEXEDPOLYGONALFACE((3984,4031,4105));
#8034=IFCINDEXEDPOLYGONALFACE((3981,4105,4031));
#8035=IFCINDEXEDPOLYGONALFACE((3984,4106,4059));
#8036=IFCINDEXEDPOLYGONALFACE((3985,3959,4059));
#8037=IFCINDEXEDPOLYGONALFACE((4061,4060,4084));
#8038=IFCINDEXEDPOLYGONALFACE((4062,4061,4084));
#8039=IFCINDEXEDPOLYGONALFACE((4086,4034,4085));
#8040=IFCINDEXEDPOLYGONALFACE((4064,4035,4107));
#8041=IFCINDEXEDPOLYGONALFACE((3964,4065,4067));
#8042=IFCINDEXEDPOLYGONALFACE((4013,4108,4068));
#8043=IFCINDEXEDPOLYGONALFACE((4043,4087,4044));
#8044=IFCINDEXEDPOLYGONALFACE((4015,4109,3994));
#8045=IFCINDEXEDPOLYGONALFACE((3722,4016,4090));
#8046=IFCINDEXEDPOLYGONALFACE((4090,3786,3722));
#8047=IFCINDEXEDPOLYGONALFACE((4017,4110,4045));
#8048=IFCINDEXEDPOLYGONALFACE((4045,4110,3971));
#8049=IFCINDEXEDPOLYGONALFACE((4018,3971,4110));
#8050=IFCINDEXEDPOLYGONALFACE((3942,4091,4019));
#8051=IFCINDEXEDPOLYGONALFACE((4111,3924,4019));
#8052=IFCINDEXEDPOLYGONALFACE((4047,3924,4111));
#8053=IFCINDEXEDPOLYGONALFACE((4093,4094,4072));
#8054=IFCINDEXEDPOLYGONALFACE((4112,4020,4094));
#8055=IFCINDEXEDPOLYGONALFACE((4113,3999,4022));
#8056=IFCINDEXEDPOLYGONALFACE((4001,4023,4096));
#8057=IFCINDEXEDPOLYGONALFACE((4096,4023,4114));
#8058=IFCINDEXEDPOLYGONALFACE((4115,4052,4051));
#8059=IFCINDEXEDPOLYGONALFACE((4115,4077,4052));
#8060=IFCINDEXEDPOLYGONALFACE((4078,4116,4079));
#8061=IFCINDEXEDPOLYGONALFACE((4079,4116,4117));
#8062=IFCINDEXEDPOLYGONALFACE((4098,4079,4117));
#8063=IFCINDEXEDPOLYGONALFACE((4118,4006,4080));
#8064=IFCINDEXEDPOLYGONALFACE((4055,4006,4118));
#8065=IFCINDEXEDPOLYGONALFACE((4055,4118,4099));
#8066=IFCINDEXEDPOLYGONALFACE((4099,4119,4100));
#8067=IFCINDEXEDPOLYGONALFACE((4056,4100,4120));
#8068=IFCINDEXEDPOLYGONALFACE((4119,4120,4100));
#8069=IFCINDEXEDPOLYGONALFACE((4120,4121,4056));
#8070=IFCINDEXEDPOLYGONALFACE((4101,4056,4121));
#8071=IFCINDEXEDPOLYGONALFACE((4008,4101,4102));
#8072=IFCINDEXEDPOLYGONALFACE((4121,4102,4101));
#8073=IFCINDEXEDPOLYGONALFACE((4103,4082,4102));
#8074=IFCINDEXEDPOLYGONALFACE((4103,4122,4104));
#8075=IFCINDEXEDPOLYGONALFACE((4123,4011,4104));
#8076=IFCINDEXEDPOLYGONALFACE((4011,4123,4058));
#8077=IFCINDEXEDPOLYGONALFACE((4105,3981,4058));
#8078=IFCINDEXEDPOLYGONALFACE((4106,3984,4105));
#8079=IFCINDEXEDPOLYGONALFACE((4032,3985,4124));
#8080=IFCINDEXEDPOLYGONALFACE((4032,4124,4083));
#8081=IFCINDEXEDPOLYGONALFACE((3960,4083,4060));
#8082=IFCINDEXEDPOLYGONALFACE((4125,4060,4083));
#8083=IFCINDEXEDPOLYGONALFACE((4063,4084,4126));
#8084=IFCINDEXEDPOLYGONALFACE((4126,4085,4063));
#8085=IFCINDEXEDPOLYGONALFACE((4086,4127,4036));
#8086=IFCINDEXEDPOLYGONALFACE((4036,4128,4035));
#8087=IFCINDEXEDPOLYGONALFACE((4035,4128,4129));
#8088=IFCINDEXEDPOLYGONALFACE((4064,4107,4065));
#8089=IFCINDEXEDPOLYGONALFACE((4130,4131,4068));
#8090=IFCINDEXEDPOLYGONALFACE((4069,4068,4131));
#8091=IFCINDEXEDPOLYGONALFACE((4042,4069,4087));
#8092=IFCINDEXEDPOLYGONALFACE((4087,4132,4044));
#8093=IFCINDEXEDPOLYGONALFACE((4132,4070,4044));
#8094=IFCINDEXEDPOLYGONALFACE((4133,4134,4088));
#8095=IFCINDEXEDPOLYGONALFACE((4134,4109,4088));
#8096=IFCINDEXEDPOLYGONALFACE((4015,4088,4109));
#8097=IFCINDEXEDPOLYGONALFACE((4089,4016,3970));
#8098=IFCINDEXEDPOLYGONALFACE((4090,4016,4135));
#8099=IFCINDEXEDPOLYGONALFACE((4136,3973,3972));
#8100=IFCINDEXEDPOLYGONALFACE((4094,4093,4071));
#8101=IFCINDEXEDPOLYGONALFACE((4020,4112,4137));
#8102=IFCINDEXEDPOLYGONALFACE((4020,4137,4021));
#8103=IFCINDEXEDPOLYGONALFACE((4021,4137,3998));
#8104=IFCINDEXEDPOLYGONALFACE((4073,3998,4137));
#8105=IFCINDEXEDPOLYGONALFACE((4138,4022,4073));
#8106=IFCINDEXEDPOLYGONALFACE((4139,4023,4095));
#8107=IFCINDEXEDPOLYGONALFACE((4023,4139,4114));
#8108=IFCINDEXEDPOLYGONALFACE((4075,4096,4114));
#8109=IFCINDEXEDPOLYGONALFACE((4076,4075,4140));
#8110=IFCINDEXEDPOLYGONALFACE((4141,4140,4075));
#8111=IFCINDEXEDPOLYGONALFACE((4140,4097,4076));
#8112=IFCINDEXEDPOLYGONALFACE((4142,4051,4050));
#8113=IFCINDEXEDPOLYGONALFACE((4143,4051,4142));
#8114=IFCINDEXEDPOLYGONALFACE((4143,4115,4051));
#8115=IFCINDEXEDPOLYGONALFACE((4116,4077,4115));
#8116=IFCINDEXEDPOLYGONALFACE((4077,4116,4078));
#8117=IFCINDEXEDPOLYGONALFACE((4144,4098,4117));
#8118=IFCINDEXEDPOLYGONALFACE((4144,4145,4098));
#8119=IFCINDEXEDPOLYGONALFACE((4145,4080,4098));
#8120=IFCINDEXEDPOLYGONALFACE((4118,4080,4146));
#8121=IFCINDEXEDPOLYGONALFACE((4119,4147,4120));
#8122=IFCINDEXEDPOLYGONALFACE((4121,4120,4148));
#8123=IFCINDEXEDPOLYGONALFACE((4149,4121,4148));
#8124=IFCINDEXEDPOLYGONALFACE((4149,4150,4121));
#8125=IFCINDEXEDPOLYGONALFACE((4150,4102,4121));
#8126=IFCINDEXEDPOLYGONALFACE((4122,4103,4150));
#8127=IFCINDEXEDPOLYGONALFACE((4150,4103,4102));
#8128=IFCINDEXEDPOLYGONALFACE((4122,4151,4104));
#8129=IFCINDEXEDPOLYGONALFACE((4152,3985,4059));
#8130=IFCINDEXEDPOLYGONALFACE((4153,4125,4083));
#8131=IFCINDEXEDPOLYGONALFACE((4060,4125,4084));
#8132=IFCINDEXEDPOLYGONALFACE((4085,4126,4086));
#8133=IFCINDEXEDPOLYGONALFACE((4128,4036,4127));
#8134=IFCINDEXEDPOLYGONALFACE((4129,4154,4035));
#8135=IFCINDEXEDPOLYGONALFACE((4035,4154,4107));
#8136=IFCINDEXEDPOLYGONALFACE((4107,4154,4065));
#8137=IFCINDEXEDPOLYGONALFACE((4154,4067,4065));
#8138=IFCINDEXEDPOLYGONALFACE((4155,4068,4108));
#8139=IFCINDEXEDPOLYGONALFACE((4068,4155,4130));
#8140=IFCINDEXEDPOLYGONALFACE((4156,4069,4131));
#8141=IFCINDEXEDPOLYGONALFACE((4157,4069,4156));
#8142=IFCINDEXEDPOLYGONALFACE((4069,4157,4087));
#8143=IFCINDEXEDPOLYGONALFACE((4070,4132,4158));
#8144=IFCINDEXEDPOLYGONALFACE((4159,4134,4133));
#8145=IFCINDEXEDPOLYGONALFACE((4160,4089,3994));
#8146=IFCINDEXEDPOLYGONALFACE((4161,4016,4089));
#8147=IFCINDEXEDPOLYGONALFACE((4017,4162,4110));
#8148=IFCINDEXEDPOLYGONALFACE((4163,3972,4046));
#8149=IFCINDEXEDPOLYGONALFACE((4164,3973,4136));
#8150=IFCINDEXEDPOLYGONALFACE((4071,3997,4165));
#8151=IFCINDEXEDPOLYGONALFACE((4092,4165,3997));
#8152=IFCINDEXEDPOLYGONALFACE((4112,4094,4071));
#8153=IFCINDEXEDPOLYGONALFACE((4113,4022,4138));
#8154=IFCINDEXEDPOLYGONALFACE((4138,3999,4113));
#8155=IFCINDEXEDPOLYGONALFACE((3999,4138,4095));
#8156=IFCINDEXEDPOLYGONALFACE((4166,4075,4114));
#8157=IFCINDEXEDPOLYGONALFACE((4140,4141,4167));
#8158=IFCINDEXEDPOLYGONALFACE((4168,4097,4140));
#8159=IFCINDEXEDPOLYGONALFACE((4142,4050,4097));
#8160=IFCINDEXEDPOLYGONALFACE((4169,4115,4143));
#8161=IFCINDEXEDPOLYGONALFACE((4115,4169,4116));
#8162=IFCINDEXEDPOLYGONALFACE((4145,4146,4080));
#8163=IFCINDEXEDPOLYGONALFACE((4118,4170,4099));
#8164=IFCINDEXEDPOLYGONALFACE((4099,4170,4119));
#8165=IFCINDEXEDPOLYGONALFACE((4171,4119,4170));
#8166=IFCINDEXEDPOLYGONALFACE((4119,4171,4147));
#8167=IFCINDEXEDPOLYGONALFACE((4172,4147,4171));
#8168=IFCINDEXEDPOLYGONALFACE((4147,4172,4120));
#8169=IFCINDEXEDPOLYGONALFACE((4172,4173,4120));
#8170=IFCINDEXEDPOLYGONALFACE((4173,4174,4120));
#8171=IFCINDEXEDPOLYGONALFACE((4120,4174,4148));
#8172=IFCINDEXEDPOLYGONALFACE((4174,4175,4148));
#8173=IFCINDEXEDPOLYGONALFACE((4148,4175,4149));
#8174=IFCINDEXEDPOLYGONALFACE((4150,4149,4176));
#8175=IFCINDEXEDPOLYGONALFACE((4176,4177,4150));
#8176=IFCINDEXEDPOLYGONALFACE((4150,4177,4122));
#8177=IFCINDEXEDPOLYGONALFACE((4122,4177,4151));
#8178=IFCINDEXEDPOLYGONALFACE((4059,4106,4178));
#8179=IFCINDEXEDPOLYGONALFACE((3985,4152,4124));
#8180=IFCINDEXEDPOLYGONALFACE((4153,4083,4124));
#8181=IFCINDEXEDPOLYGONALFACE((4179,4126,4125));
#8182=IFCINDEXEDPOLYGONALFACE((4084,4125,4126));
#8183=IFCINDEXEDPOLYGONALFACE((4180,4013,4067));
#8184=IFCINDEXEDPOLYGONALFACE((4180,4108,4013));
#8185=IFCINDEXEDPOLYGONALFACE((4155,4181,4130));
#8186=IFCINDEXEDPOLYGONALFACE((4131,4130,4182));
#8187=IFCINDEXEDPOLYGONALFACE((4181,4182,4130));
#8188=IFCINDEXEDPOLYGONALFACE((4182,4183,4131));
#8189=IFCINDEXEDPOLYGONALFACE((4183,4156,4131));
#8190=IFCINDEXEDPOLYGONALFACE((4184,4132,4087));
#8191=IFCINDEXEDPOLYGONALFACE((4134,4159,4185));
#8192=IFCINDEXEDPOLYGONALFACE((4185,4186,4134));
#8193=IFCINDEXEDPOLYGONALFACE((4109,4134,4186));
#8194=IFCINDEXEDPOLYGONALFACE((3994,4109,4187));
#8195=IFCINDEXEDPOLYGONALFACE((3994,4187,4160));
#8196=IFCINDEXEDPOLYGONALFACE((4188,4160,4187));
#8197=IFCINDEXEDPOLYGONALFACE((4189,4016,4161));
#8198=IFCINDEXEDPOLYGONALFACE((4189,4135,4016));
#8199=IFCINDEXEDPOLYGONALFACE((4190,4017,4090));
#8200=IFCINDEXEDPOLYGONALFACE((4017,4190,4162));
#8201=IFCINDEXEDPOLYGONALFACE((4110,4162,4191));
#8202=IFCINDEXEDPOLYGONALFACE((4018,4110,4192));
#8203=IFCINDEXEDPOLYGONALFACE((3972,4163,4136));
#8204=IFCINDEXEDPOLYGONALFACE((3996,3973,4164));
#8205=IFCINDEXEDPOLYGONALFACE((4071,4193,4112));
#8206=IFCINDEXEDPOLYGONALFACE((4137,4112,4194));
#8207=IFCINDEXEDPOLYGONALFACE((4138,4195,4095));
#8208=IFCINDEXEDPOLYGONALFACE((4095,4195,4139));
#8209=IFCINDEXEDPOLYGONALFACE((4196,4114,4197));
#8210=IFCINDEXEDPOLYGONALFACE((4196,4166,4114));
#8211=IFCINDEXEDPOLYGONALFACE((4166,4141,4075));
#8212=IFCINDEXEDPOLYGONALFACE((4168,4140,4167));
#8213=IFCINDEXEDPOLYGONALFACE((4143,4142,4169));
#8214=IFCINDEXEDPOLYGONALFACE((4198,4118,4146));
#8215=IFCINDEXEDPOLYGONALFACE((4118,4198,4170));
#8216=IFCINDEXEDPOLYGONALFACE((4198,4199,4170));
#8217=IFCINDEXEDPOLYGONALFACE((4170,4199,4171));
#8218=IFCINDEXEDPOLYGONALFACE((4172,4171,4200));
#8219=IFCINDEXEDPOLYGONALFACE((4200,4171,4199));
#8220=IFCINDEXEDPOLYGONALFACE((4200,4201,4172));
#8221=IFCINDEXEDPOLYGONALFACE((4174,4173,4201));
#8222=IFCINDEXEDPOLYGONALFACE((4172,4201,4173));
#8223=IFCINDEXEDPOLYGONALFACE((4202,4149,4175));
#8224=IFCINDEXEDPOLYGONALFACE((4149,4202,4176));
#8225=IFCINDEXEDPOLYGONALFACE((4203,4151,4176));
#8226=IFCINDEXEDPOLYGONALFACE((4177,4176,4151));
#8227=IFCINDEXEDPOLYGONALFACE((4151,4123,4104));
#8228=IFCINDEXEDPOLYGONALFACE((4178,4106,4204));
#8229=IFCINDEXEDPOLYGONALFACE((4059,4178,4205));
#8230=IFCINDEXEDPOLYGONALFACE((4205,4152,4059));
#8231=IFCINDEXEDPOLYGONALFACE((4153,4206,4125));
#8232=IFCINDEXEDPOLYGONALFACE((4206,4179,4125));
#8233=IFCINDEXEDPOLYGONALFACE((4128,4207,4129));
#8234=IFCINDEXEDPOLYGONALFACE((4208,4129,4207));
#8235=IFCINDEXEDPOLYGONALFACE((4129,4208,4154));
#8236=IFCINDEXEDPOLYGONALFACE((4155,4108,4209));
#8237=IFCINDEXEDPOLYGONALFACE((4209,4181,4155));
#8238=IFCINDEXEDPOLYGONALFACE((4184,4087,4157));
#8239=IFCINDEXEDPOLYGONALFACE((4210,4132,4184));
#8240=IFCINDEXEDPOLYGONALFACE((4210,4211,4132));
#8241=IFCINDEXEDPOLYGONALFACE((4158,4132,4211));
#8242=IFCINDEXEDPOLYGONALFACE((4185,4159,4212));
#8243=IFCINDEXEDPOLYGONALFACE((4186,4187,4109));
#8244=IFCINDEXEDPOLYGONALFACE((4192,4110,4191));
#8245=IFCINDEXEDPOLYGONALFACE((4018,4192,3995));
#8246=IFCINDEXEDPOLYGONALFACE((3995,4213,4046));
#8247=IFCINDEXEDPOLYGONALFACE((4165,4214,4071));
#8248=IFCINDEXEDPOLYGONALFACE((4137,4194,4073));
#8249=IFCINDEXEDPOLYGONALFACE((4215,4138,4073));
#8250=IFCINDEXEDPOLYGONALFACE((4195,4216,4139));
#8251=IFCINDEXEDPOLYGONALFACE((4197,4114,4139));
#8252=IFCINDEXEDPOLYGONALFACE((4217,4097,4168));
#8253=IFCINDEXEDPOLYGONALFACE((4217,4218,4097));
#8254=IFCINDEXEDPOLYGONALFACE((4142,4097,4218));
#8255=IFCINDEXEDPOLYGONALFACE((4219,4142,4218));
#8256=IFCINDEXEDPOLYGONALFACE((4142,4219,4169));
#8257=IFCINDEXEDPOLYGONALFACE((4220,4116,4169));
#8258=IFCINDEXEDPOLYGONALFACE((4117,4116,4220));
#8259=IFCINDEXEDPOLYGONALFACE((4145,4144,4221));
#8260=IFCINDEXEDPOLYGONALFACE((4221,4222,4145));
#8261=IFCINDEXEDPOLYGONALFACE((4146,4145,4222));
#8262=IFCINDEXEDPOLYGONALFACE((4174,4201,4223));
#8263=IFCINDEXEDPOLYGONALFACE((4223,4224,4174));
#8264=IFCINDEXEDPOLYGONALFACE((4225,4175,4224));
#8265=IFCINDEXEDPOLYGONALFACE((4174,4224,4175));
#8266=IFCINDEXEDPOLYGONALFACE((4175,4225,4202));
#8267=IFCINDEXEDPOLYGONALFACE((4202,4225,4176));
#8268=IFCINDEXEDPOLYGONALFACE((4176,4225,4203));
#8269=IFCINDEXEDPOLYGONALFACE((4226,4123,4227));
#8270=IFCINDEXEDPOLYGONALFACE((4151,4227,4123));
#8271=IFCINDEXEDPOLYGONALFACE((4105,4058,4228));
#8272=IFCINDEXEDPOLYGONALFACE((4123,4228,4058));
#8273=IFCINDEXEDPOLYGONALFACE((4152,4229,4124));
#8274=IFCINDEXEDPOLYGONALFACE((4229,4230,4124));
#8275=IFCINDEXEDPOLYGONALFACE((4179,4231,4126));
#8276=IFCINDEXEDPOLYGONALFACE((4127,4232,4128));
#8277=IFCINDEXEDPOLYGONALFACE((4233,4128,4232));
#8278=IFCINDEXEDPOLYGONALFACE((4207,4128,4233));
#8279=IFCINDEXEDPOLYGONALFACE((4208,4234,4154));
#8280=IFCINDEXEDPOLYGONALFACE((4154,4234,4067));
#8281=IFCINDEXEDPOLYGONALFACE((4181,4209,4235));
#8282=IFCINDEXEDPOLYGONALFACE((4182,4181,4236));
#8283=IFCINDEXEDPOLYGONALFACE((4183,4182,4236));
#8284=IFCINDEXEDPOLYGONALFACE((4183,4237,4156));
#8285=IFCINDEXEDPOLYGONALFACE((4090,4135,4238));
#8286=IFCINDEXEDPOLYGONALFACE((4162,4190,4239));
#8287=IFCINDEXEDPOLYGONALFACE((4213,3995,4192));
#8288=IFCINDEXEDPOLYGONALFACE((4213,4240,4046));
#8289=IFCINDEXEDPOLYGONALFACE((4240,4163,4046));
#8290=IFCINDEXEDPOLYGONALFACE((4111,4241,4047));
#8291=IFCINDEXEDPOLYGONALFACE((4047,4165,4092));
#8292=IFCINDEXEDPOLYGONALFACE((4242,4071,4214));
#8293=IFCINDEXEDPOLYGONALFACE((4193,4071,4242));
#8294=IFCINDEXEDPOLYGONALFACE((4112,4193,4194));
#8295=IFCINDEXEDPOLYGONALFACE((4215,4073,4194));
#8296=IFCINDEXEDPOLYGONALFACE((4216,4197,4139));
#8297=IFCINDEXEDPOLYGONALFACE((4166,4196,4243));
#8298=IFCINDEXEDPOLYGONALFACE((4166,4244,4141));
#8299=IFCINDEXEDPOLYGONALFACE((4244,4245,4141));
#8300=IFCINDEXEDPOLYGONALFACE((4245,4167,4141));
#8301=IFCINDEXEDPOLYGONALFACE((4168,4167,4246));
#8302=IFCINDEXEDPOLYGONALFACE((4168,4246,4217));
#8303=IFCINDEXEDPOLYGONALFACE((4220,4169,4219));
#8304=IFCINDEXEDPOLYGONALFACE((4117,4247,4144));
#8305=IFCINDEXEDPOLYGONALFACE((4222,4221,4248));
#8306=IFCINDEXEDPOLYGONALFACE((4222,4248,4146));
#8307=IFCINDEXEDPOLYGONALFACE((4146,4248,4198));
#8308=IFCINDEXEDPOLYGONALFACE((4198,4248,4249));
#8309=IFCINDEXEDPOLYGONALFACE((4249,4250,4198));
#8310=IFCINDEXEDPOLYGONALFACE((4198,4250,4199));
#8311=IFCINDEXEDPOLYGONALFACE((4200,4223,4201));
#8312=IFCINDEXEDPOLYGONALFACE((4224,4223,4251));
#8313=IFCINDEXEDPOLYGONALFACE((4251,4252,4224));
#8314=IFCINDEXEDPOLYGONALFACE((4225,4224,4252));
#8315=IFCINDEXEDPOLYGONALFACE((4225,4253,4203));
#8316=IFCINDEXEDPOLYGONALFACE((4227,4203,4253));
#8317=IFCINDEXEDPOLYGONALFACE((4151,4203,4227));
#8318=IFCINDEXEDPOLYGONALFACE((4105,4254,4106));
#8319=IFCINDEXEDPOLYGONALFACE((4204,4106,4254));
#8320=IFCINDEXEDPOLYGONALFACE((4152,4205,4255));
#8321=IFCINDEXEDPOLYGONALFACE((4229,4152,4255));
#8322=IFCINDEXEDPOLYGONALFACE((4231,4179,4206));
#8323=IFCINDEXEDPOLYGONALFACE((4126,4256,4086));
#8324=IFCINDEXEDPOLYGONALFACE((4086,4256,4127));
#8325=IFCINDEXEDPOLYGONALFACE((4067,4234,4180));
#8326=IFCINDEXEDPOLYGONALFACE((4236,4181,4235));
#8327=IFCINDEXEDPOLYGONALFACE((4183,4236,4257));
#8328=IFCINDEXEDPOLYGONALFACE((4257,4237,4183));
#8329=IFCINDEXEDPOLYGONALFACE((4157,4258,4184));
#8330=IFCINDEXEDPOLYGONALFACE((4210,4184,4258));
#8331=IFCINDEXEDPOLYGONALFACE((4259,4158,4211));
#8332=IFCINDEXEDPOLYGONALFACE((4185,4260,4186));
#8333=IFCINDEXEDPOLYGONALFACE((4260,4188,4186));
#8334=IFCINDEXEDPOLYGONALFACE((4187,4186,4188));
#8335=IFCINDEXEDPOLYGONALFACE((4089,4160,4261));
#8336=IFCINDEXEDPOLYGONALFACE((4261,4161,4089));
#8337=IFCINDEXEDPOLYGONALFACE((4189,4262,4135));
#8338=IFCINDEXEDPOLYGONALFACE((4262,4238,4135));
#8339=IFCINDEXEDPOLYGONALFACE((4191,4162,4239));
#8340=IFCINDEXEDPOLYGONALFACE((4136,4163,4164));
#8341=IFCINDEXEDPOLYGONALFACE((4091,3996,4164));
#8342=IFCINDEXEDPOLYGONALFACE((4263,4019,4091));
#8343=IFCINDEXEDPOLYGONALFACE((4264,4111,4019));
#8344=IFCINDEXEDPOLYGONALFACE((4195,4138,4265));
#8345=IFCINDEXEDPOLYGONALFACE((4266,4197,4216));
#8346=IFCINDEXEDPOLYGONALFACE((4197,4266,4196));
#8347=IFCINDEXEDPOLYGONALFACE((4267,4243,4196));
#8348=IFCINDEXEDPOLYGONALFACE((4268,4166,4243));
#8349=IFCINDEXEDPOLYGONALFACE((4166,4268,4244));
#8350=IFCINDEXEDPOLYGONALFACE((4246,4167,4245));
#8351=IFCINDEXEDPOLYGONALFACE((4269,4217,4246));
#8352=IFCINDEXEDPOLYGONALFACE((4269,4218,4217));
#8353=IFCINDEXEDPOLYGONALFACE((4219,4218,4269));
#8354=IFCINDEXEDPOLYGONALFACE((4270,4117,4220));
#8355=IFCINDEXEDPOLYGONALFACE((4247,4117,4270));
#8356=IFCINDEXEDPOLYGONALFACE((4144,4247,4221));
#8357=IFCINDEXEDPOLYGONALFACE((4199,4250,4200));
#8358=IFCINDEXEDPOLYGONALFACE((4253,4225,4252));
#8359=IFCINDEXEDPOLYGONALFACE((4226,4228,4123));
#8360=IFCINDEXEDPOLYGONALFACE((4254,4105,4228));
#8361=IFCINDEXEDPOLYGONALFACE((4230,4229,4271));
#8362=IFCINDEXEDPOLYGONALFACE((4230,4153,4124));
#8363=IFCINDEXEDPOLYGONALFACE((4206,4272,4231));
#8364=IFCINDEXEDPOLYGONALFACE((4256,4126,4231));
#8365=IFCINDEXEDPOLYGONALFACE((4127,4273,4232));
#8366=IFCINDEXEDPOLYGONALFACE((4108,4180,4274));
#8367=IFCINDEXEDPOLYGONALFACE((4274,4209,4108));
#8368=IFCINDEXEDPOLYGONALFACE((4235,4209,4274));
#8369=IFCINDEXEDPOLYGONALFACE((4236,4235,4257));
#8370=IFCINDEXEDPOLYGONALFACE((4156,4237,4275));
#8371=IFCINDEXEDPOLYGONALFACE((4156,4275,4157));
#8372=IFCINDEXEDPOLYGONALFACE((4276,4258,4157));
#8373=IFCINDEXEDPOLYGONALFACE((4210,4258,4277));
#8374=IFCINDEXEDPOLYGONALFACE((4210,4277,4211));
#8375=IFCINDEXEDPOLYGONALFACE((4278,4211,4277));
#8376=IFCINDEXEDPOLYGONALFACE((4278,4259,4211));
#8377=IFCINDEXEDPOLYGONALFACE((4188,4261,4160));
#8378=IFCINDEXEDPOLYGONALFACE((4090,4279,4190));
#8379=IFCINDEXEDPOLYGONALFACE((4019,4263,4264));
#8380=IFCINDEXEDPOLYGONALFACE((4241,4111,4264));
#8381=IFCINDEXEDPOLYGONALFACE((4047,4241,4280));
#8382=IFCINDEXEDPOLYGONALFACE((4165,4047,4280));
#8383=IFCINDEXEDPOLYGONALFACE((4193,4242,4281));
#8384=IFCINDEXEDPOLYGONALFACE((4194,4193,4281));
#8385=IFCINDEXEDPOLYGONALFACE((4216,4195,4265));
#8386=IFCINDEXEDPOLYGONALFACE((4267,4196,4266));
#8387=IFCINDEXEDPOLYGONALFACE((4245,4244,4268));
#8388=IFCINDEXEDPOLYGONALFACE((4219,4269,4282));
#8389=IFCINDEXEDPOLYGONALFACE((4283,4219,4282));
#8390=IFCINDEXEDPOLYGONALFACE((4219,4283,4220));
#8391=IFCINDEXEDPOLYGONALFACE((4284,4247,4270));
#8392=IFCINDEXEDPOLYGONALFACE((4285,4247,4284));
#8393=IFCINDEXEDPOLYGONALFACE((4286,4248,4221));
#8394=IFCINDEXEDPOLYGONALFACE((4249,4248,4287));
#8395=IFCINDEXEDPOLYGONALFACE((4249,4287,4250));
#8396=IFCINDEXEDPOLYGONALFACE((4250,4288,4200));
#8397=IFCINDEXEDPOLYGONALFACE((4289,4223,4288));
#8398=IFCINDEXEDPOLYGONALFACE((4200,4288,4223));
#8399=IFCINDEXEDPOLYGONALFACE((4223,4289,4251));
#8400=IFCINDEXEDPOLYGONALFACE((4251,4289,4252));
#8401=IFCINDEXEDPOLYGONALFACE((4253,4252,4289));
#8402=IFCINDEXEDPOLYGONALFACE((4290,4227,4253));
#8403=IFCINDEXEDPOLYGONALFACE((4291,4228,4226));
#8404=IFCINDEXEDPOLYGONALFACE((4254,4228,4291));
#8405=IFCINDEXEDPOLYGONALFACE((4272,4153,4230));
#8406=IFCINDEXEDPOLYGONALFACE((4153,4272,4206));
#8407=IFCINDEXEDPOLYGONALFACE((4273,4127,4256));
#8408=IFCINDEXEDPOLYGONALFACE((4273,4292,4232));
#8409=IFCINDEXEDPOLYGONALFACE((4233,4232,4292));
#8410=IFCINDEXEDPOLYGONALFACE((4207,4233,4293));
#8411=IFCINDEXEDPOLYGONALFACE((4208,4207,4293));
#8412=IFCINDEXEDPOLYGONALFACE((4293,4294,4208));
#8413=IFCINDEXEDPOLYGONALFACE((4294,4234,4208));
#8414=IFCINDEXEDPOLYGONALFACE((4295,4257,4296));
#8415=IFCINDEXEDPOLYGONALFACE((4235,4296,4257));
#8416=IFCINDEXEDPOLYGONALFACE((4257,4295,4237));
#8417=IFCINDEXEDPOLYGONALFACE((4297,4237,4295));
#8418=IFCINDEXEDPOLYGONALFACE((4297,4275,4237));
#8419=IFCINDEXEDPOLYGONALFACE((4278,4298,4259));
#8420=IFCINDEXEDPOLYGONALFACE((4299,4260,4185));
#8421=IFCINDEXEDPOLYGONALFACE((4188,4260,4299));
#8422=IFCINDEXEDPOLYGONALFACE((4300,4090,4238));
#8423=IFCINDEXEDPOLYGONALFACE((4090,4300,4279));
#8424=IFCINDEXEDPOLYGONALFACE((4279,4239,4190));
#8425=IFCINDEXEDPOLYGONALFACE((4192,4191,4301));
#8426=IFCINDEXEDPOLYGONALFACE((4192,4301,4213));
#8427=IFCINDEXEDPOLYGONALFACE((4302,4163,4240));
#8428=IFCINDEXEDPOLYGONALFACE((4163,4302,4164));
#8429=IFCINDEXEDPOLYGONALFACE((4303,4091,4164));
#8430=IFCINDEXEDPOLYGONALFACE((4263,4091,4303));
#8431=IFCINDEXEDPOLYGONALFACE((4304,4305,4214));
#8432=IFCINDEXEDPOLYGONALFACE((4305,4242,4214));
#8433=IFCINDEXEDPOLYGONALFACE((4306,4138,4307));
#8434=IFCINDEXEDPOLYGONALFACE((4215,4307,4138));
#8435=IFCINDEXEDPOLYGONALFACE((4308,4220,4283));
#8436=IFCINDEXEDPOLYGONALFACE((4247,4285,4309));
#8437=IFCINDEXEDPOLYGONALFACE((4247,4310,4221));
#8438=IFCINDEXEDPOLYGONALFACE((4287,4248,4286));
#8439=IFCINDEXEDPOLYGONALFACE((4287,4288,4250));
#8440=IFCINDEXEDPOLYGONALFACE((4290,4253,4289));
#8441=IFCINDEXEDPOLYGONALFACE((4291,4226,4227));
#8442=IFCINDEXEDPOLYGONALFACE((4204,4311,4178));
#8443=IFCINDEXEDPOLYGONALFACE((4178,4312,4205));
#8444=IFCINDEXEDPOLYGONALFACE((4313,4229,4255));
#8445=IFCINDEXEDPOLYGONALFACE((4313,4271,4229));
#8446=IFCINDEXEDPOLYGONALFACE((4272,4314,4231));
#8447=IFCINDEXEDPOLYGONALFACE((4314,4315,4231));
#8448=IFCINDEXEDPOLYGONALFACE((4231,4315,4256));
#8449=IFCINDEXEDPOLYGONALFACE((4316,4233,4292));
#8450=IFCINDEXEDPOLYGONALFACE((4316,4293,4233));
#8451=IFCINDEXEDPOLYGONALFACE((4317,4234,4294));
#8452=IFCINDEXEDPOLYGONALFACE((4234,4317,4180));
#8453=IFCINDEXEDPOLYGONALFACE((4180,4317,4318));
#8454=IFCINDEXEDPOLYGONALFACE((4319,4320,4274));
#8455=IFCINDEXEDPOLYGONALFACE((4274,4320,4235));
#8456=IFCINDEXEDPOLYGONALFACE((4235,4320,4296));
#8457=IFCINDEXEDPOLYGONALFACE((4321,4295,4296));
#8458=IFCINDEXEDPOLYGONALFACE((4157,4275,4322));
#8459=IFCINDEXEDPOLYGONALFACE((4322,4276,4157));
#8460=IFCINDEXEDPOLYGONALFACE((4277,4258,4323));
#8461=IFCINDEXEDPOLYGONALFACE((4258,4276,4323));
#8462=IFCINDEXEDPOLYGONALFACE((4323,4324,4277));
#8463=IFCINDEXEDPOLYGONALFACE((4324,4278,4277));
#8464=IFCINDEXEDPOLYGONALFACE((4278,4325,4298));
#8465=IFCINDEXEDPOLYGONALFACE((4188,4299,4326));
#8466=IFCINDEXEDPOLYGONALFACE((4326,4327,4188));
#8467=IFCINDEXEDPOLYGONALFACE((4189,4161,4261));
#8468=IFCINDEXEDPOLYGONALFACE((4189,4261,4262));
#8469=IFCINDEXEDPOLYGONALFACE((4238,4262,4300));
#8470=IFCINDEXEDPOLYGONALFACE((4305,4328,4242));
#8471=IFCINDEXEDPOLYGONALFACE((4215,4194,4281));
#8472=IFCINDEXEDPOLYGONALFACE((4265,4329,4216));
#8473=IFCINDEXEDPOLYGONALFACE((4330,4216,4329));
#8474=IFCINDEXEDPOLYGONALFACE((4216,4330,4266));
#8475=IFCINDEXEDPOLYGONALFACE((4331,4243,4332));
#8476=IFCINDEXEDPOLYGONALFACE((4243,4267,4332));
#8477=IFCINDEXEDPOLYGONALFACE((4268,4243,4331));
#8478=IFCINDEXEDPOLYGONALFACE((4331,4333,4268));
#8479=IFCINDEXEDPOLYGONALFACE((4268,4333,4245));
#8480=IFCINDEXEDPOLYGONALFACE((4246,4334,4269));
#8481=IFCINDEXEDPOLYGONALFACE((4282,4269,4334));
#8482=IFCINDEXEDPOLYGONALFACE((4220,4308,4270));
#8483=IFCINDEXEDPOLYGONALFACE((4309,4285,4284));
#8484=IFCINDEXEDPOLYGONALFACE((4247,4309,4310));
#8485=IFCINDEXEDPOLYGONALFACE((4335,4286,4221));
#8486=IFCINDEXEDPOLYGONALFACE((4336,4289,4288));
#8487=IFCINDEXEDPOLYGONALFACE((4289,4336,4290));
#8488=IFCINDEXEDPOLYGONALFACE((4290,4337,4227));
#8489=IFCINDEXEDPOLYGONALFACE((4227,4338,4291));
#8490=IFCINDEXEDPOLYGONALFACE((4254,4291,4338));
#8491=IFCINDEXEDPOLYGONALFACE((4254,4311,4204));
#8492=IFCINDEXEDPOLYGONALFACE((4255,4205,4312));
#8493=IFCINDEXEDPOLYGONALFACE((4339,4230,4271));
#8494=IFCINDEXEDPOLYGONALFACE((4272,4230,4340));
#8495=IFCINDEXEDPOLYGONALFACE((4314,4272,4340));
#8496=IFCINDEXEDPOLYGONALFACE((4273,4341,4292));
#8497=IFCINDEXEDPOLYGONALFACE((4342,4316,4292));
#8498=IFCINDEXEDPOLYGONALFACE((4293,4316,4342));
#8499=IFCINDEXEDPOLYGONALFACE((4274,4180,4319));
#8500=IFCINDEXEDPOLYGONALFACE((4296,4320,4343));
#8501=IFCINDEXEDPOLYGONALFACE((4296,4343,4321));
#8502=IFCINDEXEDPOLYGONALFACE((4321,4297,4295));
#8503=IFCINDEXEDPOLYGONALFACE((4322,4323,4276));
#8504=IFCINDEXEDPOLYGONALFACE((4325,4278,4324));
#8505=IFCINDEXEDPOLYGONALFACE((4188,4327,4344));
#8506=IFCINDEXEDPOLYGONALFACE((4344,4261,4188));
#8507=IFCINDEXEDPOLYGONALFACE((4345,4213,4301));
#8508=IFCINDEXEDPOLYGONALFACE((4302,4346,4164));
#8509=IFCINDEXEDPOLYGONALFACE((4280,4241,4347));
#8510=IFCINDEXEDPOLYGONALFACE((4214,4165,4280));
#8511=IFCINDEXEDPOLYGONALFACE((4281,4242,4328));
#8512=IFCINDEXEDPOLYGONALFACE((4265,4138,4306));
#8513=IFCINDEXEDPOLYGONALFACE((4266,4330,4267));
#8514=IFCINDEXEDPOLYGONALFACE((4245,4333,4246));
#8515=IFCINDEXEDPOLYGONALFACE((4333,4334,4246));
#8516=IFCINDEXEDPOLYGONALFACE((4282,4348,4283));
#8517=IFCINDEXEDPOLYGONALFACE((4348,4349,4283));
#8518=IFCINDEXEDPOLYGONALFACE((4270,4350,4284));
#8519=IFCINDEXEDPOLYGONALFACE((4286,4335,4287));
#8520=IFCINDEXEDPOLYGONALFACE((4288,4351,4336));
#8521=IFCINDEXEDPOLYGONALFACE((4336,4352,4290));
#8522=IFCINDEXEDPOLYGONALFACE((4353,4254,4338));
#8523=IFCINDEXEDPOLYGONALFACE((4178,4311,4312));
#8524=IFCINDEXEDPOLYGONALFACE((4354,4255,4312));
#8525=IFCINDEXEDPOLYGONALFACE((4355,4313,4255));
#8526=IFCINDEXEDPOLYGONALFACE((4339,4340,4230));
#8527=IFCINDEXEDPOLYGONALFACE((4356,4341,4256));
#8528=IFCINDEXEDPOLYGONALFACE((4273,4256,4341));
#8529=IFCINDEXEDPOLYGONALFACE((4341,4357,4292));
#8530=IFCINDEXEDPOLYGONALFACE((4357,4342,4292));
#8531=IFCINDEXEDPOLYGONALFACE((4342,4358,4293));
#8532=IFCINDEXEDPOLYGONALFACE((4359,4293,4358));
#8533=IFCINDEXEDPOLYGONALFACE((4294,4360,4317));
#8534=IFCINDEXEDPOLYGONALFACE((4180,4318,4361));
#8535=IFCINDEXEDPOLYGONALFACE((4319,4362,4320));
#8536=IFCINDEXEDPOLYGONALFACE((4362,4343,4320));
#8537=IFCINDEXEDPOLYGONALFACE((4363,4343,4362));
#8538=IFCINDEXEDPOLYGONALFACE((4363,4321,4343));
#8539=IFCINDEXEDPOLYGONALFACE((4212,4364,4185));
#8540=IFCINDEXEDPOLYGONALFACE((4365,4185,4364));
#8541=IFCINDEXEDPOLYGONALFACE((4185,4365,4299));
#8542=IFCINDEXEDPOLYGONALFACE((4326,4299,4365));
#8543=IFCINDEXEDPOLYGONALFACE((4262,4366,4300));
#8544=IFCINDEXEDPOLYGONALFACE((4239,4279,4300));
#8545=IFCINDEXEDPOLYGONALFACE((4345,4301,4367));
#8546=IFCINDEXEDPOLYGONALFACE((4213,4345,4368));
#8547=IFCINDEXEDPOLYGONALFACE((4240,4213,4369));
#8548=IFCINDEXEDPOLYGONALFACE((4368,4369,4213));
#8549=IFCINDEXEDPOLYGONALFACE((4302,4240,4370));
#8550=IFCINDEXEDPOLYGONALFACE((4369,4370,4240));
#8551=IFCINDEXEDPOLYGONALFACE((4371,4214,4280));
#8552=IFCINDEXEDPOLYGONALFACE((4372,4265,4306));
#8553=IFCINDEXEDPOLYGONALFACE((4329,4265,4372));
#8554=IFCINDEXEDPOLYGONALFACE((4330,4329,4373));
#8555=IFCINDEXEDPOLYGONALFACE((4374,4267,4330));
#8556=IFCINDEXEDPOLYGONALFACE((4332,4375,4331));
#8557=IFCINDEXEDPOLYGONALFACE((4331,4375,4333));
#8558=IFCINDEXEDPOLYGONALFACE((4334,4333,4375));
#8559=IFCINDEXEDPOLYGONALFACE((4334,4376,4282));
#8560=IFCINDEXEDPOLYGONALFACE((4283,4349,4308));
#8561=IFCINDEXEDPOLYGONALFACE((4377,4270,4308));
#8562=IFCINDEXEDPOLYGONALFACE((4270,4377,4350));
#8563=IFCINDEXEDPOLYGONALFACE((4309,4284,4350));
#8564=IFCINDEXEDPOLYGONALFACE((4378,4221,4310));
#8565=IFCINDEXEDPOLYGONALFACE((4221,4378,4335));
#8566=IFCINDEXEDPOLYGONALFACE((4287,4335,4288));
#8567=IFCINDEXEDPOLYGONALFACE((4335,4379,4288));
#8568=IFCINDEXEDPOLYGONALFACE((4288,4379,4380));
#8569=IFCINDEXEDPOLYGONALFACE((4288,4380,4351));
#8570=IFCINDEXEDPOLYGONALFACE((4381,4336,4351));
#8571=IFCINDEXEDPOLYGONALFACE((4336,4381,4352));
#8572=IFCINDEXEDPOLYGONALFACE((4352,4337,4290));
#8573=IFCINDEXEDPOLYGONALFACE((4382,4227,4337));
#8574=IFCINDEXEDPOLYGONALFACE((4227,4382,4338));
#8575=IFCINDEXEDPOLYGONALFACE((4383,4254,4353));
#8576=IFCINDEXEDPOLYGONALFACE((4254,4383,4311));
#8577=IFCINDEXEDPOLYGONALFACE((4384,4312,4385));
#8578=IFCINDEXEDPOLYGONALFACE((4312,4384,4354));
#8579=IFCINDEXEDPOLYGONALFACE((4255,4354,4355));
#8580=IFCINDEXEDPOLYGONALFACE((4355,4271,4313));
#8581=IFCINDEXEDPOLYGONALFACE((4342,4357,4386));
#8582=IFCINDEXEDPOLYGONALFACE((4342,4386,4358));
#8583=IFCINDEXEDPOLYGONALFACE((4387,4358,4386));
#8584=IFCINDEXEDPOLYGONALFACE((4360,4294,4359));
#8585=IFCINDEXEDPOLYGONALFACE((4293,4359,4294));
#8586=IFCINDEXEDPOLYGONALFACE((4318,4317,4360));
#8587=IFCINDEXEDPOLYGONALFACE((4361,4319,4180));
#8588=IFCINDEXEDPOLYGONALFACE((4362,4319,4388));
#8589=IFCINDEXEDPOLYGONALFACE((4362,4388,4363));
#8590=IFCINDEXEDPOLYGONALFACE((4363,4388,4389));
#8591=IFCINDEXEDPOLYGONALFACE((4321,4363,4389));
#8592=IFCINDEXEDPOLYGONALFACE((4321,4389,4297));
#8593=IFCINDEXEDPOLYGONALFACE((4390,4297,4389));
#8594=IFCINDEXEDPOLYGONALFACE((4275,4297,4390));
#8595=IFCINDEXEDPOLYGONALFACE((4390,4391,4275));
#8596=IFCINDEXEDPOLYGONALFACE((4392,4322,4391));
#8597=IFCINDEXEDPOLYGONALFACE((4391,4322,4275));
#8598=IFCINDEXEDPOLYGONALFACE((4322,4392,4323));
#8599=IFCINDEXEDPOLYGONALFACE((4325,4393,4298));
#8600=IFCINDEXEDPOLYGONALFACE((4394,4262,4261));
#8601=IFCINDEXEDPOLYGONALFACE((4239,4300,4395));
#8602=IFCINDEXEDPOLYGONALFACE((4239,4395,4191));
#8603=IFCINDEXEDPOLYGONALFACE((4370,4346,4302));
#8604=IFCINDEXEDPOLYGONALFACE((4303,4164,4346));
#8605=IFCINDEXEDPOLYGONALFACE((4303,4396,4263));
#8606=IFCINDEXEDPOLYGONALFACE((4280,4347,4371));
#8607=IFCINDEXEDPOLYGONALFACE((4328,4397,4281));
#8608=IFCINDEXEDPOLYGONALFACE((4398,4215,4281));
#8609=IFCINDEXEDPOLYGONALFACE((4398,4307,4215));
#8610=IFCINDEXEDPOLYGONALFACE((4399,4329,4372));
#8611=IFCINDEXEDPOLYGONALFACE((4374,4330,4400));
#8612=IFCINDEXEDPOLYGONALFACE((4373,4400,4330));
#8613=IFCINDEXEDPOLYGONALFACE((4332,4267,4401));
#8614=IFCINDEXEDPOLYGONALFACE((4402,4401,4267));
#8615=IFCINDEXEDPOLYGONALFACE((4375,4332,4401));
#8616=IFCINDEXEDPOLYGONALFACE((4348,4282,4376));
#8617=IFCINDEXEDPOLYGONALFACE((4403,4349,4348));
#8618=IFCINDEXEDPOLYGONALFACE((4403,4308,4349));
#8619=IFCINDEXEDPOLYGONALFACE((4403,4377,4308));
#8620=IFCINDEXEDPOLYGONALFACE((4404,4351,4380));
#8621=IFCINDEXEDPOLYGONALFACE((4351,4404,4381));
#8622=IFCINDEXEDPOLYGONALFACE((4405,4338,4382));
#8623=IFCINDEXEDPOLYGONALFACE((4353,4338,4405));
#8624=IFCINDEXEDPOLYGONALFACE((4385,4312,4383));
#8625=IFCINDEXEDPOLYGONALFACE((4311,4383,4312));
#8626=IFCINDEXEDPOLYGONALFACE((4271,4355,4339));
#8627=IFCINDEXEDPOLYGONALFACE((4406,4314,4340));
#8628=IFCINDEXEDPOLYGONALFACE((4314,4406,4315));
#8629=IFCINDEXEDPOLYGONALFACE((4315,4406,4256));
#8630=IFCINDEXEDPOLYGONALFACE((4407,4256,4406));
#8631=IFCINDEXEDPOLYGONALFACE((4356,4408,4341));
#8632=IFCINDEXEDPOLYGONALFACE((4409,4341,4408));
#8633=IFCINDEXEDPOLYGONALFACE((4357,4341,4410));
#8634=IFCINDEXEDPOLYGONALFACE((4387,4359,4358));
#8635=IFCINDEXEDPOLYGONALFACE((4411,4360,4359));
#8636=IFCINDEXEDPOLYGONALFACE((4412,4388,4319));
#8637=IFCINDEXEDPOLYGONALFACE((4391,4390,4389));
#8638=IFCINDEXEDPOLYGONALFACE((4392,4391,4413));
#8639=IFCINDEXEDPOLYGONALFACE((4392,4413,4323));
#8640=IFCINDEXEDPOLYGONALFACE((4414,4323,4413));
#8641=IFCINDEXEDPOLYGONALFACE((4323,4414,4324));
#8642=IFCINDEXEDPOLYGONALFACE((4415,4344,4327));
#8643=IFCINDEXEDPOLYGONALFACE((4344,4394,4261));
#8644=IFCINDEXEDPOLYGONALFACE((4416,4370,4369));
#8645=IFCINDEXEDPOLYGONALFACE((4346,4370,4417));
#8646=IFCINDEXEDPOLYGONALFACE((4264,4263,4396));
#8647=IFCINDEXEDPOLYGONALFACE((4347,4241,4264));
#8648=IFCINDEXEDPOLYGONALFACE((4305,4418,4328));
#8649=IFCINDEXEDPOLYGONALFACE((4328,4418,4397));
#8650=IFCINDEXEDPOLYGONALFACE((4398,4281,4397));
#8651=IFCINDEXEDPOLYGONALFACE((4306,4307,4398));
#8652=IFCINDEXEDPOLYGONALFACE((4372,4306,4419));
#8653=IFCINDEXEDPOLYGONALFACE((4420,4373,4399));
#8654=IFCINDEXEDPOLYGONALFACE((4329,4399,4373));
#8655=IFCINDEXEDPOLYGONALFACE((4400,4373,4420));
#8656=IFCINDEXEDPOLYGONALFACE((4374,4400,4421));
#8657=IFCINDEXEDPOLYGONALFACE((4267,4374,4402));
#8658=IFCINDEXEDPOLYGONALFACE((4422,4375,4401));
#8659=IFCINDEXEDPOLYGONALFACE((4334,4375,4422));
#8660=IFCINDEXEDPOLYGONALFACE((4423,4348,4376));
#8661=IFCINDEXEDPOLYGONALFACE((4348,4424,4403));
#8662=IFCINDEXEDPOLYGONALFACE((4309,4350,4425));
#8663=IFCINDEXEDPOLYGONALFACE((4309,4425,4310));
#8664=IFCINDEXEDPOLYGONALFACE((4425,4378,4310));
#8665=IFCINDEXEDPOLYGONALFACE((4380,4426,4404));
#8666=IFCINDEXEDPOLYGONALFACE((4427,4381,4404));
#8667=IFCINDEXEDPOLYGONALFACE((4337,4352,4427));
#8668=IFCINDEXEDPOLYGONALFACE((4381,4427,4352));
#8669=IFCINDEXEDPOLYGONALFACE((4405,4382,4428));
#8670=IFCINDEXEDPOLYGONALFACE((4354,4384,4429));
#8671=IFCINDEXEDPOLYGONALFACE((4430,4340,4339));
#8672=IFCINDEXEDPOLYGONALFACE((4410,4341,4409));
#8673=IFCINDEXEDPOLYGONALFACE((4357,4410,4431));
#8674=IFCINDEXEDPOLYGONALFACE((4431,4386,4357));
#8675=IFCINDEXEDPOLYGONALFACE((4411,4359,4387));
#8676=IFCINDEXEDPOLYGONALFACE((4411,4432,4360));
#8677=IFCINDEXEDPOLYGONALFACE((4360,4361,4318));
#8678=IFCINDEXEDPOLYGONALFACE((4361,4412,4319));
#8679=IFCINDEXEDPOLYGONALFACE((4413,4433,4414));
#8680=IFCINDEXEDPOLYGONALFACE((4414,4434,4324));
#8681=IFCINDEXEDPOLYGONALFACE((4325,4324,4434));
#8682=IFCINDEXEDPOLYGONALFACE((4415,4394,4344));
#8683=IFCINDEXEDPOLYGONALFACE((4366,4262,4435));
#8684=IFCINDEXEDPOLYGONALFACE((4300,4366,4436));
#8685=IFCINDEXEDPOLYGONALFACE((4437,4191,4395));
#8686=IFCINDEXEDPOLYGONALFACE((4301,4191,4437));
#8687=IFCINDEXEDPOLYGONALFACE((4301,4437,4367));
#8688=IFCINDEXEDPOLYGONALFACE((4417,4370,4416));
#8689=IFCINDEXEDPOLYGONALFACE((4346,4438,4303));
#8690=IFCINDEXEDPOLYGONALFACE((4439,4214,4371));
#8691=IFCINDEXEDPOLYGONALFACE((4214,4439,4304));
#8692=IFCINDEXEDPOLYGONALFACE((4304,4439,4305));
#8693=IFCINDEXEDPOLYGONALFACE((4421,4400,4420));
#8694=IFCINDEXEDPOLYGONALFACE((4423,4376,4440));
#8695=IFCINDEXEDPOLYGONALFACE((4348,4423,4424));
#8696=IFCINDEXEDPOLYGONALFACE((4403,4424,4441));
#8697=IFCINDEXEDPOLYGONALFACE((4403,4442,4377));
#8698=IFCINDEXEDPOLYGONALFACE((4443,4377,4442));
#8699=IFCINDEXEDPOLYGONALFACE((4444,4350,4377));
#8700=IFCINDEXEDPOLYGONALFACE((4444,4425,4350));
#8701=IFCINDEXEDPOLYGONALFACE((4379,4445,4380));
#8702=IFCINDEXEDPOLYGONALFACE((4426,4380,4445));
#8703=IFCINDEXEDPOLYGONALFACE((4426,4446,4404));
#8704=IFCINDEXEDPOLYGONALFACE((4427,4404,4446));
#8705=IFCINDEXEDPOLYGONALFACE((4427,4447,4337));
#8706=IFCINDEXEDPOLYGONALFACE((4337,4447,4382));
#8707=IFCINDEXEDPOLYGONALFACE((4405,4448,4353));
#8708=IFCINDEXEDPOLYGONALFACE((4354,4429,4449));
#8709=IFCINDEXEDPOLYGONALFACE((4449,4450,4354));
#8710=IFCINDEXEDPOLYGONALFACE((4355,4354,4450));
#8711=IFCINDEXEDPOLYGONALFACE((4355,4450,4339));
#8712=IFCINDEXEDPOLYGONALFACE((4451,4406,4430));
#8713=IFCINDEXEDPOLYGONALFACE((4340,4430,4406));
#8714=IFCINDEXEDPOLYGONALFACE((4256,4407,4452));
#8715=IFCINDEXEDPOLYGONALFACE((4356,4256,4452));
#8716=IFCINDEXEDPOLYGONALFACE((4356,4452,4408));
#8717=IFCINDEXEDPOLYGONALFACE((4411,4387,4453));
#8718=IFCINDEXEDPOLYGONALFACE((4360,4432,4454));
#8719=IFCINDEXEDPOLYGONALFACE((4360,4454,4361));
#8720=IFCINDEXEDPOLYGONALFACE((4455,4389,4388));
#8721=IFCINDEXEDPOLYGONALFACE((4455,4391,4389));
#8722=IFCINDEXEDPOLYGONALFACE((4456,4414,4433));
#8723=IFCINDEXEDPOLYGONALFACE((4456,4434,4414));
#8724=IFCINDEXEDPOLYGONALFACE((4393,4325,4434));
#8725=IFCINDEXEDPOLYGONALFACE((4457,4365,4364));
#8726=IFCINDEXEDPOLYGONALFACE((4394,4435,4262));
#8727=IFCINDEXEDPOLYGONALFACE((4458,4366,4435));
#8728=IFCINDEXEDPOLYGONALFACE((4458,4436,4366));
#8729=IFCINDEXEDPOLYGONALFACE((4395,4300,4436));
#8730=IFCINDEXEDPOLYGONALFACE((4367,4437,4345));
#8731=IFCINDEXEDPOLYGONALFACE((4459,4345,4437));
#8732=IFCINDEXEDPOLYGONALFACE((4459,4368,4345));
#8733=IFCINDEXEDPOLYGONALFACE((4459,4460,4368));
#8734=IFCINDEXEDPOLYGONALFACE((4368,4460,4369));
#8735=IFCINDEXEDPOLYGONALFACE((4461,4416,4369));
#8736=IFCINDEXEDPOLYGONALFACE((4346,4417,4462));
#8737=IFCINDEXEDPOLYGONALFACE((4346,4462,4438));
#8738=IFCINDEXEDPOLYGONALFACE((4463,4303,4438));
#8739=IFCINDEXEDPOLYGONALFACE((4303,4463,4396));
#8740=IFCINDEXEDPOLYGONALFACE((4464,4305,4439));
#8741=IFCINDEXEDPOLYGONALFACE((4465,4397,4418));
#8742=IFCINDEXEDPOLYGONALFACE((4419,4306,4466));
#8743=IFCINDEXEDPOLYGONALFACE((4398,4466,4306));
#8744=IFCINDEXEDPOLYGONALFACE((4399,4372,4467));
#8745=IFCINDEXEDPOLYGONALFACE((4468,4469,4399));
#8746=IFCINDEXEDPOLYGONALFACE((4421,4420,4469));
#8747=IFCINDEXEDPOLYGONALFACE((4399,4469,4420));
#8748=IFCINDEXEDPOLYGONALFACE((4470,4402,4421));
#8749=IFCINDEXEDPOLYGONALFACE((4421,4402,4374));
#8750=IFCINDEXEDPOLYGONALFACE((4402,4471,4401));
#8751=IFCINDEXEDPOLYGONALFACE((4471,4422,4401));
#8752=IFCINDEXEDPOLYGONALFACE((4440,4376,4422));
#8753=IFCINDEXEDPOLYGONALFACE((4376,4334,4422));
#8754=IFCINDEXEDPOLYGONALFACE((4441,4442,4403));
#8755=IFCINDEXEDPOLYGONALFACE((4443,4444,4377));
#8756=IFCINDEXEDPOLYGONALFACE((4379,4335,4378));
#8757=IFCINDEXEDPOLYGONALFACE((4472,4427,4446));
#8758=IFCINDEXEDPOLYGONALFACE((4447,4427,4472));
#8759=IFCINDEXEDPOLYGONALFACE((4428,4382,4447));
#8760=IFCINDEXEDPOLYGONALFACE((4405,4428,4473));
#8761=IFCINDEXEDPOLYGONALFACE((4473,4448,4405));
#8762=IFCINDEXEDPOLYGONALFACE((4353,4474,4383));
#8763=IFCINDEXEDPOLYGONALFACE((4429,4384,4475));
#8764=IFCINDEXEDPOLYGONALFACE((4407,4406,4451));
#8765=IFCINDEXEDPOLYGONALFACE((4387,4386,4476));
#8766=IFCINDEXEDPOLYGONALFACE((4476,4453,4387));
#8767=IFCINDEXEDPOLYGONALFACE((4432,4411,4453));
#8768=IFCINDEXEDPOLYGONALFACE((4361,4477,4478));
#8769=IFCINDEXEDPOLYGONALFACE((4361,4478,4412));
#8770=IFCINDEXEDPOLYGONALFACE((4455,4388,4412));
#8771=IFCINDEXEDPOLYGONALFACE((4391,4455,4479));
#8772=IFCINDEXEDPOLYGONALFACE((4479,4480,4391));
#8773=IFCINDEXEDPOLYGONALFACE((4413,4391,4480));
#8774=IFCINDEXEDPOLYGONALFACE((4480,4433,4413));
#8775=IFCINDEXEDPOLYGONALFACE((4326,4365,4481));
#8776=IFCINDEXEDPOLYGONALFACE((4415,4327,4482));
#8777=IFCINDEXEDPOLYGONALFACE((4483,4394,4415));
#8778=IFCINDEXEDPOLYGONALFACE((4484,4394,4483));
#8779=IFCINDEXEDPOLYGONALFACE((4436,4485,4395));
#8780=IFCINDEXEDPOLYGONALFACE((4461,4369,4460));
#8781=IFCINDEXEDPOLYGONALFACE((4417,4416,4486));
#8782=IFCINDEXEDPOLYGONALFACE((4462,4417,4486));
#8783=IFCINDEXEDPOLYGONALFACE((4396,4487,4264));
#8784=IFCINDEXEDPOLYGONALFACE((4488,4418,4305));
#8785=IFCINDEXEDPOLYGONALFACE((4465,4418,4488));
#8786=IFCINDEXEDPOLYGONALFACE((4397,4489,4398));
#8787=IFCINDEXEDPOLYGONALFACE((4467,4372,4419));
#8788=IFCINDEXEDPOLYGONALFACE((4490,4399,4467));
#8789=IFCINDEXEDPOLYGONALFACE((4399,4490,4468));
#8790=IFCINDEXEDPOLYGONALFACE((4491,4469,4468));
#8791=IFCINDEXEDPOLYGONALFACE((4469,4492,4421));
#8792=IFCINDEXEDPOLYGONALFACE((4492,4470,4421));
#8793=IFCINDEXEDPOLYGONALFACE((4493,4422,4471));
#8794=IFCINDEXEDPOLYGONALFACE((4440,4494,4423));
#8795=IFCINDEXEDPOLYGONALFACE((4378,4495,4379));
#8796=IFCINDEXEDPOLYGONALFACE((4496,4426,4445));
#8797=IFCINDEXEDPOLYGONALFACE((4496,4446,4426));
#8798=IFCINDEXEDPOLYGONALFACE((4448,4497,4353));
#8799=IFCINDEXEDPOLYGONALFACE((4385,4383,4474));
#8800=IFCINDEXEDPOLYGONALFACE((4385,4475,4384));
#8801=IFCINDEXEDPOLYGONALFACE((4429,4498,4449));
#8802=IFCINDEXEDPOLYGONALFACE((4499,4339,4450));
#8803=IFCINDEXEDPOLYGONALFACE((4430,4339,4451));
#8804=IFCINDEXEDPOLYGONALFACE((4452,4500,4408));
#8805=IFCINDEXEDPOLYGONALFACE((4408,4500,4409));
#8806=IFCINDEXEDPOLYGONALFACE((4386,4431,4476));
#8807=IFCINDEXEDPOLYGONALFACE((4454,4432,4453));
#8808=IFCINDEXEDPOLYGONALFACE((4454,4477,4361));
#8809=IFCINDEXEDPOLYGONALFACE((4501,4455,4412));
#8810=IFCINDEXEDPOLYGONALFACE((4457,4481,4365));
#8811=IFCINDEXEDPOLYGONALFACE((4326,4482,4327));
#8812=IFCINDEXEDPOLYGONALFACE((4484,4435,4394));
#8813=IFCINDEXEDPOLYGONALFACE((4436,4458,4435));
#8814=IFCINDEXEDPOLYGONALFACE((4437,4395,4485));
#8815=IFCINDEXEDPOLYGONALFACE((4502,4438,4462));
#8816=IFCINDEXEDPOLYGONALFACE((4463,4438,4502));
#8817=IFCINDEXEDPOLYGONALFACE((4503,4347,4264));
#8818=IFCINDEXEDPOLYGONALFACE((4504,4371,4347));
#8819=IFCINDEXEDPOLYGONALFACE((4505,4468,4490));
#8820=IFCINDEXEDPOLYGONALFACE((4468,4505,4491));
#8821=IFCINDEXEDPOLYGONALFACE((4492,4469,4491));
#8822=IFCINDEXEDPOLYGONALFACE((4471,4402,4506));
#8823=IFCINDEXEDPOLYGONALFACE((4422,4493,4440));
#8824=IFCINDEXEDPOLYGONALFACE((4507,4442,4441));
#8825=IFCINDEXEDPOLYGONALFACE((4507,4443,4442));
#8826=IFCINDEXEDPOLYGONALFACE((4425,4444,4378));
#8827=IFCINDEXEDPOLYGONALFACE((4508,4446,4496));
#8828=IFCINDEXEDPOLYGONALFACE((4446,4508,4472));
#8829=IFCINDEXEDPOLYGONALFACE((4508,4447,4472));
#8830=IFCINDEXEDPOLYGONALFACE((4447,4473,4428));
#8831=IFCINDEXEDPOLYGONALFACE((4497,4448,4473));
#8832=IFCINDEXEDPOLYGONALFACE((4509,4353,4497));
#8833=IFCINDEXEDPOLYGONALFACE((4509,4474,4353));
#8834=IFCINDEXEDPOLYGONALFACE((4510,4429,4475));
#8835=IFCINDEXEDPOLYGONALFACE((4498,4429,4510));
#8836=IFCINDEXEDPOLYGONALFACE((4511,4449,4498));
#8837=IFCINDEXEDPOLYGONALFACE((4512,4450,4511));
#8838=IFCINDEXEDPOLYGONALFACE((4511,4450,4449));
#8839=IFCINDEXEDPOLYGONALFACE((4513,4499,4450));
#8840=IFCINDEXEDPOLYGONALFACE((4339,4499,4451));
#8841=IFCINDEXEDPOLYGONALFACE((4514,4410,4409));
#8842=IFCINDEXEDPOLYGONALFACE((4515,4410,4514));
#8843=IFCINDEXEDPOLYGONALFACE((4515,4431,4410));
#8844=IFCINDEXEDPOLYGONALFACE((4478,4501,4412));
#8845=IFCINDEXEDPOLYGONALFACE((4516,4479,4455));
#8846=IFCINDEXEDPOLYGONALFACE((4517,4433,4480));
#8847=IFCINDEXEDPOLYGONALFACE((4433,4517,4456));
#8848=IFCINDEXEDPOLYGONALFACE((4456,4517,4518));
#8849=IFCINDEXEDPOLYGONALFACE((4519,4520,4434));
#8850=IFCINDEXEDPOLYGONALFACE((4434,4520,4393));
#8851=IFCINDEXEDPOLYGONALFACE((4483,4415,4482));
#8852=IFCINDEXEDPOLYGONALFACE((4435,4484,4521));
#8853=IFCINDEXEDPOLYGONALFACE((4436,4435,4522));
#8854=IFCINDEXEDPOLYGONALFACE((4523,4485,4436));
#8855=IFCINDEXEDPOLYGONALFACE((4524,4459,4437));
#8856=IFCINDEXEDPOLYGONALFACE((4486,4416,4525));
#8857=IFCINDEXEDPOLYGONALFACE((4486,4502,4462));
#8858=IFCINDEXEDPOLYGONALFACE((4487,4396,4463));
#8859=IFCINDEXEDPOLYGONALFACE((4526,4347,4503));
#8860=IFCINDEXEDPOLYGONALFACE((4371,4504,4527));
#8861=IFCINDEXEDPOLYGONALFACE((4371,4527,4439));
#8862=IFCINDEXEDPOLYGONALFACE((4489,4397,4465));
#8863=IFCINDEXEDPOLYGONALFACE((4489,4528,4398));
#8864=IFCINDEXEDPOLYGONALFACE((4466,4398,4528));
#8865=IFCINDEXEDPOLYGONALFACE((4491,4505,4492));
#8866=IFCINDEXEDPOLYGONALFACE((4492,4505,4470));
#8867=IFCINDEXEDPOLYGONALFACE((4506,4402,4470));
#8868=IFCINDEXEDPOLYGONALFACE((4440,4529,4494));
#8869=IFCINDEXEDPOLYGONALFACE((4424,4530,4441));
#8870=IFCINDEXEDPOLYGONALFACE((4531,4441,4530));
#8871=IFCINDEXEDPOLYGONALFACE((4507,4441,4531));
#8872=IFCINDEXEDPOLYGONALFACE((4443,4507,4532));
#8873=IFCINDEXEDPOLYGONALFACE((4444,4443,4532));
#8874=IFCINDEXEDPOLYGONALFACE((4445,4533,4496));
#8875=IFCINDEXEDPOLYGONALFACE((4496,4533,4508));
#8876=IFCINDEXEDPOLYGONALFACE((4473,4447,4534));
#8877=IFCINDEXEDPOLYGONALFACE((4508,4534,4447));
#8878=IFCINDEXEDPOLYGONALFACE((4535,4497,4473));
#8879=IFCINDEXEDPOLYGONALFACE((4474,4536,4385));
#8880=IFCINDEXEDPOLYGONALFACE((4385,4537,4475));
#8881=IFCINDEXEDPOLYGONALFACE((4511,4538,4512));
#8882=IFCINDEXEDPOLYGONALFACE((4513,4450,4512));
#8883=IFCINDEXEDPOLYGONALFACE((4451,4539,4407));
#8884=IFCINDEXEDPOLYGONALFACE((4540,4452,4407));
#8885=IFCINDEXEDPOLYGONALFACE((4409,4500,4514));
#8886=IFCINDEXEDPOLYGONALFACE((4454,4453,4476));
#8887=IFCINDEXEDPOLYGONALFACE((4455,4501,4516));
#8888=IFCINDEXEDPOLYGONALFACE((4541,4480,4479));
#8889=IFCINDEXEDPOLYGONALFACE((4517,4480,4541));
#8890=IFCINDEXEDPOLYGONALFACE((4541,4518,4517));
#8891=IFCINDEXEDPOLYGONALFACE((4519,4456,4518));
#8892=IFCINDEXEDPOLYGONALFACE((4456,4519,4434));
#8893=IFCINDEXEDPOLYGONALFACE((4481,4457,4542));
#8894=IFCINDEXEDPOLYGONALFACE((4481,4482,4326));
#8895=IFCINDEXEDPOLYGONALFACE((4521,4484,4543));
#8896=IFCINDEXEDPOLYGONALFACE((4522,4435,4521));
#8897=IFCINDEXEDPOLYGONALFACE((4436,4522,4523));
#8898=IFCINDEXEDPOLYGONALFACE((4437,4485,4544));
#8899=IFCINDEXEDPOLYGONALFACE((4416,4461,4525));
#8900=IFCINDEXEDPOLYGONALFACE((4486,4525,4502));
#8901=IFCINDEXEDPOLYGONALFACE((4305,4464,4545));
#8902=IFCINDEXEDPOLYGONALFACE((4545,4488,4305));
#8903=IFCINDEXEDPOLYGONALFACE((4467,4546,4490));
#8904=IFCINDEXEDPOLYGONALFACE((4547,4505,4548));
#8905=IFCINDEXEDPOLYGONALFACE((4505,4547,4470));
#8906=IFCINDEXEDPOLYGONALFACE((4549,4470,4547));
#8907=IFCINDEXEDPOLYGONALFACE((4471,4550,4493));
#8908=IFCINDEXEDPOLYGONALFACE((4529,4440,4551));
#8909=IFCINDEXEDPOLYGONALFACE((4552,4507,4531));
#8910=IFCINDEXEDPOLYGONALFACE((4532,4507,4552));
#8911=IFCINDEXEDPOLYGONALFACE((4553,4445,4379));
#8912=IFCINDEXEDPOLYGONALFACE((4554,4533,4553));
#8913=IFCINDEXEDPOLYGONALFACE((4445,4553,4533));
#8914=IFCINDEXEDPOLYGONALFACE((4533,4554,4508));
#8915=IFCINDEXEDPOLYGONALFACE((4534,4508,4554));
#8916=IFCINDEXEDPOLYGONALFACE((4555,4473,4534));
#8917=IFCINDEXEDPOLYGONALFACE((4535,4473,4555));
#8918=IFCINDEXEDPOLYGONALFACE((4537,4385,4536));
#8919=IFCINDEXEDPOLYGONALFACE((4510,4475,4537));
#8920=IFCINDEXEDPOLYGONALFACE((4510,4556,4498));
#8921=IFCINDEXEDPOLYGONALFACE((4557,4511,4498));
#8922=IFCINDEXEDPOLYGONALFACE((4511,4557,4538));
#8923=IFCINDEXEDPOLYGONALFACE((4558,4512,4538));
#8924=IFCINDEXEDPOLYGONALFACE((4558,4559,4512));
#8925=IFCINDEXEDPOLYGONALFACE((4512,4559,4513));
#8926=IFCINDEXEDPOLYGONALFACE((4499,4539,4451));
#8927=IFCINDEXEDPOLYGONALFACE((4540,4407,4539));
#8928=IFCINDEXEDPOLYGONALFACE((4500,4452,4560));
#8929=IFCINDEXEDPOLYGONALFACE((4500,4560,4514));
#8930=IFCINDEXEDPOLYGONALFACE((4431,4515,4476));
#8931=IFCINDEXEDPOLYGONALFACE((4515,4561,4476));
#8932=IFCINDEXEDPOLYGONALFACE((4561,4562,4476));
#8933=IFCINDEXEDPOLYGONALFACE((4454,4476,4562));
#8934=IFCINDEXEDPOLYGONALFACE((4562,4563,4454));
#8935=IFCINDEXEDPOLYGONALFACE((4477,4454,4563));
#8936=IFCINDEXEDPOLYGONALFACE((4563,4478,4477));
#8937=IFCINDEXEDPOLYGONALFACE((4564,4501,4478));
#8938=IFCINDEXEDPOLYGONALFACE((4516,4541,4479));
#8939=IFCINDEXEDPOLYGONALFACE((4518,4541,4519));
#8940=IFCINDEXEDPOLYGONALFACE((4393,4520,4565));
#8941=IFCINDEXEDPOLYGONALFACE((4457,4364,4566));
#8942=IFCINDEXEDPOLYGONALFACE((4482,4567,4483));
#8943=IFCINDEXEDPOLYGONALFACE((4567,4543,4483));
#8944=IFCINDEXEDPOLYGONALFACE((4483,4543,4484));
#8945=IFCINDEXEDPOLYGONALFACE((4568,4569,4521));
#8946=IFCINDEXEDPOLYGONALFACE((4522,4521,4569));
#8947=IFCINDEXEDPOLYGONALFACE((4524,4437,4544));
#8948=IFCINDEXEDPOLYGONALFACE((4570,4459,4524));
#8949=IFCINDEXEDPOLYGONALFACE((4459,4570,4460));
#8950=IFCINDEXEDPOLYGONALFACE((4503,4264,4487));
#8951=IFCINDEXEDPOLYGONALFACE((4347,4526,4504));
#8952=IFCINDEXEDPOLYGONALFACE((4465,4571,4489));
#8953=IFCINDEXEDPOLYGONALFACE((4572,4490,4546));
#8954=IFCINDEXEDPOLYGONALFACE((4548,4505,4572));
#8955=IFCINDEXEDPOLYGONALFACE((4490,4572,4505));
#8956=IFCINDEXEDPOLYGONALFACE((4549,4506,4470));
#8957=IFCINDEXEDPOLYGONALFACE((4573,4471,4506));
#8958=IFCINDEXEDPOLYGONALFACE((4551,4440,4493));
#8959=IFCINDEXEDPOLYGONALFACE((4574,4423,4494));
#8960=IFCINDEXEDPOLYGONALFACE((4423,4574,4424));
#8961=IFCINDEXEDPOLYGONALFACE((4575,4530,4424));
#8962=IFCINDEXEDPOLYGONALFACE((4575,4576,4530));
#8963=IFCINDEXEDPOLYGONALFACE((4531,4530,4576));
#8964=IFCINDEXEDPOLYGONALFACE((4576,4552,4531));
#8965=IFCINDEXEDPOLYGONALFACE((4577,4532,4552));
#8966=IFCINDEXEDPOLYGONALFACE((4444,4532,4578));
#8967=IFCINDEXEDPOLYGONALFACE((4579,4379,4495));
#8968=IFCINDEXEDPOLYGONALFACE((4580,4553,4579));
#8969=IFCINDEXEDPOLYGONALFACE((4379,4579,4553));
#8970=IFCINDEXEDPOLYGONALFACE((4553,4580,4554));
#8971=IFCINDEXEDPOLYGONALFACE((4535,4581,4497));
#8972=IFCINDEXEDPOLYGONALFACE((4509,4497,4581));
#8973=IFCINDEXEDPOLYGONALFACE((4510,4537,4556));
#8974=IFCINDEXEDPOLYGONALFACE((4557,4582,4538));
#8975=IFCINDEXEDPOLYGONALFACE((4583,4538,4582));
#8976=IFCINDEXEDPOLYGONALFACE((4583,4558,4538));
#8977=IFCINDEXEDPOLYGONALFACE((4559,4584,4513));
#8978=IFCINDEXEDPOLYGONALFACE((4584,4499,4513));
#8979=IFCINDEXEDPOLYGONALFACE((4452,4540,4560));
#8980=IFCINDEXEDPOLYGONALFACE((4515,4514,4560));
#8981=IFCINDEXEDPOLYGONALFACE((4478,4563,4564));
#8982=IFCINDEXEDPOLYGONALFACE((4501,4564,4585));
#8983=IFCINDEXEDPOLYGONALFACE((4516,4586,4541));
#8984=IFCINDEXEDPOLYGONALFACE((4587,4541,4586));
#8985=IFCINDEXEDPOLYGONALFACE((4519,4541,4587));
#8986=IFCINDEXEDPOLYGONALFACE((4587,4588,4519));
#8987=IFCINDEXEDPOLYGONALFACE((4520,4519,4588));
#8988=IFCINDEXEDPOLYGONALFACE((4565,4520,4589));
#8989=IFCINDEXEDPOLYGONALFACE((4457,4566,4542));
#8990=IFCINDEXEDPOLYGONALFACE((4482,4481,4590));
#8991=IFCINDEXEDPOLYGONALFACE((4543,4591,4521));
#8992=IFCINDEXEDPOLYGONALFACE((4521,4591,4568));
#8993=IFCINDEXEDPOLYGONALFACE((4485,4523,4592));
#8994=IFCINDEXEDPOLYGONALFACE((4485,4592,4544));
#8995=IFCINDEXEDPOLYGONALFACE((4570,4593,4460));
#8996=IFCINDEXEDPOLYGONALFACE((4461,4460,4594));
#8997=IFCINDEXEDPOLYGONALFACE((4593,4594,4460));
#8998=IFCINDEXEDPOLYGONALFACE((4461,4595,4525));
#8999=IFCINDEXEDPOLYGONALFACE((4596,4464,4439));
#9000=IFCINDEXEDPOLYGONALFACE((4596,4545,4464));
#9001=IFCINDEXEDPOLYGONALFACE((4597,4488,4545));
#9002=IFCINDEXEDPOLYGONALFACE((4488,4597,4465));
#9003=IFCINDEXEDPOLYGONALFACE((4465,4597,4571));
#9004=IFCINDEXEDPOLYGONALFACE((4467,4598,4546));
#9005=IFCINDEXEDPOLYGONALFACE((4599,4548,4572));
#9006=IFCINDEXEDPOLYGONALFACE((4547,4548,4599));
#9007=IFCINDEXEDPOLYGONALFACE((4600,4573,4549));
#9008=IFCINDEXEDPOLYGONALFACE((4506,4549,4573));
#9009=IFCINDEXEDPOLYGONALFACE((4550,4551,4493));
#9010=IFCINDEXEDPOLYGONALFACE((4574,4494,4529));
#9011=IFCINDEXEDPOLYGONALFACE((4552,4601,4577));
#9012=IFCINDEXEDPOLYGONALFACE((4602,4532,4577));
#9013=IFCINDEXEDPOLYGONALFACE((4532,4602,4578));
#9014=IFCINDEXEDPOLYGONALFACE((4495,4378,4444));
#9015=IFCINDEXEDPOLYGONALFACE((4580,4579,4603));
#9016=IFCINDEXEDPOLYGONALFACE((4603,4579,4495));
#9017=IFCINDEXEDPOLYGONALFACE((4555,4534,4604));
#9018=IFCINDEXEDPOLYGONALFACE((4554,4604,4534));
#9019=IFCINDEXEDPOLYGONALFACE((4605,4509,4581));
#9020=IFCINDEXEDPOLYGONALFACE((4509,4605,4474));
#9021=IFCINDEXEDPOLYGONALFACE((4537,4536,4606));
#9022=IFCINDEXEDPOLYGONALFACE((4498,4556,4607));
#9023=IFCINDEXEDPOLYGONALFACE((4498,4607,4608));
#9024=IFCINDEXEDPOLYGONALFACE((4608,4557,4498));
#9025=IFCINDEXEDPOLYGONALFACE((4557,4608,4582));
#9026=IFCINDEXEDPOLYGONALFACE((4609,4559,4558));
#9027=IFCINDEXEDPOLYGONALFACE((4584,4610,4499));
#9028=IFCINDEXEDPOLYGONALFACE((4539,4499,4610));
#9029=IFCINDEXEDPOLYGONALFACE((4611,4560,4540));
#9030=IFCINDEXEDPOLYGONALFACE((4612,4613,4561));
#9031=IFCINDEXEDPOLYGONALFACE((4562,4561,4613));
#9032=IFCINDEXEDPOLYGONALFACE((4614,4615,4562));
#9033=IFCINDEXEDPOLYGONALFACE((4615,4563,4562));
#9034=IFCINDEXEDPOLYGONALFACE((4616,4564,4563));
#9035=IFCINDEXEDPOLYGONALFACE((4586,4516,4585));
#9036=IFCINDEXEDPOLYGONALFACE((4501,4585,4516));
#9037=IFCINDEXEDPOLYGONALFACE((4587,4586,4617));
#9038=IFCINDEXEDPOLYGONALFACE((4588,4587,4617));
#9039=IFCINDEXEDPOLYGONALFACE((4520,4588,4589));
#9040=IFCINDEXEDPOLYGONALFACE((4567,4482,4590));
#9041=IFCINDEXEDPOLYGONALFACE((4543,4567,4618));
#9042=IFCINDEXEDPOLYGONALFACE((4591,4543,4618));
#9043=IFCINDEXEDPOLYGONALFACE((4591,4569,4568));
#9044=IFCINDEXEDPOLYGONALFACE((4569,4523,4522));
#9045=IFCINDEXEDPOLYGONALFACE((4594,4595,4461));
#9046=IFCINDEXEDPOLYGONALFACE((4619,4487,4463));
#9047=IFCINDEXEDPOLYGONALFACE((4439,4527,4596));
#9048=IFCINDEXEDPOLYGONALFACE((4466,4620,4419));
#9049=IFCINDEXEDPOLYGONALFACE((4598,4467,4419));
#9050=IFCINDEXEDPOLYGONALFACE((4546,4621,4572));
#9051=IFCINDEXEDPOLYGONALFACE((4547,4599,4622));
#9052=IFCINDEXEDPOLYGONALFACE((4573,4623,4471));
#9053=IFCINDEXEDPOLYGONALFACE((4471,4624,4550));
#9054=IFCINDEXEDPOLYGONALFACE((4575,4424,4625));
#9055=IFCINDEXEDPOLYGONALFACE((4626,4576,4575));
#9056=IFCINDEXEDPOLYGONALFACE((4576,4626,4552));
#9057=IFCINDEXEDPOLYGONALFACE((4601,4552,4626));
#9058=IFCINDEXEDPOLYGONALFACE((4627,4577,4601));
#9059=IFCINDEXEDPOLYGONALFACE((4628,4577,4627));
#9060=IFCINDEXEDPOLYGONALFACE((4628,4602,4577));
#9061=IFCINDEXEDPOLYGONALFACE((4603,4629,4580));
#9062=IFCINDEXEDPOLYGONALFACE((4630,4580,4629));
#9063=IFCINDEXEDPOLYGONALFACE((4580,4630,4554));
#9064=IFCINDEXEDPOLYGONALFACE((4554,4630,4604));
#9065=IFCINDEXEDPOLYGONALFACE((4581,4535,4555));
#9066=IFCINDEXEDPOLYGONALFACE((4581,4631,4605));
#9067=IFCINDEXEDPOLYGONALFACE((4632,4474,4605));
#9068=IFCINDEXEDPOLYGONALFACE((4633,4474,4632));
#9069=IFCINDEXEDPOLYGONALFACE((4474,4633,4536));
#9070=IFCINDEXEDPOLYGONALFACE((4606,4536,4633));
#9071=IFCINDEXEDPOLYGONALFACE((4634,4537,4606));
#9072=IFCINDEXEDPOLYGONALFACE((4634,4556,4537));
#9073=IFCINDEXEDPOLYGONALFACE((4582,4608,4635));
#9074=IFCINDEXEDPOLYGONALFACE((4636,4635,4608));
#9075=IFCINDEXEDPOLYGONALFACE((4583,4582,4635));
#9076=IFCINDEXEDPOLYGONALFACE((4609,4558,4583));
#9077=IFCINDEXEDPOLYGONALFACE((4637,4559,4609));
#9078=IFCINDEXEDPOLYGONALFACE((4559,4637,4584));
#9079=IFCINDEXEDPOLYGONALFACE((4539,4610,4638));
#9080=IFCINDEXEDPOLYGONALFACE((4638,4540,4539));
#9081=IFCINDEXEDPOLYGONALFACE((4611,4639,4560));
#9082=IFCINDEXEDPOLYGONALFACE((4515,4560,4639));
#9083=IFCINDEXEDPOLYGONALFACE((4639,4640,4515));
#9084=IFCINDEXEDPOLYGONALFACE((4515,4640,4561));
#9085=IFCINDEXEDPOLYGONALFACE((4561,4641,4612));
#9086=IFCINDEXEDPOLYGONALFACE((4642,4613,4612));
#9087=IFCINDEXEDPOLYGONALFACE((4643,4562,4613));
#9088=IFCINDEXEDPOLYGONALFACE((4562,4643,4614));
#9089=IFCINDEXEDPOLYGONALFACE((4644,4563,4615));
#9090=IFCINDEXEDPOLYGONALFACE((4586,4645,4617));
#9091=IFCINDEXEDPOLYGONALFACE((4646,4617,4645));
#9092=IFCINDEXEDPOLYGONALFACE((4646,4647,4617));
#9093=IFCINDEXEDPOLYGONALFACE((4647,4648,4617));
#9094=IFCINDEXEDPOLYGONALFACE((4588,4617,4648));
#9095=IFCINDEXEDPOLYGONALFACE((4648,4589,4588));
#9096=IFCINDEXEDPOLYGONALFACE((4648,4649,4589));
#9097=IFCINDEXEDPOLYGONALFACE((4650,4542,4566));
#9098=IFCINDEXEDPOLYGONALFACE((4651,4652,4591));
#9099=IFCINDEXEDPOLYGONALFACE((4569,4591,4652));
#9100=IFCINDEXEDPOLYGONALFACE((4653,4569,4652));
#9101=IFCINDEXEDPOLYGONALFACE((4653,4654,4569));
#9102=IFCINDEXEDPOLYGONALFACE((4523,4569,4654));
#9103=IFCINDEXEDPOLYGONALFACE((4654,4592,4523));
#9104=IFCINDEXEDPOLYGONALFACE((4544,4570,4524));
#9105=IFCINDEXEDPOLYGONALFACE((4655,4593,4570));
#9106=IFCINDEXEDPOLYGONALFACE((4525,4595,4656));
#9107=IFCINDEXEDPOLYGONALFACE((4525,4656,4502));
#9108=IFCINDEXEDPOLYGONALFACE((4502,4619,4463));
#9109=IFCINDEXEDPOLYGONALFACE((4487,4657,4503));
#9110=IFCINDEXEDPOLYGONALFACE((4504,4526,4503));
#9111=IFCINDEXEDPOLYGONALFACE((4527,4658,4596));
#9112=IFCINDEXEDPOLYGONALFACE((4528,4489,4571));
#9113=IFCINDEXEDPOLYGONALFACE((4528,4620,4466));
#9114=IFCINDEXEDPOLYGONALFACE((4621,4546,4598));
#9115=IFCINDEXEDPOLYGONALFACE((4599,4572,4659));
#9116=IFCINDEXEDPOLYGONALFACE((4660,4659,4572));
#9117=IFCINDEXEDPOLYGONALFACE((4659,4622,4599));
#9118=IFCINDEXEDPOLYGONALFACE((4547,4622,4661));
#9119=IFCINDEXEDPOLYGONALFACE((4549,4547,4661));
#9120=IFCINDEXEDPOLYGONALFACE((4549,4661,4600));
#9121=IFCINDEXEDPOLYGONALFACE((4624,4471,4623));
#9122=IFCINDEXEDPOLYGONALFACE((4662,4529,4551));
#9123=IFCINDEXEDPOLYGONALFACE((4529,4662,4574));
#9124=IFCINDEXEDPOLYGONALFACE((4663,4575,4625));
#9125=IFCINDEXEDPOLYGONALFACE((4626,4575,4663));
#9126=IFCINDEXEDPOLYGONALFACE((4627,4601,4664));
#9127=IFCINDEXEDPOLYGONALFACE((4664,4628,4627));
#9128=IFCINDEXEDPOLYGONALFACE((4602,4628,4665));
#9129=IFCINDEXEDPOLYGONALFACE((4665,4578,4602));
#9130=IFCINDEXEDPOLYGONALFACE((4495,4444,4666));
#9131=IFCINDEXEDPOLYGONALFACE((4667,4603,4668));
#9132=IFCINDEXEDPOLYGONALFACE((4495,4668,4603));
#9133=IFCINDEXEDPOLYGONALFACE((4603,4667,4629));
#9134=IFCINDEXEDPOLYGONALFACE((4630,4629,4667));
#9135=IFCINDEXEDPOLYGONALFACE((4630,4669,4604));
#9136=IFCINDEXEDPOLYGONALFACE((4606,4670,4634));
#9137=IFCINDEXEDPOLYGONALFACE((4556,4634,4607));
#9138=IFCINDEXEDPOLYGONALFACE((4671,4672,4607));
#9139=IFCINDEXEDPOLYGONALFACE((4672,4608,4607));
#9140=IFCINDEXEDPOLYGONALFACE((4608,4672,4636));
#9141=IFCINDEXEDPOLYGONALFACE((4609,4583,4673));
#9142=IFCINDEXEDPOLYGONALFACE((4635,4673,4583));
#9143=IFCINDEXEDPOLYGONALFACE((4673,4637,4609));
#9144=IFCINDEXEDPOLYGONALFACE((4610,4674,4638));
#9145=IFCINDEXEDPOLYGONALFACE((4638,4675,4540));
#9146=IFCINDEXEDPOLYGONALFACE((4540,4675,4611));
#9147=IFCINDEXEDPOLYGONALFACE((4641,4561,4640));
#9148=IFCINDEXEDPOLYGONALFACE((4643,4613,4642));
#9149=IFCINDEXEDPOLYGONALFACE((4643,4676,4614));
#9150=IFCINDEXEDPOLYGONALFACE((4614,4676,4615));
#9151=IFCINDEXEDPOLYGONALFACE((4616,4563,4644));
#9152=IFCINDEXEDPOLYGONALFACE((4616,4677,4564));
#9153=IFCINDEXEDPOLYGONALFACE((4585,4564,4677));
#9154=IFCINDEXEDPOLYGONALFACE((4678,4585,4677));
#9155=IFCINDEXEDPOLYGONALFACE((4586,4585,4678));
#9156=IFCINDEXEDPOLYGONALFACE((4645,4679,4646));
#9157=IFCINDEXEDPOLYGONALFACE((4648,4680,4649));
#9158=IFCINDEXEDPOLYGONALFACE((4481,4542,4681));
#9159=IFCINDEXEDPOLYGONALFACE((4590,4481,4681));
#9160=IFCINDEXEDPOLYGONALFACE((4590,4682,4567));
#9161=IFCINDEXEDPOLYGONALFACE((4567,4682,4618));
#9162=IFCINDEXEDPOLYGONALFACE((4683,4591,4618));
#9163=IFCINDEXEDPOLYGONALFACE((4591,4683,4651));
#9164=IFCINDEXEDPOLYGONALFACE((4684,4654,4685));
#9165=IFCINDEXEDPOLYGONALFACE((4654,4684,4592));
#9166=IFCINDEXEDPOLYGONALFACE((4658,4527,4504));
#9167=IFCINDEXEDPOLYGONALFACE((4686,4596,4658));
#9168=IFCINDEXEDPOLYGONALFACE((4687,4596,4686));
#9169=IFCINDEXEDPOLYGONALFACE((4687,4545,4596));
#9170=IFCINDEXEDPOLYGONALFACE((4598,4419,4620));
#9171=IFCINDEXEDPOLYGONALFACE((4660,4572,4688));
#9172=IFCINDEXEDPOLYGONALFACE((4621,4688,4572));
#9173=IFCINDEXEDPOLYGONALFACE((4661,4622,4689));
#9174=IFCINDEXEDPOLYGONALFACE((4659,4689,4622));
#9175=IFCINDEXEDPOLYGONALFACE((4661,4689,4600));
#9176=IFCINDEXEDPOLYGONALFACE((4623,4600,4689));
#9177=IFCINDEXEDPOLYGONALFACE((4600,4623,4573));
#9178=IFCINDEXEDPOLYGONALFACE((4662,4551,4550));
#9179=IFCINDEXEDPOLYGONALFACE((4424,4574,4625));
#9180=IFCINDEXEDPOLYGONALFACE((4574,4690,4625));
#9181=IFCINDEXEDPOLYGONALFACE((4625,4690,4663));
#9182=IFCINDEXEDPOLYGONALFACE((4691,4626,4663));
#9183=IFCINDEXEDPOLYGONALFACE((4626,4691,4601));
#9184=IFCINDEXEDPOLYGONALFACE((4692,4664,4601));
#9185=IFCINDEXEDPOLYGONALFACE((4693,4628,4664));
#9186=IFCINDEXEDPOLYGONALFACE((4694,4665,4693));
#9187=IFCINDEXEDPOLYGONALFACE((4628,4693,4665));
#9188=IFCINDEXEDPOLYGONALFACE((4694,4695,4665));
#9189=IFCINDEXEDPOLYGONALFACE((4578,4665,4695));
#9190=IFCINDEXEDPOLYGONALFACE((4695,4696,4578));
#9191=IFCINDEXEDPOLYGONALFACE((4444,4578,4696));
#9192=IFCINDEXEDPOLYGONALFACE((4696,4666,4444));
#9193=IFCINDEXEDPOLYGONALFACE((4668,4495,4697));
#9194=IFCINDEXEDPOLYGONALFACE((4698,4667,4699));
#9195=IFCINDEXEDPOLYGONALFACE((4668,4699,4667));
#9196=IFCINDEXEDPOLYGONALFACE((4667,4698,4630));
#9197=IFCINDEXEDPOLYGONALFACE((4669,4630,4698));
#9198=IFCINDEXEDPOLYGONALFACE((4604,4700,4555));
#9199=IFCINDEXEDPOLYGONALFACE((4555,4631,4581));
#9200=IFCINDEXEDPOLYGONALFACE((4631,4701,4605));
#9201=IFCINDEXEDPOLYGONALFACE((4670,4606,4702));
#9202=IFCINDEXEDPOLYGONALFACE((4670,4703,4634));
#9203=IFCINDEXEDPOLYGONALFACE((4634,4703,4607));
#9204=IFCINDEXEDPOLYGONALFACE((4671,4607,4703));
#9205=IFCINDEXEDPOLYGONALFACE((4704,4636,4705));
#9206=IFCINDEXEDPOLYGONALFACE((4705,4636,4672));
#9207=IFCINDEXEDPOLYGONALFACE((4636,4704,4635));
#9208=IFCINDEXEDPOLYGONALFACE((4704,4673,4635));
#9209=IFCINDEXEDPOLYGONALFACE((4673,4706,4637));
#9210=IFCINDEXEDPOLYGONALFACE((4707,4584,4637));
#9211=IFCINDEXEDPOLYGONALFACE((4584,4707,4610));
#9212=IFCINDEXEDPOLYGONALFACE((4707,4674,4610));
#9213=IFCINDEXEDPOLYGONALFACE((4675,4708,4611));
#9214=IFCINDEXEDPOLYGONALFACE((4639,4611,4708));
#9215=IFCINDEXEDPOLYGONALFACE((4639,4709,4640));
#9216=IFCINDEXEDPOLYGONALFACE((4641,4640,4710));
#9217=IFCINDEXEDPOLYGONALFACE((4612,4641,4711));
#9218=IFCINDEXEDPOLYGONALFACE((4612,4711,4642));
#9219=IFCINDEXEDPOLYGONALFACE((4643,4642,4712));
#9220=IFCINDEXEDPOLYGONALFACE((4711,4712,4642));
#9221=IFCINDEXEDPOLYGONALFACE((4643,4712,4676));
#9222=IFCINDEXEDPOLYGONALFACE((4676,4644,4615));
#9223=IFCINDEXEDPOLYGONALFACE((4586,4678,4645));
#9224=IFCINDEXEDPOLYGONALFACE((4645,4678,4679));
#9225=IFCINDEXEDPOLYGONALFACE((4646,4679,4713));
#9226=IFCINDEXEDPOLYGONALFACE((4646,4713,4647));
#9227=IFCINDEXEDPOLYGONALFACE((4714,4649,4680));
#9228=IFCINDEXEDPOLYGONALFACE((4715,4618,4682));
#9229=IFCINDEXEDPOLYGONALFACE((4715,4683,4618));
#9230=IFCINDEXEDPOLYGONALFACE((4651,4683,4652));
#9231=IFCINDEXEDPOLYGONALFACE((4653,4652,4654));
#9232=IFCINDEXEDPOLYGONALFACE((4685,4654,4652));
#9233=IFCINDEXEDPOLYGONALFACE((4592,4716,4544));
#9234=IFCINDEXEDPOLYGONALFACE((4716,4717,4544));
#9235=IFCINDEXEDPOLYGONALFACE((4570,4544,4717));
#9236=IFCINDEXEDPOLYGONALFACE((4570,4717,4655));
#9237=IFCINDEXEDPOLYGONALFACE((4593,4655,4718));
#9238=IFCINDEXEDPOLYGONALFACE((4545,4719,4597));
#9239=IFCINDEXEDPOLYGONALFACE((4597,4719,4571));
#9240=IFCINDEXEDPOLYGONALFACE((4528,4571,4720));
#9241=IFCINDEXEDPOLYGONALFACE((4721,4598,4620));
#9242=IFCINDEXEDPOLYGONALFACE((4598,4721,4621));
#9243=IFCINDEXEDPOLYGONALFACE((4722,4601,4691));
#9244=IFCINDEXEDPOLYGONALFACE((4723,4692,4722));
#9245=IFCINDEXEDPOLYGONALFACE((4722,4692,4601));
#9246=IFCINDEXEDPOLYGONALFACE((4724,4664,4723));
#9247=IFCINDEXEDPOLYGONALFACE((4692,4723,4664));
#9248=IFCINDEXEDPOLYGONALFACE((4664,4724,4693));
#9249=IFCINDEXEDPOLYGONALFACE((4725,4693,4724));
#9250=IFCINDEXEDPOLYGONALFACE((4693,4725,4694));
#9251=IFCINDEXEDPOLYGONALFACE((4495,4666,4697));
#9252=IFCINDEXEDPOLYGONALFACE((4699,4668,4697));
#9253=IFCINDEXEDPOLYGONALFACE((4632,4605,4701));
#9254=IFCINDEXEDPOLYGONALFACE((4633,4702,4606));
#9255=IFCINDEXEDPOLYGONALFACE((4726,4670,4702));
#9256=IFCINDEXEDPOLYGONALFACE((4727,4670,4726));
#9257=IFCINDEXEDPOLYGONALFACE((4727,4703,4670));
#9258=IFCINDEXEDPOLYGONALFACE((4671,4703,4728));
#9259=IFCINDEXEDPOLYGONALFACE((4671,4728,4672));
#9260=IFCINDEXEDPOLYGONALFACE((4728,4705,4672));
#9261=IFCINDEXEDPOLYGONALFACE((4706,4673,4729));
#9262=IFCINDEXEDPOLYGONALFACE((4704,4729,4673));
#9263=IFCINDEXEDPOLYGONALFACE((4707,4637,4730));
#9264=IFCINDEXEDPOLYGONALFACE((4731,4675,4638));
#9265=IFCINDEXEDPOLYGONALFACE((4639,4708,4709));
#9266=IFCINDEXEDPOLYGONALFACE((4709,4732,4640));
#9267=IFCINDEXEDPOLYGONALFACE((4732,4710,4640));
#9268=IFCINDEXEDPOLYGONALFACE((4710,4711,4641));
#9269=IFCINDEXEDPOLYGONALFACE((4733,4677,4616));
#9270=IFCINDEXEDPOLYGONALFACE((4647,4713,4734));
#9271=IFCINDEXEDPOLYGONALFACE((4647,4734,4648));
#9272=IFCINDEXEDPOLYGONALFACE((4648,4734,4680));
#9273=IFCINDEXEDPOLYGONALFACE((4735,4680,4734));
#9274=IFCINDEXEDPOLYGONALFACE((4590,4736,4682));
#9275=IFCINDEXEDPOLYGONALFACE((4737,4683,4715));
#9276=IFCINDEXEDPOLYGONALFACE((4684,4738,4592));
#9277=IFCINDEXEDPOLYGONALFACE((4739,4594,4740));
#9278=IFCINDEXEDPOLYGONALFACE((4593,4740,4594));
#9279=IFCINDEXEDPOLYGONALFACE((4741,4656,4595));
#9280=IFCINDEXEDPOLYGONALFACE((4619,4742,4487));
#9281=IFCINDEXEDPOLYGONALFACE((4503,4743,4504));
#9282=IFCINDEXEDPOLYGONALFACE((4744,4545,4687));
#9283=IFCINDEXEDPOLYGONALFACE((4545,4744,4719));
#9284=IFCINDEXEDPOLYGONALFACE((4571,4719,4720));
#9285=IFCINDEXEDPOLYGONALFACE((4720,4620,4528));
#9286=IFCINDEXEDPOLYGONALFACE((4620,4745,4721));
#9287=IFCINDEXEDPOLYGONALFACE((4746,4747,4623));
#9288=IFCINDEXEDPOLYGONALFACE((4623,4747,4624));
#9289=IFCINDEXEDPOLYGONALFACE((4748,4550,4624));
#9290=IFCINDEXEDPOLYGONALFACE((4749,4550,4748));
#9291=IFCINDEXEDPOLYGONALFACE((4550,4749,4662));
#9292=IFCINDEXEDPOLYGONALFACE((4750,4574,4751));
#9293=IFCINDEXEDPOLYGONALFACE((4574,4750,4752));
#9294=IFCINDEXEDPOLYGONALFACE((4753,4690,4752));
#9295=IFCINDEXEDPOLYGONALFACE((4574,4752,4690));
#9296=IFCINDEXEDPOLYGONALFACE((4690,4753,4663));
#9297=IFCINDEXEDPOLYGONALFACE((4753,4691,4663));
#9298=IFCINDEXEDPOLYGONALFACE((4754,4722,4691));
#9299=IFCINDEXEDPOLYGONALFACE((4755,4723,4754));
#9300=IFCINDEXEDPOLYGONALFACE((4723,4722,4754));
#9301=IFCINDEXEDPOLYGONALFACE((4756,4723,4755));
#9302=IFCINDEXEDPOLYGONALFACE((4723,4756,4724));
#9303=IFCINDEXEDPOLYGONALFACE((4725,4724,4756));
#9304=IFCINDEXEDPOLYGONALFACE((4694,4725,4757));
#9305=IFCINDEXEDPOLYGONALFACE((4695,4694,4758));
#9306=IFCINDEXEDPOLYGONALFACE((4694,4757,4758));
#9307=IFCINDEXEDPOLYGONALFACE((4758,4759,4695));
#9308=IFCINDEXEDPOLYGONALFACE((4696,4695,4759));
#9309=IFCINDEXEDPOLYGONALFACE((4759,4666,4696));
#9310=IFCINDEXEDPOLYGONALFACE((4760,4699,4697));
#9311=IFCINDEXEDPOLYGONALFACE((4699,4760,4698));
#9312=IFCINDEXEDPOLYGONALFACE((4698,4760,4761));
#9313=IFCINDEXEDPOLYGONALFACE((4698,4761,4669));
#9314=IFCINDEXEDPOLYGONALFACE((4604,4669,4700));
#9315=IFCINDEXEDPOLYGONALFACE((4762,4631,4700));
#9316=IFCINDEXEDPOLYGONALFACE((4700,4631,4555));
#9317=IFCINDEXEDPOLYGONALFACE((4763,4701,4631));
#9318=IFCINDEXEDPOLYGONALFACE((4764,4703,4727));
#9319=IFCINDEXEDPOLYGONALFACE((4728,4703,4764));
#9320=IFCINDEXEDPOLYGONALFACE((4764,4765,4728));
#9321=IFCINDEXEDPOLYGONALFACE((4728,4765,4705));
#9322=IFCINDEXEDPOLYGONALFACE((4705,4765,4766));
#9323=IFCINDEXEDPOLYGONALFACE((4705,4766,4704));
#9324=IFCINDEXEDPOLYGONALFACE((4767,4704,4766));
#9325=IFCINDEXEDPOLYGONALFACE((4767,4729,4704));
#9326=IFCINDEXEDPOLYGONALFACE((4768,4706,4767));
#9327=IFCINDEXEDPOLYGONALFACE((4729,4767,4706));
#9328=IFCINDEXEDPOLYGONALFACE((4706,4768,4637));
#9329=IFCINDEXEDPOLYGONALFACE((4769,4638,4674));
#9330=IFCINDEXEDPOLYGONALFACE((4769,4731,4638));
#9331=IFCINDEXEDPOLYGONALFACE((4710,4712,4711));
#9332=IFCINDEXEDPOLYGONALFACE((4770,4676,4712));
#9333=IFCINDEXEDPOLYGONALFACE((4676,4770,4644));
#9334=IFCINDEXEDPOLYGONALFACE((4678,4677,4771));
#9335=IFCINDEXEDPOLYGONALFACE((4771,4679,4678));
#9336=IFCINDEXEDPOLYGONALFACE((4681,4542,4772));
#9337=IFCINDEXEDPOLYGONALFACE((4681,4772,4590));
#9338=IFCINDEXEDPOLYGONALFACE((4590,4772,4736));
#9339=IFCINDEXEDPOLYGONALFACE((4682,4736,4773));
#9340=IFCINDEXEDPOLYGONALFACE((4715,4682,4773));
#9341=IFCINDEXEDPOLYGONALFACE((4683,4774,4652));
#9342=IFCINDEXEDPOLYGONALFACE((4685,4652,4775));
#9343=IFCINDEXEDPOLYGONALFACE((4685,4775,4684));
#9344=IFCINDEXEDPOLYGONALFACE((4776,4592,4738));
#9345=IFCINDEXEDPOLYGONALFACE((4776,4716,4592));
#9346=IFCINDEXEDPOLYGONALFACE((4718,4740,4593));
#9347=IFCINDEXEDPOLYGONALFACE((4594,4739,4777));
#9348=IFCINDEXEDPOLYGONALFACE((4777,4595,4594));
#9349=IFCINDEXEDPOLYGONALFACE((4619,4502,4656));
#9350=IFCINDEXEDPOLYGONALFACE((4487,4778,4657));
#9351=IFCINDEXEDPOLYGONALFACE((4503,4779,4743));
#9352=IFCINDEXEDPOLYGONALFACE((4780,4504,4743));
#9353=IFCINDEXEDPOLYGONALFACE((4504,4780,4658));
#9354=IFCINDEXEDPOLYGONALFACE((4781,4658,4780));
#9355=IFCINDEXEDPOLYGONALFACE((4686,4658,4781));
#9356=IFCINDEXEDPOLYGONALFACE((4782,4720,4719));
#9357=IFCINDEXEDPOLYGONALFACE((4660,4688,4783));
#9358=IFCINDEXEDPOLYGONALFACE((4784,4689,4659));
#9359=IFCINDEXEDPOLYGONALFACE((4746,4623,4689));
#9360=IFCINDEXEDPOLYGONALFACE((4574,4662,4751));
#9361=IFCINDEXEDPOLYGONALFACE((4785,4752,4750));
#9362=IFCINDEXEDPOLYGONALFACE((4754,4691,4786));
#9363=IFCINDEXEDPOLYGONALFACE((4755,4754,4787));
#9364=IFCINDEXEDPOLYGONALFACE((4754,4786,4787));
#9365=IFCINDEXEDPOLYGONALFACE((4787,4756,4755));
#9366=IFCINDEXEDPOLYGONALFACE((4758,4757,4788));
#9367=IFCINDEXEDPOLYGONALFACE((4788,4789,4758));
#9368=IFCINDEXEDPOLYGONALFACE((4759,4758,4789));
#9369=IFCINDEXEDPOLYGONALFACE((4789,4666,4759));
#9370=IFCINDEXEDPOLYGONALFACE((4761,4790,4669));
#9371=IFCINDEXEDPOLYGONALFACE((4669,4791,4700));
#9372=IFCINDEXEDPOLYGONALFACE((4763,4631,4762));
#9373=IFCINDEXEDPOLYGONALFACE((4792,4701,4763));
#9374=IFCINDEXEDPOLYGONALFACE((4701,4792,4632));
#9375=IFCINDEXEDPOLYGONALFACE((4702,4633,4793));
#9376=IFCINDEXEDPOLYGONALFACE((4794,4764,4727));
#9377=IFCINDEXEDPOLYGONALFACE((4764,4794,4765));
#9378=IFCINDEXEDPOLYGONALFACE((4766,4765,4794));
#9379=IFCINDEXEDPOLYGONALFACE((4730,4637,4768));
#9380=IFCINDEXEDPOLYGONALFACE((4795,4707,4730));
#9381=IFCINDEXEDPOLYGONALFACE((4675,4731,4708));
#9382=IFCINDEXEDPOLYGONALFACE((4796,4709,4708));
#9383=IFCINDEXEDPOLYGONALFACE((4797,4732,4709));
#9384=IFCINDEXEDPOLYGONALFACE((4710,4732,4798));
#9385=IFCINDEXEDPOLYGONALFACE((4799,4712,4798));
#9386=IFCINDEXEDPOLYGONALFACE((4710,4798,4712));
#9387=IFCINDEXEDPOLYGONALFACE((4770,4712,4799));
#9388=IFCINDEXEDPOLYGONALFACE((4800,4644,4770));
#9389=IFCINDEXEDPOLYGONALFACE((4800,4616,4644));
#9390=IFCINDEXEDPOLYGONALFACE((4801,4679,4771));
#9391=IFCINDEXEDPOLYGONALFACE((4713,4679,4801));
#9392=IFCINDEXEDPOLYGONALFACE((4734,4713,4801));
#9393=IFCINDEXEDPOLYGONALFACE((4735,4714,4680));
#9394=IFCINDEXEDPOLYGONALFACE((4802,4542,4650));
#9395=IFCINDEXEDPOLYGONALFACE((4803,4772,4542));
#9396=IFCINDEXEDPOLYGONALFACE((4772,4804,4736));
#9397=IFCINDEXEDPOLYGONALFACE((4805,4715,4773));
#9398=IFCINDEXEDPOLYGONALFACE((4737,4715,4805));
#9399=IFCINDEXEDPOLYGONALFACE((4652,4774,4775));
#9400=IFCINDEXEDPOLYGONALFACE((4739,4740,4806));
#9401=IFCINDEXEDPOLYGONALFACE((4777,4739,4806));
#9402=IFCINDEXEDPOLYGONALFACE((4777,4741,4595));
#9403=IFCINDEXEDPOLYGONALFACE((4778,4487,4742));
#9404=IFCINDEXEDPOLYGONALFACE((4503,4657,4779));
#9405=IFCINDEXEDPOLYGONALFACE((4745,4620,4720));
#9406=IFCINDEXEDPOLYGONALFACE((4807,4621,4721));
#9407=IFCINDEXEDPOLYGONALFACE((4621,4807,4688));
#9408=IFCINDEXEDPOLYGONALFACE((4783,4784,4660));
#9409=IFCINDEXEDPOLYGONALFACE((4659,4660,4784));
#9410=IFCINDEXEDPOLYGONALFACE((4746,4689,4784));
#9411=IFCINDEXEDPOLYGONALFACE((4747,4808,4624));
#9412=IFCINDEXEDPOLYGONALFACE((4624,4808,4748));
#9413=IFCINDEXEDPOLYGONALFACE((4753,4752,4785));
#9414=IFCINDEXEDPOLYGONALFACE((4691,4753,4809));
#9415=IFCINDEXEDPOLYGONALFACE((4810,4786,4809));
#9416=IFCINDEXEDPOLYGONALFACE((4691,4809,4786));
#9417=IFCINDEXEDPOLYGONALFACE((4811,4786,4810));
#9418=IFCINDEXEDPOLYGONALFACE((4786,4811,4787));
#9419=IFCINDEXEDPOLYGONALFACE((4787,4811,4812));
#9420=IFCINDEXEDPOLYGONALFACE((4812,4813,4787));
#9421=IFCINDEXEDPOLYGONALFACE((4756,4787,4813));
#9422=IFCINDEXEDPOLYGONALFACE((4725,4756,4813));
#9423=IFCINDEXEDPOLYGONALFACE((4725,4813,4757));
#9424=IFCINDEXEDPOLYGONALFACE((4757,4814,4788));
#9425=IFCINDEXEDPOLYGONALFACE((4789,4788,4815));
#9426=IFCINDEXEDPOLYGONALFACE((4815,4666,4789));
#9427=IFCINDEXEDPOLYGONALFACE((4816,4697,4666));
#9428=IFCINDEXEDPOLYGONALFACE((4817,4760,4816));
#9429=IFCINDEXEDPOLYGONALFACE((4816,4760,4697));
#9430=IFCINDEXEDPOLYGONALFACE((4760,4817,4761));
#9431=IFCINDEXEDPOLYGONALFACE((4818,4761,4817));
#9432=IFCINDEXEDPOLYGONALFACE((4818,4790,4761));
#9433=IFCINDEXEDPOLYGONALFACE((4819,4669,4790));
#9434=IFCINDEXEDPOLYGONALFACE((4669,4819,4791));
#9435=IFCINDEXEDPOLYGONALFACE((4700,4791,4762));
#9436=IFCINDEXEDPOLYGONALFACE((4726,4702,4820));
#9437=IFCINDEXEDPOLYGONALFACE((4820,4702,4821));
#9438=IFCINDEXEDPOLYGONALFACE((4794,4727,4726));
#9439=IFCINDEXEDPOLYGONALFACE((4794,4822,4766));
#9440=IFCINDEXEDPOLYGONALFACE((4768,4767,4823));
#9441=IFCINDEXEDPOLYGONALFACE((4795,4730,4768));
#9442=IFCINDEXEDPOLYGONALFACE((4824,4769,4674));
#9443=IFCINDEXEDPOLYGONALFACE((4769,4824,4731));
#9444=IFCINDEXEDPOLYGONALFACE((4708,4731,4796));
#9445=IFCINDEXEDPOLYGONALFACE((4797,4798,4732));
#9446=IFCINDEXEDPOLYGONALFACE((4798,4825,4799));
#9447=IFCINDEXEDPOLYGONALFACE((4826,4770,4799));
#9448=IFCINDEXEDPOLYGONALFACE((4826,4800,4770));
#9449=IFCINDEXEDPOLYGONALFACE((4616,4800,4733));
#9450=IFCINDEXEDPOLYGONALFACE((4733,4827,4677));
#9451=IFCINDEXEDPOLYGONALFACE((4771,4677,4827));
#9452=IFCINDEXEDPOLYGONALFACE((4828,4734,4801));
#9453=IFCINDEXEDPOLYGONALFACE((4734,4828,4735));
#9454=IFCINDEXEDPOLYGONALFACE((4542,4802,4803));
#9455=IFCINDEXEDPOLYGONALFACE((4683,4737,4774));
#9456=IFCINDEXEDPOLYGONALFACE((4717,4829,4655));
#9457=IFCINDEXEDPOLYGONALFACE((4740,4718,4806));
#9458=IFCINDEXEDPOLYGONALFACE((4741,4777,4806));
#9459=IFCINDEXEDPOLYGONALFACE((4830,4657,4778));
#9460=IFCINDEXEDPOLYGONALFACE((4830,4779,4657));
#9461=IFCINDEXEDPOLYGONALFACE((4781,4780,4686));
#9462=IFCINDEXEDPOLYGONALFACE((4831,4688,4807));
#9463=IFCINDEXEDPOLYGONALFACE((4783,4688,4831));
#9464=IFCINDEXEDPOLYGONALFACE((4749,4832,4662));
#9465=IFCINDEXEDPOLYGONALFACE((4662,4832,4751));
#9466=IFCINDEXEDPOLYGONALFACE((4753,4785,4833));
#9467=IFCINDEXEDPOLYGONALFACE((4833,4809,4753));
#9468=IFCINDEXEDPOLYGONALFACE((4834,4811,4810));
#9469=IFCINDEXEDPOLYGONALFACE((4834,4812,4811));
#9470=IFCINDEXEDPOLYGONALFACE((4812,4834,4813));
#9471=IFCINDEXEDPOLYGONALFACE((4835,4813,4834));
#9472=IFCINDEXEDPOLYGONALFACE((4757,4813,4814));
#9473=IFCINDEXEDPOLYGONALFACE((4815,4788,4836));
#9474=IFCINDEXEDPOLYGONALFACE((4666,4815,4837));
#9475=IFCINDEXEDPOLYGONALFACE((4836,4837,4815));
#9476=IFCINDEXEDPOLYGONALFACE((4837,4838,4666));
#9477=IFCINDEXEDPOLYGONALFACE((4816,4666,4838));
#9478=IFCINDEXEDPOLYGONALFACE((4816,4838,4817));
#9479=IFCINDEXEDPOLYGONALFACE((4818,4817,4838));
#9480=IFCINDEXEDPOLYGONALFACE((4790,4818,4839));
#9481=IFCINDEXEDPOLYGONALFACE((4840,4791,4819));
#9482=IFCINDEXEDPOLYGONALFACE((4840,4762,4791));
#9483=IFCINDEXEDPOLYGONALFACE((4793,4841,4702));
#9484=IFCINDEXEDPOLYGONALFACE((4702,4841,4821));
#9485=IFCINDEXEDPOLYGONALFACE((4820,4842,4726));
#9486=IFCINDEXEDPOLYGONALFACE((4823,4767,4766));
#9487=IFCINDEXEDPOLYGONALFACE((4823,4843,4768));
#9488=IFCINDEXEDPOLYGONALFACE((4795,4768,4843));
#9489=IFCINDEXEDPOLYGONALFACE((4674,4707,4795));
#9490=IFCINDEXEDPOLYGONALFACE((4844,4731,4824));
#9491=IFCINDEXEDPOLYGONALFACE((4845,4731,4844));
#9492=IFCINDEXEDPOLYGONALFACE((4709,4796,4846));
#9493=IFCINDEXEDPOLYGONALFACE((4709,4846,4797));
#9494=IFCINDEXEDPOLYGONALFACE((4798,4797,4847));
#9495=IFCINDEXEDPOLYGONALFACE((4826,4799,4800));
#9496=IFCINDEXEDPOLYGONALFACE((4825,4800,4799));
#9497=IFCINDEXEDPOLYGONALFACE((4848,4733,4800));
#9498=IFCINDEXEDPOLYGONALFACE((4849,4804,4772));
#9499=IFCINDEXEDPOLYGONALFACE((4850,4804,4849));
#9500=IFCINDEXEDPOLYGONALFACE((4736,4804,4850));
#9501=IFCINDEXEDPOLYGONALFACE((4850,4773,4736));
#9502=IFCINDEXEDPOLYGONALFACE((4805,4773,4851));
#9503=IFCINDEXEDPOLYGONALFACE((4737,4852,4774));
#9504=IFCINDEXEDPOLYGONALFACE((4852,4775,4774));
#9505=IFCINDEXEDPOLYGONALFACE((4853,4716,4776));
#9506=IFCINDEXEDPOLYGONALFACE((4854,4655,4829));
#9507=IFCINDEXEDPOLYGONALFACE((4655,4854,4718));
#9508=IFCINDEXEDPOLYGONALFACE((4743,4855,4780));
#9509=IFCINDEXEDPOLYGONALFACE((4719,4856,4782));
#9510=IFCINDEXEDPOLYGONALFACE((4745,4857,4721));
#9511=IFCINDEXEDPOLYGONALFACE((4721,4857,4807));
#9512=IFCINDEXEDPOLYGONALFACE((4858,4783,4831));
#9513=IFCINDEXEDPOLYGONALFACE((4783,4858,4784));
#9514=IFCINDEXEDPOLYGONALFACE((4859,4746,4784));
#9515=IFCINDEXEDPOLYGONALFACE((4746,4859,4747));
#9516=IFCINDEXEDPOLYGONALFACE((4860,4748,4808));
#9517=IFCINDEXEDPOLYGONALFACE((4749,4861,4832));
#9518=IFCINDEXEDPOLYGONALFACE((4862,4751,4832));
#9519=IFCINDEXEDPOLYGONALFACE((4862,4750,4751));
#9520=IFCINDEXEDPOLYGONALFACE((4809,4833,4863));
#9521=IFCINDEXEDPOLYGONALFACE((4863,4864,4809));
#9522=IFCINDEXEDPOLYGONALFACE((4865,4834,4810));
#9523=IFCINDEXEDPOLYGONALFACE((4866,4834,4865));
#9524=IFCINDEXEDPOLYGONALFACE((4866,4835,4834));
#9525=IFCINDEXEDPOLYGONALFACE((4867,4788,4814));
#9526=IFCINDEXEDPOLYGONALFACE((4867,4836,4788));
#9527=IFCINDEXEDPOLYGONALFACE((4838,4837,4836));
#9528=IFCINDEXEDPOLYGONALFACE((4838,4836,4868));
#9529=IFCINDEXEDPOLYGONALFACE((4838,4868,4818));
#9530=IFCINDEXEDPOLYGONALFACE((4868,4839,4818));
#9531=IFCINDEXEDPOLYGONALFACE((4790,4840,4819));
#9532=IFCINDEXEDPOLYGONALFACE((4869,4762,4840));
#9533=IFCINDEXEDPOLYGONALFACE((4763,4762,4869));
#9534=IFCINDEXEDPOLYGONALFACE((4792,4763,4870));
#9535=IFCINDEXEDPOLYGONALFACE((4792,4871,4632));
#9536=IFCINDEXEDPOLYGONALFACE((4841,4872,4821));
#9537=IFCINDEXEDPOLYGONALFACE((4794,4726,4873));
#9538=IFCINDEXEDPOLYGONALFACE((4794,4873,4822));
#9539=IFCINDEXEDPOLYGONALFACE((4823,4766,4822));
#9540=IFCINDEXEDPOLYGONALFACE((4874,4843,4823));
#9541=IFCINDEXEDPOLYGONALFACE((4875,4674,4795));
#9542=IFCINDEXEDPOLYGONALFACE((4674,4875,4824));
#9543=IFCINDEXEDPOLYGONALFACE((4731,4845,4796));
#9544=IFCINDEXEDPOLYGONALFACE((4846,4796,4845));
#9545=IFCINDEXEDPOLYGONALFACE((4798,4847,4876));
#9546=IFCINDEXEDPOLYGONALFACE((4798,4877,4825));
#9547=IFCINDEXEDPOLYGONALFACE((4825,4877,4800));
#9548=IFCINDEXEDPOLYGONALFACE((4878,4733,4848));
#9549=IFCINDEXEDPOLYGONALFACE((4827,4733,4878));
#9550=IFCINDEXEDPOLYGONALFACE((4879,4828,4801));
#9551=IFCINDEXEDPOLYGONALFACE((4880,4735,4828));
#9552=IFCINDEXEDPOLYGONALFACE((4802,4881,4882));
#9553=IFCINDEXEDPOLYGONALFACE((4849,4772,4803));
#9554=IFCINDEXEDPOLYGONALFACE((4773,4850,4851));
#9555=IFCINDEXEDPOLYGONALFACE((4805,4852,4737));
#9556=IFCINDEXEDPOLYGONALFACE((4883,4775,4852));
#9557=IFCINDEXEDPOLYGONALFACE((4775,4883,4684));
#9558=IFCINDEXEDPOLYGONALFACE((4883,4884,4684));
#9559=IFCINDEXEDPOLYGONALFACE((4884,4738,4684));
#9560=IFCINDEXEDPOLYGONALFACE((4716,4853,4885));
#9561=IFCINDEXEDPOLYGONALFACE((4717,4716,4885));
#9562=IFCINDEXEDPOLYGONALFACE((4717,4885,4829));
#9563=IFCINDEXEDPOLYGONALFACE((4806,4886,4741));
#9564=IFCINDEXEDPOLYGONALFACE((4687,4887,4744));
#9565=IFCINDEXEDPOLYGONALFACE((4744,4887,4719));
#9566=IFCINDEXEDPOLYGONALFACE((4719,4887,4856));
#9567=IFCINDEXEDPOLYGONALFACE((4857,4888,4807));
#9568=IFCINDEXEDPOLYGONALFACE((4888,4831,4807));
#9569=IFCINDEXEDPOLYGONALFACE((4889,4858,4831));
#9570=IFCINDEXEDPOLYGONALFACE((4749,4748,4861));
#9571=IFCINDEXEDPOLYGONALFACE((4750,4862,4890));
#9572=IFCINDEXEDPOLYGONALFACE((4750,4890,4785));
#9573=IFCINDEXEDPOLYGONALFACE((4864,4891,4809));
#9574=IFCINDEXEDPOLYGONALFACE((4810,4809,4891));
#9575=IFCINDEXEDPOLYGONALFACE((4891,4865,4810));
#9576=IFCINDEXEDPOLYGONALFACE((4835,4814,4813));
#9577=IFCINDEXEDPOLYGONALFACE((4892,4790,4839));
#9578=IFCINDEXEDPOLYGONALFACE((4893,4790,4892));
#9579=IFCINDEXEDPOLYGONALFACE((4840,4790,4894));
#9580=IFCINDEXEDPOLYGONALFACE((4893,4894,4790));
#9581=IFCINDEXEDPOLYGONALFACE((4894,4869,4840));
#9582=IFCINDEXEDPOLYGONALFACE((4870,4763,4869));
#9583=IFCINDEXEDPOLYGONALFACE((4633,4632,4871));
#9584=IFCINDEXEDPOLYGONALFACE((4821,4872,4895));
#9585=IFCINDEXEDPOLYGONALFACE((4821,4895,4820));
#9586=IFCINDEXEDPOLYGONALFACE((4842,4873,4726));
#9587=IFCINDEXEDPOLYGONALFACE((4822,4896,4823));
#9588=IFCINDEXEDPOLYGONALFACE((4874,4823,4896));
#9589=IFCINDEXEDPOLYGONALFACE((4897,4843,4874));
#9590=IFCINDEXEDPOLYGONALFACE((4843,4897,4795));
#9591=IFCINDEXEDPOLYGONALFACE((4844,4824,4898));
#9592=IFCINDEXEDPOLYGONALFACE((4845,4844,4899));
#9593=IFCINDEXEDPOLYGONALFACE((4847,4797,4900));
#9594=IFCINDEXEDPOLYGONALFACE((4846,4900,4797));
#9595=IFCINDEXEDPOLYGONALFACE((4876,4847,4900));
#9596=IFCINDEXEDPOLYGONALFACE((4877,4798,4876));
#9597=IFCINDEXEDPOLYGONALFACE((4876,4901,4877));
#9598=IFCINDEXEDPOLYGONALFACE((4877,4902,4800));
#9599=IFCINDEXEDPOLYGONALFACE((4800,4902,4848));
#9600=IFCINDEXEDPOLYGONALFACE((4771,4827,4903));
#9601=IFCINDEXEDPOLYGONALFACE((4879,4801,4771));
#9602=IFCINDEXEDPOLYGONALFACE((4735,4880,4904));
#9603=IFCINDEXEDPOLYGONALFACE((4735,4904,4714));
#9604=IFCINDEXEDPOLYGONALFACE((4714,4904,4905));
#9605=IFCINDEXEDPOLYGONALFACE((4803,4906,4849));
#9606=IFCINDEXEDPOLYGONALFACE((4849,4907,4850));
#9607=IFCINDEXEDPOLYGONALFACE((4907,4851,4850));
#9608=IFCINDEXEDPOLYGONALFACE((4738,4884,4776));
#9609=IFCINDEXEDPOLYGONALFACE((4908,4741,4886));
#9610=IFCINDEXEDPOLYGONALFACE((4741,4908,4656));
#9611=IFCINDEXEDPOLYGONALFACE((4619,4656,4908));
#9612=IFCINDEXEDPOLYGONALFACE((4778,4742,4909));
#9613=IFCINDEXEDPOLYGONALFACE((4830,4910,4779));
#9614=IFCINDEXEDPOLYGONALFACE((4779,4911,4743));
#9615=IFCINDEXEDPOLYGONALFACE((4687,4686,4780));
#9616=IFCINDEXEDPOLYGONALFACE((4856,4912,4782));
#9617=IFCINDEXEDPOLYGONALFACE((4912,4720,4782));
#9618=IFCINDEXEDPOLYGONALFACE((4720,4912,4745));
#9619=IFCINDEXEDPOLYGONALFACE((4745,4913,4857));
#9620=IFCINDEXEDPOLYGONALFACE((4831,4888,4889));
#9621=IFCINDEXEDPOLYGONALFACE((4858,4859,4784));
#9622=IFCINDEXEDPOLYGONALFACE((4914,4748,4860));
#9623=IFCINDEXEDPOLYGONALFACE((4748,4914,4861));
#9624=IFCINDEXEDPOLYGONALFACE((4835,4866,4915));
#9625=IFCINDEXEDPOLYGONALFACE((4835,4915,4814));
#9626=IFCINDEXEDPOLYGONALFACE((4916,4839,4836));
#9627=IFCINDEXEDPOLYGONALFACE((4839,4868,4836));
#9628=IFCINDEXEDPOLYGONALFACE((4917,4892,4839));
#9629=IFCINDEXEDPOLYGONALFACE((4917,4893,4892));
#9630=IFCINDEXEDPOLYGONALFACE((4870,4869,4894));
#9631=IFCINDEXEDPOLYGONALFACE((4918,4633,4871));
#9632=IFCINDEXEDPOLYGONALFACE((4633,4918,4793));
#9633=IFCINDEXEDPOLYGONALFACE((4919,4841,4793));
#9634=IFCINDEXEDPOLYGONALFACE((4872,4841,4895));
#9635=IFCINDEXEDPOLYGONALFACE((4920,4820,4895));
#9636=IFCINDEXEDPOLYGONALFACE((4842,4820,4920));
#9637=IFCINDEXEDPOLYGONALFACE((4824,4875,4898));
#9638=IFCINDEXEDPOLYGONALFACE((4899,4921,4845));
#9639=IFCINDEXEDPOLYGONALFACE((4922,4902,4877));
#9640=IFCINDEXEDPOLYGONALFACE((4827,4878,4923));
#9641=IFCINDEXEDPOLYGONALFACE((4924,4771,4903));
#9642=IFCINDEXEDPOLYGONALFACE((4771,4924,4879));
#9643=IFCINDEXEDPOLYGONALFACE((4828,4879,4880));
#9644=IFCINDEXEDPOLYGONALFACE((4803,4802,4882));
#9645=IFCINDEXEDPOLYGONALFACE((4906,4925,4849));
#9646=IFCINDEXEDPOLYGONALFACE((4907,4849,4925));
#9647=IFCINDEXEDPOLYGONALFACE((4907,4926,4851));
#9648=IFCINDEXEDPOLYGONALFACE((4805,4851,4926));
#9649=IFCINDEXEDPOLYGONALFACE((4805,4926,4852));
#9650=IFCINDEXEDPOLYGONALFACE((4885,4927,4829));
#9651=IFCINDEXEDPOLYGONALFACE((4718,4854,4928));
#9652=IFCINDEXEDPOLYGONALFACE((4928,4929,4718));
#9653=IFCINDEXEDPOLYGONALFACE((4718,4929,4806));
#9654=IFCINDEXEDPOLYGONALFACE((4929,4886,4806));
#9655=IFCINDEXEDPOLYGONALFACE((4930,4619,4908));
#9656=IFCINDEXEDPOLYGONALFACE((4742,4619,4930));
#9657=IFCINDEXEDPOLYGONALFACE((4931,4742,4930));
#9658=IFCINDEXEDPOLYGONALFACE((4742,4931,4909));
#9659=IFCINDEXEDPOLYGONALFACE((4911,4855,4743));
#9660=IFCINDEXEDPOLYGONALFACE((4932,4780,4855));
#9661=IFCINDEXEDPOLYGONALFACE((4913,4745,4912));
#9662=IFCINDEXEDPOLYGONALFACE((4933,4888,4934));
#9663=IFCINDEXEDPOLYGONALFACE((4857,4934,4888));
#9664=IFCINDEXEDPOLYGONALFACE((4858,4935,4859));
#9665=IFCINDEXEDPOLYGONALFACE((4747,4859,4936));
#9666=IFCINDEXEDPOLYGONALFACE((4808,4747,4936));
#9667=IFCINDEXEDPOLYGONALFACE((4936,4860,4808));
#9668=IFCINDEXEDPOLYGONALFACE((4861,4937,4832));
#9669=IFCINDEXEDPOLYGONALFACE((4937,4862,4832));
#9670=IFCINDEXEDPOLYGONALFACE((4891,4864,4938));
#9671=IFCINDEXEDPOLYGONALFACE((4865,4891,4938));
#9672=IFCINDEXEDPOLYGONALFACE((4938,4915,4865));
#9673=IFCINDEXEDPOLYGONALFACE((4915,4866,4865));
#9674=IFCINDEXEDPOLYGONALFACE((4915,4867,4814));
#9675=IFCINDEXEDPOLYGONALFACE((4836,4867,4916));
#9676=IFCINDEXEDPOLYGONALFACE((4917,4939,4893));
#9677=IFCINDEXEDPOLYGONALFACE((4939,4940,4893));
#9678=IFCINDEXEDPOLYGONALFACE((4940,4894,4893));
#9679=IFCINDEXEDPOLYGONALFACE((4894,4940,4870));
#9680=IFCINDEXEDPOLYGONALFACE((4870,4940,4792));
#9681=IFCINDEXEDPOLYGONALFACE((4918,4941,4793));
#9682=IFCINDEXEDPOLYGONALFACE((4895,4841,4919));
#9683=IFCINDEXEDPOLYGONALFACE((4920,4942,4842));
#9684=IFCINDEXEDPOLYGONALFACE((4943,4873,4942));
#9685=IFCINDEXEDPOLYGONALFACE((4942,4873,4842));
#9686=IFCINDEXEDPOLYGONALFACE((4822,4873,4943));
#9687=IFCINDEXEDPOLYGONALFACE((4822,4944,4896));
#9688=IFCINDEXEDPOLYGONALFACE((4945,4896,4944));
#9689=IFCINDEXEDPOLYGONALFACE((4896,4945,4874));
#9690=IFCINDEXEDPOLYGONALFACE((4946,4795,4897));
#9691=IFCINDEXEDPOLYGONALFACE((4947,4898,4875));
#9692=IFCINDEXEDPOLYGONALFACE((4899,4844,4948));
#9693=IFCINDEXEDPOLYGONALFACE((4899,4948,4921));
#9694=IFCINDEXEDPOLYGONALFACE((4921,4949,4845));
#9695=IFCINDEXEDPOLYGONALFACE((4950,4845,4949));
#9696=IFCINDEXEDPOLYGONALFACE((4845,4950,4846));
#9697=IFCINDEXEDPOLYGONALFACE((4950,4951,4846));
#9698=IFCINDEXEDPOLYGONALFACE((4951,4952,4846));
#9699=IFCINDEXEDPOLYGONALFACE((4900,4846,4952));
#9700=IFCINDEXEDPOLYGONALFACE((4876,4900,4952));
#9701=IFCINDEXEDPOLYGONALFACE((4952,4901,4876));
#9702=IFCINDEXEDPOLYGONALFACE((4922,4877,4901));
#9703=IFCINDEXEDPOLYGONALFACE((4878,4848,4923));
#9704=IFCINDEXEDPOLYGONALFACE((4923,4903,4827));
#9705=IFCINDEXEDPOLYGONALFACE((4879,4953,4880));
#9706=IFCINDEXEDPOLYGONALFACE((4906,4803,4882));
#9707=IFCINDEXEDPOLYGONALFACE((4954,4955,4926));
#9708=IFCINDEXEDPOLYGONALFACE((4852,4926,4955));
#9709=IFCINDEXEDPOLYGONALFACE((4955,4883,4852));
#9710=IFCINDEXEDPOLYGONALFACE((4956,4884,4883));
#9711=IFCINDEXEDPOLYGONALFACE((4776,4884,4957));
#9712=IFCINDEXEDPOLYGONALFACE((4958,4829,4927));
#9713=IFCINDEXEDPOLYGONALFACE((4829,4958,4854));
#9714=IFCINDEXEDPOLYGONALFACE((4854,4958,4928));
#9715=IFCINDEXEDPOLYGONALFACE((4910,4830,4778));
#9716=IFCINDEXEDPOLYGONALFACE((4959,4780,4932));
#9717=IFCINDEXEDPOLYGONALFACE((4780,4959,4687));
#9718=IFCINDEXEDPOLYGONALFACE((4887,4687,4959));
#9719=IFCINDEXEDPOLYGONALFACE((4856,4960,4912));
#9720=IFCINDEXEDPOLYGONALFACE((4934,4857,4913));
#9721=IFCINDEXEDPOLYGONALFACE((4888,4933,4961));
#9722=IFCINDEXEDPOLYGONALFACE((4858,4889,4935));
#9723=IFCINDEXEDPOLYGONALFACE((4962,4861,4914));
#9724=IFCINDEXEDPOLYGONALFACE((4915,4938,4963));
#9725=IFCINDEXEDPOLYGONALFACE((4963,4964,4915));
#9726=IFCINDEXEDPOLYGONALFACE((4964,4965,4915));
#9727=IFCINDEXEDPOLYGONALFACE((4965,4867,4915));
#9728=IFCINDEXEDPOLYGONALFACE((4839,4966,4917));
#9729=IFCINDEXEDPOLYGONALFACE((4967,4917,4966));
#9730=IFCINDEXEDPOLYGONALFACE((4967,4939,4917));
#9731=IFCINDEXEDPOLYGONALFACE((4871,4792,4940));
#9732=IFCINDEXEDPOLYGONALFACE((4793,4941,4919));
#9733=IFCINDEXEDPOLYGONALFACE((4920,4895,4968));
#9734=IFCINDEXEDPOLYGONALFACE((4969,4968,4895));
#9735=IFCINDEXEDPOLYGONALFACE((4944,4822,4970));
#9736=IFCINDEXEDPOLYGONALFACE((4874,4945,4897));
#9737=IFCINDEXEDPOLYGONALFACE((4946,4897,4945));
#9738=IFCINDEXEDPOLYGONALFACE((4875,4795,4971));
#9739=IFCINDEXEDPOLYGONALFACE((4971,4795,4946));
#9740=IFCINDEXEDPOLYGONALFACE((4875,4971,4947));
#9741=IFCINDEXEDPOLYGONALFACE((4951,4972,4952));
#9742=IFCINDEXEDPOLYGONALFACE((4901,4952,4973));
#9743=IFCINDEXEDPOLYGONALFACE((4922,4974,4902));
#9744=IFCINDEXEDPOLYGONALFACE((4923,4848,4975));
#9745=IFCINDEXEDPOLYGONALFACE((4903,4976,4924));
#9746=IFCINDEXEDPOLYGONALFACE((4924,4976,4879));
#9747=IFCINDEXEDPOLYGONALFACE((4879,4976,4953));
#9748=IFCINDEXEDPOLYGONALFACE((4880,4953,4904));
#9749=IFCINDEXEDPOLYGONALFACE((4977,4906,4882));
#9750=IFCINDEXEDPOLYGONALFACE((4925,4906,4977));
#9751=IFCINDEXEDPOLYGONALFACE((4957,4884,4956));
#9752=IFCINDEXEDPOLYGONALFACE((4776,4957,4853));
#9753=IFCINDEXEDPOLYGONALFACE((4978,4909,4931));
#9754=IFCINDEXEDPOLYGONALFACE((4778,4909,4910));
#9755=IFCINDEXEDPOLYGONALFACE((4979,4779,4910));
#9756=IFCINDEXEDPOLYGONALFACE((4779,4979,4911));
#9757=IFCINDEXEDPOLYGONALFACE((4980,4887,4959));
#9758=IFCINDEXEDPOLYGONALFACE((4856,4887,4980));
#9759=IFCINDEXEDPOLYGONALFACE((4961,4889,4888));
#9760=IFCINDEXEDPOLYGONALFACE((4859,4935,4981));
#9761=IFCINDEXEDPOLYGONALFACE((4936,4859,4981));
#9762=IFCINDEXEDPOLYGONALFACE((4982,4862,4937));
#9763=IFCINDEXEDPOLYGONALFACE((4890,4862,4983));
#9764=IFCINDEXEDPOLYGONALFACE((4982,4983,4862));
#9765=IFCINDEXEDPOLYGONALFACE((4785,4890,4984));
#9766=IFCINDEXEDPOLYGONALFACE((4984,4890,4983));
#9767=IFCINDEXEDPOLYGONALFACE((4833,4785,4985));
#9768=IFCINDEXEDPOLYGONALFACE((4984,4985,4785));
#9769=IFCINDEXEDPOLYGONALFACE((4985,4863,4833));
#9770=IFCINDEXEDPOLYGONALFACE((4938,4864,4963));
#9771=IFCINDEXEDPOLYGONALFACE((4964,4963,4986));
#9772=IFCINDEXEDPOLYGONALFACE((4867,4987,4916));
#9773=IFCINDEXEDPOLYGONALFACE((4839,4916,4988));
#9774=IFCINDEXEDPOLYGONALFACE((4988,4966,4839));
#9775=IFCINDEXEDPOLYGONALFACE((4989,4967,4966));
#9776=IFCINDEXEDPOLYGONALFACE((4939,4990,4940));
#9777=IFCINDEXEDPOLYGONALFACE((4940,4990,4871));
#9778=IFCINDEXEDPOLYGONALFACE((4941,4991,4919));
#9779=IFCINDEXEDPOLYGONALFACE((4895,4919,4969));
#9780=IFCINDEXEDPOLYGONALFACE((4942,4920,4992));
#9781=IFCINDEXEDPOLYGONALFACE((4992,4920,4968));
#9782=IFCINDEXEDPOLYGONALFACE((4992,4943,4942));
#9783=IFCINDEXEDPOLYGONALFACE((4943,4993,4822));
#9784=IFCINDEXEDPOLYGONALFACE((4993,4970,4822));
#9785=IFCINDEXEDPOLYGONALFACE((4944,4970,4945));
#9786=IFCINDEXEDPOLYGONALFACE((4994,4945,4970));
#9787=IFCINDEXEDPOLYGONALFACE((4946,4945,4994));
#9788=IFCINDEXEDPOLYGONALFACE((4995,4947,4971));
#9789=IFCINDEXEDPOLYGONALFACE((4995,4996,4947));
#9790=IFCINDEXEDPOLYGONALFACE((4947,4996,4898));
#9791=IFCINDEXEDPOLYGONALFACE((4898,4997,4844));
#9792=IFCINDEXEDPOLYGONALFACE((4844,4997,4948));
#9793=IFCINDEXEDPOLYGONALFACE((4998,4973,4952));
#9794=IFCINDEXEDPOLYGONALFACE((4922,4901,4974));
#9795=IFCINDEXEDPOLYGONALFACE((4974,4999,4902));
#9796=IFCINDEXEDPOLYGONALFACE((4999,5000,4902));
#9797=IFCINDEXEDPOLYGONALFACE((4902,5000,4848));
#9798=IFCINDEXEDPOLYGONALFACE((5000,4975,4848));
#9799=IFCINDEXEDPOLYGONALFACE((4953,4976,5001));
#9800=IFCINDEXEDPOLYGONALFACE((5002,4953,5001));
#9801=IFCINDEXEDPOLYGONALFACE((5002,5003,4953));
#9802=IFCINDEXEDPOLYGONALFACE((4904,4953,5003));
#9803=IFCINDEXEDPOLYGONALFACE((5003,5004,4904));
#9804=IFCINDEXEDPOLYGONALFACE((5004,4905,4904));
#9805=IFCINDEXEDPOLYGONALFACE((4977,5005,4925));
#9806=IFCINDEXEDPOLYGONALFACE((4925,5005,4907));
#9807=IFCINDEXEDPOLYGONALFACE((4907,5006,4926));
#9808=IFCINDEXEDPOLYGONALFACE((4954,4926,5006));
#9809=IFCINDEXEDPOLYGONALFACE((5007,4883,4955));
#9810=IFCINDEXEDPOLYGONALFACE((4908,4886,4929));
#9811=IFCINDEXEDPOLYGONALFACE((4931,5008,4978));
#9812=IFCINDEXEDPOLYGONALFACE((5009,4910,4909));
#9813=IFCINDEXEDPOLYGONALFACE((4910,5010,4979));
#9814=IFCINDEXEDPOLYGONALFACE((4856,5011,4960));
#9815=IFCINDEXEDPOLYGONALFACE((5012,4933,4934));
#9816=IFCINDEXEDPOLYGONALFACE((5012,4961,4933));
#9817=IFCINDEXEDPOLYGONALFACE((5013,4914,4860));
#9818=IFCINDEXEDPOLYGONALFACE((4861,4962,4937));
#9819=IFCINDEXEDPOLYGONALFACE((5014,4864,4863));
#9820=IFCINDEXEDPOLYGONALFACE((4864,5015,4963));
#9821=IFCINDEXEDPOLYGONALFACE((4986,4965,4964));
#9822=IFCINDEXEDPOLYGONALFACE((4987,4867,4965));
#9823=IFCINDEXEDPOLYGONALFACE((4966,5016,4989));
#9824=IFCINDEXEDPOLYGONALFACE((5017,4939,4989));
#9825=IFCINDEXEDPOLYGONALFACE((4967,4989,4939));
#9826=IFCINDEXEDPOLYGONALFACE((4939,5017,4990));
#9827=IFCINDEXEDPOLYGONALFACE((5018,4990,5017));
#9828=IFCINDEXEDPOLYGONALFACE((4919,4991,4969));
#9829=IFCINDEXEDPOLYGONALFACE((4969,5019,4968));
#9830=IFCINDEXEDPOLYGONALFACE((4992,4968,5019));
#9831=IFCINDEXEDPOLYGONALFACE((4943,4992,5020));
#9832=IFCINDEXEDPOLYGONALFACE((4943,5020,4993));
#9833=IFCINDEXEDPOLYGONALFACE((4997,4898,4996));
#9834=IFCINDEXEDPOLYGONALFACE((4921,5021,4949));
#9835=IFCINDEXEDPOLYGONALFACE((4951,4950,4972));
#9836=IFCINDEXEDPOLYGONALFACE((5022,4972,4950));
#9837=IFCINDEXEDPOLYGONALFACE((4998,4952,4972));
#9838=IFCINDEXEDPOLYGONALFACE((4974,4901,4973));
#9839=IFCINDEXEDPOLYGONALFACE((4999,4974,5000));
#9840=IFCINDEXEDPOLYGONALFACE((5023,4903,4923));
#9841=IFCINDEXEDPOLYGONALFACE((5023,4976,4903));
#9842=IFCINDEXEDPOLYGONALFACE((5024,5025,4881));
#9843=IFCINDEXEDPOLYGONALFACE((4977,4882,5026));
#9844=IFCINDEXEDPOLYGONALFACE((5006,4907,5005));
#9845=IFCINDEXEDPOLYGONALFACE((4954,5007,4955));
#9846=IFCINDEXEDPOLYGONALFACE((5007,4956,4883));
#9847=IFCINDEXEDPOLYGONALFACE((4958,5027,4928));
#9848=IFCINDEXEDPOLYGONALFACE((5008,5028,4978));
#9849=IFCINDEXEDPOLYGONALFACE((5009,4978,5028));
#9850=IFCINDEXEDPOLYGONALFACE((4978,5009,4909));
#9851=IFCINDEXEDPOLYGONALFACE((5029,4911,4979));
#9852=IFCINDEXEDPOLYGONALFACE((4980,5011,4856));
#9853=IFCINDEXEDPOLYGONALFACE((4960,5030,4912));
#9854=IFCINDEXEDPOLYGONALFACE((4913,5031,4934));
#9855=IFCINDEXEDPOLYGONALFACE((5012,4934,5031));
#9856=IFCINDEXEDPOLYGONALFACE((4961,5032,4889));
#9857=IFCINDEXEDPOLYGONALFACE((5013,4860,4936));
#9858=IFCINDEXEDPOLYGONALFACE((4914,5013,4962));
#9859=IFCINDEXEDPOLYGONALFACE((5033,4937,4962));
#9860=IFCINDEXEDPOLYGONALFACE((4982,4937,5033));
#9861=IFCINDEXEDPOLYGONALFACE((4863,4985,5014));
#9862=IFCINDEXEDPOLYGONALFACE((5015,4864,5014));
#9863=IFCINDEXEDPOLYGONALFACE((5015,5034,4963));
#9864=IFCINDEXEDPOLYGONALFACE((4986,4963,5034));
#9865=IFCINDEXEDPOLYGONALFACE((4965,4986,5035));
#9866=IFCINDEXEDPOLYGONALFACE((5036,5035,4986));
#9867=IFCINDEXEDPOLYGONALFACE((5035,5037,4965));
#9868=IFCINDEXEDPOLYGONALFACE((5017,4989,5016));
#9869=IFCINDEXEDPOLYGONALFACE((4871,4990,5018));
#9870=IFCINDEXEDPOLYGONALFACE((4992,5019,5020));
#9871=IFCINDEXEDPOLYGONALFACE((4993,5020,5038));
#9872=IFCINDEXEDPOLYGONALFACE((5039,5038,5020));
#9873=IFCINDEXEDPOLYGONALFACE((4970,4993,5038));
#9874=IFCINDEXEDPOLYGONALFACE((4970,5038,4994));
#9875=IFCINDEXEDPOLYGONALFACE((5039,4994,5038));
#9876=IFCINDEXEDPOLYGONALFACE((5040,4946,4994));
#9877=IFCINDEXEDPOLYGONALFACE((4995,5041,4996));
#9878=IFCINDEXEDPOLYGONALFACE((4996,5042,4997));
#9879=IFCINDEXEDPOLYGONALFACE((5043,4948,4997));
#9880=IFCINDEXEDPOLYGONALFACE((5021,4948,5043));
#9881=IFCINDEXEDPOLYGONALFACE((4948,5021,4921));
#9882=IFCINDEXEDPOLYGONALFACE((4949,5021,4950));
#9883=IFCINDEXEDPOLYGONALFACE((4998,5044,4973));
#9884=IFCINDEXEDPOLYGONALFACE((5000,4974,4973));
#9885=IFCINDEXEDPOLYGONALFACE((5002,5001,5045));
#9886=IFCINDEXEDPOLYGONALFACE((5046,5002,5045));
#9887=IFCINDEXEDPOLYGONALFACE((5002,5046,5003));
#9888=IFCINDEXEDPOLYGONALFACE((5046,5004,5003));
#9889=IFCINDEXEDPOLYGONALFACE((5047,4905,5004));
#9890=IFCINDEXEDPOLYGONALFACE((5048,5049,5024));
#9891=IFCINDEXEDPOLYGONALFACE((5025,5026,4881));
#9892=IFCINDEXEDPOLYGONALFACE((4881,5026,4882));
#9893=IFCINDEXEDPOLYGONALFACE((5026,5005,4977));
#9894=IFCINDEXEDPOLYGONALFACE((4956,5050,4957));
#9895=IFCINDEXEDPOLYGONALFACE((4957,5050,4853));
#9896=IFCINDEXEDPOLYGONALFACE((4927,5027,4958));
#9897=IFCINDEXEDPOLYGONALFACE((4928,5051,4929));
#9898=IFCINDEXEDPOLYGONALFACE((5008,4931,4930));
#9899=IFCINDEXEDPOLYGONALFACE((5052,4910,5009));
#9900=IFCINDEXEDPOLYGONALFACE((5053,4910,5052));
#9901=IFCINDEXEDPOLYGONALFACE((5029,4979,5010));
#9902=IFCINDEXEDPOLYGONALFACE((4959,5054,4980));
#9903=IFCINDEXEDPOLYGONALFACE((5054,5011,4980));
#9904=IFCINDEXEDPOLYGONALFACE((5012,5031,5055));
#9905=IFCINDEXEDPOLYGONALFACE((5055,4961,5012));
#9906=IFCINDEXEDPOLYGONALFACE((4935,4889,5056));
#9907=IFCINDEXEDPOLYGONALFACE((4935,5056,4981));
#9908=IFCINDEXEDPOLYGONALFACE((4981,5013,4936));
#9909=IFCINDEXEDPOLYGONALFACE((4962,5013,5057));
#9910=IFCINDEXEDPOLYGONALFACE((5058,4985,4984));
#9911=IFCINDEXEDPOLYGONALFACE((5059,4985,5058));
#9912=IFCINDEXEDPOLYGONALFACE((5059,5014,4985));
#9913=IFCINDEXEDPOLYGONALFACE((5060,4986,5034));
#9914=IFCINDEXEDPOLYGONALFACE((5036,4986,5060));
#9915=IFCINDEXEDPOLYGONALFACE((4965,5037,5061));
#9916=IFCINDEXEDPOLYGONALFACE((4987,4965,5061));
#9917=IFCINDEXEDPOLYGONALFACE((5061,5062,4987));
#9918=IFCINDEXEDPOLYGONALFACE((4916,4987,5062));
#9919=IFCINDEXEDPOLYGONALFACE((4916,5062,4988));
#9920=IFCINDEXEDPOLYGONALFACE((5063,4966,4988));
#9921=IFCINDEXEDPOLYGONALFACE((4966,5063,5016));
#9922=IFCINDEXEDPOLYGONALFACE((5064,5016,5063));
#9923=IFCINDEXEDPOLYGONALFACE((5016,5064,5017));
#9924=IFCINDEXEDPOLYGONALFACE((5018,5065,4871));
#9925=IFCINDEXEDPOLYGONALFACE((4918,4871,4941));
#9926=IFCINDEXEDPOLYGONALFACE((4941,4871,5066));
#9927=IFCINDEXEDPOLYGONALFACE((5067,5019,4991));
#9928=IFCINDEXEDPOLYGONALFACE((4969,4991,5019));
#9929=IFCINDEXEDPOLYGONALFACE((5040,4994,5039));
#9930=IFCINDEXEDPOLYGONALFACE((5042,4996,5041));
#9931=IFCINDEXEDPOLYGONALFACE((5021,5022,4950));
#9932=IFCINDEXEDPOLYGONALFACE((4998,4972,5068));
#9933=IFCINDEXEDPOLYGONALFACE((4998,5068,5044));
#9934=IFCINDEXEDPOLYGONALFACE((4973,5044,5069));
#9935=IFCINDEXEDPOLYGONALFACE((4973,5070,5000));
#9936=IFCINDEXEDPOLYGONALFACE((5071,5000,5070));
#9937=IFCINDEXEDPOLYGONALFACE((4975,5000,5072));
#9938=IFCINDEXEDPOLYGONALFACE((4923,4975,5072));
#9939=IFCINDEXEDPOLYGONALFACE((5023,4923,5072));
#9940=IFCINDEXEDPOLYGONALFACE((5004,5073,5047));
#9941=IFCINDEXEDPOLYGONALFACE((5049,5025,5024));
#9942=IFCINDEXEDPOLYGONALFACE((5074,5005,5026));
#9943=IFCINDEXEDPOLYGONALFACE((5074,5006,5005));
#9944=IFCINDEXEDPOLYGONALFACE((5075,4853,5050));
#9945=IFCINDEXEDPOLYGONALFACE((5075,5076,4853));
#9946=IFCINDEXEDPOLYGONALFACE((5076,4885,4853));
#9947=IFCINDEXEDPOLYGONALFACE((5077,5027,4927));
#9948=IFCINDEXEDPOLYGONALFACE((4908,4929,5051));
#9949=IFCINDEXEDPOLYGONALFACE((5078,5008,4930));
#9950=IFCINDEXEDPOLYGONALFACE((5028,5008,5079));
#9951=IFCINDEXEDPOLYGONALFACE((5028,5079,5009));
#9952=IFCINDEXEDPOLYGONALFACE((5053,5010,4910));
#9953=IFCINDEXEDPOLYGONALFACE((5029,5080,4911));
#9954=IFCINDEXEDPOLYGONALFACE((4855,4911,5081));
#9955=IFCINDEXEDPOLYGONALFACE((4855,5081,4932));
#9956=IFCINDEXEDPOLYGONALFACE((4959,5082,5054));
#9957=IFCINDEXEDPOLYGONALFACE((5083,4960,5011));
#9958=IFCINDEXEDPOLYGONALFACE((4913,4912,5030));
#9959=IFCINDEXEDPOLYGONALFACE((5055,5084,4961));
#9960=IFCINDEXEDPOLYGONALFACE((5056,4889,5032));
#9961=IFCINDEXEDPOLYGONALFACE((5013,4981,5056));
#9962=IFCINDEXEDPOLYGONALFACE((5085,5033,4962));
#9963=IFCINDEXEDPOLYGONALFACE((5033,5086,4982));
#9964=IFCINDEXEDPOLYGONALFACE((4984,4983,5058));
#9965=IFCINDEXEDPOLYGONALFACE((5087,5014,5059));
#9966=IFCINDEXEDPOLYGONALFACE((5014,5088,5015));
#9967=IFCINDEXEDPOLYGONALFACE((5089,5034,5015));
#9968=IFCINDEXEDPOLYGONALFACE((5089,5060,5034));
#9969=IFCINDEXEDPOLYGONALFACE((5036,5090,5035));
#9970=IFCINDEXEDPOLYGONALFACE((5037,5035,5090));
#9971=IFCINDEXEDPOLYGONALFACE((5090,5061,5037));
#9972=IFCINDEXEDPOLYGONALFACE((5063,4988,5062));
#9973=IFCINDEXEDPOLYGONALFACE((5018,5017,5064));
#9974=IFCINDEXEDPOLYGONALFACE((5091,4991,4941));
#9975=IFCINDEXEDPOLYGONALFACE((5091,5067,4991));
#9976=IFCINDEXEDPOLYGONALFACE((5067,5092,5019));
#9977=IFCINDEXEDPOLYGONALFACE((5092,5093,5019));
#9978=IFCINDEXEDPOLYGONALFACE((5019,5093,5020));
#9979=IFCINDEXEDPOLYGONALFACE((5020,5093,5039));
#9980=IFCINDEXEDPOLYGONALFACE((5040,5039,5094));
#9981=IFCINDEXEDPOLYGONALFACE((4946,5040,5095));
#9982=IFCINDEXEDPOLYGONALFACE((4995,4971,5095));
#9983=IFCINDEXEDPOLYGONALFACE((4946,5095,4971));
#9984=IFCINDEXEDPOLYGONALFACE((4997,5042,5096));
#9985=IFCINDEXEDPOLYGONALFACE((5043,4997,5096));
#9986=IFCINDEXEDPOLYGONALFACE((5097,5022,5021));
#9987=IFCINDEXEDPOLYGONALFACE((4972,5022,5098));
#9988=IFCINDEXEDPOLYGONALFACE((5098,5068,4972));
#9989=IFCINDEXEDPOLYGONALFACE((5069,5070,4973));
#9990=IFCINDEXEDPOLYGONALFACE((5071,5072,5000));
#9991=IFCINDEXEDPOLYGONALFACE((4976,5045,5001));
#9992=IFCINDEXEDPOLYGONALFACE((5046,5045,5099));
#9993=IFCINDEXEDPOLYGONALFACE((5004,5046,5073));
#9994=IFCINDEXEDPOLYGONALFACE((5006,5074,5100));
#9995=IFCINDEXEDPOLYGONALFACE((4954,5006,5100));
#9996=IFCINDEXEDPOLYGONALFACE((5007,4954,5101));
#9997=IFCINDEXEDPOLYGONALFACE((5007,5102,4956));
#9998=IFCINDEXEDPOLYGONALFACE((5102,5050,4956));
#9999=IFCINDEXEDPOLYGONALFACE((4885,5076,4927));
#10000=IFCINDEXEDPOLYGONALFACE((4927,5103,5077));
#10001=IFCINDEXEDPOLYGONALFACE((5027,5077,5104));
#10002=IFCINDEXEDPOLYGONALFACE((4928,5027,5051));
#10003=IFCINDEXEDPOLYGONALFACE((5008,5078,5079));
#10004=IFCINDEXEDPOLYGONALFACE((5105,5009,5079));
#10005=IFCINDEXEDPOLYGONALFACE((5052,5009,5105));
#10006=IFCINDEXEDPOLYGONALFACE((5029,5010,5080));
#10007=IFCINDEXEDPOLYGONALFACE((5080,5081,4911));
#10008=IFCINDEXEDPOLYGONALFACE((4932,5106,4959));
#10009=IFCINDEXEDPOLYGONALFACE((5106,5082,4959));
#10010=IFCINDEXEDPOLYGONALFACE((5107,5011,5054));
#10011=IFCINDEXEDPOLYGONALFACE((5083,5011,5107));
#10012=IFCINDEXEDPOLYGONALFACE((4960,5083,5030));
#10013=IFCINDEXEDPOLYGONALFACE((5030,5108,4913));
#10014=IFCINDEXEDPOLYGONALFACE((4961,5084,5109));
#10015=IFCINDEXEDPOLYGONALFACE((5109,5032,4961));
#10016=IFCINDEXEDPOLYGONALFACE((5056,5110,5013));
#10017=IFCINDEXEDPOLYGONALFACE((5085,4962,5057));
#10018=IFCINDEXEDPOLYGONALFACE((5086,5033,5085));
#10019=IFCINDEXEDPOLYGONALFACE((5058,4983,4982));
#10020=IFCINDEXEDPOLYGONALFACE((5014,5087,5088));
#10021=IFCINDEXEDPOLYGONALFACE((5089,5015,5088));
#10022=IFCINDEXEDPOLYGONALFACE((5111,5036,5060));
#10023=IFCINDEXEDPOLYGONALFACE((5112,5036,5111));
#10024=IFCINDEXEDPOLYGONALFACE((5036,5112,5090));
#10025=IFCINDEXEDPOLYGONALFACE((5062,5061,5113));
#10026=IFCINDEXEDPOLYGONALFACE((5114,5018,5064));
#10027=IFCINDEXEDPOLYGONALFACE((5018,5114,5065));
#10028=IFCINDEXEDPOLYGONALFACE((4871,5065,5066));
#10029=IFCINDEXEDPOLYGONALFACE((5115,4941,5066));
#10030=IFCINDEXEDPOLYGONALFACE((5091,4941,5115));
#10031=IFCINDEXEDPOLYGONALFACE((5116,5039,5093));
#10032=IFCINDEXEDPOLYGONALFACE((4995,5095,5041));
#10033=IFCINDEXEDPOLYGONALFACE((5042,5041,5095));
#10034=IFCINDEXEDPOLYGONALFACE((5043,5096,5117));
#10035=IFCINDEXEDPOLYGONALFACE((5021,5043,5097));
#10036=IFCINDEXEDPOLYGONALFACE((5118,5098,5022));
#10037=IFCINDEXEDPOLYGONALFACE((5069,5044,5119));
#10038=IFCINDEXEDPOLYGONALFACE((5068,5119,5044));
#10039=IFCINDEXEDPOLYGONALFACE((5120,5023,5072));
#10040=IFCINDEXEDPOLYGONALFACE((5121,5023,5120));
#10041=IFCINDEXEDPOLYGONALFACE((5122,5045,4976));
#10042=IFCINDEXEDPOLYGONALFACE((5123,5045,5122));
#10043=IFCINDEXEDPOLYGONALFACE((5123,5099,5045));
#10044=IFCINDEXEDPOLYGONALFACE((5046,5099,5124));
#10045=IFCINDEXEDPOLYGONALFACE((5124,5073,5046));
#10046=IFCINDEXEDPOLYGONALFACE((5125,5047,5073));
#10047=IFCINDEXEDPOLYGONALFACE((5074,5026,5126));
#10048=IFCINDEXEDPOLYGONALFACE((5100,5074,5126));
#10049=IFCINDEXEDPOLYGONALFACE((5127,5101,4954));
#10050=IFCINDEXEDPOLYGONALFACE((4927,5076,5103));
#10051=IFCINDEXEDPOLYGONALFACE((5104,5051,5027));
#10052=IFCINDEXEDPOLYGONALFACE((4908,5128,4930));
#10053=IFCINDEXEDPOLYGONALFACE((4932,5081,5106));
#10054=IFCINDEXEDPOLYGONALFACE((5107,5054,5082));
#10055=IFCINDEXEDPOLYGONALFACE((4913,5108,5031));
#10056=IFCINDEXEDPOLYGONALFACE((5031,5129,5055));
#10057=IFCINDEXEDPOLYGONALFACE((5130,5056,5032));
#10058=IFCINDEXEDPOLYGONALFACE((5056,5130,5131));
#10059=IFCINDEXEDPOLYGONALFACE((5131,5110,5056));
#10060=IFCINDEXEDPOLYGONALFACE((5013,5110,5057));
#10061=IFCINDEXEDPOLYGONALFACE((5132,5089,5088));
#10062=IFCINDEXEDPOLYGONALFACE((5089,5132,5060));
#10063=IFCINDEXEDPOLYGONALFACE((5113,5061,5133));
#10064=IFCINDEXEDPOLYGONALFACE((5134,5063,5062));
#10065=IFCINDEXEDPOLYGONALFACE((5063,5134,5064));
#10066=IFCINDEXEDPOLYGONALFACE((5091,5092,5067));
#10067=IFCINDEXEDPOLYGONALFACE((5039,5116,5094));
#10068=IFCINDEXEDPOLYGONALFACE((5040,5094,5116));
#10069=IFCINDEXEDPOLYGONALFACE((5135,5043,5117));
#10070=IFCINDEXEDPOLYGONALFACE((5097,5043,5135));
#10071=IFCINDEXEDPOLYGONALFACE((5068,5098,5136));
#10072=IFCINDEXEDPOLYGONALFACE((5119,5068,5136));
#10073=IFCINDEXEDPOLYGONALFACE((5069,5119,5070));
#10074=IFCINDEXEDPOLYGONALFACE((5119,5071,5070));
#10075=IFCINDEXEDPOLYGONALFACE((5071,5120,5072));
#10076=IFCINDEXEDPOLYGONALFACE((4976,5023,5122));
#10077=IFCINDEXEDPOLYGONALFACE((5125,5073,5124));
#10078=IFCINDEXEDPOLYGONALFACE((5026,5025,5137));
#10079=IFCINDEXEDPOLYGONALFACE((5049,5137,5025));
#10080=IFCINDEXEDPOLYGONALFACE((5126,5026,5137));
#10081=IFCINDEXEDPOLYGONALFACE((5100,5126,5138));
#10082=IFCINDEXEDPOLYGONALFACE((4954,5100,5127));
#10083=IFCINDEXEDPOLYGONALFACE((5007,5101,5102));
#10084=IFCINDEXEDPOLYGONALFACE((5139,5075,5050));
#10085=IFCINDEXEDPOLYGONALFACE((5140,4908,5051));
#10086=IFCINDEXEDPOLYGONALFACE((5079,5078,5105));
#10087=IFCINDEXEDPOLYGONALFACE((5053,5052,5105));
#10088=IFCINDEXEDPOLYGONALFACE((5141,5080,5010));
#10089=IFCINDEXEDPOLYGONALFACE((5081,5080,5142));
#10090=IFCINDEXEDPOLYGONALFACE((5143,5031,5108));
#10091=IFCINDEXEDPOLYGONALFACE((5143,5129,5031));
#10092=IFCINDEXEDPOLYGONALFACE((5130,5032,5109));
#10093=IFCINDEXEDPOLYGONALFACE((5110,5144,5057));
#10094=IFCINDEXEDPOLYGONALFACE((5057,5144,5085));
#10095=IFCINDEXEDPOLYGONALFACE((5145,4982,5086));
#10096=IFCINDEXEDPOLYGONALFACE((5059,5058,5146));
#10097=IFCINDEXEDPOLYGONALFACE((5146,5087,5059));
#10098=IFCINDEXEDPOLYGONALFACE((5147,5087,5146));
#10099=IFCINDEXEDPOLYGONALFACE((5087,5147,5088));
#10100=IFCINDEXEDPOLYGONALFACE((5088,5147,5148));
#10101=IFCINDEXEDPOLYGONALFACE((5148,5132,5088));
#10102=IFCINDEXEDPOLYGONALFACE((5060,5149,5111));
#10103=IFCINDEXEDPOLYGONALFACE((5111,5149,5112));
#10104=IFCINDEXEDPOLYGONALFACE((5112,5150,5090));
#10105=IFCINDEXEDPOLYGONALFACE((5151,5061,5090));
#10106=IFCINDEXEDPOLYGONALFACE((5133,5061,5151));
#10107=IFCINDEXEDPOLYGONALFACE((5152,5062,5153));
#10108=IFCINDEXEDPOLYGONALFACE((5062,5152,5134));
#10109=IFCINDEXEDPOLYGONALFACE((5115,5154,5091));
#10110=IFCINDEXEDPOLYGONALFACE((5092,5091,5155));
#10111=IFCINDEXEDPOLYGONALFACE((5156,5093,5092));
#10112=IFCINDEXEDPOLYGONALFACE((5156,5157,5093));
#10113=IFCINDEXEDPOLYGONALFACE((5157,5116,5093));
#10114=IFCINDEXEDPOLYGONALFACE((5158,5159,5095));
#10115=IFCINDEXEDPOLYGONALFACE((5160,5042,5159));
#10116=IFCINDEXEDPOLYGONALFACE((5095,5159,5042));
#10117=IFCINDEXEDPOLYGONALFACE((5042,5161,5096));
#10118=IFCINDEXEDPOLYGONALFACE((5096,5161,5117));
#10119=IFCINDEXEDPOLYGONALFACE((5162,5135,5117));
#10120=IFCINDEXEDPOLYGONALFACE((5097,5135,5163));
#10121=IFCINDEXEDPOLYGONALFACE((5163,5022,5097));
#10122=IFCINDEXEDPOLYGONALFACE((5136,5098,5118));
#10123=IFCINDEXEDPOLYGONALFACE((5119,5136,5164));
#10124=IFCINDEXEDPOLYGONALFACE((5119,5165,5071));
#10125=IFCINDEXEDPOLYGONALFACE((5120,5071,5165));
#10126=IFCINDEXEDPOLYGONALFACE((5166,5121,5120));
#10127=IFCINDEXEDPOLYGONALFACE((5167,5023,5121));
#10128=IFCINDEXEDPOLYGONALFACE((5167,5122,5023));
#10129=IFCINDEXEDPOLYGONALFACE((5123,5124,5099));
#10130=IFCINDEXEDPOLYGONALFACE((5168,5125,5124));
#10131=IFCINDEXEDPOLYGONALFACE((5169,5047,5125));
#10132=IFCINDEXEDPOLYGONALFACE((5048,5170,5171));
#10133=IFCINDEXEDPOLYGONALFACE((5049,5048,5172));
#10134=IFCINDEXEDPOLYGONALFACE((5126,5137,5173));
#10135=IFCINDEXEDPOLYGONALFACE((5174,5101,5127));
#10136=IFCINDEXEDPOLYGONALFACE((5175,5077,5103));
#10137=IFCINDEXEDPOLYGONALFACE((5175,5104,5077));
#10138=IFCINDEXEDPOLYGONALFACE((5128,4908,5140));
#10139=IFCINDEXEDPOLYGONALFACE((4930,5128,5078));
#10140=IFCINDEXEDPOLYGONALFACE((5141,5010,5053));
#10141=IFCINDEXEDPOLYGONALFACE((5141,5142,5080));
#10142=IFCINDEXEDPOLYGONALFACE((5108,5176,5143));
#10143=IFCINDEXEDPOLYGONALFACE((5144,5110,5131));
#10144=IFCINDEXEDPOLYGONALFACE((5145,5086,5177));
#10145=IFCINDEXEDPOLYGONALFACE((5058,4982,5145));
#10146=IFCINDEXEDPOLYGONALFACE((5058,5145,5146));
#10147=IFCINDEXEDPOLYGONALFACE((5060,5132,5178));
#10148=IFCINDEXEDPOLYGONALFACE((5149,5060,5179));
#10149=IFCINDEXEDPOLYGONALFACE((5150,5112,5149));
#10150=IFCINDEXEDPOLYGONALFACE((5151,5090,5150));
#10151=IFCINDEXEDPOLYGONALFACE((5113,5153,5062));
#10152=IFCINDEXEDPOLYGONALFACE((5180,5092,5155));
#10153=IFCINDEXEDPOLYGONALFACE((5092,5180,5156));
#10154=IFCINDEXEDPOLYGONALFACE((5116,5181,5040));
#10155=IFCINDEXEDPOLYGONALFACE((5182,5161,5042));
#10156=IFCINDEXEDPOLYGONALFACE((5162,5117,5161));
#10157=IFCINDEXEDPOLYGONALFACE((5162,5163,5135));
#10158=IFCINDEXEDPOLYGONALFACE((5022,5183,5118));
#10159=IFCINDEXEDPOLYGONALFACE((5118,5183,5136));
#10160=IFCINDEXEDPOLYGONALFACE((5165,5119,5164));
#10161=IFCINDEXEDPOLYGONALFACE((5184,5123,5122));
#10162=IFCINDEXEDPOLYGONALFACE((5124,5123,5168));
#10163=IFCINDEXEDPOLYGONALFACE((5125,5168,5185));
#10164=IFCINDEXEDPOLYGONALFACE((5125,5185,5169));
#10165=IFCINDEXEDPOLYGONALFACE((5171,5186,5048));
#10166=IFCINDEXEDPOLYGONALFACE((5186,5172,5048));
#10167=IFCINDEXEDPOLYGONALFACE((5138,5127,5100));
#10168=IFCINDEXEDPOLYGONALFACE((5050,5102,5187));
#10169=IFCINDEXEDPOLYGONALFACE((5076,5188,5103));
#10170=IFCINDEXEDPOLYGONALFACE((5175,5103,5188));
#10171=IFCINDEXEDPOLYGONALFACE((5175,5188,5104));
#10172=IFCINDEXEDPOLYGONALFACE((5104,5188,5051));
#10173=IFCINDEXEDPOLYGONALFACE((5107,5189,5083));
#10174=IFCINDEXEDPOLYGONALFACE((5129,5143,5176));
#10175=IFCINDEXEDPOLYGONALFACE((5084,5055,5129));
#10176=IFCINDEXEDPOLYGONALFACE((5190,5144,5131));
#10177=IFCINDEXEDPOLYGONALFACE((5191,5085,5144));
#10178=IFCINDEXEDPOLYGONALFACE((5192,5147,5146));
#10179=IFCINDEXEDPOLYGONALFACE((5178,5148,5192));
#10180=IFCINDEXEDPOLYGONALFACE((5148,5147,5192));
#10181=IFCINDEXEDPOLYGONALFACE((5148,5178,5132));
#10182=IFCINDEXEDPOLYGONALFACE((5178,5179,5060));
#10183=IFCINDEXEDPOLYGONALFACE((5179,5193,5149));
#10184=IFCINDEXEDPOLYGONALFACE((5194,5149,5193));
#10185=IFCINDEXEDPOLYGONALFACE((5194,5150,5149));
#10186=IFCINDEXEDPOLYGONALFACE((5195,5152,5153));
#10187=IFCINDEXEDPOLYGONALFACE((5152,5196,5134));
#10188=IFCINDEXEDPOLYGONALFACE((5114,5064,5196));
#10189=IFCINDEXEDPOLYGONALFACE((5134,5196,5064));
#10190=IFCINDEXEDPOLYGONALFACE((5197,5115,5198));
#10191=IFCINDEXEDPOLYGONALFACE((5197,5154,5115));
#10192=IFCINDEXEDPOLYGONALFACE((5154,5155,5091));
#10193=IFCINDEXEDPOLYGONALFACE((5180,5155,5199));
#10194=IFCINDEXEDPOLYGONALFACE((5199,5200,5180));
#10195=IFCINDEXEDPOLYGONALFACE((5200,5156,5180));
#10196=IFCINDEXEDPOLYGONALFACE((5157,5156,5201));
#10197=IFCINDEXEDPOLYGONALFACE((5200,5201,5156));
#10198=IFCINDEXEDPOLYGONALFACE((5201,5181,5157));
#10199=IFCINDEXEDPOLYGONALFACE((5157,5181,5116));
#10200=IFCINDEXEDPOLYGONALFACE((5202,5095,5040));
#10201=IFCINDEXEDPOLYGONALFACE((5158,5203,5159));
#10202=IFCINDEXEDPOLYGONALFACE((5042,5160,5182));
#10203=IFCINDEXEDPOLYGONALFACE((5022,5163,5183));
#10204=IFCINDEXEDPOLYGONALFACE((5136,5183,5204));
#10205=IFCINDEXEDPOLYGONALFACE((5204,5205,5136));
#10206=IFCINDEXEDPOLYGONALFACE((5205,5164,5136));
#10207=IFCINDEXEDPOLYGONALFACE((5206,5120,5165));
#10208=IFCINDEXEDPOLYGONALFACE((5206,5166,5120));
#10209=IFCINDEXEDPOLYGONALFACE((5168,5123,5207));
#10210=IFCINDEXEDPOLYGONALFACE((5184,5207,5123));
#10211=IFCINDEXEDPOLYGONALFACE((5168,5207,5185));
#10212=IFCINDEXEDPOLYGONALFACE((5186,5208,5172));
#10213=IFCINDEXEDPOLYGONALFACE((5049,5172,5208));
#10214=IFCINDEXEDPOLYGONALFACE((5138,5209,5127));
#10215=IFCINDEXEDPOLYGONALFACE((5174,5127,5209));
#10216=IFCINDEXEDPOLYGONALFACE((5174,5210,5101));
#10217=IFCINDEXEDPOLYGONALFACE((5101,5210,5102));
#10218=IFCINDEXEDPOLYGONALFACE((5050,5187,5139));
#10219=IFCINDEXEDPOLYGONALFACE((5075,5139,5076));
#10220=IFCINDEXEDPOLYGONALFACE((5188,5076,5211));
#10221=IFCINDEXEDPOLYGONALFACE((5212,5078,5213));
#10222=IFCINDEXEDPOLYGONALFACE((5078,5212,5105));
#10223=IFCINDEXEDPOLYGONALFACE((5105,5214,5053));
#10224=IFCINDEXEDPOLYGONALFACE((5141,5053,5214));
#10225=IFCINDEXEDPOLYGONALFACE((5214,5215,5141));
#10226=IFCINDEXEDPOLYGONALFACE((5215,5142,5141));
#10227=IFCINDEXEDPOLYGONALFACE((5081,5142,5106));
#10228=IFCINDEXEDPOLYGONALFACE((5216,5082,5106));
#10229=IFCINDEXEDPOLYGONALFACE((5189,5082,5216));
#10230=IFCINDEXEDPOLYGONALFACE((5082,5189,5107));
#10231=IFCINDEXEDPOLYGONALFACE((5217,5129,5176));
#10232=IFCINDEXEDPOLYGONALFACE((5109,5084,5217));
#10233=IFCINDEXEDPOLYGONALFACE((5129,5217,5084));
#10234=IFCINDEXEDPOLYGONALFACE((5130,5218,5131));
#10235=IFCINDEXEDPOLYGONALFACE((5190,5131,5219));
#10236=IFCINDEXEDPOLYGONALFACE((5144,5190,5220));
#10237=IFCINDEXEDPOLYGONALFACE((5220,5191,5144));
#10238=IFCINDEXEDPOLYGONALFACE((5085,5221,5086));
#10239=IFCINDEXEDPOLYGONALFACE((5086,5221,5177));
#10240=IFCINDEXEDPOLYGONALFACE((5192,5146,5222));
#10241=IFCINDEXEDPOLYGONALFACE((5178,5192,5222));
#10242=IFCINDEXEDPOLYGONALFACE((5223,5150,5194));
#10243=IFCINDEXEDPOLYGONALFACE((5150,5223,5151));
#10244=IFCINDEXEDPOLYGONALFACE((5151,5223,5133));
#10245=IFCINDEXEDPOLYGONALFACE((5224,5152,5195));
#10246=IFCINDEXEDPOLYGONALFACE((5224,5196,5152));
#10247=IFCINDEXEDPOLYGONALFACE((5225,5065,5114));
#10248=IFCINDEXEDPOLYGONALFACE((5066,5065,5225));
#10249=IFCINDEXEDPOLYGONALFACE((5066,5198,5115));
#10250=IFCINDEXEDPOLYGONALFACE((5226,5155,5154));
#10251=IFCINDEXEDPOLYGONALFACE((5199,5155,5227));
#10252=IFCINDEXEDPOLYGONALFACE((5200,5199,5227));
#10253=IFCINDEXEDPOLYGONALFACE((5227,5228,5200));
#10254=IFCINDEXEDPOLYGONALFACE((5200,5228,5201));
#10255=IFCINDEXEDPOLYGONALFACE((5181,5201,5229));
#10256=IFCINDEXEDPOLYGONALFACE((5040,5181,5229));
#10257=IFCINDEXEDPOLYGONALFACE((5229,5202,5040));
#10258=IFCINDEXEDPOLYGONALFACE((5230,5095,5202));
#10259=IFCINDEXEDPOLYGONALFACE((5095,5230,5158));
#10260=IFCINDEXEDPOLYGONALFACE((5231,5203,5158));
#10261=IFCINDEXEDPOLYGONALFACE((5159,5203,5160));
#10262=IFCINDEXEDPOLYGONALFACE((5232,5162,5161));
#10263=IFCINDEXEDPOLYGONALFACE((5233,5183,5163));
#10264=IFCINDEXEDPOLYGONALFACE((5165,5164,5205));
#10265=IFCINDEXEDPOLYGONALFACE((5234,5165,5205));
#10266=IFCINDEXEDPOLYGONALFACE((5165,5234,5235));
#10267=IFCINDEXEDPOLYGONALFACE((5235,5206,5165));
#10268=IFCINDEXEDPOLYGONALFACE((5236,5167,5121));
#10269=IFCINDEXEDPOLYGONALFACE((5184,5122,5237));
#10270=IFCINDEXEDPOLYGONALFACE((5171,5170,5238));
#10271=IFCINDEXEDPOLYGONALFACE((5170,5239,5238));
#10272=IFCINDEXEDPOLYGONALFACE((5171,5238,5186));
#10273=IFCINDEXEDPOLYGONALFACE((5049,5240,5137));
#10274=IFCINDEXEDPOLYGONALFACE((5240,5173,5137));
#10275=IFCINDEXEDPOLYGONALFACE((5126,5173,5241));
#10276=IFCINDEXEDPOLYGONALFACE((5126,5209,5138));
#10277=IFCINDEXEDPOLYGONALFACE((5188,5242,5051));
#10278=IFCINDEXEDPOLYGONALFACE((5140,5243,5128));
#10279=IFCINDEXEDPOLYGONALFACE((5128,5213,5078));
#10280=IFCINDEXEDPOLYGONALFACE((5108,5030,5244));
#10281=IFCINDEXEDPOLYGONALFACE((5109,5217,5245));
#10282=IFCINDEXEDPOLYGONALFACE((5219,5131,5218));
#10283=IFCINDEXEDPOLYGONALFACE((5085,5191,5221));
#10284=IFCINDEXEDPOLYGONALFACE((5246,5222,5146));
#10285=IFCINDEXEDPOLYGONALFACE((5179,5247,5193));
#10286=IFCINDEXEDPOLYGONALFACE((5248,5113,5249));
#10287=IFCINDEXEDPOLYGONALFACE((5113,5133,5249));
#10288=IFCINDEXEDPOLYGONALFACE((5113,5248,5153));
#10289=IFCINDEXEDPOLYGONALFACE((5250,5153,5248));
#10290=IFCINDEXEDPOLYGONALFACE((5153,5250,5195));
#10291=IFCINDEXEDPOLYGONALFACE((5195,5250,5251));
#10292=IFCINDEXEDPOLYGONALFACE((5251,5224,5195));
#10293=IFCINDEXEDPOLYGONALFACE((5196,5252,5114));
#10294=IFCINDEXEDPOLYGONALFACE((5253,5154,5197));
#10295=IFCINDEXEDPOLYGONALFACE((5226,5154,5253));
#10296=IFCINDEXEDPOLYGONALFACE((5226,5227,5155));
#10297=IFCINDEXEDPOLYGONALFACE((5228,5227,5254));
#10298=IFCINDEXEDPOLYGONALFACE((5201,5228,5254));
#10299=IFCINDEXEDPOLYGONALFACE((5201,5254,5229));
#10300=IFCINDEXEDPOLYGONALFACE((5230,5231,5158));
#10301=IFCINDEXEDPOLYGONALFACE((5203,5255,5160));
#10302=IFCINDEXEDPOLYGONALFACE((5160,5255,5182));
#10303=IFCINDEXEDPOLYGONALFACE((5256,5182,5255));
#10304=IFCINDEXEDPOLYGONALFACE((5256,5232,5182));
#10305=IFCINDEXEDPOLYGONALFACE((5161,5182,5232));
#10306=IFCINDEXEDPOLYGONALFACE((5257,5162,5232));
#10307=IFCINDEXEDPOLYGONALFACE((5162,5257,5163));
#10308=IFCINDEXEDPOLYGONALFACE((5258,5163,5257));
#10309=IFCINDEXEDPOLYGONALFACE((5233,5163,5258));
#10310=IFCINDEXEDPOLYGONALFACE((5183,5233,5258));
#10311=IFCINDEXEDPOLYGONALFACE((5183,5259,5204));
#10312=IFCINDEXEDPOLYGONALFACE((5259,5260,5204));
#10313=IFCINDEXEDPOLYGONALFACE((5260,5261,5204));
#10314=IFCINDEXEDPOLYGONALFACE((5205,5204,5261));
#10315=IFCINDEXEDPOLYGONALFACE((5235,5234,5262));
#10316=IFCINDEXEDPOLYGONALFACE((5263,5121,5166));
#10317=IFCINDEXEDPOLYGONALFACE((5207,5184,5237));
#10318=IFCINDEXEDPOLYGONALFACE((5264,5207,5237));
#10319=IFCINDEXEDPOLYGONALFACE((5264,5185,5207));
#10320=IFCINDEXEDPOLYGONALFACE((5264,5265,5185));
#10321=IFCINDEXEDPOLYGONALFACE((5265,5169,5185));
#10322=IFCINDEXEDPOLYGONALFACE((5238,5239,5266));
#10323=IFCINDEXEDPOLYGONALFACE((5267,5186,5238));
#10324=IFCINDEXEDPOLYGONALFACE((5186,5267,5208));
#10325=IFCINDEXEDPOLYGONALFACE((5241,5173,5240));
#10326=IFCINDEXEDPOLYGONALFACE((5209,5126,5241));
#10327=IFCINDEXEDPOLYGONALFACE((5174,5209,5268));
#10328=IFCINDEXEDPOLYGONALFACE((5102,5210,5269));
#10329=IFCINDEXEDPOLYGONALFACE((5269,5187,5102));
#10330=IFCINDEXEDPOLYGONALFACE((5076,5139,5211));
#10331=IFCINDEXEDPOLYGONALFACE((5140,5051,5242));
#10332=IFCINDEXEDPOLYGONALFACE((5270,5216,5106));
#10333=IFCINDEXEDPOLYGONALFACE((5244,5083,5189));
#10334=IFCINDEXEDPOLYGONALFACE((5083,5244,5030));
#10335=IFCINDEXEDPOLYGONALFACE((5217,5271,5245));
#10336=IFCINDEXEDPOLYGONALFACE((5130,5109,5245));
#10337=IFCINDEXEDPOLYGONALFACE((5222,5246,5178));
#10338=IFCINDEXEDPOLYGONALFACE((5247,5179,5246));
#10339=IFCINDEXEDPOLYGONALFACE((5178,5246,5179));
#10340=IFCINDEXEDPOLYGONALFACE((5247,5194,5193));
#10341=IFCINDEXEDPOLYGONALFACE((5223,5249,5133));
#10342=IFCINDEXEDPOLYGONALFACE((5252,5196,5224));
#10343=IFCINDEXEDPOLYGONALFACE((5225,5114,5252));
#10344=IFCINDEXEDPOLYGONALFACE((5066,5272,5198));
#10345=IFCINDEXEDPOLYGONALFACE((5226,5254,5227));
#10346=IFCINDEXEDPOLYGONALFACE((5202,5229,5273));
#10347=IFCINDEXEDPOLYGONALFACE((5256,5257,5232));
#10348=IFCINDEXEDPOLYGONALFACE((5274,5183,5258));
#10349=IFCINDEXEDPOLYGONALFACE((5274,5259,5183));
#10350=IFCINDEXEDPOLYGONALFACE((5261,5275,5205));
#10351=IFCINDEXEDPOLYGONALFACE((5276,5205,5275));
#10352=IFCINDEXEDPOLYGONALFACE((5277,5205,5276));
#10353=IFCINDEXEDPOLYGONALFACE((5205,5277,5234));
#10354=IFCINDEXEDPOLYGONALFACE((5277,5262,5234));
#10355=IFCINDEXEDPOLYGONALFACE((5166,5206,5278));
#10356=IFCINDEXEDPOLYGONALFACE((5263,5236,5121));
#10357=IFCINDEXEDPOLYGONALFACE((5122,5167,5279));
#10358=IFCINDEXEDPOLYGONALFACE((5122,5279,5237));
#10359=IFCINDEXEDPOLYGONALFACE((5266,5267,5238));
#10360=IFCINDEXEDPOLYGONALFACE((5241,5268,5209));
#10361=IFCINDEXEDPOLYGONALFACE((5174,5268,5280));
#10362=IFCINDEXEDPOLYGONALFACE((5281,5174,5280));
#10363=IFCINDEXEDPOLYGONALFACE((5174,5281,5210));
#10364=IFCINDEXEDPOLYGONALFACE((5242,5188,5211));
#10365=IFCINDEXEDPOLYGONALFACE((5213,5128,5243));
#10366=IFCINDEXEDPOLYGONALFACE((5282,5105,5212));
#10367=IFCINDEXEDPOLYGONALFACE((5105,5282,5214));
#10368=IFCINDEXEDPOLYGONALFACE((5283,5106,5142));
#10369=IFCINDEXEDPOLYGONALFACE((5106,5283,5270));
#10370=IFCINDEXEDPOLYGONALFACE((5189,5284,5244));
#10371=IFCINDEXEDPOLYGONALFACE((5244,5285,5108));
#10372=IFCINDEXEDPOLYGONALFACE((5176,5108,5285));
#10373=IFCINDEXEDPOLYGONALFACE((5217,5176,5286));
#10374=IFCINDEXEDPOLYGONALFACE((5219,5287,5190));
#10375=IFCINDEXEDPOLYGONALFACE((5288,5177,5221));
#10376=IFCINDEXEDPOLYGONALFACE((5177,5288,5145));
#10377=IFCINDEXEDPOLYGONALFACE((5145,5289,5146));
#10378=IFCINDEXEDPOLYGONALFACE((5290,5194,5247));
#10379=IFCINDEXEDPOLYGONALFACE((5194,5290,5223));
#10380=IFCINDEXEDPOLYGONALFACE((5250,5248,5291));
#10381=IFCINDEXEDPOLYGONALFACE((5291,5251,5250));
#10382=IFCINDEXEDPOLYGONALFACE((5272,5066,5225));
#10383=IFCINDEXEDPOLYGONALFACE((5253,5197,5292));
#10384=IFCINDEXEDPOLYGONALFACE((5226,5293,5254));
#10385=IFCINDEXEDPOLYGONALFACE((5229,5254,5273));
#10386=IFCINDEXEDPOLYGONALFACE((5203,5231,5294));
#10387=IFCINDEXEDPOLYGONALFACE((5255,5203,5294));
#10388=IFCINDEXEDPOLYGONALFACE((5294,5295,5255));
#10389=IFCINDEXEDPOLYGONALFACE((5256,5255,5295));
#10390=IFCINDEXEDPOLYGONALFACE((5296,5256,5295));
#10391=IFCINDEXEDPOLYGONALFACE((5256,5296,5257));
#10392=IFCINDEXEDPOLYGONALFACE((5297,5261,5260));
#10393=IFCINDEXEDPOLYGONALFACE((5235,5278,5206));
#10394=IFCINDEXEDPOLYGONALFACE((5263,5166,5278));
#10395=IFCINDEXEDPOLYGONALFACE((5236,5279,5167));
#10396=IFCINDEXEDPOLYGONALFACE((5264,5237,5279));
#10397=IFCINDEXEDPOLYGONALFACE((5298,5265,5264));
#10398=IFCINDEXEDPOLYGONALFACE((5266,5239,5299));
#10399=IFCINDEXEDPOLYGONALFACE((5300,5266,5299));
#10400=IFCINDEXEDPOLYGONALFACE((5266,5300,5267));
#10401=IFCINDEXEDPOLYGONALFACE((5301,5241,5240));
#10402=IFCINDEXEDPOLYGONALFACE((5268,5241,5301));
#10403=IFCINDEXEDPOLYGONALFACE((5302,5187,5269));
#10404=IFCINDEXEDPOLYGONALFACE((5303,5139,5187));
#10405=IFCINDEXEDPOLYGONALFACE((5303,5211,5139));
#10406=IFCINDEXEDPOLYGONALFACE((5214,5282,5215));
#10407=IFCINDEXEDPOLYGONALFACE((5304,5215,5305));
#10408=IFCINDEXEDPOLYGONALFACE((5304,5142,5215));
#10409=IFCINDEXEDPOLYGONALFACE((5189,5216,5270));
#10410=IFCINDEXEDPOLYGONALFACE((5285,5306,5176));
#10411=IFCINDEXEDPOLYGONALFACE((5286,5176,5306));
#10412=IFCINDEXEDPOLYGONALFACE((5271,5217,5307));
#10413=IFCINDEXEDPOLYGONALFACE((5308,5130,5245));
#10414=IFCINDEXEDPOLYGONALFACE((5308,5218,5130));
#10415=IFCINDEXEDPOLYGONALFACE((5309,5220,5287));
#10416=IFCINDEXEDPOLYGONALFACE((5190,5287,5220));
#10417=IFCINDEXEDPOLYGONALFACE((5220,5309,5191));
#10418=IFCINDEXEDPOLYGONALFACE((5221,5191,5309));
#10419=IFCINDEXEDPOLYGONALFACE((5289,5145,5288));
#10420=IFCINDEXEDPOLYGONALFACE((5289,5310,5146));
#10421=IFCINDEXEDPOLYGONALFACE((5290,5247,5311));
#10422=IFCINDEXEDPOLYGONALFACE((5290,5312,5223));
#10423=IFCINDEXEDPOLYGONALFACE((5223,5312,5249));
#10424=IFCINDEXEDPOLYGONALFACE((5248,5249,5313));
#10425=IFCINDEXEDPOLYGONALFACE((5291,5248,5314));
#10426=IFCINDEXEDPOLYGONALFACE((5314,5248,5313));
#10427=IFCINDEXEDPOLYGONALFACE((5224,5251,5315));
#10428=IFCINDEXEDPOLYGONALFACE((5224,5315,5252));
#10429=IFCINDEXEDPOLYGONALFACE((5225,5316,5272));
#10430=IFCINDEXEDPOLYGONALFACE((5317,5198,5272));
#10431=IFCINDEXEDPOLYGONALFACE((5318,5226,5253));
#10432=IFCINDEXEDPOLYGONALFACE((5254,5293,5273));
#10433=IFCINDEXEDPOLYGONALFACE((5319,5257,5296));
#10434=IFCINDEXEDPOLYGONALFACE((5258,5320,5274));
#10435=IFCINDEXEDPOLYGONALFACE((5321,5261,5297));
#10436=IFCINDEXEDPOLYGONALFACE((5322,5275,5321));
#10437=IFCINDEXEDPOLYGONALFACE((5321,5275,5261));
#10438=IFCINDEXEDPOLYGONALFACE((5276,5275,5322));
#10439=IFCINDEXEDPOLYGONALFACE((5323,5277,5276));
#10440=IFCINDEXEDPOLYGONALFACE((5277,5323,5262));
#10441=IFCINDEXEDPOLYGONALFACE((5324,5262,5323));
#10442=IFCINDEXEDPOLYGONALFACE((5262,5324,5235));
#10443=IFCINDEXEDPOLYGONALFACE((5235,5325,5278));
#10444=IFCINDEXEDPOLYGONALFACE((5239,5326,5299));
#10445=IFCINDEXEDPOLYGONALFACE((5327,5268,5301));
#10446=IFCINDEXEDPOLYGONALFACE((5302,5269,5328));
#10447=IFCINDEXEDPOLYGONALFACE((5242,5211,5329));
#10448=IFCINDEXEDPOLYGONALFACE((5329,5330,5242));
#10449=IFCINDEXEDPOLYGONALFACE((5242,5330,5140));
#10450=IFCINDEXEDPOLYGONALFACE((5305,5215,5282));
#10451=IFCINDEXEDPOLYGONALFACE((5142,5304,5283));
#10452=IFCINDEXEDPOLYGONALFACE((5244,5331,5285));
#10453=IFCINDEXEDPOLYGONALFACE((5286,5307,5217));
#10454=IFCINDEXEDPOLYGONALFACE((5332,5245,5271));
#10455=IFCINDEXEDPOLYGONALFACE((5308,5333,5218));
#10456=IFCINDEXEDPOLYGONALFACE((5334,5218,5333));
#10457=IFCINDEXEDPOLYGONALFACE((5218,5334,5219));
#10458=IFCINDEXEDPOLYGONALFACE((5219,5334,5287));
#10459=IFCINDEXEDPOLYGONALFACE((5309,5335,5221));
#10460=IFCINDEXEDPOLYGONALFACE((5310,5246,5146));
#10461=IFCINDEXEDPOLYGONALFACE((5251,5291,5314));
#10462=IFCINDEXEDPOLYGONALFACE((5251,5314,5315));
#10463=IFCINDEXEDPOLYGONALFACE((5336,5252,5315));
#10464=IFCINDEXEDPOLYGONALFACE((5336,5225,5252));
#10465=IFCINDEXEDPOLYGONALFACE((5316,5225,5336));
#10466=IFCINDEXEDPOLYGONALFACE((5317,5337,5198));
#10467=IFCINDEXEDPOLYGONALFACE((5337,5197,5198));
#10468=IFCINDEXEDPOLYGONALFACE((5292,5197,5337));
#10469=IFCINDEXEDPOLYGONALFACE((5318,5253,5292));
#10470=IFCINDEXEDPOLYGONALFACE((5318,5338,5226));
#10471=IFCINDEXEDPOLYGONALFACE((5338,5293,5226));
#10472=IFCINDEXEDPOLYGONALFACE((5339,5273,5293));
#10473=IFCINDEXEDPOLYGONALFACE((5202,5273,5340));
#10474=IFCINDEXEDPOLYGONALFACE((5202,5340,5230));
#10475=IFCINDEXEDPOLYGONALFACE((5231,5341,5294));
#10476=IFCINDEXEDPOLYGONALFACE((5342,5294,5341));
#10477=IFCINDEXEDPOLYGONALFACE((5343,5294,5342));
#10478=IFCINDEXEDPOLYGONALFACE((5294,5343,5295));
#10479=IFCINDEXEDPOLYGONALFACE((5257,5319,5258));
#10480=IFCINDEXEDPOLYGONALFACE((5320,5258,5319));
#10481=IFCINDEXEDPOLYGONALFACE((5274,5344,5259));
#10482=IFCINDEXEDPOLYGONALFACE((5345,5260,5259));
#10483=IFCINDEXEDPOLYGONALFACE((5321,5346,5322));
#10484=IFCINDEXEDPOLYGONALFACE((5322,5346,5276));
#10485=IFCINDEXEDPOLYGONALFACE((5347,5276,5346));
#10486=IFCINDEXEDPOLYGONALFACE((5276,5347,5323));
#10487=IFCINDEXEDPOLYGONALFACE((5324,5323,5347));
#10488=IFCINDEXEDPOLYGONALFACE((5348,5325,5235));
#10489=IFCINDEXEDPOLYGONALFACE((5279,5349,5264));
#10490=IFCINDEXEDPOLYGONALFACE((5208,5267,5350));
#10491=IFCINDEXEDPOLYGONALFACE((5350,5351,5208));
#10492=IFCINDEXEDPOLYGONALFACE((5351,5049,5208));
#10493=IFCINDEXEDPOLYGONALFACE((5327,5240,5049));
#10494=IFCINDEXEDPOLYGONALFACE((5301,5240,5327));
#10495=IFCINDEXEDPOLYGONALFACE((5268,5352,5280));
#10496=IFCINDEXEDPOLYGONALFACE((5210,5281,5328));
#10497=IFCINDEXEDPOLYGONALFACE((5269,5210,5328));
#10498=IFCINDEXEDPOLYGONALFACE((5187,5302,5303));
#10499=IFCINDEXEDPOLYGONALFACE((5211,5303,5353));
#10500=IFCINDEXEDPOLYGONALFACE((5353,5329,5211));
#10501=IFCINDEXEDPOLYGONALFACE((5243,5140,5330));
#10502=IFCINDEXEDPOLYGONALFACE((5270,5354,5189));
#10503=IFCINDEXEDPOLYGONALFACE((5284,5189,5354));
#10504=IFCINDEXEDPOLYGONALFACE((5331,5244,5284));
#10505=IFCINDEXEDPOLYGONALFACE((5355,5271,5307));
#10506=IFCINDEXEDPOLYGONALFACE((5271,5355,5332));
#10507=IFCINDEXEDPOLYGONALFACE((5288,5221,5356));
#10508=IFCINDEXEDPOLYGONALFACE((5289,5288,5356));
#10509=IFCINDEXEDPOLYGONALFACE((5357,5247,5246));
#10510=IFCINDEXEDPOLYGONALFACE((5311,5247,5357));
#10511=IFCINDEXEDPOLYGONALFACE((5358,5359,5313));
#10512=IFCINDEXEDPOLYGONALFACE((5314,5313,5360));
#10513=IFCINDEXEDPOLYGONALFACE((5359,5360,5313));
#10514=IFCINDEXEDPOLYGONALFACE((5361,5272,5316));
#10515=IFCINDEXEDPOLYGONALFACE((5272,5361,5317));
#10516=IFCINDEXEDPOLYGONALFACE((5338,5339,5293));
#10517=IFCINDEXEDPOLYGONALFACE((5231,5230,5362));
#10518=IFCINDEXEDPOLYGONALFACE((5341,5231,5362));
#10519=IFCINDEXEDPOLYGONALFACE((5295,5363,5296));
#10520=IFCINDEXEDPOLYGONALFACE((5296,5363,5364));
#10521=IFCINDEXEDPOLYGONALFACE((5319,5296,5364));
#10522=IFCINDEXEDPOLYGONALFACE((5320,5344,5274));
#10523=IFCINDEXEDPOLYGONALFACE((5346,5321,5365));
#10524=IFCINDEXEDPOLYGONALFACE((5297,5365,5321));
#10525=IFCINDEXEDPOLYGONALFACE((5347,5346,5365));
#10526=IFCINDEXEDPOLYGONALFACE((5347,5348,5324));
#10527=IFCINDEXEDPOLYGONALFACE((5324,5348,5235));
#10528=IFCINDEXEDPOLYGONALFACE((5366,5278,5325));
#10529=IFCINDEXEDPOLYGONALFACE((5367,5278,5366));
#10530=IFCINDEXEDPOLYGONALFACE((5278,5367,5263));
#10531=IFCINDEXEDPOLYGONALFACE((5279,5236,5349));
#10532=IFCINDEXEDPOLYGONALFACE((5264,5349,5298));
#10533=IFCINDEXEDPOLYGONALFACE((5368,5298,5349));
#10534=IFCINDEXEDPOLYGONALFACE((5369,5265,5298));
#10535=IFCINDEXEDPOLYGONALFACE((5300,5370,5267));
#10536=IFCINDEXEDPOLYGONALFACE((5351,5371,5049));
#10537=IFCINDEXEDPOLYGONALFACE((5327,5049,5371));
#10538=IFCINDEXEDPOLYGONALFACE((5327,5352,5268));
#10539=IFCINDEXEDPOLYGONALFACE((5280,5372,5281));
#10540=IFCINDEXEDPOLYGONALFACE((5213,5243,5373));
#10541=IFCINDEXEDPOLYGONALFACE((5282,5212,5374));
#10542=IFCINDEXEDPOLYGONALFACE((5283,5375,5270));
#10543=IFCINDEXEDPOLYGONALFACE((5270,5375,5354));
#10544=IFCINDEXEDPOLYGONALFACE((5376,5331,5284));
#10545=IFCINDEXEDPOLYGONALFACE((5245,5332,5308));
#10546=IFCINDEXEDPOLYGONALFACE((5334,5377,5287));
#10547=IFCINDEXEDPOLYGONALFACE((5287,5377,5309));
#10548=IFCINDEXEDPOLYGONALFACE((5378,5221,5379));
#10549=IFCINDEXEDPOLYGONALFACE((5335,5379,5221));
#10550=IFCINDEXEDPOLYGONALFACE((5221,5378,5356));
#10551=IFCINDEXEDPOLYGONALFACE((5289,5380,5310));
#10552=IFCINDEXEDPOLYGONALFACE((5381,5358,5382));
#10553=IFCINDEXEDPOLYGONALFACE((5313,5382,5358));
#10554=IFCINDEXEDPOLYGONALFACE((5381,5383,5358));
#10555=IFCINDEXEDPOLYGONALFACE((5359,5358,5383));
#10556=IFCINDEXEDPOLYGONALFACE((5314,5360,5315));
#10557=IFCINDEXEDPOLYGONALFACE((5336,5315,5360));
#10558=IFCINDEXEDPOLYGONALFACE((5361,5384,5317));
#10559=IFCINDEXEDPOLYGONALFACE((5338,5318,5385));
#10560=IFCINDEXEDPOLYGONALFACE((5339,5340,5273));
#10561=IFCINDEXEDPOLYGONALFACE((5340,5362,5230));
#10562=IFCINDEXEDPOLYGONALFACE((5342,5386,5343));
#10563=IFCINDEXEDPOLYGONALFACE((5386,5363,5343));
#10564=IFCINDEXEDPOLYGONALFACE((5343,5363,5295));
#10565=IFCINDEXEDPOLYGONALFACE((5260,5345,5297));
#10566=IFCINDEXEDPOLYGONALFACE((5387,5365,5297));
#10567=IFCINDEXEDPOLYGONALFACE((5388,5347,5365));
#10568=IFCINDEXEDPOLYGONALFACE((5348,5347,5389));
#10569=IFCINDEXEDPOLYGONALFACE((5348,5390,5325));
#10570=IFCINDEXEDPOLYGONALFACE((5325,5390,5366));
#10571=IFCINDEXEDPOLYGONALFACE((5391,5263,5367));
#10572=IFCINDEXEDPOLYGONALFACE((5392,5236,5263));
#10573=IFCINDEXEDPOLYGONALFACE((5369,5298,5368));
#10574=IFCINDEXEDPOLYGONALFACE((5299,5326,5393));
#10575=IFCINDEXEDPOLYGONALFACE((5300,5299,5393));
#10576=IFCINDEXEDPOLYGONALFACE((5300,5393,5394));
#10577=IFCINDEXEDPOLYGONALFACE((5394,5370,5300));
#10578=IFCINDEXEDPOLYGONALFACE((5267,5370,5350));
#10579=IFCINDEXEDPOLYGONALFACE((5281,5372,5328));
#10580=IFCINDEXEDPOLYGONALFACE((5303,5395,5353));
#10581=IFCINDEXEDPOLYGONALFACE((5353,5396,5329));
#10582=IFCINDEXEDPOLYGONALFACE((5243,5330,5397));
#10583=IFCINDEXEDPOLYGONALFACE((5374,5212,5373));
#10584=IFCINDEXEDPOLYGONALFACE((5373,5212,5213));
#10585=IFCINDEXEDPOLYGONALFACE((5282,5398,5305));
#10586=IFCINDEXEDPOLYGONALFACE((5304,5305,5399));
#10587=IFCINDEXEDPOLYGONALFACE((5375,5283,5304));
#10588=IFCINDEXEDPOLYGONALFACE((5284,5354,5376));
#10589=IFCINDEXEDPOLYGONALFACE((5400,5286,5306));
#10590=IFCINDEXEDPOLYGONALFACE((5401,5286,5400));
#10591=IFCINDEXEDPOLYGONALFACE((5286,5401,5307));
#10592=IFCINDEXEDPOLYGONALFACE((5402,5307,5401));
#10593=IFCINDEXEDPOLYGONALFACE((5402,5355,5307));
#10594=IFCINDEXEDPOLYGONALFACE((5332,5403,5308));
#10595=IFCINDEXEDPOLYGONALFACE((5334,5404,5377));
#10596=IFCINDEXEDPOLYGONALFACE((5335,5309,5377));
#10597=IFCINDEXEDPOLYGONALFACE((5310,5405,5246));
#10598=IFCINDEXEDPOLYGONALFACE((5246,5405,5357));
#10599=IFCINDEXEDPOLYGONALFACE((5406,5290,5407));
#10600=IFCINDEXEDPOLYGONALFACE((5406,5312,5290));
#10601=IFCINDEXEDPOLYGONALFACE((5312,5406,5249));
#10602=IFCINDEXEDPOLYGONALFACE((5408,5381,5382));
#10603=IFCINDEXEDPOLYGONALFACE((5383,5381,5408));
#10604=IFCINDEXEDPOLYGONALFACE((5383,5409,5359));
#10605=IFCINDEXEDPOLYGONALFACE((5409,5360,5359));
#10606=IFCINDEXEDPOLYGONALFACE((5410,5337,5317));
#10607=IFCINDEXEDPOLYGONALFACE((5411,5318,5292));
#10608=IFCINDEXEDPOLYGONALFACE((5412,5385,5318));
#10609=IFCINDEXEDPOLYGONALFACE((5338,5385,5413));
#10610=IFCINDEXEDPOLYGONALFACE((5338,5413,5339));
#10611=IFCINDEXEDPOLYGONALFACE((5364,5363,5414));
#10612=IFCINDEXEDPOLYGONALFACE((5319,5415,5320));
#10613=IFCINDEXEDPOLYGONALFACE((5345,5259,5344));
#10614=IFCINDEXEDPOLYGONALFACE((5388,5365,5387));
#10615=IFCINDEXEDPOLYGONALFACE((5416,5347,5388));
#10616=IFCINDEXEDPOLYGONALFACE((5416,5389,5347));
#10617=IFCINDEXEDPOLYGONALFACE((5390,5348,5389));
#10618=IFCINDEXEDPOLYGONALFACE((5367,5366,5391));
#10619=IFCINDEXEDPOLYGONALFACE((5391,5392,5263));
#10620=IFCINDEXEDPOLYGONALFACE((5417,5349,5236));
#10621=IFCINDEXEDPOLYGONALFACE((5368,5349,5417));
#10622=IFCINDEXEDPOLYGONALFACE((5393,5326,5418));
#10623=IFCINDEXEDPOLYGONALFACE((5419,5351,5350));
#10624=IFCINDEXEDPOLYGONALFACE((5352,5420,5280));
#10625=IFCINDEXEDPOLYGONALFACE((5372,5280,5420));
#10626=IFCINDEXEDPOLYGONALFACE((5421,5302,5328));
#10627=IFCINDEXEDPOLYGONALFACE((5303,5302,5422));
#10628=IFCINDEXEDPOLYGONALFACE((5422,5395,5303));
#10629=IFCINDEXEDPOLYGONALFACE((5329,5423,5330));
#10630=IFCINDEXEDPOLYGONALFACE((5373,5243,5397));
#10631=IFCINDEXEDPOLYGONALFACE((5398,5399,5305));
#10632=IFCINDEXEDPOLYGONALFACE((5354,5375,5304));
#10633=IFCINDEXEDPOLYGONALFACE((5424,5355,5402));
#10634=IFCINDEXEDPOLYGONALFACE((5403,5355,5424));
#10635=IFCINDEXEDPOLYGONALFACE((5332,5355,5403));
#10636=IFCINDEXEDPOLYGONALFACE((5403,5425,5308));
#10637=IFCINDEXEDPOLYGONALFACE((5308,5425,5333));
#10638=IFCINDEXEDPOLYGONALFACE((5404,5334,5333));
#10639=IFCINDEXEDPOLYGONALFACE((5426,5427,5335));
#10640=IFCINDEXEDPOLYGONALFACE((5335,5427,5379));
#10641=IFCINDEXEDPOLYGONALFACE((5428,5289,5356));
#10642=IFCINDEXEDPOLYGONALFACE((5380,5289,5428));
#10643=IFCINDEXEDPOLYGONALFACE((5310,5429,5405));
#10644=IFCINDEXEDPOLYGONALFACE((5407,5290,5311));
#10645=IFCINDEXEDPOLYGONALFACE((5249,5406,5313));
#10646=IFCINDEXEDPOLYGONALFACE((5430,5382,5313));
#10647=IFCINDEXEDPOLYGONALFACE((5431,5383,5408));
#10648=IFCINDEXEDPOLYGONALFACE((5383,5431,5409));
#10649=IFCINDEXEDPOLYGONALFACE((5317,5384,5432));
#10650=IFCINDEXEDPOLYGONALFACE((5410,5317,5432));
#10651=IFCINDEXEDPOLYGONALFACE((5337,5410,5433));
#10652=IFCINDEXEDPOLYGONALFACE((5292,5337,5411));
#10653=IFCINDEXEDPOLYGONALFACE((5339,5413,5434));
#10654=IFCINDEXEDPOLYGONALFACE((5434,5340,5339));
#10655=IFCINDEXEDPOLYGONALFACE((5342,5341,5435));
#10656=IFCINDEXEDPOLYGONALFACE((5435,5436,5342));
#10657=IFCINDEXEDPOLYGONALFACE((5342,5436,5386));
#10658=IFCINDEXEDPOLYGONALFACE((5364,5414,5319));
#10659=IFCINDEXEDPOLYGONALFACE((5414,5415,5319));
#10660=IFCINDEXEDPOLYGONALFACE((5415,5437,5320));
#10661=IFCINDEXEDPOLYGONALFACE((5320,5437,5344));
#10662=IFCINDEXEDPOLYGONALFACE((5345,5344,5438));
#10663=IFCINDEXEDPOLYGONALFACE((5438,5439,5345));
#10664=IFCINDEXEDPOLYGONALFACE((5297,5345,5439));
#10665=IFCINDEXEDPOLYGONALFACE((5297,5439,5387));
#10666=IFCINDEXEDPOLYGONALFACE((5440,5416,5388));
#10667=IFCINDEXEDPOLYGONALFACE((5389,5441,5390));
#10668=IFCINDEXEDPOLYGONALFACE((5391,5366,5390));
#10669=IFCINDEXEDPOLYGONALFACE((5391,5442,5392));
#10670=IFCINDEXEDPOLYGONALFACE((5236,5392,5417));
#10671=IFCINDEXEDPOLYGONALFACE((5394,5393,5418));
#10672=IFCINDEXEDPOLYGONALFACE((5443,5350,5370));
#10673=IFCINDEXEDPOLYGONALFACE((5443,5419,5350));
#10674=IFCINDEXEDPOLYGONALFACE((5419,5444,5351));
#10675=IFCINDEXEDPOLYGONALFACE((5444,5371,5351));
#10676=IFCINDEXEDPOLYGONALFACE((5395,5445,5353));
#10677=IFCINDEXEDPOLYGONALFACE((5329,5396,5423));
#10678=IFCINDEXEDPOLYGONALFACE((5423,5397,5330));
#10679=IFCINDEXEDPOLYGONALFACE((5373,5397,5446));
#10680=IFCINDEXEDPOLYGONALFACE((5447,5376,5354));
#10681=IFCINDEXEDPOLYGONALFACE((5426,5335,5377));
#10682=IFCINDEXEDPOLYGONALFACE((5379,5427,5448));
#10683=IFCINDEXEDPOLYGONALFACE((5379,5448,5378));
#10684=IFCINDEXEDPOLYGONALFACE((5378,5449,5356));
#10685=IFCINDEXEDPOLYGONALFACE((5428,5356,5449));
#10686=IFCINDEXEDPOLYGONALFACE((5429,5310,5450));
#10687=IFCINDEXEDPOLYGONALFACE((5380,5450,5310));
#10688=IFCINDEXEDPOLYGONALFACE((5429,5451,5405));
#10689=IFCINDEXEDPOLYGONALFACE((5452,5405,5451));
#10690=IFCINDEXEDPOLYGONALFACE((5453,5405,5452));
#10691=IFCINDEXEDPOLYGONALFACE((5405,5453,5357));
#10692=IFCINDEXEDPOLYGONALFACE((5357,5453,5311));
#10693=IFCINDEXEDPOLYGONALFACE((5454,5311,5453));
#10694=IFCINDEXEDPOLYGONALFACE((5430,5313,5406));
#10695=IFCINDEXEDPOLYGONALFACE((5455,5382,5456));
#10696=IFCINDEXEDPOLYGONALFACE((5430,5456,5382));
#10697=IFCINDEXEDPOLYGONALFACE((5382,5455,5408));
#10698=IFCINDEXEDPOLYGONALFACE((5431,5408,5455));
#10699=IFCINDEXEDPOLYGONALFACE((5457,5409,5431));
#10700=IFCINDEXEDPOLYGONALFACE((5409,5458,5360));
#10701=IFCINDEXEDPOLYGONALFACE((5459,5360,5458));
#10702=IFCINDEXEDPOLYGONALFACE((5360,5459,5336));
#10703=IFCINDEXEDPOLYGONALFACE((5411,5337,5433));
#10704=IFCINDEXEDPOLYGONALFACE((5318,5411,5460));
#10705=IFCINDEXEDPOLYGONALFACE((5412,5318,5460));
#10706=IFCINDEXEDPOLYGONALFACE((5363,5386,5414));
#10707=IFCINDEXEDPOLYGONALFACE((5461,5388,5387));
#10708=IFCINDEXEDPOLYGONALFACE((5388,5461,5440));
#10709=IFCINDEXEDPOLYGONALFACE((5462,5440,5461));
#10710=IFCINDEXEDPOLYGONALFACE((5440,5462,5416));
#10711=IFCINDEXEDPOLYGONALFACE((5463,5416,5462));
#10712=IFCINDEXEDPOLYGONALFACE((5463,5441,5416));
#10713=IFCINDEXEDPOLYGONALFACE((5389,5416,5441));
#10714=IFCINDEXEDPOLYGONALFACE((5390,5464,5391));
#10715=IFCINDEXEDPOLYGONALFACE((5442,5391,5465));
#10716=IFCINDEXEDPOLYGONALFACE((5417,5466,5368));
#10717=IFCINDEXEDPOLYGONALFACE((5369,5368,5466));
#10718=IFCINDEXEDPOLYGONALFACE((5370,5394,5467));
#10719=IFCINDEXEDPOLYGONALFACE((5352,5327,5420));
#10720=IFCINDEXEDPOLYGONALFACE((5372,5421,5328));
#10721=IFCINDEXEDPOLYGONALFACE((5421,5422,5302));
#10722=IFCINDEXEDPOLYGONALFACE((5445,5395,5468));
#10723=IFCINDEXEDPOLYGONALFACE((5353,5445,5396));
#10724=IFCINDEXEDPOLYGONALFACE((5282,5469,5398));
#10725=IFCINDEXEDPOLYGONALFACE((5304,5399,5354));
#10726=IFCINDEXEDPOLYGONALFACE((5447,5470,5376));
#10727=IFCINDEXEDPOLYGONALFACE((5470,5331,5376));
#10728=IFCINDEXEDPOLYGONALFACE((5331,5471,5285));
#10729=IFCINDEXEDPOLYGONALFACE((5285,5471,5306));
#10730=IFCINDEXEDPOLYGONALFACE((5306,5471,5400));
#10731=IFCINDEXEDPOLYGONALFACE((5400,5472,5401));
#10732=IFCINDEXEDPOLYGONALFACE((5402,5401,5472));
#10733=IFCINDEXEDPOLYGONALFACE((5402,5473,5424));
#10734=IFCINDEXEDPOLYGONALFACE((5473,5403,5424));
#10735=IFCINDEXEDPOLYGONALFACE((5474,5333,5425));
#10736=IFCINDEXEDPOLYGONALFACE((5475,5333,5474));
#10737=IFCINDEXEDPOLYGONALFACE((5333,5475,5404));
#10738=IFCINDEXEDPOLYGONALFACE((5476,5377,5404));
#10739=IFCINDEXEDPOLYGONALFACE((5477,5377,5476));
#10740=IFCINDEXEDPOLYGONALFACE((5428,5478,5380));
#10741=IFCINDEXEDPOLYGONALFACE((5450,5451,5429));
#10742=IFCINDEXEDPOLYGONALFACE((5479,5453,5452));
#10743=IFCINDEXEDPOLYGONALFACE((5454,5407,5311));
#10744=IFCINDEXEDPOLYGONALFACE((5480,5455,5456));
#10745=IFCINDEXEDPOLYGONALFACE((5431,5455,5480));
#10746=IFCINDEXEDPOLYGONALFACE((5457,5431,5481));
#10747=IFCINDEXEDPOLYGONALFACE((5458,5409,5457));
#10748=IFCINDEXEDPOLYGONALFACE((5336,5459,5316));
#10749=IFCINDEXEDPOLYGONALFACE((5482,5433,5410));
#10750=IFCINDEXEDPOLYGONALFACE((5483,5484,5433));
#10751=IFCINDEXEDPOLYGONALFACE((5433,5484,5411));
#10752=IFCINDEXEDPOLYGONALFACE((5485,5412,5460));
#10753=IFCINDEXEDPOLYGONALFACE((5485,5486,5412));
#10754=IFCINDEXEDPOLYGONALFACE((5486,5385,5412));
#10755=IFCINDEXEDPOLYGONALFACE((5487,5413,5385));
#10756=IFCINDEXEDPOLYGONALFACE((5434,5413,5487));
#10757=IFCINDEXEDPOLYGONALFACE((5340,5488,5362));
#10758=IFCINDEXEDPOLYGONALFACE((5341,5362,5489));
#10759=IFCINDEXEDPOLYGONALFACE((5341,5489,5435));
#10760=IFCINDEXEDPOLYGONALFACE((5436,5490,5386));
#10761=IFCINDEXEDPOLYGONALFACE((5386,5490,5414));
#10762=IFCINDEXEDPOLYGONALFACE((5491,5344,5437));
#10763=IFCINDEXEDPOLYGONALFACE((5438,5344,5491));
#10764=IFCINDEXEDPOLYGONALFACE((5438,5492,5439));
#10765=IFCINDEXEDPOLYGONALFACE((5493,5494,5387));
#10766=IFCINDEXEDPOLYGONALFACE((5461,5387,5494));
#10767=IFCINDEXEDPOLYGONALFACE((5461,5494,5462));
#10768=IFCINDEXEDPOLYGONALFACE((5463,5462,5495));
#10769=IFCINDEXEDPOLYGONALFACE((5496,5463,5495));
#10770=IFCINDEXEDPOLYGONALFACE((5441,5463,5496));
#10771=IFCINDEXEDPOLYGONALFACE((5390,5441,5464));
#10772=IFCINDEXEDPOLYGONALFACE((5391,5497,5465));
#10773=IFCINDEXEDPOLYGONALFACE((5442,5465,5497));
#10774=IFCINDEXEDPOLYGONALFACE((5498,5392,5442));
#10775=IFCINDEXEDPOLYGONALFACE((5417,5392,5499));
#10776=IFCINDEXEDPOLYGONALFACE((5499,5466,5417));
#10777=IFCINDEXEDPOLYGONALFACE((5467,5443,5370));
#10778=IFCINDEXEDPOLYGONALFACE((5500,5419,5443));
#10779=IFCINDEXEDPOLYGONALFACE((5444,5501,5371));
#10780=IFCINDEXEDPOLYGONALFACE((5327,5371,5501));
#10781=IFCINDEXEDPOLYGONALFACE((5420,5502,5372));
#10782=IFCINDEXEDPOLYGONALFACE((5503,5372,5502));
#10783=IFCINDEXEDPOLYGONALFACE((5422,5421,5504));
#10784=IFCINDEXEDPOLYGONALFACE((5505,5422,5504));
#10785=IFCINDEXEDPOLYGONALFACE((5395,5422,5506));
#10786=IFCINDEXEDPOLYGONALFACE((5395,5506,5468));
#10787=IFCINDEXEDPOLYGONALFACE((5507,5374,5373));
#10788=IFCINDEXEDPOLYGONALFACE((5282,5374,5469));
#10789=IFCINDEXEDPOLYGONALFACE((5354,5399,5508));
#10790=IFCINDEXEDPOLYGONALFACE((5471,5331,5470));
#10791=IFCINDEXEDPOLYGONALFACE((5472,5400,5509));
#10792=IFCINDEXEDPOLYGONALFACE((5510,5402,5472));
#10793=IFCINDEXEDPOLYGONALFACE((5473,5402,5510));
#10794=IFCINDEXEDPOLYGONALFACE((5473,5511,5403));
#10795=IFCINDEXEDPOLYGONALFACE((5511,5512,5403));
#10796=IFCINDEXEDPOLYGONALFACE((5403,5512,5425));
#10797=IFCINDEXEDPOLYGONALFACE((5476,5404,5475));
#10798=IFCINDEXEDPOLYGONALFACE((5477,5513,5377));
#10799=IFCINDEXEDPOLYGONALFACE((5426,5377,5513));
#10800=IFCINDEXEDPOLYGONALFACE((5427,5426,5514));
#10801=IFCINDEXEDPOLYGONALFACE((5515,5448,5427));
#10802=IFCINDEXEDPOLYGONALFACE((5449,5378,5448));
#10803=IFCINDEXEDPOLYGONALFACE((5478,5516,5380));
#10804=IFCINDEXEDPOLYGONALFACE((5380,5516,5450));
#10805=IFCINDEXEDPOLYGONALFACE((5517,5450,5518));
#10806=IFCINDEXEDPOLYGONALFACE((5450,5517,5451));
#10807=IFCINDEXEDPOLYGONALFACE((5519,5407,5454));
#10808=IFCINDEXEDPOLYGONALFACE((5406,5407,5520));
#10809=IFCINDEXEDPOLYGONALFACE((5521,5432,5384));
#10810=IFCINDEXEDPOLYGONALFACE((5483,5433,5482));
#10811=IFCINDEXEDPOLYGONALFACE((5522,5411,5484));
#10812=IFCINDEXEDPOLYGONALFACE((5522,5460,5411));
#10813=IFCINDEXEDPOLYGONALFACE((5523,5362,5488));
#10814=IFCINDEXEDPOLYGONALFACE((5489,5362,5523));
#10815=IFCINDEXEDPOLYGONALFACE((5436,5435,5489));
#10816=IFCINDEXEDPOLYGONALFACE((5524,5414,5525));
#10817=IFCINDEXEDPOLYGONALFACE((5415,5414,5524));
#10818=IFCINDEXEDPOLYGONALFACE((5492,5438,5491));
#10819=IFCINDEXEDPOLYGONALFACE((5493,5387,5492));
#10820=IFCINDEXEDPOLYGONALFACE((5387,5439,5492));
#10821=IFCINDEXEDPOLYGONALFACE((5462,5494,5495));
#10822=IFCINDEXEDPOLYGONALFACE((5441,5496,5526));
#10823=IFCINDEXEDPOLYGONALFACE((5526,5464,5441));
#10824=IFCINDEXEDPOLYGONALFACE((5497,5391,5464));
#10825=IFCINDEXEDPOLYGONALFACE((5499,5392,5498));
#10826=IFCINDEXEDPOLYGONALFACE((5394,5418,5527));
#10827=IFCINDEXEDPOLYGONALFACE((5467,5394,5527));
#10828=IFCINDEXEDPOLYGONALFACE((5419,5500,5528));
#10829=IFCINDEXEDPOLYGONALFACE((5444,5419,5528));
#10830=IFCINDEXEDPOLYGONALFACE((5420,5327,5529));
#10831=IFCINDEXEDPOLYGONALFACE((5529,5327,5501));
#10832=IFCINDEXEDPOLYGONALFACE((5503,5421,5372));
#10833=IFCINDEXEDPOLYGONALFACE((5506,5422,5505));
#10834=IFCINDEXEDPOLYGONALFACE((5506,5530,5468));
#10835=IFCINDEXEDPOLYGONALFACE((5468,5396,5445));
#10836=IFCINDEXEDPOLYGONALFACE((5396,5531,5423));
#10837=IFCINDEXEDPOLYGONALFACE((5532,5397,5423));
#10838=IFCINDEXEDPOLYGONALFACE((5373,5533,5507));
#10839=IFCINDEXEDPOLYGONALFACE((5469,5374,5507));
#10840=IFCINDEXEDPOLYGONALFACE((5399,5398,5508));
#10841=IFCINDEXEDPOLYGONALFACE((5400,5471,5509));
#10842=IFCINDEXEDPOLYGONALFACE((5534,5426,5513));
#10843=IFCINDEXEDPOLYGONALFACE((5514,5426,5534));
#10844=IFCINDEXEDPOLYGONALFACE((5515,5427,5514));
#10845=IFCINDEXEDPOLYGONALFACE((5535,5448,5515));
#10846=IFCINDEXEDPOLYGONALFACE((5448,5535,5449));
#10847=IFCINDEXEDPOLYGONALFACE((5428,5449,5535));
#10848=IFCINDEXEDPOLYGONALFACE((5536,5451,5517));
#10849=IFCINDEXEDPOLYGONALFACE((5451,5536,5452));
#10850=IFCINDEXEDPOLYGONALFACE((5452,5536,5479));
#10851=IFCINDEXEDPOLYGONALFACE((5537,5479,5536));
#10852=IFCINDEXEDPOLYGONALFACE((5479,5537,5453));
#10853=IFCINDEXEDPOLYGONALFACE((5453,5537,5454));
#10854=IFCINDEXEDPOLYGONALFACE((5538,5454,5537));
#10855=IFCINDEXEDPOLYGONALFACE((5454,5538,5519));
#10856=IFCINDEXEDPOLYGONALFACE((5520,5407,5519));
#10857=IFCINDEXEDPOLYGONALFACE((5406,5520,5430));
#10858=IFCINDEXEDPOLYGONALFACE((5459,5539,5316));
#10859=IFCINDEXEDPOLYGONALFACE((5432,5482,5410));
#10860=IFCINDEXEDPOLYGONALFACE((5540,5483,5482));
#10861=IFCINDEXEDPOLYGONALFACE((5522,5484,5540));
#10862=IFCINDEXEDPOLYGONALFACE((5483,5540,5484));
#10863=IFCINDEXEDPOLYGONALFACE((5487,5385,5486));
#10864=IFCINDEXEDPOLYGONALFACE((5340,5434,5488));
#10865=IFCINDEXEDPOLYGONALFACE((5436,5489,5541));
#10866=IFCINDEXEDPOLYGONALFACE((5541,5542,5436));
#10867=IFCINDEXEDPOLYGONALFACE((5542,5490,5436));
#10868=IFCINDEXEDPOLYGONALFACE((5414,5490,5525));
#10869=IFCINDEXEDPOLYGONALFACE((5415,5524,5437));
#10870=IFCINDEXEDPOLYGONALFACE((5543,5437,5524));
#10871=IFCINDEXEDPOLYGONALFACE((5544,5491,5437));
#10872=IFCINDEXEDPOLYGONALFACE((5492,5545,5493));
#10873=IFCINDEXEDPOLYGONALFACE((5546,5494,5493));
#10874=IFCINDEXEDPOLYGONALFACE((5494,5546,5495));
#10875=IFCINDEXEDPOLYGONALFACE((5496,5495,5547));
#10876=IFCINDEXEDPOLYGONALFACE((5496,5547,5526));
#10877=IFCINDEXEDPOLYGONALFACE((5526,5548,5464));
#10878=IFCINDEXEDPOLYGONALFACE((5464,5548,5497));
#10879=IFCINDEXEDPOLYGONALFACE((5549,5442,5497));
#10880=IFCINDEXEDPOLYGONALFACE((5498,5442,5549));
#10881=IFCINDEXEDPOLYGONALFACE((5550,5499,5498));
#10882=IFCINDEXEDPOLYGONALFACE((5550,5551,5499));
#10883=IFCINDEXEDPOLYGONALFACE((5552,5499,5551));
#10884=IFCINDEXEDPOLYGONALFACE((5499,5552,5466));
#10885=IFCINDEXEDPOLYGONALFACE((5553,5527,5418));
#10886=IFCINDEXEDPOLYGONALFACE((5443,5467,5554));
#10887=IFCINDEXEDPOLYGONALFACE((5527,5554,5467));
#10888=IFCINDEXEDPOLYGONALFACE((5554,5500,5443));
#10889=IFCINDEXEDPOLYGONALFACE((5444,5528,5555));
#10890=IFCINDEXEDPOLYGONALFACE((5444,5555,5501));
#10891=IFCINDEXEDPOLYGONALFACE((5529,5501,5556));
#10892=IFCINDEXEDPOLYGONALFACE((5529,5502,5420));
#10893=IFCINDEXEDPOLYGONALFACE((5468,5557,5396));
#10894=IFCINDEXEDPOLYGONALFACE((5396,5558,5531));
#10895=IFCINDEXEDPOLYGONALFACE((5531,5532,5423));
#10896=IFCINDEXEDPOLYGONALFACE((5532,5446,5397));
#10897=IFCINDEXEDPOLYGONALFACE((5446,5533,5373));
#10898=IFCINDEXEDPOLYGONALFACE((5398,5559,5508));
#10899=IFCINDEXEDPOLYGONALFACE((5509,5560,5472));
#10900=IFCINDEXEDPOLYGONALFACE((5472,5560,5510));
#10901=IFCINDEXEDPOLYGONALFACE((5561,5473,5510));
#10902=IFCINDEXEDPOLYGONALFACE((5561,5511,5473));
#10903=IFCINDEXEDPOLYGONALFACE((5562,5512,5511));
#10904=IFCINDEXEDPOLYGONALFACE((5563,5477,5476));
#10905=IFCINDEXEDPOLYGONALFACE((5563,5513,5477));
#10906=IFCINDEXEDPOLYGONALFACE((5514,5564,5515));
#10907=IFCINDEXEDPOLYGONALFACE((5516,5428,5565));
#10908=IFCINDEXEDPOLYGONALFACE((5535,5565,5428));
#10909=IFCINDEXEDPOLYGONALFACE((5428,5516,5478));
#10910=IFCINDEXEDPOLYGONALFACE((5518,5450,5516));
#10911=IFCINDEXEDPOLYGONALFACE((5536,5566,5537));
#10912=IFCINDEXEDPOLYGONALFACE((5567,5430,5520));
#10913=IFCINDEXEDPOLYGONALFACE((5430,5567,5456));
#10914=IFCINDEXEDPOLYGONALFACE((5456,5568,5480));
#10915=IFCINDEXEDPOLYGONALFACE((5569,5431,5480));
#10916=IFCINDEXEDPOLYGONALFACE((5431,5569,5481));
#10917=IFCINDEXEDPOLYGONALFACE((5570,5316,5539));
#10918=IFCINDEXEDPOLYGONALFACE((5361,5316,5570));
#10919=IFCINDEXEDPOLYGONALFACE((5571,5361,5570));
#10920=IFCINDEXEDPOLYGONALFACE((5361,5571,5384));
#10921=IFCINDEXEDPOLYGONALFACE((5521,5384,5571));
#10922=IFCINDEXEDPOLYGONALFACE((5482,5432,5572));
#10923=IFCINDEXEDPOLYGONALFACE((5482,5572,5540));
#10924=IFCINDEXEDPOLYGONALFACE((5460,5522,5540));
#10925=IFCINDEXEDPOLYGONALFACE((5542,5525,5490));
#10926=IFCINDEXEDPOLYGONALFACE((5437,5543,5544));
#10927=IFCINDEXEDPOLYGONALFACE((5573,5491,5544));
#10928=IFCINDEXEDPOLYGONALFACE((5574,5491,5573));
#10929=IFCINDEXEDPOLYGONALFACE((5574,5575,5491));
#10930=IFCINDEXEDPOLYGONALFACE((5492,5491,5575));
#10931=IFCINDEXEDPOLYGONALFACE((5574,5492,5575));
#10932=IFCINDEXEDPOLYGONALFACE((5492,5574,5545));
#10933=IFCINDEXEDPOLYGONALFACE((5576,5493,5545));
#10934=IFCINDEXEDPOLYGONALFACE((5546,5493,5576));
#10935=IFCINDEXEDPOLYGONALFACE((5577,5495,5546));
#10936=IFCINDEXEDPOLYGONALFACE((5547,5495,5577));
#10937=IFCINDEXEDPOLYGONALFACE((5526,5578,5548));
#10938=IFCINDEXEDPOLYGONALFACE((5466,5552,5579));
#10939=IFCINDEXEDPOLYGONALFACE((5553,5554,5527));
#10940=IFCINDEXEDPOLYGONALFACE((5580,5581,5554));
#10941=IFCINDEXEDPOLYGONALFACE((5500,5554,5581));
#10942=IFCINDEXEDPOLYGONALFACE((5528,5500,5581));
#10943=IFCINDEXEDPOLYGONALFACE((5506,5557,5530));
#10944=IFCINDEXEDPOLYGONALFACE((5468,5530,5557));
#10945=IFCINDEXEDPOLYGONALFACE((5396,5557,5558));
#10946=IFCINDEXEDPOLYGONALFACE((5533,5446,5582));
#10947=IFCINDEXEDPOLYGONALFACE((5510,5583,5561));
#10948=IFCINDEXEDPOLYGONALFACE((5561,5583,5511));
#10949=IFCINDEXEDPOLYGONALFACE((5583,5562,5511));
#10950=IFCINDEXEDPOLYGONALFACE((5584,5512,5562));
#10951=IFCINDEXEDPOLYGONALFACE((5512,5584,5425));
#10952=IFCINDEXEDPOLYGONALFACE((5585,5425,5584));
#10953=IFCINDEXEDPOLYGONALFACE((5474,5425,5585));
#10954=IFCINDEXEDPOLYGONALFACE((5586,5515,5564));
#10955=IFCINDEXEDPOLYGONALFACE((5515,5586,5535));
#10956=IFCINDEXEDPOLYGONALFACE((5565,5535,5586));
#10957=IFCINDEXEDPOLYGONALFACE((5565,5587,5516));
#10958=IFCINDEXEDPOLYGONALFACE((5587,5518,5516));
#10959=IFCINDEXEDPOLYGONALFACE((5566,5538,5537));
#10960=IFCINDEXEDPOLYGONALFACE((5568,5456,5567));
#10961=IFCINDEXEDPOLYGONALFACE((5480,5568,5569));
#10962=IFCINDEXEDPOLYGONALFACE((5588,5481,5569));
#10963=IFCINDEXEDPOLYGONALFACE((5481,5588,5457));
#10964=IFCINDEXEDPOLYGONALFACE((5457,5588,5458));
#10965=IFCINDEXEDPOLYGONALFACE((5458,5589,5459));
#10966=IFCINDEXEDPOLYGONALFACE((5539,5459,5589));
#10967=IFCINDEXEDPOLYGONALFACE((5572,5432,5590));
#10968=IFCINDEXEDPOLYGONALFACE((5521,5590,5432));
#10969=IFCINDEXEDPOLYGONALFACE((5572,5591,5540));
#10970=IFCINDEXEDPOLYGONALFACE((5592,5540,5591));
#10971=IFCINDEXEDPOLYGONALFACE((5540,5592,5460));
#10972=IFCINDEXEDPOLYGONALFACE((5486,5485,5593));
#10973=IFCINDEXEDPOLYGONALFACE((5486,5593,5487));
#10974=IFCINDEXEDPOLYGONALFACE((5487,5594,5434));
#10975=IFCINDEXEDPOLYGONALFACE((5488,5434,5594));
#10976=IFCINDEXEDPOLYGONALFACE((5595,5489,5523));
#10977=IFCINDEXEDPOLYGONALFACE((5541,5596,5542));
#10978=IFCINDEXEDPOLYGONALFACE((5597,5524,5525));
#10979=IFCINDEXEDPOLYGONALFACE((5598,5526,5547));
#10980=IFCINDEXEDPOLYGONALFACE((5578,5526,5599));
#10981=IFCINDEXEDPOLYGONALFACE((5599,5526,5598));
#10982=IFCINDEXEDPOLYGONALFACE((5548,5578,5599));
#10983=IFCINDEXEDPOLYGONALFACE((5600,5548,5599));
#10984=IFCINDEXEDPOLYGONALFACE((5600,5601,5548));
#10985=IFCINDEXEDPOLYGONALFACE((5497,5548,5601));
#10986=IFCINDEXEDPOLYGONALFACE((5497,5601,5549));
#10987=IFCINDEXEDPOLYGONALFACE((5551,5602,5552));
#10988=IFCINDEXEDPOLYGONALFACE((5552,5602,5579));
#10989=IFCINDEXEDPOLYGONALFACE((5553,5603,5554));
#10990=IFCINDEXEDPOLYGONALFACE((5580,5554,5603));
#10991=IFCINDEXEDPOLYGONALFACE((5555,5528,5581));
#10992=IFCINDEXEDPOLYGONALFACE((5581,5604,5555));
#10993=IFCINDEXEDPOLYGONALFACE((5501,5555,5604));
#10994=IFCINDEXEDPOLYGONALFACE((5604,5556,5501));
#10995=IFCINDEXEDPOLYGONALFACE((5605,5529,5556));
#10996=IFCINDEXEDPOLYGONALFACE((5529,5606,5502));
#10997=IFCINDEXEDPOLYGONALFACE((5503,5502,5606));
#10998=IFCINDEXEDPOLYGONALFACE((5606,5421,5503));
#10999=IFCINDEXEDPOLYGONALFACE((5606,5505,5421));
#11000=IFCINDEXEDPOLYGONALFACE((5504,5421,5505));
#11001=IFCINDEXEDPOLYGONALFACE((5558,5607,5531));
#11002=IFCINDEXEDPOLYGONALFACE((5532,5531,5607));
#11003=IFCINDEXEDPOLYGONALFACE((5446,5532,5582));
#11004=IFCINDEXEDPOLYGONALFACE((5582,5507,5533));
#11005=IFCINDEXEDPOLYGONALFACE((5398,5608,5559));
#11006=IFCINDEXEDPOLYGONALFACE((5609,5508,5559));
#11007=IFCINDEXEDPOLYGONALFACE((5609,5354,5508));
#11008=IFCINDEXEDPOLYGONALFACE((5354,5610,5447));
#11009=IFCINDEXEDPOLYGONALFACE((5610,5470,5447));
#11010=IFCINDEXEDPOLYGONALFACE((5471,5470,5611));
#11011=IFCINDEXEDPOLYGONALFACE((5509,5612,5560));
#11012=IFCINDEXEDPOLYGONALFACE((5583,5510,5613));
#11013=IFCINDEXEDPOLYGONALFACE((5583,5613,5562));
#11014=IFCINDEXEDPOLYGONALFACE((5614,5474,5585));
#11015=IFCINDEXEDPOLYGONALFACE((5563,5476,5615));
#11016=IFCINDEXEDPOLYGONALFACE((5616,5563,5615));
#11017=IFCINDEXEDPOLYGONALFACE((5617,5563,5616));
#11018=IFCINDEXEDPOLYGONALFACE((5563,5617,5513));
#11019=IFCINDEXEDPOLYGONALFACE((5534,5513,5617));
#11020=IFCINDEXEDPOLYGONALFACE((5534,5618,5514));
#11021=IFCINDEXEDPOLYGONALFACE((5514,5618,5564));
#11022=IFCINDEXEDPOLYGONALFACE((5517,5619,5536));
#11023=IFCINDEXEDPOLYGONALFACE((5620,5536,5619));
#11024=IFCINDEXEDPOLYGONALFACE((5536,5620,5566));
#11025=IFCINDEXEDPOLYGONALFACE((5566,5620,5538));
#11026=IFCINDEXEDPOLYGONALFACE((5538,5621,5519));
#11027=IFCINDEXEDPOLYGONALFACE((5519,5621,5520));
#11028=IFCINDEXEDPOLYGONALFACE((5567,5520,5622));
#11029=IFCINDEXEDPOLYGONALFACE((5567,5623,5568));
#11030=IFCINDEXEDPOLYGONALFACE((5569,5568,5623));
#11031=IFCINDEXEDPOLYGONALFACE((5588,5624,5458));
#11032=IFCINDEXEDPOLYGONALFACE((5458,5624,5589));
#11033=IFCINDEXEDPOLYGONALFACE((5625,5570,5539));
#11034=IFCINDEXEDPOLYGONALFACE((5571,5626,5521));
#11035=IFCINDEXEDPOLYGONALFACE((5627,5460,5592));
#11036=IFCINDEXEDPOLYGONALFACE((5460,5627,5485));
#11037=IFCINDEXEDPOLYGONALFACE((5485,5628,5593));
#11038=IFCINDEXEDPOLYGONALFACE((5629,5487,5593));
#11039=IFCINDEXEDPOLYGONALFACE((5594,5487,5629));
#11040=IFCINDEXEDPOLYGONALFACE((5488,5630,5523));
#11041=IFCINDEXEDPOLYGONALFACE((5631,5489,5595));
#11042=IFCINDEXEDPOLYGONALFACE((5631,5541,5489));
#11043=IFCINDEXEDPOLYGONALFACE((5542,5596,5525));
#11044=IFCINDEXEDPOLYGONALFACE((5597,5525,5596));
#11045=IFCINDEXEDPOLYGONALFACE((5544,5543,5632));
#11046=IFCINDEXEDPOLYGONALFACE((5574,5633,5545));
#11047=IFCINDEXEDPOLYGONALFACE((5545,5634,5576));
#11048=IFCINDEXEDPOLYGONALFACE((5576,5635,5546));
#11049=IFCINDEXEDPOLYGONALFACE((5577,5546,5635));
#11050=IFCINDEXEDPOLYGONALFACE((5577,5636,5547));
#11051=IFCINDEXEDPOLYGONALFACE((5598,5547,5636));
#11052=IFCINDEXEDPOLYGONALFACE((5601,5600,5549));
#11053=IFCINDEXEDPOLYGONALFACE((5604,5637,5556));
#11054=IFCINDEXEDPOLYGONALFACE((5506,5505,5557));
#11055=IFCINDEXEDPOLYGONALFACE((5558,5557,5638));
#11056=IFCINDEXEDPOLYGONALFACE((5558,5639,5607));
#11057=IFCINDEXEDPOLYGONALFACE((5469,5608,5398));
#11058=IFCINDEXEDPOLYGONALFACE((5610,5354,5609));
#11059=IFCINDEXEDPOLYGONALFACE((5611,5640,5471));
#11060=IFCINDEXEDPOLYGONALFACE((5641,5471,5640));
#11061=IFCINDEXEDPOLYGONALFACE((5471,5641,5509));
#11062=IFCINDEXEDPOLYGONALFACE((5612,5509,5641));
#11063=IFCINDEXEDPOLYGONALFACE((5584,5562,5613));
#11064=IFCINDEXEDPOLYGONALFACE((5474,5614,5475));
#11065=IFCINDEXEDPOLYGONALFACE((5476,5475,5614));
#11066=IFCINDEXEDPOLYGONALFACE((5618,5534,5617));
#11067=IFCINDEXEDPOLYGONALFACE((5564,5618,5586));
#11068=IFCINDEXEDPOLYGONALFACE((5642,5518,5587));
#11069=IFCINDEXEDPOLYGONALFACE((5643,5517,5642));
#11070=IFCINDEXEDPOLYGONALFACE((5517,5518,5642));
#11071=IFCINDEXEDPOLYGONALFACE((5619,5517,5643));
#11072=IFCINDEXEDPOLYGONALFACE((5621,5538,5620));
#11073=IFCINDEXEDPOLYGONALFACE((5520,5621,5644));
#11074=IFCINDEXEDPOLYGONALFACE((5520,5644,5622));
#11075=IFCINDEXEDPOLYGONALFACE((5567,5622,5645));
#11076=IFCINDEXEDPOLYGONALFACE((5645,5646,5567));
#11077=IFCINDEXEDPOLYGONALFACE((5646,5623,5567));
#11078=IFCINDEXEDPOLYGONALFACE((5647,5569,5623));
#11079=IFCINDEXEDPOLYGONALFACE((5569,5647,5588));
#11080=IFCINDEXEDPOLYGONALFACE((5571,5570,5625));
#11081=IFCINDEXEDPOLYGONALFACE((5590,5521,5626));
#11082=IFCINDEXEDPOLYGONALFACE((5590,5648,5572));
#11083=IFCINDEXEDPOLYGONALFACE((5572,5648,5591));
#11084=IFCINDEXEDPOLYGONALFACE((5592,5591,5649));
#11085=IFCINDEXEDPOLYGONALFACE((5591,5650,5649));
#11086=IFCINDEXEDPOLYGONALFACE((5649,5627,5592));
#11087=IFCINDEXEDPOLYGONALFACE((5627,5628,5485));
#11088=IFCINDEXEDPOLYGONALFACE((5488,5594,5651));
#11089=IFCINDEXEDPOLYGONALFACE((5632,5524,5652));
#11090=IFCINDEXEDPOLYGONALFACE((5543,5524,5632));
#11091=IFCINDEXEDPOLYGONALFACE((5544,5632,5573));
#11092=IFCINDEXEDPOLYGONALFACE((5574,5573,5653));
#11093=IFCINDEXEDPOLYGONALFACE((5653,5633,5574));
#11094=IFCINDEXEDPOLYGONALFACE((5633,5634,5545));
#11095=IFCINDEXEDPOLYGONALFACE((5576,5634,5635));
#11096=IFCINDEXEDPOLYGONALFACE((5654,5599,5598));
#11097=IFCINDEXEDPOLYGONALFACE((5600,5599,5654));
#11098=IFCINDEXEDPOLYGONALFACE((5655,5498,5549));
#11099=IFCINDEXEDPOLYGONALFACE((5551,5550,5656));
#11100=IFCINDEXEDPOLYGONALFACE((5551,5656,5602));
#11101=IFCINDEXEDPOLYGONALFACE((5602,5657,5579));
#11102=IFCINDEXEDPOLYGONALFACE((5658,5466,5579));
#11103=IFCINDEXEDPOLYGONALFACE((5603,5659,5580));
#11104=IFCINDEXEDPOLYGONALFACE((5581,5660,5604));
#11105=IFCINDEXEDPOLYGONALFACE((5604,5661,5637));
#11106=IFCINDEXEDPOLYGONALFACE((5662,5556,5637));
#11107=IFCINDEXEDPOLYGONALFACE((5505,5606,5663));
#11108=IFCINDEXEDPOLYGONALFACE((5505,5664,5557));
#11109=IFCINDEXEDPOLYGONALFACE((5639,5558,5638));
#11110=IFCINDEXEDPOLYGONALFACE((5665,5607,5639));
#11111=IFCINDEXEDPOLYGONALFACE((5607,5666,5532));
#11112=IFCINDEXEDPOLYGONALFACE((5582,5532,5666));
#11113=IFCINDEXEDPOLYGONALFACE((5507,5582,5469));
#11114=IFCINDEXEDPOLYGONALFACE((5667,5612,5641));
#11115=IFCINDEXEDPOLYGONALFACE((5510,5560,5668));
#11116=IFCINDEXEDPOLYGONALFACE((5612,5668,5560));
#11117=IFCINDEXEDPOLYGONALFACE((5668,5613,5510));
#11118=IFCINDEXEDPOLYGONALFACE((5614,5669,5476));
#11119=IFCINDEXEDPOLYGONALFACE((5670,5616,5615));
#11120=IFCINDEXEDPOLYGONALFACE((5616,5670,5671));
#11121=IFCINDEXEDPOLYGONALFACE((5616,5671,5617));
#11122=IFCINDEXEDPOLYGONALFACE((5671,5672,5617));
#11123=IFCINDEXEDPOLYGONALFACE((5618,5617,5672));
#11124=IFCINDEXEDPOLYGONALFACE((5673,5618,5672));
#11125=IFCINDEXEDPOLYGONALFACE((5618,5673,5586));
#11126=IFCINDEXEDPOLYGONALFACE((5621,5620,5674));
#11127=IFCINDEXEDPOLYGONALFACE((5621,5675,5644));
#11128=IFCINDEXEDPOLYGONALFACE((5676,5622,5644));
#11129=IFCINDEXEDPOLYGONALFACE((5645,5622,5677));
#11130=IFCINDEXEDPOLYGONALFACE((5676,5677,5622));
#11131=IFCINDEXEDPOLYGONALFACE((5646,5678,5623));
#11132=IFCINDEXEDPOLYGONALFACE((5647,5623,5678));
#11133=IFCINDEXEDPOLYGONALFACE((5647,5678,5588));
#11134=IFCINDEXEDPOLYGONALFACE((5624,5588,5678));
#11135=IFCINDEXEDPOLYGONALFACE((5625,5679,5571));
#11136=IFCINDEXEDPOLYGONALFACE((5680,5571,5679));
#11137=IFCINDEXEDPOLYGONALFACE((5680,5626,5571));
#11138=IFCINDEXEDPOLYGONALFACE((5681,5591,5648));
#11139=IFCINDEXEDPOLYGONALFACE((5591,5681,5650));
#11140=IFCINDEXEDPOLYGONALFACE((5682,5627,5649));
#11141=IFCINDEXEDPOLYGONALFACE((5682,5628,5627));
#11142=IFCINDEXEDPOLYGONALFACE((5594,5683,5684));
#11143=IFCINDEXEDPOLYGONALFACE((5684,5651,5594));
#11144=IFCINDEXEDPOLYGONALFACE((5651,5630,5488));
#11145=IFCINDEXEDPOLYGONALFACE((5630,5595,5523));
#11146=IFCINDEXEDPOLYGONALFACE((5631,5685,5541));
#11147=IFCINDEXEDPOLYGONALFACE((5686,5541,5685));
#11148=IFCINDEXEDPOLYGONALFACE((5541,5686,5596));
#11149=IFCINDEXEDPOLYGONALFACE((5687,5596,5686));
#11150=IFCINDEXEDPOLYGONALFACE((5597,5596,5687));
#11151=IFCINDEXEDPOLYGONALFACE((5652,5524,5597));
#11152=IFCINDEXEDPOLYGONALFACE((5573,5632,5653));
#11153=IFCINDEXEDPOLYGONALFACE((5598,5636,5688));
#11154=IFCINDEXEDPOLYGONALFACE((5549,5600,5655));
#11155=IFCINDEXEDPOLYGONALFACE((5689,5498,5655));
#11156=IFCINDEXEDPOLYGONALFACE((5498,5689,5550));
#11157=IFCINDEXEDPOLYGONALFACE((5656,5690,5602));
#11158=IFCINDEXEDPOLYGONALFACE((5691,5602,5690));
#11159=IFCINDEXEDPOLYGONALFACE((5660,5661,5604));
#11160=IFCINDEXEDPOLYGONALFACE((5661,5692,5637));
#11161=IFCINDEXEDPOLYGONALFACE((5692,5662,5637));
#11162=IFCINDEXEDPOLYGONALFACE((5605,5556,5693));
#11163=IFCINDEXEDPOLYGONALFACE((5662,5693,5556));
#11164=IFCINDEXEDPOLYGONALFACE((5694,5505,5663));
#11165=IFCINDEXEDPOLYGONALFACE((5505,5694,5664));
#11166=IFCINDEXEDPOLYGONALFACE((5557,5664,5638));
#11167=IFCINDEXEDPOLYGONALFACE((5469,5582,5695));
#11168=IFCINDEXEDPOLYGONALFACE((5608,5469,5695));
#11169=IFCINDEXEDPOLYGONALFACE((5559,5608,5696));
#11170=IFCINDEXEDPOLYGONALFACE((5696,5609,5559));
#11171=IFCINDEXEDPOLYGONALFACE((5697,5610,5609));
#11172=IFCINDEXEDPOLYGONALFACE((5668,5698,5613));
#11173=IFCINDEXEDPOLYGONALFACE((5585,5584,5698));
#11174=IFCINDEXEDPOLYGONALFACE((5613,5698,5584));
#11175=IFCINDEXEDPOLYGONALFACE((5669,5615,5476));
#11176=IFCINDEXEDPOLYGONALFACE((5586,5699,5565));
#11177=IFCINDEXEDPOLYGONALFACE((5699,5700,5565));
#11178=IFCINDEXEDPOLYGONALFACE((5565,5700,5587));
#11179=IFCINDEXEDPOLYGONALFACE((5587,5700,5642));
#11180=IFCINDEXEDPOLYGONALFACE((5701,5642,5700));
#11181=IFCINDEXEDPOLYGONALFACE((5619,5674,5620));
#11182=IFCINDEXEDPOLYGONALFACE((5702,5621,5674));
#11183=IFCINDEXEDPOLYGONALFACE((5702,5675,5621));
#11184=IFCINDEXEDPOLYGONALFACE((5675,5703,5644));
#11185=IFCINDEXEDPOLYGONALFACE((5645,5677,5704));
#11186=IFCINDEXEDPOLYGONALFACE((5646,5645,5704));
#11187=IFCINDEXEDPOLYGONALFACE((5704,5705,5646));
#11188=IFCINDEXEDPOLYGONALFACE((5705,5678,5646));
#11189=IFCINDEXEDPOLYGONALFACE((5706,5589,5624));
#11190=IFCINDEXEDPOLYGONALFACE((5539,5589,5706));
#11191=IFCINDEXEDPOLYGONALFACE((5650,5681,5649));
#11192=IFCINDEXEDPOLYGONALFACE((5707,5682,5649));
#11193=IFCINDEXEDPOLYGONALFACE((5708,5682,5707));
#11194=IFCINDEXEDPOLYGONALFACE((5628,5682,5708));
#11195=IFCINDEXEDPOLYGONALFACE((5593,5628,5708));
#11196=IFCINDEXEDPOLYGONALFACE((5708,5629,5593));
#11197=IFCINDEXEDPOLYGONALFACE((5683,5594,5629));
#11198=IFCINDEXEDPOLYGONALFACE((5683,5709,5684));
#11199=IFCINDEXEDPOLYGONALFACE((5684,5709,5651));
#11200=IFCINDEXEDPOLYGONALFACE((5710,5631,5595));
#11201=IFCINDEXEDPOLYGONALFACE((5631,5710,5685));
#11202=IFCINDEXEDPOLYGONALFACE((5711,5685,5710));
#11203=IFCINDEXEDPOLYGONALFACE((5685,5711,5686));
#11204=IFCINDEXEDPOLYGONALFACE((5711,5712,5686));
#11205=IFCINDEXEDPOLYGONALFACE((5598,5688,5654));
#11206=IFCINDEXEDPOLYGONALFACE((5550,5713,5656));
#11207=IFCINDEXEDPOLYGONALFACE((5690,5656,5713));
#11208=IFCINDEXEDPOLYGONALFACE((5691,5657,5602));
#11209=IFCINDEXEDPOLYGONALFACE((5579,5657,5658));
#11210=IFCINDEXEDPOLYGONALFACE((5714,5692,5661));
#11211=IFCINDEXEDPOLYGONALFACE((5606,5529,5605));
#11212=IFCINDEXEDPOLYGONALFACE((5605,5715,5606));
#11213=IFCINDEXEDPOLYGONALFACE((5606,5715,5663));
#11214=IFCINDEXEDPOLYGONALFACE((5639,5638,5716));
#11215=IFCINDEXEDPOLYGONALFACE((5717,5641,5640));
#11216=IFCINDEXEDPOLYGONALFACE((5641,5717,5667));
#11217=IFCINDEXEDPOLYGONALFACE((5612,5667,5668));
#11218=IFCINDEXEDPOLYGONALFACE((5718,5668,5667));
#11219=IFCINDEXEDPOLYGONALFACE((5719,5585,5698));
#11220=IFCINDEXEDPOLYGONALFACE((5585,5719,5614));
#11221=IFCINDEXEDPOLYGONALFACE((5720,5671,5670));
#11222=IFCINDEXEDPOLYGONALFACE((5673,5672,5720));
#11223=IFCINDEXEDPOLYGONALFACE((5671,5720,5672));
#11224=IFCINDEXEDPOLYGONALFACE((5673,5699,5586));
#11225=IFCINDEXEDPOLYGONALFACE((5643,5642,5701));
#11226=IFCINDEXEDPOLYGONALFACE((5643,5721,5619));
#11227=IFCINDEXEDPOLYGONALFACE((5722,5676,5723));
#11228=IFCINDEXEDPOLYGONALFACE((5644,5723,5676));
#11229=IFCINDEXEDPOLYGONALFACE((5676,5722,5677));
#11230=IFCINDEXEDPOLYGONALFACE((5724,5704,5677));
#11231=IFCINDEXEDPOLYGONALFACE((5704,5724,5705));
#11232=IFCINDEXEDPOLYGONALFACE((5678,5705,5725));
#11233=IFCINDEXEDPOLYGONALFACE((5678,5725,5624));
#11234=IFCINDEXEDPOLYGONALFACE((5706,5624,5725));
#11235=IFCINDEXEDPOLYGONALFACE((5680,5726,5626));
#11236=IFCINDEXEDPOLYGONALFACE((5590,5626,5726));
#11237=IFCINDEXEDPOLYGONALFACE((5727,5651,5709));
#11238=IFCINDEXEDPOLYGONALFACE((5630,5651,5727));
#11239=IFCINDEXEDPOLYGONALFACE((5710,5595,5728));
#11240=IFCINDEXEDPOLYGONALFACE((5710,5728,5711));
#11241=IFCINDEXEDPOLYGONALFACE((5712,5729,5686));
#11242=IFCINDEXEDPOLYGONALFACE((5686,5729,5687));
#11243=IFCINDEXEDPOLYGONALFACE((5687,5652,5597));
#11244=IFCINDEXEDPOLYGONALFACE((5633,5730,5634));
#11245=IFCINDEXEDPOLYGONALFACE((5577,5635,5731));
#11246=IFCINDEXEDPOLYGONALFACE((5577,5731,5636));
#11247=IFCINDEXEDPOLYGONALFACE((5732,5600,5654));
#11248=IFCINDEXEDPOLYGONALFACE((5600,5732,5655));
#11249=IFCINDEXEDPOLYGONALFACE((5690,5713,5733));
#11250=IFCINDEXEDPOLYGONALFACE((5733,5691,5690));
#11251=IFCINDEXEDPOLYGONALFACE((5657,5691,5734));
#11252=IFCINDEXEDPOLYGONALFACE((5735,5734,5691));
#11253=IFCINDEXEDPOLYGONALFACE((5736,5580,5659));
#11254=IFCINDEXEDPOLYGONALFACE((5737,5580,5738));
#11255=IFCINDEXEDPOLYGONALFACE((5580,5737,5581));
#11256=IFCINDEXEDPOLYGONALFACE((5581,5737,5660));
#11257=IFCINDEXEDPOLYGONALFACE((5660,5739,5661));
#11258=IFCINDEXEDPOLYGONALFACE((5714,5661,5739));
#11259=IFCINDEXEDPOLYGONALFACE((5663,5740,5694));
#11260=IFCINDEXEDPOLYGONALFACE((5694,5740,5664));
#11261=IFCINDEXEDPOLYGONALFACE((5664,5716,5638));
#11262=IFCINDEXEDPOLYGONALFACE((5665,5639,5716));
#11263=IFCINDEXEDPOLYGONALFACE((5665,5741,5607));
#11264=IFCINDEXEDPOLYGONALFACE((5607,5741,5666));
#11265=IFCINDEXEDPOLYGONALFACE((5666,5742,5582));
#11266=IFCINDEXEDPOLYGONALFACE((5695,5582,5742));
#11267=IFCINDEXEDPOLYGONALFACE((5743,5696,5608));
#11268=IFCINDEXEDPOLYGONALFACE((5470,5610,5611));
#11269=IFCINDEXEDPOLYGONALFACE((5718,5667,5717));
#11270=IFCINDEXEDPOLYGONALFACE((5744,5668,5745));
#11271=IFCINDEXEDPOLYGONALFACE((5744,5698,5668));
#11272=IFCINDEXEDPOLYGONALFACE((5669,5746,5615));
#11273=IFCINDEXEDPOLYGONALFACE((5670,5615,5746));
#11274=IFCINDEXEDPOLYGONALFACE((5699,5747,5700));
#11275=IFCINDEXEDPOLYGONALFACE((5721,5643,5701));
#11276=IFCINDEXEDPOLYGONALFACE((5619,5721,5674));
#11277=IFCINDEXEDPOLYGONALFACE((5748,5674,5721));
#11278=IFCINDEXEDPOLYGONALFACE((5749,5674,5748));
#11279=IFCINDEXEDPOLYGONALFACE((5674,5749,5702));
#11280=IFCINDEXEDPOLYGONALFACE((5750,5702,5749));
#11281=IFCINDEXEDPOLYGONALFACE((5750,5751,5702));
#11282=IFCINDEXEDPOLYGONALFACE((5702,5751,5675));
#11283=IFCINDEXEDPOLYGONALFACE((5675,5751,5703));
#11284=IFCINDEXEDPOLYGONALFACE((5644,5703,5723));
#11285=IFCINDEXEDPOLYGONALFACE((5677,5722,5724));
#11286=IFCINDEXEDPOLYGONALFACE((5724,5752,5705));
#11287=IFCINDEXEDPOLYGONALFACE((5725,5705,5752));
#11288=IFCINDEXEDPOLYGONALFACE((5625,5539,5706));
#11289=IFCINDEXEDPOLYGONALFACE((5679,5753,5680));
#11290=IFCINDEXEDPOLYGONALFACE((5753,5726,5680));
#11291=IFCINDEXEDPOLYGONALFACE((5726,5648,5590));
#11292=IFCINDEXEDPOLYGONALFACE((5648,5754,5681));
#11293=IFCINDEXEDPOLYGONALFACE((5681,5754,5649));
#11294=IFCINDEXEDPOLYGONALFACE((5649,5754,5755));
#11295=IFCINDEXEDPOLYGONALFACE((5649,5755,5707));
#11296=IFCINDEXEDPOLYGONALFACE((5756,5708,5707));
#11297=IFCINDEXEDPOLYGONALFACE((5757,5708,5756));
#11298=IFCINDEXEDPOLYGONALFACE((5708,5757,5629));
#11299=IFCINDEXEDPOLYGONALFACE((5758,5629,5757));
#11300=IFCINDEXEDPOLYGONALFACE((5683,5629,5758));
#11301=IFCINDEXEDPOLYGONALFACE((5759,5683,5758));
#11302=IFCINDEXEDPOLYGONALFACE((5759,5709,5683));
#11303=IFCINDEXEDPOLYGONALFACE((5760,5630,5727));
#11304=IFCINDEXEDPOLYGONALFACE((5712,5711,5729));
#11305=IFCINDEXEDPOLYGONALFACE((5761,5687,5762));
#11306=IFCINDEXEDPOLYGONALFACE((5762,5687,5729));
#11307=IFCINDEXEDPOLYGONALFACE((5687,5761,5652));
#11308=IFCINDEXEDPOLYGONALFACE((5763,5632,5652));
#11309=IFCINDEXEDPOLYGONALFACE((5764,5632,5763));
#11310=IFCINDEXEDPOLYGONALFACE((5653,5632,5765));
#11311=IFCINDEXEDPOLYGONALFACE((5765,5766,5653));
#11312=IFCINDEXEDPOLYGONALFACE((5653,5766,5633));
#11313=IFCINDEXEDPOLYGONALFACE((5767,5635,5730));
#11314=IFCINDEXEDPOLYGONALFACE((5635,5634,5730));
#11315=IFCINDEXEDPOLYGONALFACE((5731,5635,5767));
#11316=IFCINDEXEDPOLYGONALFACE((5731,5768,5636));
#11317=IFCINDEXEDPOLYGONALFACE((5688,5636,5768));
#11318=IFCINDEXEDPOLYGONALFACE((5654,5688,5768));
#11319=IFCINDEXEDPOLYGONALFACE((5768,5732,5654));
#11320=IFCINDEXEDPOLYGONALFACE((5689,5655,5769));
#11321=IFCINDEXEDPOLYGONALFACE((5733,5735,5691));
#11322=IFCINDEXEDPOLYGONALFACE((5735,5770,5734));
#11323=IFCINDEXEDPOLYGONALFACE((5658,5657,5734));
#11324=IFCINDEXEDPOLYGONALFACE((5771,5736,5659));
#11325=IFCINDEXEDPOLYGONALFACE((5580,5736,5738));
#11326=IFCINDEXEDPOLYGONALFACE((5737,5739,5660));
#11327=IFCINDEXEDPOLYGONALFACE((5772,5692,5714));
#11328=IFCINDEXEDPOLYGONALFACE((5773,5662,5692));
#11329=IFCINDEXEDPOLYGONALFACE((5715,5605,5774));
#11330=IFCINDEXEDPOLYGONALFACE((5715,5775,5663));
#11331=IFCINDEXEDPOLYGONALFACE((5740,5663,5775));
#11332=IFCINDEXEDPOLYGONALFACE((5664,5740,5716));
#11333=IFCINDEXEDPOLYGONALFACE((5665,5716,5741));
#11334=IFCINDEXEDPOLYGONALFACE((5776,5610,5697));
#11335=IFCINDEXEDPOLYGONALFACE((5610,5777,5611));
#11336=IFCINDEXEDPOLYGONALFACE((5640,5611,5777));
#11337=IFCINDEXEDPOLYGONALFACE((5718,5717,5778));
#11338=IFCINDEXEDPOLYGONALFACE((5718,5745,5668));
#11339=IFCINDEXEDPOLYGONALFACE((5720,5670,5746));
#11340=IFCINDEXEDPOLYGONALFACE((5747,5779,5700));
#11341=IFCINDEXEDPOLYGONALFACE((5700,5779,5701));
#11342=IFCINDEXEDPOLYGONALFACE((5780,5701,5779));
#11343=IFCINDEXEDPOLYGONALFACE((5749,5751,5750));
#11344=IFCINDEXEDPOLYGONALFACE((5781,5722,5723));
#11345=IFCINDEXEDPOLYGONALFACE((5782,5722,5781));
#11346=IFCINDEXEDPOLYGONALFACE((5722,5782,5724));
#11347=IFCINDEXEDPOLYGONALFACE((5752,5783,5725));
#11348=IFCINDEXEDPOLYGONALFACE((5648,5726,5784));
#11349=IFCINDEXEDPOLYGONALFACE((5648,5784,5754));
#11350=IFCINDEXEDPOLYGONALFACE((5707,5755,5785));
#11351=IFCINDEXEDPOLYGONALFACE((5707,5786,5756));
#11352=IFCINDEXEDPOLYGONALFACE((5759,5787,5709));
#11353=IFCINDEXEDPOLYGONALFACE((5788,5727,5709));
#11354=IFCINDEXEDPOLYGONALFACE((5728,5595,5789));
#11355=IFCINDEXEDPOLYGONALFACE((5789,5711,5728));
#11356=IFCINDEXEDPOLYGONALFACE((5789,5729,5711));
#11357=IFCINDEXEDPOLYGONALFACE((5790,5761,5791));
#11358=IFCINDEXEDPOLYGONALFACE((5762,5791,5761));
#11359=IFCINDEXEDPOLYGONALFACE((5790,5652,5761));
#11360=IFCINDEXEDPOLYGONALFACE((5764,5765,5632));
#11361=IFCINDEXEDPOLYGONALFACE((5792,5633,5766));
#11362=IFCINDEXEDPOLYGONALFACE((5689,5769,5550));
#11363=IFCINDEXEDPOLYGONALFACE((5713,5550,5769));
#11364=IFCINDEXEDPOLYGONALFACE((5733,5713,5793));
#11365=IFCINDEXEDPOLYGONALFACE((5735,5733,5793));
#11366=IFCINDEXEDPOLYGONALFACE((5735,5793,5770));
#11367=IFCINDEXEDPOLYGONALFACE((5734,5794,5658));
#11368=IFCINDEXEDPOLYGONALFACE((5714,5739,5795));
#11369=IFCINDEXEDPOLYGONALFACE((5795,5772,5714));
#11370=IFCINDEXEDPOLYGONALFACE((5772,5796,5692));
#11371=IFCINDEXEDPOLYGONALFACE((5693,5774,5605));
#11372=IFCINDEXEDPOLYGONALFACE((5797,5695,5742));
#11373=IFCINDEXEDPOLYGONALFACE((5695,5743,5608));
#11374=IFCINDEXEDPOLYGONALFACE((5696,5743,5798));
#11375=IFCINDEXEDPOLYGONALFACE((5696,5798,5609));
#11376=IFCINDEXEDPOLYGONALFACE((5798,5799,5609));
#11377=IFCINDEXEDPOLYGONALFACE((5609,5799,5697));
#11378=IFCINDEXEDPOLYGONALFACE((5697,5799,5776));
#11379=IFCINDEXEDPOLYGONALFACE((5610,5776,5777));
#11380=IFCINDEXEDPOLYGONALFACE((5800,5640,5777));
#11381=IFCINDEXEDPOLYGONALFACE((5717,5640,5801));
#11382=IFCINDEXEDPOLYGONALFACE((5778,5802,5718));
#11383=IFCINDEXEDPOLYGONALFACE((5802,5745,5718));
#11384=IFCINDEXEDPOLYGONALFACE((5744,5745,5803));
#11385=IFCINDEXEDPOLYGONALFACE((5803,5804,5744));
#11386=IFCINDEXEDPOLYGONALFACE((5698,5744,5804));
#11387=IFCINDEXEDPOLYGONALFACE((5719,5698,5804));
#11388=IFCINDEXEDPOLYGONALFACE((5805,5719,5806));
#11389=IFCINDEXEDPOLYGONALFACE((5805,5614,5719));
#11390=IFCINDEXEDPOLYGONALFACE((5614,5807,5669));
#11391=IFCINDEXEDPOLYGONALFACE((5669,5807,5746));
#11392=IFCINDEXEDPOLYGONALFACE((5746,5808,5720));
#11393=IFCINDEXEDPOLYGONALFACE((5809,5720,5808));
#11394=IFCINDEXEDPOLYGONALFACE((5720,5809,5673));
#11395=IFCINDEXEDPOLYGONALFACE((5810,5673,5809));
#11396=IFCINDEXEDPOLYGONALFACE((5673,5810,5699));
#11397=IFCINDEXEDPOLYGONALFACE((5747,5699,5810));
#11398=IFCINDEXEDPOLYGONALFACE((5811,5780,5812));
#11399=IFCINDEXEDPOLYGONALFACE((5780,5811,5701));
#11400=IFCINDEXEDPOLYGONALFACE((5701,5811,5721));
#11401=IFCINDEXEDPOLYGONALFACE((5813,5721,5811));
#11402=IFCINDEXEDPOLYGONALFACE((5814,5721,5813));
#11403=IFCINDEXEDPOLYGONALFACE((5814,5748,5721));
#11404=IFCINDEXEDPOLYGONALFACE((5749,5748,5815));
#11405=IFCINDEXEDPOLYGONALFACE((5816,5749,5815));
#11406=IFCINDEXEDPOLYGONALFACE((5751,5749,5817));
#11407=IFCINDEXEDPOLYGONALFACE((5816,5817,5749));
#11408=IFCINDEXEDPOLYGONALFACE((5751,5817,5703));
#11409=IFCINDEXEDPOLYGONALFACE((5781,5723,5817));
#11410=IFCINDEXEDPOLYGONALFACE((5703,5817,5723));
#11411=IFCINDEXEDPOLYGONALFACE((5783,5724,5782));
#11412=IFCINDEXEDPOLYGONALFACE((5724,5783,5752));
#11413=IFCINDEXEDPOLYGONALFACE((5818,5726,5753));
#11414=IFCINDEXEDPOLYGONALFACE((5784,5726,5818));
#11415=IFCINDEXEDPOLYGONALFACE((5819,5784,5818));
#11416=IFCINDEXEDPOLYGONALFACE((5820,5784,5819));
#11417=IFCINDEXEDPOLYGONALFACE((5784,5820,5754));
#11418=IFCINDEXEDPOLYGONALFACE((5821,5754,5820));
#11419=IFCINDEXEDPOLYGONALFACE((5755,5754,5821));
#11420=IFCINDEXEDPOLYGONALFACE((5707,5785,5786));
#11421=IFCINDEXEDPOLYGONALFACE((5822,5630,5760));
#11422=IFCINDEXEDPOLYGONALFACE((5822,5595,5630));
#11423=IFCINDEXEDPOLYGONALFACE((5789,5823,5729));
#11424=IFCINDEXEDPOLYGONALFACE((5823,5762,5729));
#11425=IFCINDEXEDPOLYGONALFACE((5824,5652,5790));
#11426=IFCINDEXEDPOLYGONALFACE((5824,5825,5652));
#11427=IFCINDEXEDPOLYGONALFACE((5652,5825,5763));
#11428=IFCINDEXEDPOLYGONALFACE((5826,5764,5763));
#11429=IFCINDEXEDPOLYGONALFACE((5633,5792,5730));
#11430=IFCINDEXEDPOLYGONALFACE((5731,5767,5827));
#11431=IFCINDEXEDPOLYGONALFACE((5768,5731,5828));
#11432=IFCINDEXEDPOLYGONALFACE((5829,5768,5828));
#11433=IFCINDEXEDPOLYGONALFACE((5768,5829,5732));
#11434=IFCINDEXEDPOLYGONALFACE((5830,5736,5771));
#11435=IFCINDEXEDPOLYGONALFACE((5738,5736,5830));
#11436=IFCINDEXEDPOLYGONALFACE((5737,5738,5831));
#11437=IFCINDEXEDPOLYGONALFACE((5832,5833,5739));
#11438=IFCINDEXEDPOLYGONALFACE((5833,5795,5739));
#11439=IFCINDEXEDPOLYGONALFACE((5796,5773,5692));
#11440=IFCINDEXEDPOLYGONALFACE((5662,5773,5834));
#11441=IFCINDEXEDPOLYGONALFACE((5774,5693,5835));
#11442=IFCINDEXEDPOLYGONALFACE((5740,5836,5716));
#11443=IFCINDEXEDPOLYGONALFACE((5716,5837,5741));
#11444=IFCINDEXEDPOLYGONALFACE((5837,5838,5741));
#11445=IFCINDEXEDPOLYGONALFACE((5801,5778,5717));
#11446=IFCINDEXEDPOLYGONALFACE((5803,5745,5839));
#11447=IFCINDEXEDPOLYGONALFACE((5803,5839,5804));
#11448=IFCINDEXEDPOLYGONALFACE((5806,5719,5804));
#11449=IFCINDEXEDPOLYGONALFACE((5807,5614,5805));
#11450=IFCINDEXEDPOLYGONALFACE((5840,5746,5807));
#11451=IFCINDEXEDPOLYGONALFACE((5746,5840,5808));
#11452=IFCINDEXEDPOLYGONALFACE((5810,5841,5747));
#11453=IFCINDEXEDPOLYGONALFACE((5841,5779,5747));
#11454=IFCINDEXEDPOLYGONALFACE((5814,5815,5748));
#11455=IFCINDEXEDPOLYGONALFACE((5815,5842,5816));
#11456=IFCINDEXEDPOLYGONALFACE((5843,5816,5842));
#11457=IFCINDEXEDPOLYGONALFACE((5843,5817,5816));
#11458=IFCINDEXEDPOLYGONALFACE((5844,5817,5843));
#11459=IFCINDEXEDPOLYGONALFACE((5845,5781,5844));
#11460=IFCINDEXEDPOLYGONALFACE((5817,5844,5781));
#11461=IFCINDEXEDPOLYGONALFACE((5781,5845,5782));
#11462=IFCINDEXEDPOLYGONALFACE((5846,5725,5783));
#11463=IFCINDEXEDPOLYGONALFACE((5846,5706,5725));
#11464=IFCINDEXEDPOLYGONALFACE((5625,5706,5847));
#11465=IFCINDEXEDPOLYGONALFACE((5625,5847,5679));
#11466=IFCINDEXEDPOLYGONALFACE((5848,5753,5679));
#11467=IFCINDEXEDPOLYGONALFACE((5786,5785,5849));
#11468=IFCINDEXEDPOLYGONALFACE((5755,5849,5785));
#11469=IFCINDEXEDPOLYGONALFACE((5786,5850,5756));
#11470=IFCINDEXEDPOLYGONALFACE((5788,5760,5727));
#11471=IFCINDEXEDPOLYGONALFACE((5791,5762,5851));
#11472=IFCINDEXEDPOLYGONALFACE((5851,5790,5791));
#11473=IFCINDEXEDPOLYGONALFACE((5827,5767,5730));
#11474=IFCINDEXEDPOLYGONALFACE((5852,5829,5853));
#11475=IFCINDEXEDPOLYGONALFACE((5829,5852,5732));
#11476=IFCINDEXEDPOLYGONALFACE((5732,5852,5655));
#11477=IFCINDEXEDPOLYGONALFACE((5854,5655,5852));
#11478=IFCINDEXEDPOLYGONALFACE((5655,5854,5769));
#11479=IFCINDEXEDPOLYGONALFACE((5793,5713,5855));
#11480=IFCINDEXEDPOLYGONALFACE((5856,5793,5855));
#11481=IFCINDEXEDPOLYGONALFACE((5770,5793,5856));
#11482=IFCINDEXEDPOLYGONALFACE((5856,5734,5770));
#11483=IFCINDEXEDPOLYGONALFACE((5734,5856,5794));
#11484=IFCINDEXEDPOLYGONALFACE((5830,5857,5738));
#11485=IFCINDEXEDPOLYGONALFACE((5832,5739,5737));
#11486=IFCINDEXEDPOLYGONALFACE((5796,5772,5795));
#11487=IFCINDEXEDPOLYGONALFACE((5740,5775,5858));
#11488=IFCINDEXEDPOLYGONALFACE((5858,5836,5740));
#11489=IFCINDEXEDPOLYGONALFACE((5716,5836,5837));
#11490=IFCINDEXEDPOLYGONALFACE((5741,5838,5859));
#11491=IFCINDEXEDPOLYGONALFACE((5666,5741,5859));
#11492=IFCINDEXEDPOLYGONALFACE((5666,5859,5742));
#11493=IFCINDEXEDPOLYGONALFACE((5742,5859,5797));
#11494=IFCINDEXEDPOLYGONALFACE((5695,5797,5860));
#11495=IFCINDEXEDPOLYGONALFACE((5743,5861,5798));
#11496=IFCINDEXEDPOLYGONALFACE((5640,5800,5801));
#11497=IFCINDEXEDPOLYGONALFACE((5745,5802,5862));
#11498=IFCINDEXEDPOLYGONALFACE((5863,5862,5802));
#11499=IFCINDEXEDPOLYGONALFACE((5864,5808,5840));
#11500=IFCINDEXEDPOLYGONALFACE((5808,5864,5809));
#11501=IFCINDEXEDPOLYGONALFACE((5810,5809,5864));
#11502=IFCINDEXEDPOLYGONALFACE((5810,5865,5841));
#11503=IFCINDEXEDPOLYGONALFACE((5779,5812,5780));
#11504=IFCINDEXEDPOLYGONALFACE((5812,5866,5811));
#11505=IFCINDEXEDPOLYGONALFACE((5813,5811,5866));
#11506=IFCINDEXEDPOLYGONALFACE((5815,5814,5867));
#11507=IFCINDEXEDPOLYGONALFACE((5867,5842,5815));
#11508=IFCINDEXEDPOLYGONALFACE((5844,5868,5845));
#11509=IFCINDEXEDPOLYGONALFACE((5782,5869,5783));
#11510=IFCINDEXEDPOLYGONALFACE((5783,5870,5846));
#11511=IFCINDEXEDPOLYGONALFACE((5679,5847,5848));
#11512=IFCINDEXEDPOLYGONALFACE((5818,5753,5871));
#11513=IFCINDEXEDPOLYGONALFACE((5818,5871,5819));
#11514=IFCINDEXEDPOLYGONALFACE((5849,5755,5821));
#11515=IFCINDEXEDPOLYGONALFACE((5757,5756,5850));
#11516=IFCINDEXEDPOLYGONALFACE((5872,5759,5873));
#11517=IFCINDEXEDPOLYGONALFACE((5758,5873,5759));
#11518=IFCINDEXEDPOLYGONALFACE((5872,5874,5759));
#11519=IFCINDEXEDPOLYGONALFACE((5787,5759,5874));
#11520=IFCINDEXEDPOLYGONALFACE((5789,5595,5822));
#11521=IFCINDEXEDPOLYGONALFACE((5825,5824,5875));
#11522=IFCINDEXEDPOLYGONALFACE((5876,5875,5824));
#11523=IFCINDEXEDPOLYGONALFACE((5825,5875,5763));
#11524=IFCINDEXEDPOLYGONALFACE((5826,5763,5875));
#11525=IFCINDEXEDPOLYGONALFACE((5826,5875,5764));
#11526=IFCINDEXEDPOLYGONALFACE((5765,5764,5877));
#11527=IFCINDEXEDPOLYGONALFACE((5764,5875,5877));
#11528=IFCINDEXEDPOLYGONALFACE((5765,5877,5766));
#11529=IFCINDEXEDPOLYGONALFACE((5792,5878,5730));
#11530=IFCINDEXEDPOLYGONALFACE((5730,5878,5827));
#11531=IFCINDEXEDPOLYGONALFACE((5827,5828,5731));
#11532=IFCINDEXEDPOLYGONALFACE((5853,5829,5828));
#11533=IFCINDEXEDPOLYGONALFACE((5855,5713,5769));
#11534=IFCINDEXEDPOLYGONALFACE((5830,5771,5857));
#11535=IFCINDEXEDPOLYGONALFACE((5738,5857,5879));
#11536=IFCINDEXEDPOLYGONALFACE((5831,5738,5879));
#11537=IFCINDEXEDPOLYGONALFACE((5831,5879,5737));
#11538=IFCINDEXEDPOLYGONALFACE((5880,5796,5795));
#11539=IFCINDEXEDPOLYGONALFACE((5881,5773,5880));
#11540=IFCINDEXEDPOLYGONALFACE((5880,5773,5796));
#11541=IFCINDEXEDPOLYGONALFACE((5882,5773,5881));
#11542=IFCINDEXEDPOLYGONALFACE((5883,5773,5882));
#11543=IFCINDEXEDPOLYGONALFACE((5883,5834,5773));
#11544=IFCINDEXEDPOLYGONALFACE((5662,5834,5884));
#11545=IFCINDEXEDPOLYGONALFACE((5693,5662,5884));
#11546=IFCINDEXEDPOLYGONALFACE((5774,5885,5715));
#11547=IFCINDEXEDPOLYGONALFACE((5885,5886,5715));
#11548=IFCINDEXEDPOLYGONALFACE((5775,5715,5886));
#11549=IFCINDEXEDPOLYGONALFACE((5775,5886,5858));
#11550=IFCINDEXEDPOLYGONALFACE((5797,5859,5887));
#11551=IFCINDEXEDPOLYGONALFACE((5743,5695,5860));
#11552=IFCINDEXEDPOLYGONALFACE((5778,5801,5863));
#11553=IFCINDEXEDPOLYGONALFACE((5802,5778,5863));
#11554=IFCINDEXEDPOLYGONALFACE((5839,5745,5862));
#11555=IFCINDEXEDPOLYGONALFACE((5839,5862,5804));
#11556=IFCINDEXEDPOLYGONALFACE((5888,5804,5862));
#11557=IFCINDEXEDPOLYGONALFACE((5804,5888,5806));
#11558=IFCINDEXEDPOLYGONALFACE((5805,5889,5807));
#11559=IFCINDEXEDPOLYGONALFACE((5889,5840,5807));
#11560=IFCINDEXEDPOLYGONALFACE((5865,5810,5890));
#11561=IFCINDEXEDPOLYGONALFACE((5864,5890,5810));
#11562=IFCINDEXEDPOLYGONALFACE((5891,5841,5865));
#11563=IFCINDEXEDPOLYGONALFACE((5841,5891,5779));
#11564=IFCINDEXEDPOLYGONALFACE((5812,5779,5891));
#11565=IFCINDEXEDPOLYGONALFACE((5814,5813,5867));
#11566=IFCINDEXEDPOLYGONALFACE((5842,5867,5892));
#11567=IFCINDEXEDPOLYGONALFACE((5892,5893,5842));
#11568=IFCINDEXEDPOLYGONALFACE((5843,5842,5893));
#11569=IFCINDEXEDPOLYGONALFACE((5894,5868,5844));
#11570=IFCINDEXEDPOLYGONALFACE((5845,5868,5895));
#11571=IFCINDEXEDPOLYGONALFACE((5894,5895,5868));
#11572=IFCINDEXEDPOLYGONALFACE((5845,5895,5782));
#11573=IFCINDEXEDPOLYGONALFACE((5869,5782,5895));
#11574=IFCINDEXEDPOLYGONALFACE((5846,5896,5706));
#11575=IFCINDEXEDPOLYGONALFACE((5847,5706,5896));
#11576=IFCINDEXEDPOLYGONALFACE((5753,5848,5871));
#11577=IFCINDEXEDPOLYGONALFACE((5897,5871,5848));
#11578=IFCINDEXEDPOLYGONALFACE((5820,5819,5898));
#11579=IFCINDEXEDPOLYGONALFACE((5821,5820,5898));
#11580=IFCINDEXEDPOLYGONALFACE((5898,5849,5821));
#11581=IFCINDEXEDPOLYGONALFACE((5849,5899,5786));
#11582=IFCINDEXEDPOLYGONALFACE((5786,5899,5850));
#11583=IFCINDEXEDPOLYGONALFACE((5900,5757,5850));
#11584=IFCINDEXEDPOLYGONALFACE((5758,5757,5873));
#11585=IFCINDEXEDPOLYGONALFACE((5872,5873,5901));
#11586=IFCINDEXEDPOLYGONALFACE((5787,5874,5902));
#11587=IFCINDEXEDPOLYGONALFACE((5709,5787,5902));
#11588=IFCINDEXEDPOLYGONALFACE((5788,5709,5902));
#11589=IFCINDEXEDPOLYGONALFACE((5903,5788,5902));
#11590=IFCINDEXEDPOLYGONALFACE((5788,5903,5760));
#11591=IFCINDEXEDPOLYGONALFACE((5760,5903,5822));
#11592=IFCINDEXEDPOLYGONALFACE((5789,5822,5904));
#11593=IFCINDEXEDPOLYGONALFACE((5823,5789,5904));
#11594=IFCINDEXEDPOLYGONALFACE((5904,5905,5823));
#11595=IFCINDEXEDPOLYGONALFACE((5823,5905,5762));
#11596=IFCINDEXEDPOLYGONALFACE((5905,5851,5762));
#11597=IFCINDEXEDPOLYGONALFACE((5790,5851,5876));
#11598=IFCINDEXEDPOLYGONALFACE((5790,5876,5824));
#11599=IFCINDEXEDPOLYGONALFACE((5766,5877,5906));
#11600=IFCINDEXEDPOLYGONALFACE((5792,5766,5906));
#11601=IFCINDEXEDPOLYGONALFACE((5827,5878,5828));
#11602=IFCINDEXEDPOLYGONALFACE((5907,5828,5878));
#11603=IFCINDEXEDPOLYGONALFACE((5853,5828,5907));
#11604=IFCINDEXEDPOLYGONALFACE((5856,5908,5794));
#11605=IFCINDEXEDPOLYGONALFACE((5909,5879,5857));
#11606=IFCINDEXEDPOLYGONALFACE((5737,5879,5910));
#11607=IFCINDEXEDPOLYGONALFACE((5832,5737,5910));
#11608=IFCINDEXEDPOLYGONALFACE((5795,5833,5880));
#11609=IFCINDEXEDPOLYGONALFACE((5884,5835,5693));
#11610=IFCINDEXEDPOLYGONALFACE((5837,5911,5838));
#11611=IFCINDEXEDPOLYGONALFACE((5859,5838,5911));
#11612=IFCINDEXEDPOLYGONALFACE((5912,5777,5776));
#11613=IFCINDEXEDPOLYGONALFACE((5913,5800,5777));
#11614=IFCINDEXEDPOLYGONALFACE((5800,5913,5801));
#11615=IFCINDEXEDPOLYGONALFACE((5914,5840,5889));
#11616=IFCINDEXEDPOLYGONALFACE((5864,5840,5914));
#11617=IFCINDEXEDPOLYGONALFACE((5915,5865,5916));
#11618=IFCINDEXEDPOLYGONALFACE((5890,5916,5865));
#11619=IFCINDEXEDPOLYGONALFACE((5917,5812,5891));
#11620=IFCINDEXEDPOLYGONALFACE((5866,5812,5917));
#11621=IFCINDEXEDPOLYGONALFACE((5918,5813,5866));
#11622=IFCINDEXEDPOLYGONALFACE((5813,5918,5867));
#11623=IFCINDEXEDPOLYGONALFACE((5894,5844,5843));
#11624=IFCINDEXEDPOLYGONALFACE((5869,5870,5783));
#11625=IFCINDEXEDPOLYGONALFACE((5919,5847,5896));
#11626=IFCINDEXEDPOLYGONALFACE((5871,5898,5819));
#11627=IFCINDEXEDPOLYGONALFACE((5757,5900,5873));
#11628=IFCINDEXEDPOLYGONALFACE((5872,5901,5874));
#11629=IFCINDEXEDPOLYGONALFACE((5876,5920,5875));
#11630=IFCINDEXEDPOLYGONALFACE((5877,5875,5920));
#11631=IFCINDEXEDPOLYGONALFACE((5792,5906,5921));
#11632=IFCINDEXEDPOLYGONALFACE((5852,5853,5922));
#11633=IFCINDEXEDPOLYGONALFACE((5854,5852,5922));
#11634=IFCINDEXEDPOLYGONALFACE((5769,5854,5923));
#11635=IFCINDEXEDPOLYGONALFACE((5923,5855,5769));
#11636=IFCINDEXEDPOLYGONALFACE((5908,5856,5855));
#11637=IFCINDEXEDPOLYGONALFACE((5910,5879,5924));
#11638=IFCINDEXEDPOLYGONALFACE((5910,5833,5832));
#11639=IFCINDEXEDPOLYGONALFACE((5881,5880,5925));
#11640=IFCINDEXEDPOLYGONALFACE((5882,5881,5925));
#11641=IFCINDEXEDPOLYGONALFACE((5882,5926,5883));
#11642=IFCINDEXEDPOLYGONALFACE((5927,5883,5926));
#11643=IFCINDEXEDPOLYGONALFACE((5834,5883,5927));
#11644=IFCINDEXEDPOLYGONALFACE((5884,5834,5927));
#11645=IFCINDEXEDPOLYGONALFACE((5885,5774,5928));
#11646=IFCINDEXEDPOLYGONALFACE((5835,5928,5774));
#11647=IFCINDEXEDPOLYGONALFACE((5837,5836,5911));
#11648=IFCINDEXEDPOLYGONALFACE((5860,5797,5887));
#11649=IFCINDEXEDPOLYGONALFACE((5929,5743,5860));
#11650=IFCINDEXEDPOLYGONALFACE((5861,5743,5929));
#11651=IFCINDEXEDPOLYGONALFACE((5930,5798,5861));
#11652=IFCINDEXEDPOLYGONALFACE((5798,5930,5799));
#11653=IFCINDEXEDPOLYGONALFACE((5777,5931,5913));
#11654=IFCINDEXEDPOLYGONALFACE((5932,5801,5913));
#11655=IFCINDEXEDPOLYGONALFACE((5863,5801,5932));
#11656=IFCINDEXEDPOLYGONALFACE((5862,5863,5933));
#11657=IFCINDEXEDPOLYGONALFACE((5933,5888,5862));
#11658=IFCINDEXEDPOLYGONALFACE((5805,5934,5889));
#11659=IFCINDEXEDPOLYGONALFACE((5890,5935,5916));
#11660=IFCINDEXEDPOLYGONALFACE((5936,5865,5915));
#11661=IFCINDEXEDPOLYGONALFACE((5865,5936,5891));
#11662=IFCINDEXEDPOLYGONALFACE((5937,5892,5867));
#11663=IFCINDEXEDPOLYGONALFACE((5892,5938,5893));
#11664=IFCINDEXEDPOLYGONALFACE((5938,5939,5893));
#11665=IFCINDEXEDPOLYGONALFACE((5939,5843,5893));
#11666=IFCINDEXEDPOLYGONALFACE((5940,5843,5939));
#11667=IFCINDEXEDPOLYGONALFACE((5843,5940,5894));
#11668=IFCINDEXEDPOLYGONALFACE((5870,5895,5940));
#11669=IFCINDEXEDPOLYGONALFACE((5894,5940,5895));
#11670=IFCINDEXEDPOLYGONALFACE((5895,5870,5869));
#11671=IFCINDEXEDPOLYGONALFACE((5847,5941,5848));
#11672=IFCINDEXEDPOLYGONALFACE((5942,5848,5941));
#11673=IFCINDEXEDPOLYGONALFACE((5942,5897,5848));
#11674=IFCINDEXEDPOLYGONALFACE((5897,5898,5871));
#11675=IFCINDEXEDPOLYGONALFACE((5849,5898,5943));
#11676=IFCINDEXEDPOLYGONALFACE((5849,5943,5899));
#11677=IFCINDEXEDPOLYGONALFACE((5943,5900,5899));
#11678=IFCINDEXEDPOLYGONALFACE((5850,5899,5900));
#11679=IFCINDEXEDPOLYGONALFACE((5944,5902,5874));
#11680=IFCINDEXEDPOLYGONALFACE((5851,5920,5876));
#11681=IFCINDEXEDPOLYGONALFACE((5877,5945,5906));
#11682=IFCINDEXEDPOLYGONALFACE((5946,5921,5906));
#11683=IFCINDEXEDPOLYGONALFACE((5921,5878,5792));
#11684=IFCINDEXEDPOLYGONALFACE((5907,5878,5947));
#11685=IFCINDEXEDPOLYGONALFACE((5947,5948,5907));
#11686=IFCINDEXEDPOLYGONALFACE((5853,5907,5948));
#11687=IFCINDEXEDPOLYGONALFACE((5949,5950,5853));
#11688=IFCINDEXEDPOLYGONALFACE((5950,5951,5853));
#11689=IFCINDEXEDPOLYGONALFACE((5951,5922,5853));
#11690=IFCINDEXEDPOLYGONALFACE((5854,5922,5923));
#11691=IFCINDEXEDPOLYGONALFACE((5923,5952,5855));
#11692=IFCINDEXEDPOLYGONALFACE((5908,5855,5952));
#11693=IFCINDEXEDPOLYGONALFACE((5952,5953,5908));
#11694=IFCINDEXEDPOLYGONALFACE((5794,5908,5954));
#11695=IFCINDEXEDPOLYGONALFACE((5953,5954,5908));
#11696=IFCINDEXEDPOLYGONALFACE((5771,5955,5857));
#11697=IFCINDEXEDPOLYGONALFACE((5956,5857,5955));
#11698=IFCINDEXEDPOLYGONALFACE((5909,5857,5957));
#11699=IFCINDEXEDPOLYGONALFACE((5957,5857,5956));
#11700=IFCINDEXEDPOLYGONALFACE((5910,5924,5958));
#11701=IFCINDEXEDPOLYGONALFACE((5833,5910,5959));
#11702=IFCINDEXEDPOLYGONALFACE((5833,5959,5960));
#11703=IFCINDEXEDPOLYGONALFACE((5833,5960,5880));
#11704=IFCINDEXEDPOLYGONALFACE((5925,5961,5882));
#11705=IFCINDEXEDPOLYGONALFACE((5884,5927,5926));
#11706=IFCINDEXEDPOLYGONALFACE((5886,5885,5962));
#11707=IFCINDEXEDPOLYGONALFACE((5886,5963,5858));
#11708=IFCINDEXEDPOLYGONALFACE((5858,5963,5836));
#11709=IFCINDEXEDPOLYGONALFACE((5963,5964,5836));
#11710=IFCINDEXEDPOLYGONALFACE((5964,5911,5836));
#11711=IFCINDEXEDPOLYGONALFACE((5859,5911,5887));
#11712=IFCINDEXEDPOLYGONALFACE((5860,5887,5965));
#11713=IFCINDEXEDPOLYGONALFACE((5966,5799,5930));
#11714=IFCINDEXEDPOLYGONALFACE((5799,5966,5776));
#11715=IFCINDEXEDPOLYGONALFACE((5931,5777,5912));
#11716=IFCINDEXEDPOLYGONALFACE((5863,5932,5967));
#11717=IFCINDEXEDPOLYGONALFACE((5888,5968,5806));
#11718=IFCINDEXEDPOLYGONALFACE((5805,5806,5934));
#11719=IFCINDEXEDPOLYGONALFACE((5889,5969,5914));
#11720=IFCINDEXEDPOLYGONALFACE((5864,5914,5970));
#11721=IFCINDEXEDPOLYGONALFACE((5864,5970,5890));
#11722=IFCINDEXEDPOLYGONALFACE((5890,5970,5935));
#11723=IFCINDEXEDPOLYGONALFACE((5916,5935,5915));
#11724=IFCINDEXEDPOLYGONALFACE((5891,5971,5917));
#11725=IFCINDEXEDPOLYGONALFACE((5971,5972,5917));
#11726=IFCINDEXEDPOLYGONALFACE((5917,5973,5866));
#11727=IFCINDEXEDPOLYGONALFACE((5974,5918,5973));
#11728=IFCINDEXEDPOLYGONALFACE((5866,5973,5918));
#11729=IFCINDEXEDPOLYGONALFACE((5918,5937,5867));
#11730=IFCINDEXEDPOLYGONALFACE((5975,5938,5892));
#11731=IFCINDEXEDPOLYGONALFACE((5919,5941,5847));
#11732=IFCINDEXEDPOLYGONALFACE((5942,5976,5897));
#11733=IFCINDEXEDPOLYGONALFACE((5977,5978,5897));
#11734=IFCINDEXEDPOLYGONALFACE((5978,5898,5897));
#11735=IFCINDEXEDPOLYGONALFACE((5901,5873,5979));
#11736=IFCINDEXEDPOLYGONALFACE((5901,5944,5874));
#11737=IFCINDEXEDPOLYGONALFACE((5944,5903,5902));
#11738=IFCINDEXEDPOLYGONALFACE((5822,5903,5980));
#11739=IFCINDEXEDPOLYGONALFACE((5905,5904,5981));
#11740=IFCINDEXEDPOLYGONALFACE((5851,5905,5981));
#11741=IFCINDEXEDPOLYGONALFACE((5851,5981,5920));
#11742=IFCINDEXEDPOLYGONALFACE((5877,5920,5982));
#11743=IFCINDEXEDPOLYGONALFACE((5906,5945,5946));
#11744=IFCINDEXEDPOLYGONALFACE((5921,5983,5878));
#11745=IFCINDEXEDPOLYGONALFACE((5984,5878,5983));
#11746=IFCINDEXEDPOLYGONALFACE((5984,5947,5878));
#11747=IFCINDEXEDPOLYGONALFACE((5957,5879,5909));
#11748=IFCINDEXEDPOLYGONALFACE((5924,5879,5985));
#11749=IFCINDEXEDPOLYGONALFACE((5910,5958,5959));
#11750=IFCINDEXEDPOLYGONALFACE((5961,5880,5960));
#11751=IFCINDEXEDPOLYGONALFACE((5880,5961,5925));
#11752=IFCINDEXEDPOLYGONALFACE((5961,5986,5882));
#11753=IFCINDEXEDPOLYGONALFACE((5926,5882,5986));
#11754=IFCINDEXEDPOLYGONALFACE((5926,5987,5884));
#11755=IFCINDEXEDPOLYGONALFACE((5988,5835,5884));
#11756=IFCINDEXEDPOLYGONALFACE((5988,5989,5835));
#11757=IFCINDEXEDPOLYGONALFACE((5835,5989,5928));
#11758=IFCINDEXEDPOLYGONALFACE((5965,5990,5860));
#11759=IFCINDEXEDPOLYGONALFACE((5860,5990,5929));
#11760=IFCINDEXEDPOLYGONALFACE((5930,5861,5929));
#11761=IFCINDEXEDPOLYGONALFACE((5930,5991,5966));
#11762=IFCINDEXEDPOLYGONALFACE((5776,5966,5912));
#11763=IFCINDEXEDPOLYGONALFACE((5932,5913,5967));
#11764=IFCINDEXEDPOLYGONALFACE((5933,5863,5967));
#11765=IFCINDEXEDPOLYGONALFACE((5968,5888,5933));
#11766=IFCINDEXEDPOLYGONALFACE((5992,5806,5968));
#11767=IFCINDEXEDPOLYGONALFACE((5806,5992,5934));
#11768=IFCINDEXEDPOLYGONALFACE((5969,5889,5934));
#11769=IFCINDEXEDPOLYGONALFACE((5914,5969,5993));
#11770=IFCINDEXEDPOLYGONALFACE((5993,5970,5914));
#11771=IFCINDEXEDPOLYGONALFACE((5935,5936,5915));
#11772=IFCINDEXEDPOLYGONALFACE((5971,5891,5936));
#11773=IFCINDEXEDPOLYGONALFACE((5994,5917,5972));
#11774=IFCINDEXEDPOLYGONALFACE((5994,5973,5917));
#11775=IFCINDEXEDPOLYGONALFACE((5918,5995,5937));
#11776=IFCINDEXEDPOLYGONALFACE((5996,5975,5892));
#11777=IFCINDEXEDPOLYGONALFACE((5997,5938,5975));
#11778=IFCINDEXEDPOLYGONALFACE((5938,5997,5939));
#11779=IFCINDEXEDPOLYGONALFACE((5939,5997,5940));
#11780=IFCINDEXEDPOLYGONALFACE((5940,5997,5870));
#11781=IFCINDEXEDPOLYGONALFACE((5976,5977,5897));
#11782=IFCINDEXEDPOLYGONALFACE((5898,5978,5998));
#11783=IFCINDEXEDPOLYGONALFACE((5898,5998,5943));
#11784=IFCINDEXEDPOLYGONALFACE((5999,5943,5998));
#11785=IFCINDEXEDPOLYGONALFACE((6000,5943,5999));
#11786=IFCINDEXEDPOLYGONALFACE((5943,6000,5900));
#11787=IFCINDEXEDPOLYGONALFACE((5979,5873,6001));
#11788=IFCINDEXEDPOLYGONALFACE((5901,5979,5944));
#11789=IFCINDEXEDPOLYGONALFACE((6002,5822,5980));
#11790=IFCINDEXEDPOLYGONALFACE((5904,5822,6002));
#11791=IFCINDEXEDPOLYGONALFACE((5981,5904,6002));
#11792=IFCINDEXEDPOLYGONALFACE((5945,5877,5982));
#11793=IFCINDEXEDPOLYGONALFACE((5984,5948,5947));
#11794=IFCINDEXEDPOLYGONALFACE((5853,5948,5949));
#11795=IFCINDEXEDPOLYGONALFACE((6003,5953,5952));
#11796=IFCINDEXEDPOLYGONALFACE((5958,6004,5959));
#11797=IFCINDEXEDPOLYGONALFACE((5960,5959,6005));
#11798=IFCINDEXEDPOLYGONALFACE((5960,6005,5961));
#11799=IFCINDEXEDPOLYGONALFACE((6005,5986,5961));
#11800=IFCINDEXEDPOLYGONALFACE((6006,5926,6007));
#11801=IFCINDEXEDPOLYGONALFACE((6007,5926,5986));
#11802=IFCINDEXEDPOLYGONALFACE((5987,5926,6006));
#11803=IFCINDEXEDPOLYGONALFACE((5928,5962,5885));
#11804=IFCINDEXEDPOLYGONALFACE((5886,5962,6008));
#11805=IFCINDEXEDPOLYGONALFACE((6008,5963,5886));
#11806=IFCINDEXEDPOLYGONALFACE((5991,5930,5929));
#11807=IFCINDEXEDPOLYGONALFACE((5913,5931,6009));
#11808=IFCINDEXEDPOLYGONALFACE((5993,6010,5970));
#11809=IFCINDEXEDPOLYGONALFACE((5970,6010,5935));
#11810=IFCINDEXEDPOLYGONALFACE((5995,5918,5974));
#11811=IFCINDEXEDPOLYGONALFACE((5995,6011,5937));
#11812=IFCINDEXEDPOLYGONALFACE((5937,6011,5892));
#11813=IFCINDEXEDPOLYGONALFACE((5892,6011,5996));
#11814=IFCINDEXEDPOLYGONALFACE((5975,6012,5997));
#11815=IFCINDEXEDPOLYGONALFACE((5846,6013,5896));
#11816=IFCINDEXEDPOLYGONALFACE((6014,5942,5941));
#11817=IFCINDEXEDPOLYGONALFACE((6015,5977,5976));
#11818=IFCINDEXEDPOLYGONALFACE((5978,5977,6015));
#11819=IFCINDEXEDPOLYGONALFACE((6001,5900,6000));
#11820=IFCINDEXEDPOLYGONALFACE((5900,6001,5873));
#11821=IFCINDEXEDPOLYGONALFACE((5944,6016,6017));
#11822=IFCINDEXEDPOLYGONALFACE((5903,5944,6017));
#11823=IFCINDEXEDPOLYGONALFACE((5980,5903,6017));
#11824=IFCINDEXEDPOLYGONALFACE((5981,6002,6018));
#11825=IFCINDEXEDPOLYGONALFACE((6018,6019,5981));
#11826=IFCINDEXEDPOLYGONALFACE((6019,6020,5981));
#11827=IFCINDEXEDPOLYGONALFACE((5920,5981,6020));
#11828=IFCINDEXEDPOLYGONALFACE((5920,6020,5982));
#11829=IFCINDEXEDPOLYGONALFACE((6021,5945,5982));
#11830=IFCINDEXEDPOLYGONALFACE((5983,5921,5946));
#11831=IFCINDEXEDPOLYGONALFACE((5984,6022,5948));
#11832=IFCINDEXEDPOLYGONALFACE((6022,5949,5948));
#11833=IFCINDEXEDPOLYGONALFACE((5922,5951,6023));
#11834=IFCINDEXEDPOLYGONALFACE((5922,6023,5923));
#11835=IFCINDEXEDPOLYGONALFACE((5923,6023,6024));
#11836=IFCINDEXEDPOLYGONALFACE((5985,5879,5957));
#11837=IFCINDEXEDPOLYGONALFACE((5924,5985,6025));
#11838=IFCINDEXEDPOLYGONALFACE((6025,6026,5924));
#11839=IFCINDEXEDPOLYGONALFACE((5924,6026,5958));
#11840=IFCINDEXEDPOLYGONALFACE((6026,6004,5958));
#11841=IFCINDEXEDPOLYGONALFACE((5959,6004,6027));
#11842=IFCINDEXEDPOLYGONALFACE((6028,5959,6027));
#11843=IFCINDEXEDPOLYGONALFACE((6005,5959,6028));
#11844=IFCINDEXEDPOLYGONALFACE((5986,6005,6029));
#11845=IFCINDEXEDPOLYGONALFACE((6029,6007,5986));
#11846=IFCINDEXEDPOLYGONALFACE((6006,6030,5987));
#11847=IFCINDEXEDPOLYGONALFACE((5987,6030,5884));
#11848=IFCINDEXEDPOLYGONALFACE((6030,5988,5884));
#11849=IFCINDEXEDPOLYGONALFACE((6008,5964,5963));
#11850=IFCINDEXEDPOLYGONALFACE((6031,5911,5964));
#11851=IFCINDEXEDPOLYGONALFACE((5887,5911,5965));
#11852=IFCINDEXEDPOLYGONALFACE((5967,5913,6009));
#11853=IFCINDEXEDPOLYGONALFACE((5933,5967,6032));
#11854=IFCINDEXEDPOLYGONALFACE((5968,6033,5992));
#11855=IFCINDEXEDPOLYGONALFACE((6034,5934,6035));
#11856=IFCINDEXEDPOLYGONALFACE((5992,6035,5934));
#11857=IFCINDEXEDPOLYGONALFACE((6036,5934,6034));
#11858=IFCINDEXEDPOLYGONALFACE((5934,6036,5969));
#11859=IFCINDEXEDPOLYGONALFACE((5993,5969,6036));
#11860=IFCINDEXEDPOLYGONALFACE((5935,6010,5936));
#11861=IFCINDEXEDPOLYGONALFACE((6037,5936,6010));
#11862=IFCINDEXEDPOLYGONALFACE((5936,6037,5971));
#11863=IFCINDEXEDPOLYGONALFACE((5971,6038,5972));
#11864=IFCINDEXEDPOLYGONALFACE((6039,5994,5972));
#11865=IFCINDEXEDPOLYGONALFACE((6040,5974,5973));
#11866=IFCINDEXEDPOLYGONALFACE((6040,6041,5974));
#11867=IFCINDEXEDPOLYGONALFACE((5996,6011,6042));
#11868=IFCINDEXEDPOLYGONALFACE((6012,5975,6042));
#11869=IFCINDEXEDPOLYGONALFACE((6042,5975,5996));
#11870=IFCINDEXEDPOLYGONALFACE((5997,6043,5870));
#11871=IFCINDEXEDPOLYGONALFACE((6013,5846,5870));
#11872=IFCINDEXEDPOLYGONALFACE((6044,5896,6013));
#11873=IFCINDEXEDPOLYGONALFACE((5919,5896,6044));
#11874=IFCINDEXEDPOLYGONALFACE((5919,6045,5941));
#11875=IFCINDEXEDPOLYGONALFACE((5976,5942,6014));
#11876=IFCINDEXEDPOLYGONALFACE((5978,6015,6046));
#11877=IFCINDEXEDPOLYGONALFACE((6047,5978,6046));
#11878=IFCINDEXEDPOLYGONALFACE((5978,6047,5998));
#11879=IFCINDEXEDPOLYGONALFACE((6047,6048,5998));
#11880=IFCINDEXEDPOLYGONALFACE((6048,6049,5998));
#11881=IFCINDEXEDPOLYGONALFACE((5979,6001,6050));
#11882=IFCINDEXEDPOLYGONALFACE((6050,5944,5979));
#11883=IFCINDEXEDPOLYGONALFACE((6016,5944,6051));
#11884=IFCINDEXEDPOLYGONALFACE((6002,5980,6052));
#11885=IFCINDEXEDPOLYGONALFACE((6018,6002,6052));
#11886=IFCINDEXEDPOLYGONALFACE((6053,6054,6020));
#11887=IFCINDEXEDPOLYGONALFACE((6020,6054,5982));
#11888=IFCINDEXEDPOLYGONALFACE((6054,6021,5982));
#11889=IFCINDEXEDPOLYGONALFACE((6055,5945,6021));
#11890=IFCINDEXEDPOLYGONALFACE((6055,5946,5945));
#11891=IFCINDEXEDPOLYGONALFACE((6056,5949,6022));
#11892=IFCINDEXEDPOLYGONALFACE((5951,5950,6057));
#11893=IFCINDEXEDPOLYGONALFACE((6058,6024,6023));
#11894=IFCINDEXEDPOLYGONALFACE((6059,6003,5952));
#11895=IFCINDEXEDPOLYGONALFACE((6060,5953,6003));
#11896=IFCINDEXEDPOLYGONALFACE((6060,5954,5953));
#11897=IFCINDEXEDPOLYGONALFACE((5955,6061,5956));
#11898=IFCINDEXEDPOLYGONALFACE((6062,5956,6061));
#11899=IFCINDEXEDPOLYGONALFACE((5957,5956,6063));
#11900=IFCINDEXEDPOLYGONALFACE((6062,6063,5956));
#11901=IFCINDEXEDPOLYGONALFACE((5957,6063,5985));
#11902=IFCINDEXEDPOLYGONALFACE((6025,5985,6063));
#11903=IFCINDEXEDPOLYGONALFACE((6026,6025,6064));
#11904=IFCINDEXEDPOLYGONALFACE((6064,6004,6026));
#11905=IFCINDEXEDPOLYGONALFACE((6029,6005,6028));
#11906=IFCINDEXEDPOLYGONALFACE((5989,6065,5928));
#11907=IFCINDEXEDPOLYGONALFACE((5965,5911,6031));
#11908=IFCINDEXEDPOLYGONALFACE((5931,5912,6066));
#11909=IFCINDEXEDPOLYGONALFACE((6067,5967,6009));
#11910=IFCINDEXEDPOLYGONALFACE((6067,6032,5967));
#11911=IFCINDEXEDPOLYGONALFACE((6068,5933,6032));
#11912=IFCINDEXEDPOLYGONALFACE((6033,5968,6068));
#11913=IFCINDEXEDPOLYGONALFACE((5933,6068,5968));
#11914=IFCINDEXEDPOLYGONALFACE((5993,6069,6010));
#11915=IFCINDEXEDPOLYGONALFACE((6070,5971,6037));
#11916=IFCINDEXEDPOLYGONALFACE((6038,5971,6070));
#11917=IFCINDEXEDPOLYGONALFACE((6038,6039,5972));
#11918=IFCINDEXEDPOLYGONALFACE((5994,6039,6071));
#11919=IFCINDEXEDPOLYGONALFACE((6071,5973,5994));
#11920=IFCINDEXEDPOLYGONALFACE((6072,5995,5974));
#11921=IFCINDEXEDPOLYGONALFACE((6073,6011,5995));
#11922=IFCINDEXEDPOLYGONALFACE((6074,6042,6073));
#11923=IFCINDEXEDPOLYGONALFACE((6011,6073,6042));
#11924=IFCINDEXEDPOLYGONALFACE((5997,6012,6043));
#11925=IFCINDEXEDPOLYGONALFACE((6075,5976,6014));
#11926=IFCINDEXEDPOLYGONALFACE((5976,6075,6015));
#11927=IFCINDEXEDPOLYGONALFACE((6076,6015,6075));
#11928=IFCINDEXEDPOLYGONALFACE((6077,6015,6076));
#11929=IFCINDEXEDPOLYGONALFACE((6046,6015,6078));
#11930=IFCINDEXEDPOLYGONALFACE((6077,6078,6015));
#11931=IFCINDEXEDPOLYGONALFACE((6078,6079,6046));
#11932=IFCINDEXEDPOLYGONALFACE((6047,6046,6079));
#11933=IFCINDEXEDPOLYGONALFACE((6048,6047,6079));
#11934=IFCINDEXEDPOLYGONALFACE((5998,6049,6080));
#11935=IFCINDEXEDPOLYGONALFACE((6080,5999,5998));
#11936=IFCINDEXEDPOLYGONALFACE((6000,6081,6001));
#11937=IFCINDEXEDPOLYGONALFACE((6050,6051,5944));
#11938=IFCINDEXEDPOLYGONALFACE((6016,6082,6017));
#11939=IFCINDEXEDPOLYGONALFACE((6052,6083,6018));
#11940=IFCINDEXEDPOLYGONALFACE((6018,6083,6019));
#11941=IFCINDEXEDPOLYGONALFACE((6083,6084,6019));
#11942=IFCINDEXEDPOLYGONALFACE((6020,6019,6085));
#11943=IFCINDEXEDPOLYGONALFACE((6019,6084,6085));
#11944=IFCINDEXEDPOLYGONALFACE((6020,6085,6053));
#11945=IFCINDEXEDPOLYGONALFACE((6055,6086,5946));
#11946=IFCINDEXEDPOLYGONALFACE((5983,5946,6086));
#11947=IFCINDEXEDPOLYGONALFACE((5949,6056,5950));
#11948=IFCINDEXEDPOLYGONALFACE((6056,6057,5950));
#11949=IFCINDEXEDPOLYGONALFACE((6087,5951,6057));
#11950=IFCINDEXEDPOLYGONALFACE((6023,5951,6087));
#11951=IFCINDEXEDPOLYGONALFACE((6087,6058,6023));
#11952=IFCINDEXEDPOLYGONALFACE((5923,6024,6088));
#11953=IFCINDEXEDPOLYGONALFACE((6088,6059,5923));
#11954=IFCINDEXEDPOLYGONALFACE((5952,5923,6059));
#11955=IFCINDEXEDPOLYGONALFACE((6063,6089,6025));
#11956=IFCINDEXEDPOLYGONALFACE((6089,6064,6025));
#11957=IFCINDEXEDPOLYGONALFACE((6090,6004,6064));
#11958=IFCINDEXEDPOLYGONALFACE((6004,6090,6027));
#11959=IFCINDEXEDPOLYGONALFACE((6007,6029,6091));
#11960=IFCINDEXEDPOLYGONALFACE((6007,6091,6006));
#11961=IFCINDEXEDPOLYGONALFACE((5962,5928,6092));
#11962=IFCINDEXEDPOLYGONALFACE((6065,6092,5928));
#11963=IFCINDEXEDPOLYGONALFACE((6008,5962,6092));
#11964=IFCINDEXEDPOLYGONALFACE((6008,6092,5964));
#11965=IFCINDEXEDPOLYGONALFACE((6093,5964,6092));
#11966=IFCINDEXEDPOLYGONALFACE((6093,6031,5964));
#11967=IFCINDEXEDPOLYGONALFACE((6094,5929,5990));
#11968=IFCINDEXEDPOLYGONALFACE((5929,6094,5991));
#11969=IFCINDEXEDPOLYGONALFACE((5991,6095,5966));
#11970=IFCINDEXEDPOLYGONALFACE((5966,6066,5912));
#11971=IFCINDEXEDPOLYGONALFACE((6009,5931,6096));
#11972=IFCINDEXEDPOLYGONALFACE((6033,6097,5992));
#11973=IFCINDEXEDPOLYGONALFACE((5992,6097,6035));
#11974=IFCINDEXEDPOLYGONALFACE((6034,6035,6036));
#11975=IFCINDEXEDPOLYGONALFACE((6069,5993,6036));
#11976=IFCINDEXEDPOLYGONALFACE((6098,6039,6038));
#11977=IFCINDEXEDPOLYGONALFACE((6099,5973,6071));
#11978=IFCINDEXEDPOLYGONALFACE((6099,6040,5973));
#11979=IFCINDEXEDPOLYGONALFACE((6100,5974,6041));
#11980=IFCINDEXEDPOLYGONALFACE((5974,6100,6072));
#11981=IFCINDEXEDPOLYGONALFACE((6072,6101,5995));
#11982=IFCINDEXEDPOLYGONALFACE((6073,5995,6101));
#11983=IFCINDEXEDPOLYGONALFACE((6074,6102,6042));
#11984=IFCINDEXEDPOLYGONALFACE((6042,6102,6012));
#11985=IFCINDEXEDPOLYGONALFACE((6043,6012,6102));
#11986=IFCINDEXEDPOLYGONALFACE((6103,5870,6043));
#11987=IFCINDEXEDPOLYGONALFACE((5870,6103,6013));
#11988=IFCINDEXEDPOLYGONALFACE((5919,6104,6045));
#11989=IFCINDEXEDPOLYGONALFACE((6014,5941,6045));
#11990=IFCINDEXEDPOLYGONALFACE((6076,6105,6077));
#11991=IFCINDEXEDPOLYGONALFACE((6079,6078,6106));
#11992=IFCINDEXEDPOLYGONALFACE((6077,6106,6078));
#11993=IFCINDEXEDPOLYGONALFACE((6048,6079,6106));
#11994=IFCINDEXEDPOLYGONALFACE((6106,6107,6048));
#11995=IFCINDEXEDPOLYGONALFACE((6048,6107,6049));
#11996=IFCINDEXEDPOLYGONALFACE((6049,6107,6080));
#11997=IFCINDEXEDPOLYGONALFACE((5999,6108,6000));
#11998=IFCINDEXEDPOLYGONALFACE((6001,6081,6050));
#11999=IFCINDEXEDPOLYGONALFACE((6051,6050,6109));
#12000=IFCINDEXEDPOLYGONALFACE((6016,6051,6110));
#12001=IFCINDEXEDPOLYGONALFACE((6111,6017,6082));
#12002=IFCINDEXEDPOLYGONALFACE((6112,6085,6084));
#12003=IFCINDEXEDPOLYGONALFACE((6113,6085,6112));
#12004=IFCINDEXEDPOLYGONALFACE((6113,6114,6085));
#12005=IFCINDEXEDPOLYGONALFACE((6053,6085,6114));
#12006=IFCINDEXEDPOLYGONALFACE((6114,6115,6053));
#12007=IFCINDEXEDPOLYGONALFACE((6115,6116,6053));
#12008=IFCINDEXEDPOLYGONALFACE((6116,6054,6053));
#12009=IFCINDEXEDPOLYGONALFACE((6054,6117,6021));
#12010=IFCINDEXEDPOLYGONALFACE((6021,6118,6055));
#12011=IFCINDEXEDPOLYGONALFACE((6119,5983,6086));
#12012=IFCINDEXEDPOLYGONALFACE((6120,6057,6056));
#12013=IFCINDEXEDPOLYGONALFACE((6121,6087,6057));
#12014=IFCINDEXEDPOLYGONALFACE((6058,6087,6122));
#12015=IFCINDEXEDPOLYGONALFACE((6059,6123,6003));
#12016=IFCINDEXEDPOLYGONALFACE((6060,6003,6123));
#12017=IFCINDEXEDPOLYGONALFACE((5954,6060,6123));
#12018=IFCINDEXEDPOLYGONALFACE((6061,6124,6062));
#12019=IFCINDEXEDPOLYGONALFACE((6125,6063,6124));
#12020=IFCINDEXEDPOLYGONALFACE((6062,6124,6063));
#12021=IFCINDEXEDPOLYGONALFACE((6063,6125,6089));
#12022=IFCINDEXEDPOLYGONALFACE((6126,6064,6089));
#12023=IFCINDEXEDPOLYGONALFACE((6064,6126,6090));
#12024=IFCINDEXEDPOLYGONALFACE((6027,6090,6127));
#12025=IFCINDEXEDPOLYGONALFACE((6127,6028,6027));
#12026=IFCINDEXEDPOLYGONALFACE((6128,6006,6091));
#12027=IFCINDEXEDPOLYGONALFACE((6006,6128,6030));
#12028=IFCINDEXEDPOLYGONALFACE((5965,6031,6129));
#12029=IFCINDEXEDPOLYGONALFACE((6129,6130,5965));
#12030=IFCINDEXEDPOLYGONALFACE((6130,5990,5965));
#12031=IFCINDEXEDPOLYGONALFACE((6131,5991,6094));
#12032=IFCINDEXEDPOLYGONALFACE((6095,5991,6131));
#12033=IFCINDEXEDPOLYGONALFACE((6066,5966,6095));
#12034=IFCINDEXEDPOLYGONALFACE((6132,6067,6009));
#12035=IFCINDEXEDPOLYGONALFACE((6068,6133,6033));
#12036=IFCINDEXEDPOLYGONALFACE((6036,6134,6069));
#12037=IFCINDEXEDPOLYGONALFACE((6135,6010,6069));
#12038=IFCINDEXEDPOLYGONALFACE((6010,6135,6037));
#12039=IFCINDEXEDPOLYGONALFACE((6039,6098,6136));
#12040=IFCINDEXEDPOLYGONALFACE((6136,6071,6039));
#12041=IFCINDEXEDPOLYGONALFACE((6100,6041,6137));
#12042=IFCINDEXEDPOLYGONALFACE((6074,6073,6138));
#12043=IFCINDEXEDPOLYGONALFACE((6139,6043,6102));
#12044=IFCINDEXEDPOLYGONALFACE((6044,6013,6140));
#12045=IFCINDEXEDPOLYGONALFACE((6104,5919,6044));
#12046=IFCINDEXEDPOLYGONALFACE((6014,6141,6075));
#12047=IFCINDEXEDPOLYGONALFACE((6077,6105,6142));
#12048=IFCINDEXEDPOLYGONALFACE((6142,6143,6077));
#12049=IFCINDEXEDPOLYGONALFACE((6077,6143,6106));
#12050=IFCINDEXEDPOLYGONALFACE((6144,6106,6143));
#12051=IFCINDEXEDPOLYGONALFACE((6107,6106,6144));
#12052=IFCINDEXEDPOLYGONALFACE((6144,6145,6107));
#12053=IFCINDEXEDPOLYGONALFACE((6107,6145,6080));
#12054=IFCINDEXEDPOLYGONALFACE((5999,6080,6145));
#12055=IFCINDEXEDPOLYGONALFACE((6000,6108,6081));
#12056=IFCINDEXEDPOLYGONALFACE((6146,6110,6051));
#12057=IFCINDEXEDPOLYGONALFACE((6110,6147,6016));
#12058=IFCINDEXEDPOLYGONALFACE((6147,6082,6016));
#12059=IFCINDEXEDPOLYGONALFACE((6148,6111,6147));
#12060=IFCINDEXEDPOLYGONALFACE((6082,6147,6111));
#12061=IFCINDEXEDPOLYGONALFACE((6149,6017,6111));
#12062=IFCINDEXEDPOLYGONALFACE((5980,6017,6149));
#12063=IFCINDEXEDPOLYGONALFACE((6083,6052,6150));
#12064=IFCINDEXEDPOLYGONALFACE((6151,6083,6150));
#12065=IFCINDEXEDPOLYGONALFACE((6083,6151,6084));
#12066=IFCINDEXEDPOLYGONALFACE((6152,6084,6151));
#12067=IFCINDEXEDPOLYGONALFACE((6084,6152,6112));
#12068=IFCINDEXEDPOLYGONALFACE((6112,6152,6113));
#12069=IFCINDEXEDPOLYGONALFACE((6114,6113,6153));
#12070=IFCINDEXEDPOLYGONALFACE((6152,6153,6113));
#12071=IFCINDEXEDPOLYGONALFACE((6115,6114,6154));
#12072=IFCINDEXEDPOLYGONALFACE((6154,6114,6153));
#12073=IFCINDEXEDPOLYGONALFACE((6116,6117,6054));
#12074=IFCINDEXEDPOLYGONALFACE((6021,6117,6118));
#12075=IFCINDEXEDPOLYGONALFACE((6055,6118,6155));
#12076=IFCINDEXEDPOLYGONALFACE((5984,5983,6156));
#12077=IFCINDEXEDPOLYGONALFACE((6022,5984,6156));
#12078=IFCINDEXEDPOLYGONALFACE((6156,6157,6022));
#12079=IFCINDEXEDPOLYGONALFACE((6157,6056,6022));
#12080=IFCINDEXEDPOLYGONALFACE((6120,6158,6057));
#12081=IFCINDEXEDPOLYGONALFACE((6158,6159,6057));
#12082=IFCINDEXEDPOLYGONALFACE((6159,6121,6057));
#12083=IFCINDEXEDPOLYGONALFACE((6024,6058,6160));
#12084=IFCINDEXEDPOLYGONALFACE((6127,6090,6126));
#12085=IFCINDEXEDPOLYGONALFACE((5988,6030,6161));
#12086=IFCINDEXEDPOLYGONALFACE((6162,6065,5989));
#12087=IFCINDEXEDPOLYGONALFACE((6065,6163,6092));
#12088=IFCINDEXEDPOLYGONALFACE((6093,6092,6163));
#12089=IFCINDEXEDPOLYGONALFACE((6093,6129,6031));
#12090=IFCINDEXEDPOLYGONALFACE((6132,6009,6164));
#12091=IFCINDEXEDPOLYGONALFACE((6096,6164,6009));
#12092=IFCINDEXEDPOLYGONALFACE((6165,6068,6032));
#12093=IFCINDEXEDPOLYGONALFACE((6068,6165,6133));
#12094=IFCINDEXEDPOLYGONALFACE((6033,6133,6097));
#12095=IFCINDEXEDPOLYGONALFACE((6035,6097,6166));
#12096=IFCINDEXEDPOLYGONALFACE((6166,6134,6035));
#12097=IFCINDEXEDPOLYGONALFACE((6036,6035,6134));
#12098=IFCINDEXEDPOLYGONALFACE((6135,6070,6037));
#12099=IFCINDEXEDPOLYGONALFACE((6038,6070,6167));
#12100=IFCINDEXEDPOLYGONALFACE((6038,6167,6098));
#12101=IFCINDEXEDPOLYGONALFACE((6168,6071,6136));
#12102=IFCINDEXEDPOLYGONALFACE((6071,6168,6099));
#12103=IFCINDEXEDPOLYGONALFACE((6041,6040,6137));
#12104=IFCINDEXEDPOLYGONALFACE((6169,6074,6138));
#12105=IFCINDEXEDPOLYGONALFACE((6102,6074,6169));
#12106=IFCINDEXEDPOLYGONALFACE((6169,6139,6102));
#12107=IFCINDEXEDPOLYGONALFACE((6139,6170,6043));
#12108=IFCINDEXEDPOLYGONALFACE((6170,6103,6043));
#12109=IFCINDEXEDPOLYGONALFACE((6140,6013,6103));
#12110=IFCINDEXEDPOLYGONALFACE((6171,6076,6075));
#12111=IFCINDEXEDPOLYGONALFACE((6172,6076,6171));
#12112=IFCINDEXEDPOLYGONALFACE((6105,6076,6173));
#12113=IFCINDEXEDPOLYGONALFACE((6172,6173,6076));
#12114=IFCINDEXEDPOLYGONALFACE((6105,6173,6142));
#12115=IFCINDEXEDPOLYGONALFACE((6142,6174,6143));
#12116=IFCINDEXEDPOLYGONALFACE((6174,6144,6143));
#12117=IFCINDEXEDPOLYGONALFACE((6145,6144,6175));
#12118=IFCINDEXEDPOLYGONALFACE((5999,6145,6175));
#12119=IFCINDEXEDPOLYGONALFACE((6108,5999,6175));
#12120=IFCINDEXEDPOLYGONALFACE((6050,6081,6176));
#12121=IFCINDEXEDPOLYGONALFACE((6177,6050,6176));
#12122=IFCINDEXEDPOLYGONALFACE((6177,6178,6050));
#12123=IFCINDEXEDPOLYGONALFACE((6109,6050,6178));
#12124=IFCINDEXEDPOLYGONALFACE((6051,6109,6146));
#12125=IFCINDEXEDPOLYGONALFACE((6111,6148,6149));
#12126=IFCINDEXEDPOLYGONALFACE((6052,5980,6150));
#12127=IFCINDEXEDPOLYGONALFACE((6151,6150,6179));
#12128=IFCINDEXEDPOLYGONALFACE((6179,6180,6151));
#12129=IFCINDEXEDPOLYGONALFACE((6152,6151,6180));
#12130=IFCINDEXEDPOLYGONALFACE((6180,6153,6152));
#12131=IFCINDEXEDPOLYGONALFACE((6115,6154,6181));
#12132=IFCINDEXEDPOLYGONALFACE((6181,6116,6115));
#12133=IFCINDEXEDPOLYGONALFACE((6086,6182,6119));
#12134=IFCINDEXEDPOLYGONALFACE((6156,5983,6119));
#12135=IFCINDEXEDPOLYGONALFACE((6157,6183,6056));
#12136=IFCINDEXEDPOLYGONALFACE((6183,6120,6056));
#12137=IFCINDEXEDPOLYGONALFACE((6120,6184,6158));
#12138=IFCINDEXEDPOLYGONALFACE((6121,6159,6185));
#12139=IFCINDEXEDPOLYGONALFACE((6121,6185,6087));
#12140=IFCINDEXEDPOLYGONALFACE((6186,6087,6185));
#12141=IFCINDEXEDPOLYGONALFACE((6087,6186,6122));
#12142=IFCINDEXEDPOLYGONALFACE((6058,6122,6186));
#12143=IFCINDEXEDPOLYGONALFACE((6186,6160,6058));
#12144=IFCINDEXEDPOLYGONALFACE((6187,6123,6059));
#12145=IFCINDEXEDPOLYGONALFACE((6089,6125,6188));
#12146=IFCINDEXEDPOLYGONALFACE((6189,6089,6188));
#12147=IFCINDEXEDPOLYGONALFACE((6089,6189,6126));
#12148=IFCINDEXEDPOLYGONALFACE((6126,6189,6127));
#12149=IFCINDEXEDPOLYGONALFACE((6190,6127,6189));
#12150=IFCINDEXEDPOLYGONALFACE((6191,6028,6127));
#12151=IFCINDEXEDPOLYGONALFACE((6029,6028,6192));
#12152=IFCINDEXEDPOLYGONALFACE((6161,6193,5988));
#12153=IFCINDEXEDPOLYGONALFACE((5989,5988,6193));
#12154=IFCINDEXEDPOLYGONALFACE((5989,6193,6162));
#12155=IFCINDEXEDPOLYGONALFACE((6194,6065,6162));
#12156=IFCINDEXEDPOLYGONALFACE((6129,6195,6130));
#12157=IFCINDEXEDPOLYGONALFACE((6094,5990,6196));
#12158=IFCINDEXEDPOLYGONALFACE((6094,6196,6131));
#12159=IFCINDEXEDPOLYGONALFACE((5931,6197,6096));
#12160=IFCINDEXEDPOLYGONALFACE((6133,6198,6097));
#12161=IFCINDEXEDPOLYGONALFACE((6166,6097,6199));
#12162=IFCINDEXEDPOLYGONALFACE((6134,6200,6069));
#12163=IFCINDEXEDPOLYGONALFACE((6167,6201,6098));
#12164=IFCINDEXEDPOLYGONALFACE((6136,6098,6201));
#12165=IFCINDEXEDPOLYGONALFACE((6201,6168,6136));
#12166=IFCINDEXEDPOLYGONALFACE((6099,6137,6040));
#12167=IFCINDEXEDPOLYGONALFACE((6202,6138,6101));
#12168=IFCINDEXEDPOLYGONALFACE((6073,6101,6138));
#12169=IFCINDEXEDPOLYGONALFACE((6169,6138,6202));
#12170=IFCINDEXEDPOLYGONALFACE((6203,6014,6045));
#12171=IFCINDEXEDPOLYGONALFACE((6141,6171,6075));
#12172=IFCINDEXEDPOLYGONALFACE((6204,6142,6173));
#12173=IFCINDEXEDPOLYGONALFACE((6142,6204,6174));
#12174=IFCINDEXEDPOLYGONALFACE((6144,6174,6175));
#12175=IFCINDEXEDPOLYGONALFACE((6148,6147,6205));
#12176=IFCINDEXEDPOLYGONALFACE((6148,6205,6149));
#12177=IFCINDEXEDPOLYGONALFACE((6149,6205,6206));
#12178=IFCINDEXEDPOLYGONALFACE((6179,6150,6207));
#12179=IFCINDEXEDPOLYGONALFACE((6208,6180,6179));
#12180=IFCINDEXEDPOLYGONALFACE((6208,6209,6180));
#12181=IFCINDEXEDPOLYGONALFACE((6209,6153,6180));
#12182=IFCINDEXEDPOLYGONALFACE((6155,6086,6055));
#12183=IFCINDEXEDPOLYGONALFACE((6120,6183,6184));
#12184=IFCINDEXEDPOLYGONALFACE((6185,6159,6158));
#12185=IFCINDEXEDPOLYGONALFACE((6210,6024,6160));
#12186=IFCINDEXEDPOLYGONALFACE((6088,6024,6210));
#12187=IFCINDEXEDPOLYGONALFACE((6059,6088,6211));
#12188=IFCINDEXEDPOLYGONALFACE((6212,6187,6059));
#12189=IFCINDEXEDPOLYGONALFACE((6213,6123,6187));
#12190=IFCINDEXEDPOLYGONALFACE((6214,6124,6061));
#12191=IFCINDEXEDPOLYGONALFACE((6215,6125,6124));
#12192=IFCINDEXEDPOLYGONALFACE((6125,6215,6188));
#12193=IFCINDEXEDPOLYGONALFACE((6192,6028,6191));
#12194=IFCINDEXEDPOLYGONALFACE((6192,6091,6029));
#12195=IFCINDEXEDPOLYGONALFACE((6216,6128,6091));
#12196=IFCINDEXEDPOLYGONALFACE((6163,6065,6194));
#12197=IFCINDEXEDPOLYGONALFACE((6093,6163,6217));
#12198=IFCINDEXEDPOLYGONALFACE((6129,6093,6217));
#12199=IFCINDEXEDPOLYGONALFACE((5990,6130,6196));
#12200=IFCINDEXEDPOLYGONALFACE((6218,5931,6066));
#12201=IFCINDEXEDPOLYGONALFACE((6164,6096,6219));
#12202=IFCINDEXEDPOLYGONALFACE((6132,6220,6067));
#12203=IFCINDEXEDPOLYGONALFACE((6220,6032,6067));
#12204=IFCINDEXEDPOLYGONALFACE((6133,6165,6198));
#12205=IFCINDEXEDPOLYGONALFACE((6199,6097,6198));
#12206=IFCINDEXEDPOLYGONALFACE((6134,6221,6200));
#12207=IFCINDEXEDPOLYGONALFACE((6135,6069,6200));
#12208=IFCINDEXEDPOLYGONALFACE((6201,6167,6222));
#12209=IFCINDEXEDPOLYGONALFACE((6223,6201,6222));
#12210=IFCINDEXEDPOLYGONALFACE((6168,6201,6223));
#12211=IFCINDEXEDPOLYGONALFACE((6224,6099,6168));
#12212=IFCINDEXEDPOLYGONALFACE((6202,6225,6169));
#12213=IFCINDEXEDPOLYGONALFACE((6226,6103,6170));
#12214=IFCINDEXEDPOLYGONALFACE((6140,6227,6044));
#12215=IFCINDEXEDPOLYGONALFACE((6227,6104,6044));
#12216=IFCINDEXEDPOLYGONALFACE((6104,6228,6045));
#12217=IFCINDEXEDPOLYGONALFACE((6141,6014,6203));
#12218=IFCINDEXEDPOLYGONALFACE((6172,6171,6229));
#12219=IFCINDEXEDPOLYGONALFACE((6173,6172,6204));
#12220=IFCINDEXEDPOLYGONALFACE((6174,6204,6230));
#12221=IFCINDEXEDPOLYGONALFACE((6175,6231,6108));
#12222=IFCINDEXEDPOLYGONALFACE((6108,6232,6081));
#12223=IFCINDEXEDPOLYGONALFACE((6233,6146,6109));
#12224=IFCINDEXEDPOLYGONALFACE((6110,6146,6233));
#12225=IFCINDEXEDPOLYGONALFACE((6147,6110,6233));
#12226=IFCINDEXEDPOLYGONALFACE((6233,6205,6147));
#12227=IFCINDEXEDPOLYGONALFACE((5980,6149,6206));
#12228=IFCINDEXEDPOLYGONALFACE((6150,5980,6234));
#12229=IFCINDEXEDPOLYGONALFACE((6207,6150,6234));
#12230=IFCINDEXEDPOLYGONALFACE((6179,6207,6208));
#12231=IFCINDEXEDPOLYGONALFACE((6153,6209,6154));
#12232=IFCINDEXEDPOLYGONALFACE((6154,6209,6181));
#12233=IFCINDEXEDPOLYGONALFACE((6235,6116,6181));
#12234=IFCINDEXEDPOLYGONALFACE((6117,6116,6236));
#12235=IFCINDEXEDPOLYGONALFACE((6235,6236,6116));
#12236=IFCINDEXEDPOLYGONALFACE((6118,6117,6236));
#12237=IFCINDEXEDPOLYGONALFACE((6086,6155,6182));
#12238=IFCINDEXEDPOLYGONALFACE((6182,6237,6119));
#12239=IFCINDEXEDPOLYGONALFACE((6157,6156,6238));
#12240=IFCINDEXEDPOLYGONALFACE((6158,6184,6239));
#12241=IFCINDEXEDPOLYGONALFACE((6185,6158,6239));
#12242=IFCINDEXEDPOLYGONALFACE((6186,6240,6160));
#12243=IFCINDEXEDPOLYGONALFACE((6187,6241,6213));
#12244=IFCINDEXEDPOLYGONALFACE((6124,6214,6215));
#12245=IFCINDEXEDPOLYGONALFACE((6189,6188,6190));
#12246=IFCINDEXEDPOLYGONALFACE((6190,6191,6127));
#12247=IFCINDEXEDPOLYGONALFACE((6192,6216,6091));
#12248=IFCINDEXEDPOLYGONALFACE((6216,6242,6128));
#12249=IFCINDEXEDPOLYGONALFACE((6030,6128,6242));
#12250=IFCINDEXEDPOLYGONALFACE((6161,6030,6242));
#12251=IFCINDEXEDPOLYGONALFACE((6193,6161,6242));
#12252=IFCINDEXEDPOLYGONALFACE((6162,6193,6194));
#12253=IFCINDEXEDPOLYGONALFACE((6217,6163,6243));
#12254=IFCINDEXEDPOLYGONALFACE((6195,6129,6217));
#12255=IFCINDEXEDPOLYGONALFACE((6196,6130,6195));
#12256=IFCINDEXEDPOLYGONALFACE((6095,6244,6066));
#12257=IFCINDEXEDPOLYGONALFACE((6219,6096,6197));
#12258=IFCINDEXEDPOLYGONALFACE((6132,6164,6220));
#12259=IFCINDEXEDPOLYGONALFACE((6165,6032,6220));
#12260=IFCINDEXEDPOLYGONALFACE((6221,6134,6166));
#12261=IFCINDEXEDPOLYGONALFACE((6137,6099,6245));
#12262=IFCINDEXEDPOLYGONALFACE((6245,6100,6137));
#12263=IFCINDEXEDPOLYGONALFACE((6246,6169,6225));
#12264=IFCINDEXEDPOLYGONALFACE((6139,6169,6246));
#12265=IFCINDEXEDPOLYGONALFACE((6228,6104,6227));
#12266=IFCINDEXEDPOLYGONALFACE((6228,6203,6045));
#12267=IFCINDEXEDPOLYGONALFACE((6229,6171,6141));
#12268=IFCINDEXEDPOLYGONALFACE((6247,6172,6229));
#12269=IFCINDEXEDPOLYGONALFACE((6204,6172,6247));
#12270=IFCINDEXEDPOLYGONALFACE((6248,6204,6247));
#12271=IFCINDEXEDPOLYGONALFACE((6248,6230,6204));
#12272=IFCINDEXEDPOLYGONALFACE((6231,6175,6230));
#12273=IFCINDEXEDPOLYGONALFACE((6174,6230,6175));
#12274=IFCINDEXEDPOLYGONALFACE((6108,6231,6232));
#12275=IFCINDEXEDPOLYGONALFACE((6081,6249,6176));
#12276=IFCINDEXEDPOLYGONALFACE((6250,6177,6176));
#12277=IFCINDEXEDPOLYGONALFACE((6251,6252,6109));
#12278=IFCINDEXEDPOLYGONALFACE((6233,6109,6252));
#12279=IFCINDEXEDPOLYGONALFACE((6206,6234,5980));
#12280=IFCINDEXEDPOLYGONALFACE((6208,6207,6253));
#12281=IFCINDEXEDPOLYGONALFACE((6209,6208,6253));
#12282=IFCINDEXEDPOLYGONALFACE((6237,6254,6119));
#12283=IFCINDEXEDPOLYGONALFACE((6254,6156,6119));
#12284=IFCINDEXEDPOLYGONALFACE((6238,6183,6157));
#12285=IFCINDEXEDPOLYGONALFACE((6183,6239,6184));
#12286=IFCINDEXEDPOLYGONALFACE((6255,6186,6185));
#12287=IFCINDEXEDPOLYGONALFACE((6059,6211,6212));
#12288=IFCINDEXEDPOLYGONALFACE((6241,6187,6212));
#12289=IFCINDEXEDPOLYGONALFACE((6256,6188,6215));
#12290=IFCINDEXEDPOLYGONALFACE((6190,6188,6256));
#12291=IFCINDEXEDPOLYGONALFACE((6242,6194,6193));
#12292=IFCINDEXEDPOLYGONALFACE((6163,6194,6243));
#12293=IFCINDEXEDPOLYGONALFACE((6095,6131,6244));
#12294=IFCINDEXEDPOLYGONALFACE((6218,6066,6244));
#12295=IFCINDEXEDPOLYGONALFACE((6197,5931,6218));
#12296=IFCINDEXEDPOLYGONALFACE((6220,6164,6257));
#12297=IFCINDEXEDPOLYGONALFACE((6220,6257,6165));
#12298=IFCINDEXEDPOLYGONALFACE((6258,6166,6199));
#12299=IFCINDEXEDPOLYGONALFACE((6221,6166,6258));
#12300=IFCINDEXEDPOLYGONALFACE((6200,6259,6135));
#12301=IFCINDEXEDPOLYGONALFACE((6135,6259,6070));
#12302=IFCINDEXEDPOLYGONALFACE((6222,6167,6260));
#12303=IFCINDEXEDPOLYGONALFACE((6260,6261,6222));
#12304=IFCINDEXEDPOLYGONALFACE((6223,6222,6261));
#12305=IFCINDEXEDPOLYGONALFACE((6262,6223,6261));
#12306=IFCINDEXEDPOLYGONALFACE((6262,6263,6223));
#12307=IFCINDEXEDPOLYGONALFACE((6223,6263,6264));
#12308=IFCINDEXEDPOLYGONALFACE((6168,6223,6224));
#12309=IFCINDEXEDPOLYGONALFACE((6224,6223,6264));
#12310=IFCINDEXEDPOLYGONALFACE((6099,6224,6245));
#12311=IFCINDEXEDPOLYGONALFACE((6245,6265,6100));
#12312=IFCINDEXEDPOLYGONALFACE((6101,6266,6202));
#12313=IFCINDEXEDPOLYGONALFACE((6202,6246,6225));
#12314=IFCINDEXEDPOLYGONALFACE((6246,6267,6139));
#12315=IFCINDEXEDPOLYGONALFACE((6139,6267,6170));
#12316=IFCINDEXEDPOLYGONALFACE((6268,6247,6229));
#12317=IFCINDEXEDPOLYGONALFACE((6268,6269,6247));
#12318=IFCINDEXEDPOLYGONALFACE((6270,6248,6269));
#12319=IFCINDEXEDPOLYGONALFACE((6248,6247,6269));
#12320=IFCINDEXEDPOLYGONALFACE((6270,6230,6248));
#12321=IFCINDEXEDPOLYGONALFACE((6081,6232,6249));
#12322=IFCINDEXEDPOLYGONALFACE((6250,6178,6177));
#12323=IFCINDEXEDPOLYGONALFACE((6178,6271,6109));
#12324=IFCINDEXEDPOLYGONALFACE((6272,6233,6252));
#12325=IFCINDEXEDPOLYGONALFACE((6272,6205,6233));
#12326=IFCINDEXEDPOLYGONALFACE((6206,6205,6234));
#12327=IFCINDEXEDPOLYGONALFACE((6273,6209,6253));
#12328=IFCINDEXEDPOLYGONALFACE((6209,6273,6181));
#12329=IFCINDEXEDPOLYGONALFACE((6181,6273,6235));
#12330=IFCINDEXEDPOLYGONALFACE((6236,6274,6118));
#12331=IFCINDEXEDPOLYGONALFACE((6118,6274,6155));
#12332=IFCINDEXEDPOLYGONALFACE((6183,6185,6239));
#12333=IFCINDEXEDPOLYGONALFACE((6186,6255,6240));
#12334=IFCINDEXEDPOLYGONALFACE((6240,6210,6160));
#12335=IFCINDEXEDPOLYGONALFACE((6211,6210,6240));
#12336=IFCINDEXEDPOLYGONALFACE((6210,6211,6088));
#12337=IFCINDEXEDPOLYGONALFACE((6215,6214,6256));
#12338=IFCINDEXEDPOLYGONALFACE((6256,6214,6275));
#12339=IFCINDEXEDPOLYGONALFACE((6256,6191,6190));
#12340=IFCINDEXEDPOLYGONALFACE((6256,6192,6191));
#12341=IFCINDEXEDPOLYGONALFACE((6242,6216,6192));
#12342=IFCINDEXEDPOLYGONALFACE((6194,6242,6276));
#12343=IFCINDEXEDPOLYGONALFACE((6243,6194,6276));
#12344=IFCINDEXEDPOLYGONALFACE((6195,6217,6277));
#12345=IFCINDEXEDPOLYGONALFACE((6131,6196,6195));
#12346=IFCINDEXEDPOLYGONALFACE((6244,6197,6218));
#12347=IFCINDEXEDPOLYGONALFACE((6278,6219,6197));
#12348=IFCINDEXEDPOLYGONALFACE((6278,6257,6219));
#12349=IFCINDEXEDPOLYGONALFACE((6257,6164,6219));
#12350=IFCINDEXEDPOLYGONALFACE((6279,6165,6257));
#12351=IFCINDEXEDPOLYGONALFACE((6280,6165,6279));
#12352=IFCINDEXEDPOLYGONALFACE((6280,6198,6165));
#12353=IFCINDEXEDPOLYGONALFACE((6198,6281,6199));
#12354=IFCINDEXEDPOLYGONALFACE((6258,6199,6281));
#12355=IFCINDEXEDPOLYGONALFACE((6221,6282,6200));
#12356=IFCINDEXEDPOLYGONALFACE((6283,6200,6282));
#12357=IFCINDEXEDPOLYGONALFACE((6284,6070,6259));
#12358=IFCINDEXEDPOLYGONALFACE((6167,6070,6284));
#12359=IFCINDEXEDPOLYGONALFACE((6265,6245,6285));
#12360=IFCINDEXEDPOLYGONALFACE((6072,6100,6265));
#12361=IFCINDEXEDPOLYGONALFACE((6101,6072,6265));
#12362=IFCINDEXEDPOLYGONALFACE((6266,6286,6202));
#12363=IFCINDEXEDPOLYGONALFACE((6286,6246,6202));
#12364=IFCINDEXEDPOLYGONALFACE((6246,6286,6267));
#12365=IFCINDEXEDPOLYGONALFACE((6170,6267,6226));
#12366=IFCINDEXEDPOLYGONALFACE((6103,6287,6140));
#12367=IFCINDEXEDPOLYGONALFACE((6227,6140,6287));
#12368=IFCINDEXEDPOLYGONALFACE((6141,6203,6288));
#12369=IFCINDEXEDPOLYGONALFACE((6141,6288,6229));
#12370=IFCINDEXEDPOLYGONALFACE((6289,6268,6229));
#12371=IFCINDEXEDPOLYGONALFACE((6230,6290,6231));
#12372=IFCINDEXEDPOLYGONALFACE((6291,6176,6292));
#12373=IFCINDEXEDPOLYGONALFACE((6249,6292,6176));
#12374=IFCINDEXEDPOLYGONALFACE((6250,6176,6291));
#12375=IFCINDEXEDPOLYGONALFACE((6109,6271,6251));
#12376=IFCINDEXEDPOLYGONALFACE((6234,6253,6207));
#12377=IFCINDEXEDPOLYGONALFACE((6274,6235,6273));
#12378=IFCINDEXEDPOLYGONALFACE((6235,6274,6236));
#12379=IFCINDEXEDPOLYGONALFACE((6274,6293,6155));
#12380=IFCINDEXEDPOLYGONALFACE((6182,6155,6293));
#12381=IFCINDEXEDPOLYGONALFACE((6185,6183,6255));
#12382=IFCINDEXEDPOLYGONALFACE((6241,6212,6294));
#12383=IFCINDEXEDPOLYGONALFACE((6294,6213,6241));
#12384=IFCINDEXEDPOLYGONALFACE((6276,6242,6192));
#12385=IFCINDEXEDPOLYGONALFACE((6217,6243,6277));
#12386=IFCINDEXEDPOLYGONALFACE((6131,6195,6244));
#12387=IFCINDEXEDPOLYGONALFACE((6281,6198,6280));
#12388=IFCINDEXEDPOLYGONALFACE((6200,6283,6259));
#12389=IFCINDEXEDPOLYGONALFACE((6284,6260,6167));
#12390=IFCINDEXEDPOLYGONALFACE((6261,6260,6295));
#12391=IFCINDEXEDPOLYGONALFACE((6284,6295,6260));
#12392=IFCINDEXEDPOLYGONALFACE((6295,6262,6261));
#12393=IFCINDEXEDPOLYGONALFACE((6245,6224,6264));
#12394=IFCINDEXEDPOLYGONALFACE((6101,6265,6296));
#12395=IFCINDEXEDPOLYGONALFACE((6266,6101,6296));
#12396=IFCINDEXEDPOLYGONALFACE((6286,6266,6297));
#12397=IFCINDEXEDPOLYGONALFACE((6103,6226,6287));
#12398=IFCINDEXEDPOLYGONALFACE((6289,6229,6288));
#12399=IFCINDEXEDPOLYGONALFACE((6298,6269,6268));
#12400=IFCINDEXEDPOLYGONALFACE((6270,6269,6298));
#12401=IFCINDEXEDPOLYGONALFACE((6298,6299,6270));
#12402=IFCINDEXEDPOLYGONALFACE((6230,6270,6299));
#12403=IFCINDEXEDPOLYGONALFACE((6230,6299,6290));
#12404=IFCINDEXEDPOLYGONALFACE((6292,6249,6232));
#12405=IFCINDEXEDPOLYGONALFACE((6300,6250,6291));
#12406=IFCINDEXEDPOLYGONALFACE((6250,6300,6178));
#12407=IFCINDEXEDPOLYGONALFACE((6234,6205,6272));
#12408=IFCINDEXEDPOLYGONALFACE((6234,6273,6253));
#12409=IFCINDEXEDPOLYGONALFACE((6274,6301,6293));
#12410=IFCINDEXEDPOLYGONALFACE((6182,6293,6302));
#12411=IFCINDEXEDPOLYGONALFACE((6302,6237,6182));
#12412=IFCINDEXEDPOLYGONALFACE((6238,6156,6254));
#12413=IFCINDEXEDPOLYGONALFACE((6303,6240,6255));
#12414=IFCINDEXEDPOLYGONALFACE((6211,6240,6304));
#12415=IFCINDEXEDPOLYGONALFACE((6303,6304,6240));
#12416=IFCINDEXEDPOLYGONALFACE((6294,6305,6213));
#12417=IFCINDEXEDPOLYGONALFACE((6280,6257,6278));
#12418=IFCINDEXEDPOLYGONALFACE((6279,6257,6280));
#12419=IFCINDEXEDPOLYGONALFACE((6282,6221,6258));
#12420=IFCINDEXEDPOLYGONALFACE((6306,6259,6283));
#12421=IFCINDEXEDPOLYGONALFACE((6284,6259,6306));
#12422=IFCINDEXEDPOLYGONALFACE((6262,6295,6263));
#12423=IFCINDEXEDPOLYGONALFACE((6285,6245,6264));
#12424=IFCINDEXEDPOLYGONALFACE((6297,6266,6296));
#12425=IFCINDEXEDPOLYGONALFACE((6297,6307,6286));
#12426=IFCINDEXEDPOLYGONALFACE((6286,6307,6267));
#12427=IFCINDEXEDPOLYGONALFACE((6287,6226,6267));
#12428=IFCINDEXEDPOLYGONALFACE((6288,6203,6228));
#12429=IFCINDEXEDPOLYGONALFACE((6308,6268,6289));
#12430=IFCINDEXEDPOLYGONALFACE((6298,6268,6308));
#12431=IFCINDEXEDPOLYGONALFACE((6298,6308,6299));
#12432=IFCINDEXEDPOLYGONALFACE((6290,6299,6308));
#12433=IFCINDEXEDPOLYGONALFACE((6231,6290,6232));
#12434=IFCINDEXEDPOLYGONALFACE((6300,6291,6292));
#12435=IFCINDEXEDPOLYGONALFACE((6271,6178,6300));
#12436=IFCINDEXEDPOLYGONALFACE((6293,6301,6302));
#12437=IFCINDEXEDPOLYGONALFACE((6254,6183,6238));
#12438=IFCINDEXEDPOLYGONALFACE((6183,6303,6255));
#12439=IFCINDEXEDPOLYGONALFACE((6212,6211,6294));
#12440=IFCPOLYGONALFACESET(#40,$,(#41,#42,#43,#44,#45,#46,#47,#48,#49,#50,#51,#52,#53,#54,#55,#56,#57,#58,#59,#60,#61,#62,#63,#64,#65,#66,#67,#68,#69,#70,#71,#72,#73,#74,#75,#76,#77,#78,#79,#80,#81,#82,#83,#84,#85,#86,#87,#88,#89,#90,#91,#92,#93,#94,#95,#96,#97,#98,#99,#100,#101,#102,#103,#104,#105,#106,#107,#108,#109,#110,#111,#112,#113,#114,#115,#116,#117,#118,#119,#120,#121,#122,#123,#124,#125,#126,#127,#128,#129,#130,#131,#132,#133,#134,#135,#136,#137,#138,#139,#140,#141,#142,#143,#144,#145,#146,#147,#148,#149,#150,#151,#152,#153,#154,#155,#156,#157,#158,#159,#160,#161,#162,#163,#164,#165,#166,#167,#168,#169,#170,#171,#172,#173,#174,#175,#176,#177,#178,#179,#180,#181,#182,#183,#184,#185,#186,#187,#188,#189,#190,#191,#192,#193,#194,#195,#196,#197,#198,#199,#200,#201,#202,#203,#204,#205,#206,#207,#208,#209,#210,#211,#212,#213,#214,#215,#216,#217,#218,#219,#220,#221,#222,#223,#224,#225,#226,#227,#228,#229,#230,#231,#232,#233,#234,#235,#236,#237,#238,#239,#240,#241,#242,#243,#244,#245,#246,#247,#248,#249,#250,#251,#252,#253,#254,#255,#256,#257,#258,#259,#260,#261,#262,#263,#264,#265,#266,#267,#268,#269,#270,#271,#272,#273,#274,#275,#276,#277,#278,#279,#280,#281,#282,#283,#284,#285,#286,#287,#288,#289,#290,#291,#292,#293,#294,#295,#296,#297,#298,#299,#300,#301,#302,#303,#304,#305,#306,#307,#308,#309,#310,#311,#312,#313,#314,#315,#316,#317,#318,#319,#320,#321,#322,#323,#324,#325,#326,#327,#328,#329,#330,#331,#332,#333,#334,#335,#336,#337,#338,#339,#340,#341,#342,#343,#344,#345,#346,#347,#348,#349,#350,#351,#352,#353,#354,#355,#356,#357,#358,#359,#360,#361,#362,#363,#364,#365,#366,#367,#368,#369,#370,#371,#372,#373,#374,#375,#376,#377,#378,#379,#380,#381,#382,#383,#384,#385,#386,#387,#388,#389,#390,#391,#392,#393,#394,#395,#396,#397,#398,#399,#400,#401,#402,#403,#404,#405,#406,#407,#408,#409,#410,#411,#412,#413,#414,#415,#416,#417,#418,#419,#420,#421,#422,#423,#424,#425,#426,#427,#428,#429,#430,#431,#432,#433,#434,#435,#436,#437,#438,#439,#440,#441,#442,#443,#444,#445,#446,#447,#448,#449,#450,#451,#452,#453,#454,#455,#456,#457,#458,#459,#460,#461,#462,#463,#464,#465,#466,#467,#468,#469,#470,#471,#472,#473,#474,#475,#476,#477,#478,#479,#480,#481,#482,#483,#484,#485,#486,#487,#488,#489,#490,#491,#492,#493,#494,#495,#496,#497,#498,#499,#500,#501,#502,#503,#504,#505,#506,#507,#508,#509,#510,#511,#512,#513,#514,#515,#516,#517,#518,#519,#520,#521,#522,#523,#524,#525,#526,#527,#528,#529,#530,#531,#532,#533,#534,#535,#536,#537,#538,#539,#540,#541,#542,#543,#544,#545,#546,#547,#548,#549,#550,#551,#552,#553,#554,#555,#556,#557,#558,#559,#560,#561,#562,#563,#564,#565,#566,#567,#568,#569,#570,#571,#572,#573,#574,#575,#576,#577,#578,#579,#580,#581,#582,#583,#584,#585,#586,#587,#588,#589,#590,#591,#592,#593,#594,#595,#596,#597,#598,#599,#600,#601,#602,#603,#604,#605,#606,#607,#608,#609,#610,#611,#612,#613,#614,#615,#616,#617,#618,#619,#620,#621,#622,#623,#624,#625,#626,#627,#628,#629,#630,#631,#632,#633,#634,#635,#636,#637,#638,#639,#640,#641,#642,#643,#644,#645,#646,#647,#648,#649,#650,#651,#652,#653,#654,#655,#656,#657,#658,#659,#660,#661,#662,#663,#664,#665,#666,#667,#668,#669,#670,#671,#672,#673,#674,#675,#676,#677,#678,#679,#680,#681,#682,#683,#684,#685,#686,#687,#688,#689,#690,#691,#692,#693,#694,#695,#696,#697,#698,#699,#700,#701,#702,#703,#704,#705,#706,#707,#708,#709,#710,#711,#712,#713,#714,#715,#716,#717,#718,#719,#720,#721,#722,#723,#724,#725,#726,#727,#728,#729,#730,#731,#732,#733,#734,#735,#736,#737,#738,#739,#740,#741,#742,#743,#744,#745,#746,#747,#748,#749,#750,#751,#752,#753,#754,#755,#756,#757,#758,#759,#760,#761,#762,#763,#764,#765,#766,#767,#768,#769,#770,#771,#772,#773,#774,#775,#776,#777,#778,#779,#780,#781,#782,#783,#784,#785,#786,#787,#788,#789,#790,#791,#792,#793,#794,#795,#796,#797,#798,#799,#800,#801,#802,#803,#804,#805,#806,#807,#808,#809,#810,#811,#812,#813,#814,#815,#816,#817,#818,#819,#820,#821,#822,#823,#824,#825,#826,#827,#828,#829,#830,#831,#832,#833,#834,#835,#836,#837,#838,#839,#840,#841,#842,#843,#844,#845,#846,#847,#848,#849,#850,#851,#852,#853,#854,#855,#856,#857,#858,#859,#860,#861,#862,#863,#864,#865,#866,#867,#868,#869,#870,#871,#872,#873,#874,#875,#876,#877,#878,#879,#880,#881,#882,#883,#884,#885,#886,#887,#888,#889,#890,#891,#892,#893,#894,#895,#896,#897,#898,#899,#900,#901,#902,#903,#904,#905,#906,#907,#908,#909,#910,#911,#912,#913,#914,#915,#916,#917,#918,#919,#920,#921,#922,#923,#924,#925,#926,#927,#928,#929,#930,#931,#932,#933,#934,#935,#936,#937,#938,#939,#940,#941,#942,#943,#944,#945,#946,#947,#948,#949,#950,#951,#952,#953,#954,#955,#956,#957,#958,#959,#960,#961,#962,#963,#964,#965,#966,#967,#968,#969,#970,#971,#972,#973,#974,#975,#976,#977,#978,#979,#980,#981,#982,#983,#984,#985,#986,#987,#988,#989,#990,#991,#992,#993,#994,#995,#996,#997,#998,#999,#1000,#1001,#1002,#1003,#1004,#1005,#1006,#1007,#1008,#1009,#1010,#1011,#1012,#1013,#1014,#1015,#1016,#1017,#1018,#1019,#1020,#1021,#1022,#1023,#1024,#1025,#1026,#1027,#1028,#1029,#1030,#1031,#1032,#1033,#1034,#1035,#1036,#1037,#1038,#1039,#1040,#1041,#1042,#1043,#1044,#1045,#1046,#1047,#1048,#1049,#1050,#1051,#1052,#1053,#1054,#1055,#1056,#1057,#1058,#1059,#1060,#1061,#1062,#1063,#1064,#1065,#1066,#1067,#1068,#1069,#1070,#1071,#1072,#1073,#1074,#1075,#1076,#1077,#1078,#1079,#1080,#1081,#1082,#1083,#1084,#1085,#1086,#1087,#1088,#1089,#1090,#1091,#1092,#1093,#1094,#1095,#1096,#1097,#1098,#1099,#1100,#1101,#1102,#1103,#1104,#1105,#1106,#1107,#1108,#1109,#1110,#1111,#1112,#1113,#1114,#1115,#1116,#1117,#1118,#1119,#1120,#1121,#1122,#1123,#1124,#1125,#1126,#1127,#1128,#1129,#1130,#1131,#1132,#1133,#1134,#1135,#1136,#1137,#1138,#1139,#1140,#1141,#1142,#1143,#1144,#1145,#1146,#1147,#1148,#1149,#1150,#1151,#1152,#1153,#1154,#1155,#1156,#1157,#1158,#1159,#1160,#1161,#1162,#1163,#1164,#1165,#1166,#1167,#1168,#1169,#1170,#1171,#1172,#1173,#1174,#1175,#1176,#1177,#1178,#1179,#1180,#1181,#1182,#1183,#1184,#1185,#1186,#1187,#1188,#1189,#1190,#1191,#1192,#1193,#1194,#1195,#1196,#1197,#1198,#1199,#1200,#1201,#1202,#1203,#1204,#1205,#1206,#1207,#1208,#1209,#1210,#1211,#1212,#1213,#1214,#1215,#1216,#1217,#1218,#1219,#1220,#1221,#1222,#1223,#1224,#1225,#1226,#1227,#1228,#1229,#1230,#1231,#1232,#1233,#1234,#1235,#1236,#1237,#1238,#1239,#1240,#1241,#1242,#1243,#1244,#1245,#1246,#1247,#1248,#1249,#1250,#1251,#1252,#1253,#1254,#1255,#1256,#1257,#1258,#1259,#1260,#1261,#1262,#1263,#1264,#1265,#1266,#1267,#1268,#1269,#1270,#1271,#1272,#1273,#1274,#1275,#1276,#1277,#1278,#1279,#1280,#1281,#1282,#1283,#1284,#1285,#1286,#1287,#1288,#1289,#1290,#1291,#1292,#1293,#1294,#1295,#1296,#1297,#1298,#1299,#1300,#1301,#1302,#1303,#1304,#1305,#1306,#1307,#1308,#1309,#1310,#1311,#1312,#1313,#1314,#1315,#1316,#1317,#1318,#1319,#1320,#1321,#1322,#1323,#1324,#1325,#1326,#1327,#1328,#1329,#1330,#1331,#1332,#1333,#1334,#1335,#1336,#1337,#1338,#1339,#1340,#1341,#1342,#1343,#1344,#1345,#1346,#1347,#1348,#1349,#1350,#1351,#1352,#1353,#1354,#1355,#1356,#1357,#1358,#1359,#1360,#1361,#1362,#1363,#1364,#1365,#1366,#1367,#1368,#1369,#1370,#1371,#1372,#1373,#1374,#1375,#1376,#1377,#1378,#1379,#1380,#1381,#1382,#1383,#1384,#1385,#1386,#1387,#1388,#1389,#1390,#1391,#1392,#1393,#1394,#1395,#1396,#1397,#1398,#1399,#1400,#1401,#1402,#1403,#1404,#1405,#1406,#1407,#1408,#1409,#1410,#1411,#1412,#1413,#1414,#1415,#1416,#1417,#1418,#1419,#1420,#1421,#1422,#1423,#1424,#1425,#1426,#1427,#1428,#1429,#1430,#1431,#1432,#1433,#1434,#1435,#1436,#1437,#1438,#1439,#1440,#1441,#1442,#1443,#1444,#1445,#1446,#1447,#1448,#1449,#1450,#1451,#1452,#1453,#1454,#1455,#1456,#1457,#1458,#1459,#1460,#1461,#1462,#1463,#1464,#1465,#1466,#1467,#1468,#1469,#1470,#1471,#1472,#1473,#1474,#1475,#1476,#1477,#1478,#1479,#1480,#1481,#1482,#1483,#1484,#1485,#1486,#1487,#1488,#1489,#1490,#1491,#1492,#1493,#1494,#1495,#1496,#1497,#1498,#1499,#1500,#1501,#1502,#1503,#1504,#1505,#1506,#1507,#1508,#1509,#1510,#1511,#1512,#1513,#1514,#1515,#1516,#1517,#1518,#1519,#1520,#1521,#1522,#1523,#1524,#1525,#1526,#1527,#1528,#1529,#1530,#1531,#1532,#1533,#1534,#1535,#1536,#1537,#1538,#1539,#1540,#1541,#1542,#1543,#1544,#1545,#1546,#1547,#1548,#1549,#1550,#1551,#1552,#1553,#1554,#1555,#1556,#1557,#1558,#1559,#1560,#1561,#1562,#1563,#1564,#1565,#1566,#1567,#1568,#1569,#1570,#1571,#1572,#1573,#1574,#1575,#1576,#1577,#1578,#1579,#1580,#1581,#1582,#1583,#1584,#1585,#1586,#1587,#1588,#1589,#1590,#1591,#1592,#1593,#1594,#1595,#1596,#1597,#1598,#1599,#1600,#1601,#1602,#1603,#1604,#1605,#1606,#1607,#1608,#1609,#1610,#1611,#1612,#1613,#1614,#1615,#1616,#1617,#1618,#1619,#1620,#1621,#1622,#1623,#1624,#1625,#1626,#1627,#1628,#1629,#1630,#1631,#1632,#1633,#1634,#1635,#1636,#1637,#1638,#1639,#1640,#1641,#1642,#1643,#1644,#1645,#1646,#1647,#1648,#1649,#1650,#1651,#1652,#1653,#1654,#1655,#1656,#1657,#1658,#1659,#1660,#1661,#1662,#1663,#1664,#1665,#1666,#1667,#1668,#1669,#1670,#1671,#1672,#1673,#1674,#1675,#1676,#1677,#1678,#1679,#1680,#1681,#1682,#1683,#1684,#1685,#1686,#1687,#1688,#1689,#1690,#1691,#1692,#1693,#1694,#1695,#1696,#1697,#1698,#1699,#1700,#1701,#1702,#1703,#1704,#1705,#1706,#1707,#1708,#1709,#1710,#1711,#1712,#1713,#1714,#1715,#1716,#1717,#1718,#1719,#1720,#1721,#1722,#1723,#1724,#1725,#1726,#1727,#1728,#1729,#1730,#1731,#1732,#1733,#1734,#1735,#1736,#1737,#1738,#1739,#1740,#1741,#1742,#1743,#1744,#1745,#1746,#1747,#1748,#1749,#1750,#1751,#1752,#1753,#1754,#1755,#1756,#1757,#1758,#1759,#1760,#1761,#1762,#1763,#1764,#1765,#1766,#1767,#1768,#1769,#1770,#1771,#1772,#1773,#1774,#1775,#1776,#1777,#1778,#1779,#1780,#1781,#1782,#1783,#1784,#1785,#1786,#1787,#1788,#1789,#1790,#1791,#1792,#1793,#1794,#1795,#1796,#1797,#1798,#1799,#1800,#1801,#1802,#1803,#1804,#1805,#1806,#1807,#1808,#1809,#1810,#1811,#1812,#1813,#1814,#1815,#1816,#1817,#1818,#1819,#1820,#1821,#1822,#1823,#1824,#1825,#1826,#1827,#1828,#1829,#1830,#1831,#1832,#1833,#1834,#1835,#1836,#1837,#1838,#1839,#1840,#1841,#1842,#1843,#1844,#1845,#1846,#1847,#1848,#1849,#1850,#1851,#1852,#1853,#1854,#1855,#1856,#1857,#1858,#1859,#1860,#1861,#1862,#1863,#1864,#1865,#1866,#1867,#1868,#1869,#1870,#1871,#1872,#1873,#1874,#1875,#1876,#1877,#1878,#1879,#1880,#1881,#1882,#1883,#1884,#1885,#1886,#1887,#1888,#1889,#1890,#1891,#1892,#1893,#1894,#1895,#1896,#1897,#1898,#1899,#1900,#1901,#1902,#1903,#1904,#1905,#1906,#1907,#1908,#1909,#1910,#1911,#1912,#1913,#1914,#1915,#1916,#1917,#1918,#1919,#1920,#1921,#1922,#1923,#1924,#1925,#1926,#1927,#1928,#1929,#1930,#1931,#1932,#1933,#1934,#1935,#1936,#1937,#1938,#1939,#1940,#1941,#1942,#1943,#1944,#1945,#1946,#1947,#1948,#1949,#1950,#1951,#1952,#1953,#1954,#1955,#1956,#1957,#1958,#1959,#1960,#1961,#1962,#1963,#1964,#1965,#1966,#1967,#1968,#1969,#1970,#1971,#1972,#1973,#1974,#1975,#1976,#1977,#1978,#1979,#1980,#1981,#1982,#1983,#1984,#1985,#1986,#1987,#1988,#1989,#1990,#1991,#1992,#1993,#1994,#1995,#1996,#1997,#1998,#1999,#2000,#2001,#2002,#2003,#2004,#2005,#2006,#2007,#2008,#2009,#2010,#2011,#2012,#2013,#2014,#2015,#2016,#2017,#2018,#2019,#2020,#2021,#2022,#2023,#2024,#2025,#2026,#2027,#2028,#2029,#2030,#2031,#2032,#2033,#2034,#2035,#2036,#2037,#2038,#2039,#2040,#2041,#2042,#2043,#2044,#2045,#2046,#2047,#2048,#2049,#2050,#2051,#2052,#2053,#2054,#2055,#2056,#2057,#2058,#2059,#2060,#2061,#2062,#2063,#2064,#2065,#2066,#2067,#2068,#2069,#2070,#2071,#2072,#2073,#2074,#2075,#2076,#2077,#2078,#2079,#2080,#2081,#2082,#2083,#2084,#2085,#2086,#2087,#2088,#2089,#2090,#2091,#2092,#2093,#2094,#2095,#2096,#2097,#2098,#2099,#2100,#2101,#2102,#2103,#2104,#2105,#2106,#2107,#2108,#2109,#2110,#2111,#2112,#2113,#2114,#2115,#2116,#2117,#2118,#2119,#2120,#2121,#2122,#2123,#2124,#2125,#2126,#2127,#2128,#2129,#2130,#2131,#2132,#2133,#2134,#2135,#2136,#2137,#2138,#2139,#2140,#2141,#2142,#2143,#2144,#2145,#2146,#2147,#2148,#2149,#2150,#2151,#2152,#2153,#2154,#2155,#2156,#2157,#2158,#2159,#2160,#2161,#2162,#2163,#2164,#2165,#2166,#2167,#2168,#2169,#2170,#2171,#2172,#2173,#2174,#2175,#2176,#2177,#2178,#2179,#2180,#2181,#2182,#2183,#2184,#2185,#2186,#2187,#2188,#2189,#2190,#2191,#2192,#2193,#2194,#2195,#2196,#2197,#2198,#2199,#2200,#2201,#2202,#2203,#2204,#2205,#2206,#2207,#2208,#2209,#2210,#2211,#2212,#2213,#2214,#2215,#2216,#2217,#2218,#2219,#2220,#2221,#2222,#2223,#2224,#2225,#2226,#2227,#2228,#2229,#2230,#2231,#2232,#2233,#2234,#2235,#2236,#2237,#2238,#2239,#2240,#2241,#2242,#2243,#2244,#2245,#2246,#2247,#2248,#2249,#2250,#2251,#2252,#2253,#2254,#2255,#2256,#2257,#2258,#2259,#2260,#2261,#2262,#2263,#2264,#2265,#2266,#2267,#2268,#2269,#2270,#2271,#2272,#2273,#2274,#2275,#2276,#2277,#2278,#2279,#2280,#2281,#2282,#2283,#2284,#2285,#2286,#2287,#2288,#2289,#2290,#2291,#2292,#2293,#2294,#2295,#2296,#2297,#2298,#2299,#2300,#2301,#2302,#2303,#2304,#2305,#2306,#2307,#2308,#2309,#2310,#2311,#2312,#2313,#2314,#2315,#2316,#2317,#2318,#2319,#2320,#2321,#2322,#2323,#2324,#2325,#2326,#2327,#2328,#2329,#2330,#2331,#2332,#2333,#2334,#2335,#2336,#2337,#2338,#2339,#2340,#2341,#2342,#2343,#2344,#2345,#2346,#2347,#2348,#2349,#2350,#2351,#2352,#2353,#2354,#2355,#2356,#2357,#2358,#2359,#2360,#2361,#2362,#2363,#2364,#2365,#2366,#2367,#2368,#2369,#2370,#2371,#2372,#2373,#2374,#2375,#2376,#2377,#2378,#2379,#2380,#2381,#2382,#2383,#2384,#2385,#2386,#2387,#2388,#2389,#2390,#2391,#2392,#2393,#2394,#2395,#2396,#2397,#2398,#2399,#2400,#2401,#2402,#2403,#2404,#2405,#2406,#2407,#2408,#2409,#2410,#2411,#2412,#2413,#2414,#2415,#2416,#2417,#2418,#2419,#2420,#2421,#2422,#2423,#2424,#2425,#2426,#2427,#2428,#2429,#2430,#2431,#2432,#2433,#2434,#2435,#2436,#2437,#2438,#2439,#2440,#2441,#2442,#2443,#2444,#2445,#2446,#2447,#2448,#2449,#2450,#2451,#2452,#2453,#2454,#2455,#2456,#2457,#2458,#2459,#2460,#2461,#2462,#2463,#2464,#2465,#2466,#2467,#2468,#2469,#2470,#2471,#2472,#2473,#2474,#2475,#2476,#2477,#2478,#2479,#2480,#2481,#2482,#2483,#2484,#2485,#2486,#2487,#2488,#2489,#2490,#2491,#2492,#2493,#2494,#2495,#2496,#2497,#2498,#2499,#2500,#2501,#2502,#2503,#2504,#2505,#2506,#2507,#2508,#2509,#2510,#2511,#2512,#2513,#2514,#2515,#2516,#2517,#2518,#2519,#2520,#2521,#2522,#2523,#2524,#2525,#2526,#2527,#2528,#2529,#2530,#2531,#2532,#2533,#2534,#2535,#2536,#2537,#2538,#2539,#2540,#2541,#2542,#2543,#2544,#2545,#2546,#2547,#2548,#2549,#2550,#2551,#2552,#2553,#2554,#2555,#2556,#2557,#2558,#2559,#2560,#2561,#2562,#2563,#2564,#2565,#2566,#2567,#2568,#2569,#2570,#2571,#2572,#2573,#2574,#2575,#2576,#2577,#2578,#2579,#2580,#2581,#2582,#2583,#2584,#2585,#2586,#2587,#2588,#2589,#2590,#2591,#2592,#2593,#2594,#2595,#2596,#2597,#2598,#2599,#2600,#2601,#2602,#2603,#2604,#2605,#2606,#2607,#2608,#2609,#2610,#2611,#2612,#2613,#2614,#2615,#2616,#2617,#2618,#2619,#2620,#2621,#2622,#2623,#2624,#2625,#2626,#2627,#2628,#2629,#2630,#2631,#2632,#2633,#2634,#2635,#2636,#2637,#2638,#2639,#2640,#2641,#2642,#2643,#2644,#2645,#2646,#2647,#2648,#2649,#2650,#2651,#2652,#2653,#2654,#2655,#2656,#2657,#2658,#2659,#2660,#2661,#2662,#2663,#2664,#2665,#2666,#2667,#2668,#2669,#2670,#2671,#2672,#2673,#2674,#2675,#2676,#2677,#2678,#2679,#2680,#2681,#2682,#2683,#2684,#2685,#2686,#2687,#2688,#2689,#2690,#2691,#2692,#2693,#2694,#2695,#2696,#2697,#2698,#2699,#2700,#2701,#2702,#2703,#2704,#2705,#2706,#2707,#2708,#2709,#2710,#2711,#2712,#2713,#2714,#2715,#2716,#2717,#2718,#2719,#2720,#2721,#2722,#2723,#2724,#2725,#2726,#2727,#2728,#2729,#2730,#2731,#2732,#2733,#2734,#2735,#2736,#2737,#2738,#2739,#2740,#2741,#2742,#2743,#2744,#2745,#2746,#2747,#2748,#2749,#2750,#2751,#2752,#2753,#2754,#2755,#2756,#2757,#2758,#2759,#2760,#2761,#2762,#2763,#2764,#2765,#2766,#2767,#2768,#2769,#2770,#2771,#2772,#2773,#2774,#2775,#2776,#2777,#2778,#2779,#2780,#2781,#2782,#2783,#2784,#2785,#2786,#2787,#2788,#2789,#2790,#2791,#2792,#2793,#2794,#2795,#2796,#2797,#2798,#2799,#2800,#2801,#2802,#2803,#2804,#2805,#2806,#2807,#2808,#2809,#2810,#2811,#2812,#2813,#2814,#2815,#2816,#2817,#2818,#2819,#2820,#2821,#2822,#2823,#2824,#2825,#2826,#2827,#2828,#2829,#2830,#2831,#2832,#2833,#2834,#2835,#2836,#2837,#2838,#2839,#2840,#2841,#2842,#2843,#2844,#2845,#2846,#2847,#2848,#2849,#2850,#2851,#2852,#2853,#2854,#2855,#2856,#2857,#2858,#2859,#2860,#2861,#2862,#2863,#2864,#2865,#2866,#2867,#2868,#2869,#2870,#2871,#2872,#2873,#2874,#2875,#2876,#2877,#2878,#2879,#2880,#2881,#2882,#2883,#2884,#2885,#2886,#2887,#2888,#2889,#2890,#2891,#2892,#2893,#2894,#2895,#2896,#2897,#2898,#2899,#2900,#2901,#2902,#2903,#2904,#2905,#2906,#2907,#2908,#2909,#2910,#2911,#2912,#2913,#2914,#2915,#2916,#2917,#2918,#2919,#2920,#2921,#2922,#2923,#2924,#2925,#2926,#2927,#2928,#2929,#2930,#2931,#2932,#2933,#2934,#2935,#2936,#2937,#2938,#2939,#2940,#2941,#2942,#2943,#2944,#2945,#2946,#2947,#2948,#2949,#2950,#2951,#2952,#2953,#2954,#2955,#2956,#2957,#2958,#2959,#2960,#2961,#2962,#2963,#2964,#2965,#2966,#2967,#2968,#2969,#2970,#2971,#2972,#2973,#2974,#2975,#2976,#2977,#2978,#2979,#2980,#2981,#2982,#2983,#2984,#2985,#2986,#2987,#2988,#2989,#2990,#2991,#2992,#2993,#2994,#2995,#2996,#2997,#2998,#2999,#3000,#3001,#3002,#3003,#3004,#3005,#3006,#3007,#3008,#3009,#3010,#3011,#3012,#3013,#3014,#3015,#3016,#3017,#3018,#3019,#3020,#3021,#3022,#3023,#3024,#3025,#3026,#3027,#3028,#3029,#3030,#3031,#3032,#3033,#3034,#3035,#3036,#3037,#3038,#3039,#3040,#3041,#3042,#3043,#3044,#3045,#3046,#3047,#3048,#3049,#3050,#3051,#3052,#3053,#3054,#3055,#3056,#3057,#3058,#3059,#3060,#3061,#3062,#3063,#3064,#3065,#3066,#3067,#3068,#3069,#3070,#3071,#3072,#3073,#3074,#3075,#3076,#3077,#3078,#3079,#3080,#3081,#3082,#3083,#3084,#3085,#3086,#3087,#3088,#3089,#3090,#3091,#3092,#3093,#3094,#3095,#3096,#3097,#3098,#3099,#3100,#3101,#3102,#3103,#3104,#3105,#3106,#3107,#3108,#3109,#3110,#3111,#3112,#3113,#3114,#3115,#3116,#3117,#3118,#3119,#3120,#3121,#3122,#3123,#3124,#3125,#3126,#3127,#3128,#3129,#3130,#3131,#3132,#3133,#3134,#3135,#3136,#3137,#3138,#3139,#3140,#3141,#3142,#3143,#3144,#3145,#3146,#3147,#3148,#3149,#3150,#3151,#3152,#3153,#3154,#3155,#3156,#3157,#3158,#3159,#3160,#3161,#3162,#3163,#3164,#3165,#3166,#3167,#3168,#3169,#3170,#3171,#3172,#3173,#3174,#3175,#3176,#3177,#3178,#3179,#3180,#3181,#3182,#3183,#3184,#3185,#3186,#3187,#3188,#3189,#3190,#3191,#3192,#3193,#3194,#3195,#3196,#3197,#3198,#3199,#3200,#3201,#3202,#3203,#3204,#3205,#3206,#3207,#3208,#3209,#3210,#3211,#3212,#3213,#3214,#3215,#3216,#3217,#3218,#3219,#3220,#3221,#3222,#3223,#3224,#3225,#3226,#3227,#3228,#3229,#3230,#3231,#3232,#3233,#3234,#3235,#3236,#3237,#3238,#3239,#3240,#3241,#3242,#3243,#3244,#3245,#3246,#3247,#3248,#3249,#3250,#3251,#3252,#3253,#3254,#3255,#3256,#3257,#3258,#3259,#3260,#3261,#3262,#3263,#3264,#3265,#3266,#3267,#3268,#3269,#3270,#3271,#3272,#3273,#3274,#3275,#3276,#3277,#3278,#3279,#3280,#3281,#3282,#3283,#3284,#3285,#3286,#3287,#3288,#3289,#3290,#3291,#3292,#3293,#3294,#3295,#3296,#3297,#3298,#3299,#3300,#3301,#3302,#3303,#3304,#3305,#3306,#3307,#3308,#3309,#3310,#3311,#3312,#3313,#3314,#3315,#3316,#3317,#3318,#3319,#3320,#3321,#3322,#3323,#3324,#3325,#3326,#3327,#3328,#3329,#3330,#3331,#3332,#3333,#3334,#3335,#3336,#3337,#3338,#3339,#3340,#3341,#3342,#3343,#3344,#3345,#3346,#3347,#3348,#3349,#3350,#3351,#3352,#3353,#3354,#3355,#3356,#3357,#3358,#3359,#3360,#3361,#3362,#3363,#3364,#3365,#3366,#3367,#3368,#3369,#3370,#3371,#3372,#3373,#3374,#3375,#3376,#3377,#3378,#3379,#3380,#3381,#3382,#3383,#3384,#3385,#3386,#3387,#3388,#3389,#3390,#3391,#3392,#3393,#3394,#3395,#3396,#3397,#3398,#3399,#3400,#3401,#3402,#3403,#3404,#3405,#3406,#3407,#3408,#3409,#3410,#3411,#3412,#3413,#3414,#3415,#3416,#3417,#3418,#3419,#3420,#3421,#3422,#3423,#3424,#3425,#3426,#3427,#3428,#3429,#3430,#3431,#3432,#3433,#3434,#3435,#3436,#3437,#3438,#3439,#3440,#3441,#3442,#3443,#3444,#3445,#3446,#3447,#3448,#3449,#3450,#3451,#3452,#3453,#3454,#3455,#3456,#3457,#3458,#3459,#3460,#3461,#3462,#3463,#3464,#3465,#3466,#3467,#3468,#3469,#3470,#3471,#3472,#3473,#3474,#3475,#3476,#3477,#3478,#3479,#3480,#3481,#3482,#3483,#3484,#3485,#3486,#3487,#3488,#3489,#3490,#3491,#3492,#3493,#3494,#3495,#3496,#3497,#3498,#3499,#3500,#3501,#3502,#3503,#3504,#3505,#3506,#3507,#3508,#3509,#3510,#3511,#3512,#3513,#3514,#3515,#3516,#3517,#3518,#3519,#3520,#3521,#3522,#3523,#3524,#3525,#3526,#3527,#3528,#3529,#3530,#3531,#3532,#3533,#3534,#3535,#3536,#3537,#3538,#3539,#3540,#3541,#3542,#3543,#3544,#3545,#3546,#3547,#3548,#3549,#3550,#3551,#3552,#3553,#3554,#3555,#3556,#3557,#3558,#3559,#3560,#3561,#3562,#3563,#3564,#3565,#3566,#3567,#3568,#3569,#3570,#3571,#3572,#3573,#3574,#3575,#3576,#3577,#3578,#3579,#3580,#3581,#3582,#3583,#3584,#3585,#3586,#3587,#3588,#3589,#3590,#3591,#3592,#3593,#3594,#3595,#3596,#3597,#3598,#3599,#3600,#3601,#3602,#3603,#3604,#3605,#3606,#3607,#3608,#3609,#3610,#3611,#3612,#3613,#3614,#3615,#3616,#3617,#3618,#3619,#3620,#3621,#3622,#3623,#3624,#3625,#3626,#3627,#3628,#3629,#3630,#3631,#3632,#3633,#3634,#3635,#3636,#3637,#3638,#3639,#3640,#3641,#3642,#3643,#3644,#3645,#3646,#3647,#3648,#3649,#3650,#3651,#3652,#3653,#3654,#3655,#3656,#3657,#3658,#3659,#3660,#3661,#3662,#3663,#3664,#3665,#3666,#3667,#3668,#3669,#3670,#3671,#3672,#3673,#3674,#3675,#3676,#3677,#3678,#3679,#3680,#3681,#3682,#3683,#3684,#3685,#3686,#3687,#3688,#3689,#3690,#3691,#3692,#3693,#3694,#3695,#3696,#3697,#3698,#3699,#3700,#3701,#3702,#3703,#3704,#3705,#3706,#3707,#3708,#3709,#3710,#3711,#3712,#3713,#3714,#3715,#3716,#3717,#3718,#3719,#3720,#3721,#3722,#3723,#3724,#3725,#3726,#3727,#3728,#3729,#3730,#3731,#3732,#3733,#3734,#3735,#3736,#3737,#3738,#3739,#3740,#3741,#3742,#3743,#3744,#3745,#3746,#3747,#3748,#3749,#3750,#3751,#3752,#3753,#3754,#3755,#3756,#3757,#3758,#3759,#3760,#3761,#3762,#3763,#3764,#3765,#3766,#3767,#3768,#3769,#3770,#3771,#3772,#3773,#3774,#3775,#3776,#3777,#3778,#3779,#3780,#3781,#3782,#3783,#3784,#3785,#3786,#3787,#3788,#3789,#3790,#3791,#3792,#3793,#3794,#3795,#3796,#3797,#3798,#3799,#3800,#3801,#3802,#3803,#3804,#3805,#3806,#3807,#3808,#3809,#3810,#3811,#3812,#3813,#3814,#3815,#3816,#3817,#3818,#3819,#3820,#3821,#3822,#3823,#3824,#3825,#3826,#3827,#3828,#3829,#3830,#3831,#3832,#3833,#3834,#3835,#3836,#3837,#3838,#3839,#3840,#3841,#3842,#3843,#3844,#3845,#3846,#3847,#3848,#3849,#3850,#3851,#3852,#3853,#3854,#3855,#3856,#3857,#3858,#3859,#3860,#3861,#3862,#3863,#3864,#3865,#3866,#3867,#3868,#3869,#3870,#3871,#3872,#3873,#3874,#3875,#3876,#3877,#3878,#3879,#3880,#3881,#3882,#3883,#3884,#3885,#3886,#3887,#3888,#3889,#3890,#3891,#3892,#3893,#3894,#3895,#3896,#3897,#3898,#3899,#3900,#3901,#3902,#3903,#3904,#3905,#3906,#3907,#3908,#3909,#3910,#3911,#3912,#3913,#3914,#3915,#3916,#3917,#3918,#3919,#3920,#3921,#3922,#3923,#3924,#3925,#3926,#3927,#3928,#3929,#3930,#3931,#3932,#3933,#3934,#3935,#3936,#3937,#3938,#3939,#3940,#3941,#3942,#3943,#3944,#3945,#3946,#3947,#3948,#3949,#3950,#3951,#3952,#3953,#3954,#3955,#3956,#3957,#3958,#3959,#3960,#3961,#3962,#3963,#3964,#3965,#3966,#3967,#3968,#3969,#3970,#3971,#3972,#3973,#3974,#3975,#3976,#3977,#3978,#3979,#3980,#3981,#3982,#3983,#3984,#3985,#3986,#3987,#3988,#3989,#3990,#3991,#3992,#3993,#3994,#3995,#3996,#3997,#3998,#3999,#4000,#4001,#4002,#4003,#4004,#4005,#4006,#4007,#4008,#4009,#4010,#4011,#4012,#4013,#4014,#4015,#4016,#4017,#4018,#4019,#4020,#4021,#4022,#4023,#4024,#4025,#4026,#4027,#4028,#4029,#4030,#4031,#4032,#4033,#4034,#4035,#4036,#4037,#4038,#4039,#4040,#4041,#4042,#4043,#4044,#4045,#4046,#4047,#4048,#4049,#4050,#4051,#4052,#4053,#4054,#4055,#4056,#4057,#4058,#4059,#4060,#4061,#4062,#4063,#4064,#4065,#4066,#4067,#4068,#4069,#4070,#4071,#4072,#4073,#4074,#4075,#4076,#4077,#4078,#4079,#4080,#4081,#4082,#4083,#4084,#4085,#4086,#4087,#4088,#4089,#4090,#4091,#4092,#4093,#4094,#4095,#4096,#4097,#4098,#4099,#4100,#4101,#4102,#4103,#4104,#4105,#4106,#4107,#4108,#4109,#4110,#4111,#4112,#4113,#4114,#4115,#4116,#4117,#4118,#4119,#4120,#4121,#4122,#4123,#4124,#4125,#4126,#4127,#4128,#4129,#4130,#4131,#4132,#4133,#4134,#4135,#4136,#4137,#4138,#4139,#4140,#4141,#4142,#4143,#4144,#4145,#4146,#4147,#4148,#4149,#4150,#4151,#4152,#4153,#4154,#4155,#4156,#4157,#4158,#4159,#4160,#4161,#4162,#4163,#4164,#4165,#4166,#4167,#4168,#4169,#4170,#4171,#4172,#4173,#4174,#4175,#4176,#4177,#4178,#4179,#4180,#4181,#4182,#4183,#4184,#4185,#4186,#4187,#4188,#4189,#4190,#4191,#4192,#4193,#4194,#4195,#4196,#4197,#4198,#4199,#4200,#4201,#4202,#4203,#4204,#4205,#4206,#4207,#4208,#4209,#4210,#4211,#4212,#4213,#4214,#4215,#4216,#4217,#4218,#4219,#4220,#4221,#4222,#4223,#4224,#4225,#4226,#4227,#4228,#4229,#4230,#4231,#4232,#4233,#4234,#4235,#4236,#4237,#4238,#4239,#4240,#4241,#4242,#4243,#4244,#4245,#4246,#4247,#4248,#4249,#4250,#4251,#4252,#4253,#4254,#4255,#4256,#4257,#4258,#4259,#4260,#4261,#4262,#4263,#4264,#4265,#4266,#4267,#4268,#4269,#4270,#4271,#4272,#4273,#4274,#4275,#4276,#4277,#4278,#4279,#4280,#4281,#4282,#4283,#4284,#4285,#4286,#4287,#4288,#4289,#4290,#4291,#4292,#4293,#4294,#4295,#4296,#4297,#4298,#4299,#4300,#4301,#4302,#4303,#4304,#4305,#4306,#4307,#4308,#4309,#4310,#4311,#4312,#4313,#4314,#4315,#4316,#4317,#4318,#4319,#4320,#4321,#4322,#4323,#4324,#4325,#4326,#4327,#4328,#4329,#4330,#4331,#4332,#4333,#4334,#4335,#4336,#4337,#4338,#4339,#4340,#4341,#4342,#4343,#4344,#4345,#4346,#4347,#4348,#4349,#4350,#4351,#4352,#4353,#4354,#4355,#4356,#4357,#4358,#4359,#4360,#4361,#4362,#4363,#4364,#4365,#4366,#4367,#4368,#4369,#4370,#4371,#4372,#4373,#4374,#4375,#4376,#4377,#4378,#4379,#4380,#4381,#4382,#4383,#4384,#4385,#4386,#4387,#4388,#4389,#4390,#4391,#4392,#4393,#4394,#4395,#4396,#4397,#4398,#4399,#4400,#4401,#4402,#4403,#4404,#4405,#4406,#4407,#4408,#4409,#4410,#4411,#4412,#4413,#4414,#4415,#4416,#4417,#4418,#4419,#4420,#4421,#4422,#4423,#4424,#4425,#4426,#4427,#4428,#4429,#4430,#4431,#4432,#4433,#4434,#4435,#4436,#4437,#4438,#4439,#4440,#4441,#4442,#4443,#4444,#4445,#4446,#4447,#4448,#4449,#4450,#4451,#4452,#4453,#4454,#4455,#4456,#4457,#4458,#4459,#4460,#4461,#4462,#4463,#4464,#4465,#4466,#4467,#4468,#4469,#4470,#4471,#4472,#4473,#4474,#4475,#4476,#4477,#4478,#4479,#4480,#4481,#4482,#4483,#4484,#4485,#4486,#4487,#4488,#4489,#4490,#4491,#4492,#4493,#4494,#4495,#4496,#4497,#4498,#4499,#4500,#4501,#4502,#4503,#4504,#4505,#4506,#4507,#4508,#4509,#4510,#4511,#4512,#4513,#4514,#4515,#4516,#4517,#4518,#4519,#4520,#4521,#4522,#4523,#4524,#4525,#4526,#4527,#4528,#4529,#4530,#4531,#4532,#4533,#4534,#4535,#4536,#4537,#4538,#4539,#4540,#4541,#4542,#4543,#4544,#4545,#4546,#4547,#4548,#4549,#4550,#4551,#4552,#4553,#4554,#4555,#4556,#4557,#4558,#4559,#4560,#4561,#4562,#4563,#4564,#4565,#4566,#4567,#4568,#4569,#4570,#4571,#4572,#4573,#4574,#4575,#4576,#4577,#4578,#4579,#4580,#4581,#4582,#4583,#4584,#4585,#4586,#4587,#4588,#4589,#4590,#4591,#4592,#4593,#4594,#4595,#4596,#4597,#4598,#4599,#4600,#4601,#4602,#4603,#4604,#4605,#4606,#4607,#4608,#4609,#4610,#4611,#4612,#4613,#4614,#4615,#4616,#4617,#4618,#4619,#4620,#4621,#4622,#4623,#4624,#4625,#4626,#4627,#4628,#4629,#4630,#4631,#4632,#4633,#4634,#4635,#4636,#4637,#4638,#4639,#4640,#4641,#4642,#4643,#4644,#4645,#4646,#4647,#4648,#4649,#4650,#4651,#4652,#4653,#4654,#4655,#4656,#4657,#4658,#4659,#4660,#4661,#4662,#4663,#4664,#4665,#4666,#4667,#4668,#4669,#4670,#4671,#4672,#4673,#4674,#4675,#4676,#4677,#4678,#4679,#4680,#4681,#4682,#4683,#4684,#4685,#4686,#4687,#4688,#4689,#4690,#4691,#4692,#4693,#4694,#4695,#4696,#4697,#4698,#4699,#4700,#4701,#4702,#4703,#4704,#4705,#4706,#4707,#4708,#4709,#4710,#4711,#4712,#4713,#4714,#4715,#4716,#4717,#4718,#4719,#4720,#4721,#4722,#4723,#4724,#4725,#4726,#4727,#4728,#4729,#4730,#4731,#4732,#4733,#4734,#4735,#4736,#4737,#4738,#4739,#4740,#4741,#4742,#4743,#4744,#4745,#4746,#4747,#4748,#4749,#4750,#4751,#4752,#4753,#4754,#4755,#4756,#4757,#4758,#4759,#4760,#4761,#4762,#4763,#4764,#4765,#4766,#4767,#4768,#4769,#4770,#4771,#4772,#4773,#4774,#4775,#4776,#4777,#4778,#4779,#4780,#4781,#4782,#4783,#4784,#4785,#4786,#4787,#4788,#4789,#4790,#4791,#4792,#4793,#4794,#4795,#4796,#4797,#4798,#4799,#4800,#4801,#4802,#4803,#4804,#4805,#4806,#4807,#4808,#4809,#4810,#4811,#4812,#4813,#4814,#4815,#4816,#4817,#4818,#4819,#4820,#4821,#4822,#4823,#4824,#4825,#4826,#4827,#4828,#4829,#4830,#4831,#4832,#4833,#4834,#4835,#4836,#4837,#4838,#4839,#4840,#4841,#4842,#4843,#4844,#4845,#4846,#4847,#4848,#4849,#4850,#4851,#4852,#4853,#4854,#4855,#4856,#4857,#4858,#4859,#4860,#4861,#4862,#4863,#4864,#4865,#4866,#4867,#4868,#4869,#4870,#4871,#4872,#4873,#4874,#4875,#4876,#4877,#4878,#4879,#4880,#4881,#4882,#4883,#4884,#4885,#4886,#4887,#4888,#4889,#4890,#4891,#4892,#4893,#4894,#4895,#4896,#4897,#4898,#4899,#4900,#4901,#4902,#4903,#4904,#4905,#4906,#4907,#4908,#4909,#4910,#4911,#4912,#4913,#4914,#4915,#4916,#4917,#4918,#4919,#4920,#4921,#4922,#4923,#4924,#4925,#4926,#4927,#4928,#4929,#4930,#4931,#4932,#4933,#4934,#4935,#4936,#4937,#4938,#4939,#4940,#4941,#4942,#4943,#4944,#4945,#4946,#4947,#4948,#4949,#4950,#4951,#4952,#4953,#4954,#4955,#4956,#4957,#4958,#4959,#4960,#4961,#4962,#4963,#4964,#4965,#4966,#4967,#4968,#4969,#4970,#4971,#4972,#4973,#4974,#4975,#4976,#4977,#4978,#4979,#4980,#4981,#4982,#4983,#4984,#4985,#4986,#4987,#4988,#4989,#4990,#4991,#4992,#4993,#4994,#4995,#4996,#4997,#4998,#4999,#5000,#5001,#5002,#5003,#5004,#5005,#5006,#5007,#5008,#5009,#5010,#5011,#5012,#5013,#5014,#5015,#5016,#5017,#5018,#5019,#5020,#5021,#5022,#5023,#5024,#5025,#5026,#5027,#5028,#5029,#5030,#5031,#5032,#5033,#5034,#5035,#5036,#5037,#5038,#5039,#5040,#5041,#5042,#5043,#5044,#5045,#5046,#5047,#5048,#5049,#5050,#5051,#5052,#5053,#5054,#5055,#5056,#5057,#5058,#5059,#5060,#5061,#5062,#5063,#5064,#5065,#5066,#5067,#5068,#5069,#5070,#5071,#5072,#5073,#5074,#5075,#5076,#5077,#5078,#5079,#5080,#5081,#5082,#5083,#5084,#5085,#5086,#5087,#5088,#5089,#5090,#5091,#5092,#5093,#5094,#5095,#5096,#5097,#5098,#5099,#5100,#5101,#5102,#5103,#5104,#5105,#5106,#5107,#5108,#5109,#5110,#5111,#5112,#5113,#5114,#5115,#5116,#5117,#5118,#5119,#5120,#5121,#5122,#5123,#5124,#5125,#5126,#5127,#5128,#5129,#5130,#5131,#5132,#5133,#5134,#5135,#5136,#5137,#5138,#5139,#5140,#5141,#5142,#5143,#5144,#5145,#5146,#5147,#5148,#5149,#5150,#5151,#5152,#5153,#5154,#5155,#5156,#5157,#5158,#5159,#5160,#5161,#5162,#5163,#5164,#5165,#5166,#5167,#5168,#5169,#5170,#5171,#5172,#5173,#5174,#5175,#5176,#5177,#5178,#5179,#5180,#5181,#5182,#5183,#5184,#5185,#5186,#5187,#5188,#5189,#5190,#5191,#5192,#5193,#5194,#5195,#5196,#5197,#5198,#5199,#5200,#5201,#5202,#5203,#5204,#5205,#5206,#5207,#5208,#5209,#5210,#5211,#5212,#5213,#5214,#5215,#5216,#5217,#5218,#5219,#5220,#5221,#5222,#5223,#5224,#5225,#5226,#5227,#5228,#5229,#5230,#5231,#5232,#5233,#5234,#5235,#5236,#5237,#5238,#5239,#5240,#5241,#5242,#5243,#5244,#5245,#5246,#5247,#5248,#5249,#5250,#5251,#5252,#5253,#5254,#5255,#5256,#5257,#5258,#5259,#5260,#5261,#5262,#5263,#5264,#5265,#5266,#5267,#5268,#5269,#5270,#5271,#5272,#5273,#5274,#5275,#5276,#5277,#5278,#5279,#5280,#5281,#5282,#5283,#5284,#5285,#5286,#5287,#5288,#5289,#5290,#5291,#5292,#5293,#5294,#5295,#5296,#5297,#5298,#5299,#5300,#5301,#5302,#5303,#5304,#5305,#5306,#5307,#5308,#5309,#5310,#5311,#5312,#5313,#5314,#5315,#5316,#5317,#5318,#5319,#5320,#5321,#5322,#5323,#5324,#5325,#5326,#5327,#5328,#5329,#5330,#5331,#5332,#5333,#5334,#5335,#5336,#5337,#5338,#5339,#5340,#5341,#5342,#5343,#5344,#5345,#5346,#5347,#5348,#5349,#5350,#5351,#5352,#5353,#5354,#5355,#5356,#5357,#5358,#5359,#5360,#5361,#5362,#5363,#5364,#5365,#5366,#5367,#5368,#5369,#5370,#5371,#5372,#5373,#5374,#5375,#5376,#5377,#5378,#5379,#5380,#5381,#5382,#5383,#5384,#5385,#5386,#5387,#5388,#5389,#5390,#5391,#5392,#5393,#5394,#5395,#5396,#5397,#5398,#5399,#5400,#5401,#5402,#5403,#5404,#5405,#5406,#5407,#5408,#5409,#5410,#5411,#5412,#5413,#5414,#5415,#5416,#5417,#5418,#5419,#5420,#5421,#5422,#5423,#5424,#5425,#5426,#5427,#5428,#5429,#5430,#5431,#5432,#5433,#5434,#5435,#5436,#5437,#5438,#5439,#5440,#5441,#5442,#5443,#5444,#5445,#5446,#5447,#5448,#5449,#5450,#5451,#5452,#5453,#5454,#5455,#5456,#5457,#5458,#5459,#5460,#5461,#5462,#5463,#5464,#5465,#5466,#5467,#5468,#5469,#5470,#5471,#5472,#5473,#5474,#5475,#5476,#5477,#5478,#5479,#5480,#5481,#5482,#5483,#5484,#5485,#5486,#5487,#5488,#5489,#5490,#5491,#5492,#5493,#5494,#5495,#5496,#5497,#5498,#5499,#5500,#5501,#5502,#5503,#5504,#5505,#5506,#5507,#5508,#5509,#5510,#5511,#5512,#5513,#5514,#5515,#5516,#5517,#5518,#5519,#5520,#5521,#5522,#5523,#5524,#5525,#5526,#5527,#5528,#5529,#5530,#5531,#5532,#5533,#5534,#5535,#5536,#5537,#5538,#5539,#5540,#5541,#5542,#5543,#5544,#5545,#5546,#5547,#5548,#5549,#5550,#5551,#5552,#5553,#5554,#5555,#5556,#5557,#5558,#5559,#5560,#5561,#5562,#5563,#5564,#5565,#5566,#5567,#5568,#5569,#5570,#5571,#5572,#5573,#5574,#5575,#5576,#5577,#5578,#5579,#5580,#5581,#5582,#5583,#5584,#5585,#5586,#5587,#5588,#5589,#5590,#5591,#5592,#5593,#5594,#5595,#5596,#5597,#5598,#5599,#5600,#5601,#5602,#5603,#5604,#5605,#5606,#5607,#5608,#5609,#5610,#5611,#5612,#5613,#5614,#5615,#5616,#5617,#5618,#5619,#5620,#5621,#5622,#5623,#5624,#5625,#5626,#5627,#5628,#5629,#5630,#5631,#5632,#5633,#5634,#5635,#5636,#5637,#5638,#5639,#5640,#5641,#5642,#5643,#5644,#5645,#5646,#5647,#5648,#5649,#5650,#5651,#5652,#5653,#5654,#5655,#5656,#5657,#5658,#5659,#5660,#5661,#5662,#5663,#5664,#5665,#5666,#5667,#5668,#5669,#5670,#5671,#5672,#5673,#5674,#5675,#5676,#5677,#5678,#5679,#5680,#5681,#5682,#5683,#5684,#5685,#5686,#5687,#5688,#5689,#5690,#5691,#5692,#5693,#5694,#5695,#5696,#5697,#5698,#5699,#5700,#5701,#5702,#5703,#5704,#5705,#5706,#5707,#5708,#5709,#5710,#5711,#5712,#5713,#5714,#5715,#5716,#5717,#5718,#5719,#5720,#5721,#5722,#5723,#5724,#5725,#5726,#5727,#5728,#5729,#5730,#5731,#5732,#5733,#5734,#5735,#5736,#5737,#5738,#5739,#5740,#5741,#5742,#5743,#5744,#5745,#5746,#5747,#5748,#5749,#5750,#5751,#5752,#5753,#5754,#5755,#5756,#5757,#5758,#5759,#5760,#5761,#5762,#5763,#5764,#5765,#5766,#5767,#5768,#5769,#5770,#5771,#5772,#5773,#5774,#5775,#5776,#5777,#5778,#5779,#5780,#5781,#5782,#5783,#5784,#5785,#5786,#5787,#5788,#5789,#5790,#5791,#5792,#5793,#5794,#5795,#5796,#5797,#5798,#5799,#5800,#5801,#5802,#5803,#5804,#5805,#5806,#5807,#5808,#5809,#5810,#5811,#5812,#5813,#5814,#5815,#5816,#5817,#5818,#5819,#5820,#5821,#5822,#5823,#5824,#5825,#5826,#5827,#5828,#5829,#5830,#5831,#5832,#5833,#5834,#5835,#5836,#5837,#5838,#5839,#5840,#5841,#5842,#5843,#5844,#5845,#5846,#5847,#5848,#5849,#5850,#5851,#5852,#5853,#5854,#5855,#5856,#5857,#5858,#5859,#5860,#5861,#5862,#5863,#5864,#5865,#5866,#5867,#5868,#5869,#5870,#5871,#5872,#5873,#5874,#5875,#5876,#5877,#5878,#5879,#5880,#5881,#5882,#5883,#5884,#5885,#5886,#5887,#5888,#5889,#5890,#5891,#5892,#5893,#5894,#5895,#5896,#5897,#5898,#5899,#5900,#5901,#5902,#5903,#5904,#5905,#5906,#5907,#5908,#5909,#5910,#5911,#5912,#5913,#5914,#5915,#5916,#5917,#5918,#5919,#5920,#5921,#5922,#5923,#5924,#5925,#5926,#5927,#5928,#5929,#5930,#5931,#5932,#5933,#5934,#5935,#5936,#5937,#5938,#5939,#5940,#5941,#5942,#5943,#5944,#5945,#5946,#5947,#5948,#5949,#5950,#5951,#5952,#5953,#5954,#5955,#5956,#5957,#5958,#5959,#5960,#5961,#5962,#5963,#5964,#5965,#5966,#5967,#5968,#5969,#5970,#5971,#5972,#5973,#5974,#5975,#5976,#5977,#5978,#5979,#5980,#5981,#5982,#5983,#5984,#5985,#5986,#5987,#5988,#5989,#5990,#5991,#5992,#5993,#5994,#5995,#5996,#5997,#5998,#5999,#6000,#6001,#6002,#6003,#6004,#6005,#6006,#6007,#6008,#6009,#6010,#6011,#6012,#6013,#6014,#6015,#6016,#6017,#6018,#6019,#6020,#6021,#6022,#6023,#6024,#6025,#6026,#6027,#6028,#6029,#6030,#6031,#6032,#6033,#6034,#6035,#6036,#6037,#6038,#6039,#6040,#6041,#6042,#6043,#6044,#6045,#6046,#6047,#6048,#6049,#6050,#6051,#6052,#6053,#6054,#6055,#6056,#6057,#6058,#6059,#6060,#6061,#6062,#6063,#6064,#6065,#6066,#6067,#6068,#6069,#6070,#6071,#6072,#6073,#6074,#6075,#6076,#6077,#6078,#6079,#6080,#6081,#6082,#6083,#6084,#6085,#6086,#6087,#6088,#6089,#6090,#6091,#6092,#6093,#6094,#6095,#6096,#6097,#6098,#6099,#6100,#6101,#6102,#6103,#6104,#6105,#6106,#6107,#6108,#6109,#6110,#6111,#6112,#6113,#6114,#6115,#6116,#6117,#6118,#6119,#6120,#6121,#6122,#6123,#6124,#6125,#6126,#6127,#6128,#6129,#6130,#6131,#6132,#6133,#6134,#6135,#6136,#6137,#6138,#6139,#6140,#6141,#6142,#6143,#6144,#6145,#6146,#6147,#6148,#6149,#6150,#6151,#6152,#6153,#6154,#6155,#6156,#6157,#6158,#6159,#6160,#6161,#6162,#6163,#6164,#6165,#6166,#6167,#6168,#6169,#6170,#6171,#6172,#6173,#6174,#6175,#6176,#6177,#6178,#6179,#6180,#6181,#6182,#6183,#6184,#6185,#6186,#6187,#6188,#6189,#6190,#6191,#6192,#6193,#6194,#6195,#6196,#6197,#6198,#6199,#6200,#6201,#6202,#6203,#6204,#6205,#6206,#6207,#6208,#6209,#6210,#6211,#6212,#6213,#6214,#6215,#6216,#6217,#6218,#6219,#6220,#6221,#6222,#6223,#6224,#6225,#6226,#6227,#6228,#6229,#6230,#6231,#6232,#6233,#6234,#6235,#6236,#6237,#6238,#6239,#6240,#6241,#6242,#6243,#6244,#6245,#6246,#6247,#6248,#6249,#6250,#6251,#6252,#6253,#6254,#6255,#6256,#6257,#6258,#6259,#6260,#6261,#6262,#6263,#6264,#6265,#6266,#6267,#6268,#6269,#6270,#6271,#6272,#6273,#6274,#6275,#6276,#6277,#6278,#6279,#6280,#6281,#6282,#6283,#6284,#6285,#6286,#6287,#6288,#6289,#6290,#6291,#6292,#6293,#6294,#6295,#6296,#6297,#6298,#6299,#6300,#6301,#6302,#6303,#6304,#6305,#6306,#6307,#6308,#6309,#6310,#6311,#6312,#6313,#6314,#6315,#6316,#6317,#6318,#6319,#6320,#6321,#6322,#6323,#6324,#6325,#6326,#6327,#6328,#6329,#6330,#6331,#6332,#6333,#6334,#6335,#6336,#6337,#6338,#6339,#6340,#6341,#6342,#6343,#6344,#6345,#6346,#6347,#6348,#6349,#6350,#6351,#6352,#6353,#6354,#6355,#6356,#6357,#6358,#6359,#6360,#6361,#6362,#6363,#6364,#6365,#6366,#6367,#6368,#6369,#6370,#6371,#6372,#6373,#6374,#6375,#6376,#6377,#6378,#6379,#6380,#6381,#6382,#6383,#6384,#6385,#6386,#6387,#6388,#6389,#6390,#6391,#6392,#6393,#6394,#6395,#6396,#6397,#6398,#6399,#6400,#6401,#6402,#6403,#6404,#6405,#6406,#6407,#6408,#6409,#6410,#6411,#6412,#6413,#6414,#6415,#6416,#6417,#6418,#6419,#6420,#6421,#6422,#6423,#6424,#6425,#6426,#6427,#6428,#6429,#6430,#6431,#6432,#6433,#6434,#6435,#6436,#6437,#6438,#6439,#6440,#6441,#6442,#6443,#6444,#6445,#6446,#6447,#6448,#6449,#6450,#6451,#6452,#6453,#6454,#6455,#6456,#6457,#6458,#6459,#6460,#6461,#6462,#6463,#6464,#6465,#6466,#6467,#6468,#6469,#6470,#6471,#6472,#6473,#6474,#6475,#6476,#6477,#6478,#6479,#6480,#6481,#6482,#6483,#6484,#6485,#6486,#6487,#6488,#6489,#6490,#6491,#6492,#6493,#6494,#6495,#6496,#6497,#6498,#6499,#6500,#6501,#6502,#6503,#6504,#6505,#6506,#6507,#6508,#6509,#6510,#6511,#6512,#6513,#6514,#6515,#6516,#6517,#6518,#6519,#6520,#6521,#6522,#6523,#6524,#6525,#6526,#6527,#6528,#6529,#6530,#6531,#6532,#6533,#6534,#6535,#6536,#6537,#6538,#6539,#6540,#6541,#6542,#6543,#6544,#6545,#6546,#6547,#6548,#6549,#6550,#6551,#6552,#6553,#6554,#6555,#6556,#6557,#6558,#6559,#6560,#6561,#6562,#6563,#6564,#6565,#6566,#6567,#6568,#6569,#6570,#6571,#6572,#6573,#6574,#6575,#6576,#6577,#6578,#6579,#6580,#6581,#6582,#6583,#6584,#6585,#6586,#6587,#6588,#6589,#6590,#6591,#6592,#6593,#6594,#6595,#6596,#6597,#6598,#6599,#6600,#6601,#6602,#6603,#6604,#6605,#6606,#6607,#6608,#6609,#6610,#6611,#6612,#6613,#6614,#6615,#6616,#6617,#6618,#6619,#6620,#6621,#6622,#6623,#6624,#6625,#6626,#6627,#6628,#6629,#6630,#6631,#6632,#6633,#6634,#6635,#6636,#6637,#6638,#6639,#6640,#6641,#6642,#6643,#6644,#6645,#6646,#6647,#6648,#6649,#6650,#6651,#6652,#6653,#6654,#6655,#6656,#6657,#6658,#6659,#6660,#6661,#6662,#6663,#6664,#6665,#6666,#6667,#6668,#6669,#6670,#6671,#6672,#6673,#6674,#6675,#6676,#6677,#6678,#6679,#6680,#6681,#6682,#6683,#6684,#6685,#6686,#6687,#6688,#6689,#6690,#6691,#6692,#6693,#6694,#6695,#6696,#6697,#6698,#6699,#6700,#6701,#6702,#6703,#6704,#6705,#6706,#6707,#6708,#6709,#6710,#6711,#6712,#6713,#6714,#6715,#6716,#6717,#6718,#6719,#6720,#6721,#6722,#6723,#6724,#6725,#6726,#6727,#6728,#6729,#6730,#6731,#6732,#6733,#6734,#6735,#6736,#6737,#6738,#6739,#6740,#6741,#6742,#6743,#6744,#6745,#6746,#6747,#6748,#6749,#6750,#6751,#6752,#6753,#6754,#6755,#6756,#6757,#6758,#6759,#6760,#6761,#6762,#6763,#6764,#6765,#6766,#6767,#6768,#6769,#6770,#6771,#6772,#6773,#6774,#6775,#6776,#6777,#6778,#6779,#6780,#6781,#6782,#6783,#6784,#6785,#6786,#6787,#6788,#6789,#6790,#6791,#6792,#6793,#6794,#6795,#6796,#6797,#6798,#6799,#6800,#6801,#6802,#6803,#6804,#6805,#6806,#6807,#6808,#6809,#6810,#6811,#6812,#6813,#6814,#6815,#6816,#6817,#6818,#6819,#6820,#6821,#6822,#6823,#6824,#6825,#6826,#6827,#6828,#6829,#6830,#6831,#6832,#6833,#6834,#6835,#6836,#6837,#6838,#6839,#6840,#6841,#6842,#6843,#6844,#6845,#6846,#6847,#6848,#6849,#6850,#6851,#6852,#6853,#6854,#6855,#6856,#6857,#6858,#6859,#6860,#6861,#6862,#6863,#6864,#6865,#6866,#6867,#6868,#6869,#6870,#6871,#6872,#6873,#6874,#6875,#6876,#6877,#6878,#6879,#6880,#6881,#6882,#6883,#6884,#6885,#6886,#6887,#6888,#6889,#6890,#6891,#6892,#6893,#6894,#6895,#6896,#6897,#6898,#6899,#6900,#6901,#6902,#6903,#6904,#6905,#6906,#6907,#6908,#6909,#6910,#6911,#6912,#6913,#6914,#6915,#6916,#6917,#6918,#6919,#6920,#6921,#6922,#6923,#6924,#6925,#6926,#6927,#6928,#6929,#6930,#6931,#6932,#6933,#6934,#6935,#6936,#6937,#6938,#6939,#6940,#6941,#6942,#6943,#6944,#6945,#6946,#6947,#6948,#6949,#6950,#6951,#6952,#6953,#6954,#6955,#6956,#6957,#6958,#6959,#6960,#6961,#6962,#6963,#6964,#6965,#6966,#6967,#6968,#6969,#6970,#6971,#6972,#6973,#6974,#6975,#6976,#6977,#6978,#6979,#6980,#6981,#6982,#6983,#6984,#6985,#6986,#6987,#6988,#6989,#6990,#6991,#6992,#6993,#6994,#6995,#6996,#6997,#6998,#6999,#7000,#7001,#7002,#7003,#7004,#7005,#7006,#7007,#7008,#7009,#7010,#7011,#7012,#7013,#7014,#7015,#7016,#7017,#7018,#7019,#7020,#7021,#7022,#7023,#7024,#7025,#7026,#7027,#7028,#7029,#7030,#7031,#7032,#7033,#7034,#7035,#7036,#7037,#7038,#7039,#7040,#7041,#7042,#7043,#7044,#7045,#7046,#7047,#7048,#7049,#7050,#7051,#7052,#7053,#7054,#7055,#7056,#7057,#7058,#7059,#7060,#7061,#7062,#7063,#7064,#7065,#7066,#7067,#7068,#7069,#7070,#7071,#7072,#7073,#7074,#7075,#7076,#7077,#7078,#7079,#7080,#7081,#7082,#7083,#7084,#7085,#7086,#7087,#7088,#7089,#7090,#7091,#7092,#7093,#7094,#7095,#7096,#7097,#7098,#7099,#7100,#7101,#7102,#7103,#7104,#7105,#7106,#7107,#7108,#7109,#7110,#7111,#7112,#7113,#7114,#7115,#7116,#7117,#7118,#7119,#7120,#7121,#7122,#7123,#7124,#7125,#7126,#7127,#7128,#7129,#7130,#7131,#7132,#7133,#7134,#7135,#7136,#7137,#7138,#7139,#7140,#7141,#7142,#7143,#7144,#7145,#7146,#7147,#7148,#7149,#7150,#7151,#7152,#7153,#7154,#7155,#7156,#7157,#7158,#7159,#7160,#7161,#7162,#7163,#7164,#7165,#7166,#7167,#7168,#7169,#7170,#7171,#7172,#7173,#7174,#7175,#7176,#7177,#7178,#7179,#7180,#7181,#7182,#7183,#7184,#7185,#7186,#7187,#7188,#7189,#7190,#7191,#7192,#7193,#7194,#7195,#7196,#7197,#7198,#7199,#7200,#7201,#7202,#7203,#7204,#7205,#7206,#7207,#7208,#7209,#7210,#7211,#7212,#7213,#7214,#7215,#7216,#7217,#7218,#7219,#7220,#7221,#7222,#7223,#7224,#7225,#7226,#7227,#7228,#7229,#7230,#7231,#7232,#7233,#7234,#7235,#7236,#7237,#7238,#7239,#7240,#7241,#7242,#7243,#7244,#7245,#7246,#7247,#7248,#7249,#7250,#7251,#7252,#7253,#7254,#7255,#7256,#7257,#7258,#7259,#7260,#7261,#7262,#7263,#7264,#7265,#7266,#7267,#7268,#7269,#7270,#7271,#7272,#7273,#7274,#7275,#7276,#7277,#7278,#7279,#7280,#7281,#7282,#7283,#7284,#7285,#7286,#7287,#7288,#7289,#7290,#7291,#7292,#7293,#7294,#7295,#7296,#7297,#7298,#7299,#7300,#7301,#7302,#7303,#7304,#7305,#7306,#7307,#7308,#7309,#7310,#7311,#7312,#7313,#7314,#7315,#7316,#7317,#7318,#7319,#7320,#7321,#7322,#7323,#7324,#7325,#7326,#7327,#7328,#7329,#7330,#7331,#7332,#7333,#7334,#7335,#7336,#7337,#7338,#7339,#7340,#7341,#7342,#7343,#7344,#7345,#7346,#7347,#7348,#7349,#7350,#7351,#7352,#7353,#7354,#7355,#7356,#7357,#7358,#7359,#7360,#7361,#7362,#7363,#7364,#7365,#7366,#7367,#7368,#7369,#7370,#7371,#7372,#7373,#7374,#7375,#7376,#7377,#7378,#7379,#7380,#7381,#7382,#7383,#7384,#7385,#7386,#7387,#7388,#7389,#7390,#7391,#7392,#7393,#7394,#7395,#7396,#7397,#7398,#7399,#7400,#7401,#7402,#7403,#7404,#7405,#7406,#7407,#7408,#7409,#7410,#7411,#7412,#7413,#7414,#7415,#7416,#7417,#7418,#7419,#7420,#7421,#7422,#7423,#7424,#7425,#7426,#7427,#7428,#7429,#7430,#7431,#7432,#7433,#7434,#7435,#7436,#7437,#7438,#7439,#7440,#7441,#7442,#7443,#7444,#7445,#7446,#7447,#7448,#7449,#7450,#7451,#7452,#7453,#7454,#7455,#7456,#7457,#7458,#7459,#7460,#7461,#7462,#7463,#7464,#7465,#7466,#7467,#7468,#7469,#7470,#7471,#7472,#7473,#7474,#7475,#7476,#7477,#7478,#7479,#7480,#7481,#7482,#7483,#7484,#7485,#7486,#7487,#7488,#7489,#7490,#7491,#7492,#7493,#7494,#7495,#7496,#7497,#7498,#7499,#7500,#7501,#7502,#7503,#7504,#7505,#7506,#7507,#7508,#7509,#7510,#7511,#7512,#7513,#7514,#7515,#7516,#7517,#7518,#7519,#7520,#7521,#7522,#7523,#7524,#7525,#7526,#7527,#7528,#7529,#7530,#7531,#7532,#7533,#7534,#7535,#7536,#7537,#7538,#7539,#7540,#7541,#7542,#7543,#7544,#7545,#7546,#7547,#7548,#7549,#7550,#7551,#7552,#7553,#7554,#7555,#7556,#7557,#7558,#7559,#7560,#7561,#7562,#7563,#7564,#7565,#7566,#7567,#7568,#7569,#7570,#7571,#7572,#7573,#7574,#7575,#7576,#7577,#7578,#7579,#7580,#7581,#7582,#7583,#7584,#7585,#7586,#7587,#7588,#7589,#7590,#7591,#7592,#7593,#7594,#7595,#7596,#7597,#7598,#7599,#7600,#7601,#7602,#7603,#7604,#7605,#7606,#7607,#7608,#7609,#7610,#7611,#7612,#7613,#7614,#7615,#7616,#7617,#7618,#7619,#7620,#7621,#7622,#7623,#7624,#7625,#7626,#7627,#7628,#7629,#7630,#7631,#7632,#7633,#7634,#7635,#7636,#7637,#7638,#7639,#7640,#7641,#7642,#7643,#7644,#7645,#7646,#7647,#7648,#7649,#7650,#7651,#7652,#7653,#7654,#7655,#7656,#7657,#7658,#7659,#7660,#7661,#7662,#7663,#7664,#7665,#7666,#7667,#7668,#7669,#7670,#7671,#7672,#7673,#7674,#7675,#7676,#7677,#7678,#7679,#7680,#7681,#7682,#7683,#7684,#7685,#7686,#7687,#7688,#7689,#7690,#7691,#7692,#7693,#7694,#7695,#7696,#7697,#7698,#7699,#7700,#7701,#7702,#7703,#7704,#7705,#7706,#7707,#7708,#7709,#7710,#7711,#7712,#7713,#7714,#7715,#7716,#7717,#7718,#7719,#7720,#7721,#7722,#7723,#7724,#7725,#7726,#7727,#7728,#7729,#7730,#7731,#7732,#7733,#7734,#7735,#7736,#7737,#7738,#7739,#7740,#7741,#7742,#7743,#7744,#7745,#7746,#7747,#7748,#7749,#7750,#7751,#7752,#7753,#7754,#7755,#7756,#7757,#7758,#7759,#7760,#7761,#7762,#7763,#7764,#7765,#7766,#7767,#7768,#7769,#7770,#7771,#7772,#7773,#7774,#7775,#7776,#7777,#7778,#7779,#7780,#7781,#7782,#7783,#7784,#7785,#7786,#7787,#7788,#7789,#7790,#7791,#7792,#7793,#7794,#7795,#7796,#7797,#7798,#7799,#7800,#7801,#7802,#7803,#7804,#7805,#7806,#7807,#7808,#7809,#7810,#7811,#7812,#7813,#7814,#7815,#7816,#7817,#7818,#7819,#7820,#7821,#7822,#7823,#7824,#7825,#7826,#7827,#7828,#7829,#7830,#7831,#7832,#7833,#7834,#7835,#7836,#7837,#7838,#7839,#7840,#7841,#7842,#7843,#7844,#7845,#7846,#7847,#7848,#7849,#7850,#7851,#7852,#7853,#7854,#7855,#7856,#7857,#7858,#7859,#7860,#7861,#7862,#7863,#7864,#7865,#7866,#7867,#7868,#7869,#7870,#7871,#7872,#7873,#7874,#7875,#7876,#7877,#7878,#7879,#7880,#7881,#7882,#7883,#7884,#7885,#7886,#7887,#7888,#7889,#7890,#7891,#7892,#7893,#7894,#7895,#7896,#7897,#7898,#7899,#7900,#7901,#7902,#7903,#7904,#7905,#7906,#7907,#7908,#7909,#7910,#7911,#7912,#7913,#7914,#7915,#7916,#7917,#7918,#7919,#7920,#7921,#7922,#7923,#7924,#7925,#7926,#7927,#7928,#7929,#7930,#7931,#7932,#7933,#7934,#7935,#7936,#7937,#7938,#7939,#7940,#7941,#7942,#7943,#7944,#7945,#7946,#7947,#7948,#7949,#7950,#7951,#7952,#7953,#7954,#7955,#7956,#7957,#7958,#7959,#7960,#7961,#7962,#7963,#7964,#7965,#7966,#7967,#7968,#7969,#7970,#7971,#7972,#7973,#7974,#7975,#7976,#7977,#7978,#7979,#7980,#7981,#7982,#7983,#7984,#7985,#7986,#7987,#7988,#7989,#7990,#7991,#7992,#7993,#7994,#7995,#7996,#7997,#7998,#7999,#8000,#8001,#8002,#8003,#8004,#8005,#8006,#8007,#8008,#8009,#8010,#8011,#8012,#8013,#8014,#8015,#8016,#8017,#8018,#8019,#8020,#8021,#8022,#8023,#8024,#8025,#8026,#8027,#8028,#8029,#8030,#8031,#8032,#8033,#8034,#8035,#8036,#8037,#8038,#8039,#8040,#8041,#8042,#8043,#8044,#8045,#8046,#8047,#8048,#8049,#8050,#8051,#8052,#8053,#8054,#8055,#8056,#8057,#8058,#8059,#8060,#8061,#8062,#8063,#8064,#8065,#8066,#8067,#8068,#8069,#8070,#8071,#8072,#8073,#8074,#8075,#8076,#8077,#8078,#8079,#8080,#8081,#8082,#8083,#8084,#8085,#8086,#8087,#8088,#8089,#8090,#8091,#8092,#8093,#8094,#8095,#8096,#8097,#8098,#8099,#8100,#8101,#8102,#8103,#8104,#8105,#8106,#8107,#8108,#8109,#8110,#8111,#8112,#8113,#8114,#8115,#8116,#8117,#8118,#8119,#8120,#8121,#8122,#8123,#8124,#8125,#8126,#8127,#8128,#8129,#8130,#8131,#8132,#8133,#8134,#8135,#8136,#8137,#8138,#8139,#8140,#8141,#8142,#8143,#8144,#8145,#8146,#8147,#8148,#8149,#8150,#8151,#8152,#8153,#8154,#8155,#8156,#8157,#8158,#8159,#8160,#8161,#8162,#8163,#8164,#8165,#8166,#8167,#8168,#8169,#8170,#8171,#8172,#8173,#8174,#8175,#8176,#8177,#8178,#8179,#8180,#8181,#8182,#8183,#8184,#8185,#8186,#8187,#8188,#8189,#8190,#8191,#8192,#8193,#8194,#8195,#8196,#8197,#8198,#8199,#8200,#8201,#8202,#8203,#8204,#8205,#8206,#8207,#8208,#8209,#8210,#8211,#8212,#8213,#8214,#8215,#8216,#8217,#8218,#8219,#8220,#8221,#8222,#8223,#8224,#8225,#8226,#8227,#8228,#8229,#8230,#8231,#8232,#8233,#8234,#8235,#8236,#8237,#8238,#8239,#8240,#8241,#8242,#8243,#8244,#8245,#8246,#8247,#8248,#8249,#8250,#8251,#8252,#8253,#8254,#8255,#8256,#8257,#8258,#8259,#8260,#8261,#8262,#8263,#8264,#8265,#8266,#8267,#8268,#8269,#8270,#8271,#8272,#8273,#8274,#8275,#8276,#8277,#8278,#8279,#8280,#8281,#8282,#8283,#8284,#8285,#8286,#8287,#8288,#8289,#8290,#8291,#8292,#8293,#8294,#8295,#8296,#8297,#8298,#8299,#8300,#8301,#8302,#8303,#8304,#8305,#8306,#8307,#8308,#8309,#8310,#8311,#8312,#8313,#8314,#8315,#8316,#8317,#8318,#8319,#8320,#8321,#8322,#8323,#8324,#8325,#8326,#8327,#8328,#8329,#8330,#8331,#8332,#8333,#8334,#8335,#8336,#8337,#8338,#8339,#8340,#8341,#8342,#8343,#8344,#8345,#8346,#8347,#8348,#8349,#8350,#8351,#8352,#8353,#8354,#8355,#8356,#8357,#8358,#8359,#8360,#8361,#8362,#8363,#8364,#8365,#8366,#8367,#8368,#8369,#8370,#8371,#8372,#8373,#8374,#8375,#8376,#8377,#8378,#8379,#8380,#8381,#8382,#8383,#8384,#8385,#8386,#8387,#8388,#8389,#8390,#8391,#8392,#8393,#8394,#8395,#8396,#8397,#8398,#8399,#8400,#8401,#8402,#8403,#8404,#8405,#8406,#8407,#8408,#8409,#8410,#8411,#8412,#8413,#8414,#8415,#8416,#8417,#8418,#8419,#8420,#8421,#8422,#8423,#8424,#8425,#8426,#8427,#8428,#8429,#8430,#8431,#8432,#8433,#8434,#8435,#8436,#8437,#8438,#8439,#8440,#8441,#8442,#8443,#8444,#8445,#8446,#8447,#8448,#8449,#8450,#8451,#8452,#8453,#8454,#8455,#8456,#8457,#8458,#8459,#8460,#8461,#8462,#8463,#8464,#8465,#8466,#8467,#8468,#8469,#8470,#8471,#8472,#8473,#8474,#8475,#8476,#8477,#8478,#8479,#8480,#8481,#8482,#8483,#8484,#8485,#8486,#8487,#8488,#8489,#8490,#8491,#8492,#8493,#8494,#8495,#8496,#8497,#8498,#8499,#8500,#8501,#8502,#8503,#8504,#8505,#8506,#8507,#8508,#8509,#8510,#8511,#8512,#8513,#8514,#8515,#8516,#8517,#8518,#8519,#8520,#8521,#8522,#8523,#8524,#8525,#8526,#8527,#8528,#8529,#8530,#8531,#8532,#8533,#8534,#8535,#8536,#8537,#8538,#8539,#8540,#8541,#8542,#8543,#8544,#8545,#8546,#8547,#8548,#8549,#8550,#8551,#8552,#8553,#8554,#8555,#8556,#8557,#8558,#8559,#8560,#8561,#8562,#8563,#8564,#8565,#8566,#8567,#8568,#8569,#8570,#8571,#8572,#8573,#8574,#8575,#8576,#8577,#8578,#8579,#8580,#8581,#8582,#8583,#8584,#8585,#8586,#8587,#8588,#8589,#8590,#8591,#8592,#8593,#8594,#8595,#8596,#8597,#8598,#8599,#8600,#8601,#8602,#8603,#8604,#8605,#8606,#8607,#8608,#8609,#8610,#8611,#8612,#8613,#8614,#8615,#8616,#8617,#8618,#8619,#8620,#8621,#8622,#8623,#8624,#8625,#8626,#8627,#8628,#8629,#8630,#8631,#8632,#8633,#8634,#8635,#8636,#8637,#8638,#8639,#8640,#8641,#8642,#8643,#8644,#8645,#8646,#8647,#8648,#8649,#8650,#8651,#8652,#8653,#8654,#8655,#8656,#8657,#8658,#8659,#8660,#8661,#8662,#8663,#8664,#8665,#8666,#8667,#8668,#8669,#8670,#8671,#8672,#8673,#8674,#8675,#8676,#8677,#8678,#8679,#8680,#8681,#8682,#8683,#8684,#8685,#8686,#8687,#8688,#8689,#8690,#8691,#8692,#8693,#8694,#8695,#8696,#8697,#8698,#8699,#8700,#8701,#8702,#8703,#8704,#8705,#8706,#8707,#8708,#8709,#8710,#8711,#8712,#8713,#8714,#8715,#8716,#8717,#8718,#8719,#8720,#8721,#8722,#8723,#8724,#8725,#8726,#8727,#8728,#8729,#8730,#8731,#8732,#8733,#8734,#8735,#8736,#8737,#8738,#8739,#8740,#8741,#8742,#8743,#8744,#8745,#8746,#8747,#8748,#8749,#8750,#8751,#8752,#8753,#8754,#8755,#8756,#8757,#8758,#8759,#8760,#8761,#8762,#8763,#8764,#8765,#8766,#8767,#8768,#8769,#8770,#8771,#8772,#8773,#8774,#8775,#8776,#8777,#8778,#8779,#8780,#8781,#8782,#8783,#8784,#8785,#8786,#8787,#8788,#8789,#8790,#8791,#8792,#8793,#8794,#8795,#8796,#8797,#8798,#8799,#8800,#8801,#8802,#8803,#8804,#8805,#8806,#8807,#8808,#8809,#8810,#8811,#8812,#8813,#8814,#8815,#8816,#8817,#8818,#8819,#8820,#8821,#8822,#8823,#8824,#8825,#8826,#8827,#8828,#8829,#8830,#8831,#8832,#8833,#8834,#8835,#8836,#8837,#8838,#8839,#8840,#8841,#8842,#8843,#8844,#8845,#8846,#8847,#8848,#8849,#8850,#8851,#8852,#8853,#8854,#8855,#8856,#8857,#8858,#8859,#8860,#8861,#8862,#8863,#8864,#8865,#8866,#8867,#8868,#8869,#8870,#8871,#8872,#8873,#8874,#8875,#8876,#8877,#8878,#8879,#8880,#8881,#8882,#8883,#8884,#8885,#8886,#8887,#8888,#8889,#8890,#8891,#8892,#8893,#8894,#8895,#8896,#8897,#8898,#8899,#8900,#8901,#8902,#8903,#8904,#8905,#8906,#8907,#8908,#8909,#8910,#8911,#8912,#8913,#8914,#8915,#8916,#8917,#8918,#8919,#8920,#8921,#8922,#8923,#8924,#8925,#8926,#8927,#8928,#8929,#8930,#8931,#8932,#8933,#8934,#8935,#8936,#8937,#8938,#8939,#8940,#8941,#8942,#8943,#8944,#8945,#8946,#8947,#8948,#8949,#8950,#8951,#8952,#8953,#8954,#8955,#8956,#8957,#8958,#8959,#8960,#8961,#8962,#8963,#8964,#8965,#8966,#8967,#8968,#8969,#8970,#8971,#8972,#8973,#8974,#8975,#8976,#8977,#8978,#8979,#8980,#8981,#8982,#8983,#8984,#8985,#8986,#8987,#8988,#8989,#8990,#8991,#8992,#8993,#8994,#8995,#8996,#8997,#8998,#8999,#9000,#9001,#9002,#9003,#9004,#9005,#9006,#9007,#9008,#9009,#9010,#9011,#9012,#9013,#9014,#9015,#9016,#9017,#9018,#9019,#9020,#9021,#9022,#9023,#9024,#9025,#9026,#9027,#9028,#9029,#9030,#9031,#9032,#9033,#9034,#9035,#9036,#9037,#9038,#9039,#9040,#9041,#9042,#9043,#9044,#9045,#9046,#9047,#9048,#9049,#9050,#9051,#9052,#9053,#9054,#9055,#9056,#9057,#9058,#9059,#9060,#9061,#9062,#9063,#9064,#9065,#9066,#9067,#9068,#9069,#9070,#9071,#9072,#9073,#9074,#9075,#9076,#9077,#9078,#9079,#9080,#9081,#9082,#9083,#9084,#9085,#9086,#9087,#9088,#9089,#9090,#9091,#9092,#9093,#9094,#9095,#9096,#9097,#9098,#9099,#9100,#9101,#9102,#9103,#9104,#9105,#9106,#9107,#9108,#9109,#9110,#9111,#9112,#9113,#9114,#9115,#9116,#9117,#9118,#9119,#9120,#9121,#9122,#9123,#9124,#9125,#9126,#9127,#9128,#9129,#9130,#9131,#9132,#9133,#9134,#9135,#9136,#9137,#9138,#9139,#9140,#9141,#9142,#9143,#9144,#9145,#9146,#9147,#9148,#9149,#9150,#9151,#9152,#9153,#9154,#9155,#9156,#9157,#9158,#9159,#9160,#9161,#9162,#9163,#9164,#9165,#9166,#9167,#9168,#9169,#9170,#9171,#9172,#9173,#9174,#9175,#9176,#9177,#9178,#9179,#9180,#9181,#9182,#9183,#9184,#9185,#9186,#9187,#9188,#9189,#9190,#9191,#9192,#9193,#9194,#9195,#9196,#9197,#9198,#9199,#9200,#9201,#9202,#9203,#9204,#9205,#9206,#9207,#9208,#9209,#9210,#9211,#9212,#9213,#9214,#9215,#9216,#9217,#9218,#9219,#9220,#9221,#9222,#9223,#9224,#9225,#9226,#9227,#9228,#9229,#9230,#9231,#9232,#9233,#9234,#9235,#9236,#9237,#9238,#9239,#9240,#9241,#9242,#9243,#9244,#9245,#9246,#9247,#9248,#9249,#9250,#9251,#9252,#9253,#9254,#9255,#9256,#9257,#9258,#9259,#9260,#9261,#9262,#9263,#9264,#9265,#9266,#9267,#9268,#9269,#9270,#9271,#9272,#9273,#9274,#9275,#9276,#9277,#9278,#9279,#9280,#9281,#9282,#9283,#9284,#9285,#9286,#9287,#9288,#9289,#9290,#9291,#9292,#9293,#9294,#9295,#9296,#9297,#9298,#9299,#9300,#9301,#9302,#9303,#9304,#9305,#9306,#9307,#9308,#9309,#9310,#9311,#9312,#9313,#9314,#9315,#9316,#9317,#9318,#9319,#9320,#9321,#9322,#9323,#9324,#9325,#9326,#9327,#9328,#9329,#9330,#9331,#9332,#9333,#9334,#9335,#9336,#9337,#9338,#9339,#9340,#9341,#9342,#9343,#9344,#9345,#9346,#9347,#9348,#9349,#9350,#9351,#9352,#9353,#9354,#9355,#9356,#9357,#9358,#9359,#9360,#9361,#9362,#9363,#9364,#9365,#9366,#9367,#9368,#9369,#9370,#9371,#9372,#9373,#9374,#9375,#9376,#9377,#9378,#9379,#9380,#9381,#9382,#9383,#9384,#9385,#9386,#9387,#9388,#9389,#9390,#9391,#9392,#9393,#9394,#9395,#9396,#9397,#9398,#9399,#9400,#9401,#9402,#9403,#9404,#9405,#9406,#9407,#9408,#9409,#9410,#9411,#9412,#9413,#9414,#9415,#9416,#9417,#9418,#9419,#9420,#9421,#9422,#9423,#9424,#9425,#9426,#9427,#9428,#9429,#9430,#9431,#9432,#9433,#9434,#9435,#9436,#9437,#9438,#9439,#9440,#9441,#9442,#9443,#9444,#9445,#9446,#9447,#9448,#9449,#9450,#9451,#9452,#9453,#9454,#9455,#9456,#9457,#9458,#9459,#9460,#9461,#9462,#9463,#9464,#9465,#9466,#9467,#9468,#9469,#9470,#9471,#9472,#9473,#9474,#9475,#9476,#9477,#9478,#9479,#9480,#9481,#9482,#9483,#9484,#9485,#9486,#9487,#9488,#9489,#9490,#9491,#9492,#9493,#9494,#9495,#9496,#9497,#9498,#9499,#9500,#9501,#9502,#9503,#9504,#9505,#9506,#9507,#9508,#9509,#9510,#9511,#9512,#9513,#9514,#9515,#9516,#9517,#9518,#9519,#9520,#9521,#9522,#9523,#9524,#9525,#9526,#9527,#9528,#9529,#9530,#9531,#9532,#9533,#9534,#9535,#9536,#9537,#9538,#9539,#9540,#9541,#9542,#9543,#9544,#9545,#9546,#9547,#9548,#9549,#9550,#9551,#9552,#9553,#9554,#9555,#9556,#9557,#9558,#9559,#9560,#9561,#9562,#9563,#9564,#9565,#9566,#9567,#9568,#9569,#9570,#9571,#9572,#9573,#9574,#9575,#9576,#9577,#9578,#9579,#9580,#9581,#9582,#9583,#9584,#9585,#9586,#9587,#9588,#9589,#9590,#9591,#9592,#9593,#9594,#9595,#9596,#9597,#9598,#9599,#9600,#9601,#9602,#9603,#9604,#9605,#9606,#9607,#9608,#9609,#9610,#9611,#9612,#9613,#9614,#9615,#9616,#9617,#9618,#9619,#9620,#9621,#9622,#9623,#9624,#9625,#9626,#9627,#9628,#9629,#9630,#9631,#9632,#9633,#9634,#9635,#9636,#9637,#9638,#9639,#9640,#9641,#9642,#9643,#9644,#9645,#9646,#9647,#9648,#9649,#9650,#9651,#9652,#9653,#9654,#9655,#9656,#9657,#9658,#9659,#9660,#9661,#9662,#9663,#9664,#9665,#9666,#9667,#9668,#9669,#9670,#9671,#9672,#9673,#9674,#9675,#9676,#9677,#9678,#9679,#9680,#9681,#9682,#9683,#9684,#9685,#9686,#9687,#9688,#9689,#9690,#9691,#9692,#9693,#9694,#9695,#9696,#9697,#9698,#9699,#9700,#9701,#9702,#9703,#9704,#9705,#9706,#9707,#9708,#9709,#9710,#9711,#9712,#9713,#9714,#9715,#9716,#9717,#9718,#9719,#9720,#9721,#9722,#9723,#9724,#9725,#9726,#9727,#9728,#9729,#9730,#9731,#9732,#9733,#9734,#9735,#9736,#9737,#9738,#9739,#9740,#9741,#9742,#9743,#9744,#9745,#9746,#9747,#9748,#9749,#9750,#9751,#9752,#9753,#9754,#9755,#9756,#9757,#9758,#9759,#9760,#9761,#9762,#9763,#9764,#9765,#9766,#9767,#9768,#9769,#9770,#9771,#9772,#9773,#9774,#9775,#9776,#9777,#9778,#9779,#9780,#9781,#9782,#9783,#9784,#9785,#9786,#9787,#9788,#9789,#9790,#9791,#9792,#9793,#9794,#9795,#9796,#9797,#9798,#9799,#9800,#9801,#9802,#9803,#9804,#9805,#9806,#9807,#9808,#9809,#9810,#9811,#9812,#9813,#9814,#9815,#9816,#9817,#9818,#9819,#9820,#9821,#9822,#9823,#9824,#9825,#9826,#9827,#9828,#9829,#9830,#9831,#9832,#9833,#9834,#9835,#9836,#9837,#9838,#9839,#9840,#9841,#9842,#9843,#9844,#9845,#9846,#9847,#9848,#9849,#9850,#9851,#9852,#9853,#9854,#9855,#9856,#9857,#9858,#9859,#9860,#9861,#9862,#9863,#9864,#9865,#9866,#9867,#9868,#9869,#9870,#9871,#9872,#9873,#9874,#9875,#9876,#9877,#9878,#9879,#9880,#9881,#9882,#9883,#9884,#9885,#9886,#9887,#9888,#9889,#9890,#9891,#9892,#9893,#9894,#9895,#9896,#9897,#9898,#9899,#9900,#9901,#9902,#9903,#9904,#9905,#9906,#9907,#9908,#9909,#9910,#9911,#9912,#9913,#9914,#9915,#9916,#9917,#9918,#9919,#9920,#9921,#9922,#9923,#9924,#9925,#9926,#9927,#9928,#9929,#9930,#9931,#9932,#9933,#9934,#9935,#9936,#9937,#9938,#9939,#9940,#9941,#9942,#9943,#9944,#9945,#9946,#9947,#9948,#9949,#9950,#9951,#9952,#9953,#9954,#9955,#9956,#9957,#9958,#9959,#9960,#9961,#9962,#9963,#9964,#9965,#9966,#9967,#9968,#9969,#9970,#9971,#9972,#9973,#9974,#9975,#9976,#9977,#9978,#9979,#9980,#9981,#9982,#9983,#9984,#9985,#9986,#9987,#9988,#9989,#9990,#9991,#9992,#9993,#9994,#9995,#9996,#9997,#9998,#9999,#10000,#10001,#10002,#10003,#10004,#10005,#10006,#10007,#10008,#10009,#10010,#10011,#10012,#10013,#10014,#10015,#10016,#10017,#10018,#10019,#10020,#10021,#10022,#10023,#10024,#10025,#10026,#10027,#10028,#10029,#10030,#10031,#10032,#10033,#10034,#10035,#10036,#10037,#10038,#10039,#10040,#10041,#10042,#10043,#10044,#10045,#10046,#10047,#10048,#10049,#10050,#10051,#10052,#10053,#10054,#10055,#10056,#10057,#10058,#10059,#10060,#10061,#10062,#10063,#10064,#10065,#10066,#10067,#10068,#10069,#10070,#10071,#10072,#10073,#10074,#10075,#10076,#10077,#10078,#10079,#10080,#10081,#10082,#10083,#10084,#10085,#10086,#10087,#10088,#10089,#10090,#10091,#10092,#10093,#10094,#10095,#10096,#10097,#10098,#10099,#10100,#10101,#10102,#10103,#10104,#10105,#10106,#10107,#10108,#10109,#10110,#10111,#10112,#10113,#10114,#10115,#10116,#10117,#10118,#10119,#10120,#10121,#10122,#10123,#10124,#10125,#10126,#10127,#10128,#10129,#10130,#10131,#10132,#10133,#10134,#10135,#10136,#10137,#10138,#10139,#10140,#10141,#10142,#10143,#10144,#10145,#10146,#10147,#10148,#10149,#10150,#10151,#10152,#10153,#10154,#10155,#10156,#10157,#10158,#10159,#10160,#10161,#10162,#10163,#10164,#10165,#10166,#10167,#10168,#10169,#10170,#10171,#10172,#10173,#10174,#10175,#10176,#10177,#10178,#10179,#10180,#10181,#10182,#10183,#10184,#10185,#10186,#10187,#10188,#10189,#10190,#10191,#10192,#10193,#10194,#10195,#10196,#10197,#10198,#10199,#10200,#10201,#10202,#10203,#10204,#10205,#10206,#10207,#10208,#10209,#10210,#10211,#10212,#10213,#10214,#10215,#10216,#10217,#10218,#10219,#10220,#10221,#10222,#10223,#10224,#10225,#10226,#10227,#10228,#10229,#10230,#10231,#10232,#10233,#10234,#10235,#10236,#10237,#10238,#10239,#10240,#10241,#10242,#10243,#10244,#10245,#10246,#10247,#10248,#10249,#10250,#10251,#10252,#10253,#10254,#10255,#10256,#10257,#10258,#10259,#10260,#10261,#10262,#10263,#10264,#10265,#10266,#10267,#10268,#10269,#10270,#10271,#10272,#10273,#10274,#10275,#10276,#10277,#10278,#10279,#10280,#10281,#10282,#10283,#10284,#10285,#10286,#10287,#10288,#10289,#10290,#10291,#10292,#10293,#10294,#10295,#10296,#10297,#10298,#10299,#10300,#10301,#10302,#10303,#10304,#10305,#10306,#10307,#10308,#10309,#10310,#10311,#10312,#10313,#10314,#10315,#10316,#10317,#10318,#10319,#10320,#10321,#10322,#10323,#10324,#10325,#10326,#10327,#10328,#10329,#10330,#10331,#10332,#10333,#10334,#10335,#10336,#10337,#10338,#10339,#10340,#10341,#10342,#10343,#10344,#10345,#10346,#10347,#10348,#10349,#10350,#10351,#10352,#10353,#10354,#10355,#10356,#10357,#10358,#10359,#10360,#10361,#10362,#10363,#10364,#10365,#10366,#10367,#10368,#10369,#10370,#10371,#10372,#10373,#10374,#10375,#10376,#10377,#10378,#10379,#10380,#10381,#10382,#10383,#10384,#10385,#10386,#10387,#10388,#10389,#10390,#10391,#10392,#10393,#10394,#10395,#10396,#10397,#10398,#10399,#10400,#10401,#10402,#10403,#10404,#10405,#10406,#10407,#10408,#10409,#10410,#10411,#10412,#10413,#10414,#10415,#10416,#10417,#10418,#10419,#10420,#10421,#10422,#10423,#10424,#10425,#10426,#10427,#10428,#10429,#10430,#10431,#10432,#10433,#10434,#10435,#10436,#10437,#10438,#10439,#10440,#10441,#10442,#10443,#10444,#10445,#10446,#10447,#10448,#10449,#10450,#10451,#10452,#10453,#10454,#10455,#10456,#10457,#10458,#10459,#10460,#10461,#10462,#10463,#10464,#10465,#10466,#10467,#10468,#10469,#10470,#10471,#10472,#10473,#10474,#10475,#10476,#10477,#10478,#10479,#10480,#10481,#10482,#10483,#10484,#10485,#10486,#10487,#10488,#10489,#10490,#10491,#10492,#10493,#10494,#10495,#10496,#10497,#10498,#10499,#10500,#10501,#10502,#10503,#10504,#10505,#10506,#10507,#10508,#10509,#10510,#10511,#10512,#10513,#10514,#10515,#10516,#10517,#10518,#10519,#10520,#10521,#10522,#10523,#10524,#10525,#10526,#10527,#10528,#10529,#10530,#10531,#10532,#10533,#10534,#10535,#10536,#10537,#10538,#10539,#10540,#10541,#10542,#10543,#10544,#10545,#10546,#10547,#10548,#10549,#10550,#10551,#10552,#10553,#10554,#10555,#10556,#10557,#10558,#10559,#10560,#10561,#10562,#10563,#10564,#10565,#10566,#10567,#10568,#10569,#10570,#10571,#10572,#10573,#10574,#10575,#10576,#10577,#10578,#10579,#10580,#10581,#10582,#10583,#10584,#10585,#10586,#10587,#10588,#10589,#10590,#10591,#10592,#10593,#10594,#10595,#10596,#10597,#10598,#10599,#10600,#10601,#10602,#10603,#10604,#10605,#10606,#10607,#10608,#10609,#10610,#10611,#10612,#10613,#10614,#10615,#10616,#10617,#10618,#10619,#10620,#10621,#10622,#10623,#10624,#10625,#10626,#10627,#10628,#10629,#10630,#10631,#10632,#10633,#10634,#10635,#10636,#10637,#10638,#10639,#10640,#10641,#10642,#10643,#10644,#10645,#10646,#10647,#10648,#10649,#10650,#10651,#10652,#10653,#10654,#10655,#10656,#10657,#10658,#10659,#10660,#10661,#10662,#10663,#10664,#10665,#10666,#10667,#10668,#10669,#10670,#10671,#10672,#10673,#10674,#10675,#10676,#10677,#10678,#10679,#10680,#10681,#10682,#10683,#10684,#10685,#10686,#10687,#10688,#10689,#10690,#10691,#10692,#10693,#10694,#10695,#10696,#10697,#10698,#10699,#10700,#10701,#10702,#10703,#10704,#10705,#10706,#10707,#10708,#10709,#10710,#10711,#10712,#10713,#10714,#10715,#10716,#10717,#10718,#10719,#10720,#10721,#10722,#10723,#10724,#10725,#10726,#10727,#10728,#10729,#10730,#10731,#10732,#10733,#10734,#10735,#10736,#10737,#10738,#10739,#10740,#10741,#10742,#10743,#10744,#10745,#10746,#10747,#10748,#10749,#10750,#10751,#10752,#10753,#10754,#10755,#10756,#10757,#10758,#10759,#10760,#10761,#10762,#10763,#10764,#10765,#10766,#10767,#10768,#10769,#10770,#10771,#10772,#10773,#10774,#10775,#10776,#10777,#10778,#10779,#10780,#10781,#10782,#10783,#10784,#10785,#10786,#10787,#10788,#10789,#10790,#10791,#10792,#10793,#10794,#10795,#10796,#10797,#10798,#10799,#10800,#10801,#10802,#10803,#10804,#10805,#10806,#10807,#10808,#10809,#10810,#10811,#10812,#10813,#10814,#10815,#10816,#10817,#10818,#10819,#10820,#10821,#10822,#10823,#10824,#10825,#10826,#10827,#10828,#10829,#10830,#10831,#10832,#10833,#10834,#10835,#10836,#10837,#10838,#10839,#10840,#10841,#10842,#10843,#10844,#10845,#10846,#10847,#10848,#10849,#10850,#10851,#10852,#10853,#10854,#10855,#10856,#10857,#10858,#10859,#10860,#10861,#10862,#10863,#10864,#10865,#10866,#10867,#10868,#10869,#10870,#10871,#10872,#10873,#10874,#10875,#10876,#10877,#10878,#10879,#10880,#10881,#10882,#10883,#10884,#10885,#10886,#10887,#10888,#10889,#10890,#10891,#10892,#10893,#10894,#10895,#10896,#10897,#10898,#10899,#10900,#10901,#10902,#10903,#10904,#10905,#10906,#10907,#10908,#10909,#10910,#10911,#10912,#10913,#10914,#10915,#10916,#10917,#10918,#10919,#10920,#10921,#10922,#10923,#10924,#10925,#10926,#10927,#10928,#10929,#10930,#10931,#10932,#10933,#10934,#10935,#10936,#10937,#10938,#10939,#10940,#10941,#10942,#10943,#10944,#10945,#10946,#10947,#10948,#10949,#10950,#10951,#10952,#10953,#10954,#10955,#10956,#10957,#10958,#10959,#10960,#10961,#10962,#10963,#10964,#10965,#10966,#10967,#10968,#10969,#10970,#10971,#10972,#10973,#10974,#10975,#10976,#10977,#10978,#10979,#10980,#10981,#10982,#10983,#10984,#10985,#10986,#10987,#10988,#10989,#10990,#10991,#10992,#10993,#10994,#10995,#10996,#10997,#10998,#10999,#11000,#11001,#11002,#11003,#11004,#11005,#11006,#11007,#11008,#11009,#11010,#11011,#11012,#11013,#11014,#11015,#11016,#11017,#11018,#11019,#11020,#11021,#11022,#11023,#11024,#11025,#11026,#11027,#11028,#11029,#11030,#11031,#11032,#11033,#11034,#11035,#11036,#11037,#11038,#11039,#11040,#11041,#11042,#11043,#11044,#11045,#11046,#11047,#11048,#11049,#11050,#11051,#11052,#11053,#11054,#11055,#11056,#11057,#11058,#11059,#11060,#11061,#11062,#11063,#11064,#11065,#11066,#11067,#11068,#11069,#11070,#11071,#11072,#11073,#11074,#11075,#11076,#11077,#11078,#11079,#11080,#11081,#11082,#11083,#11084,#11085,#11086,#11087,#11088,#11089,#11090,#11091,#11092,#11093,#11094,#11095,#11096,#11097,#11098,#11099,#11100,#11101,#11102,#11103,#11104,#11105,#11106,#11107,#11108,#11109,#11110,#11111,#11112,#11113,#11114,#11115,#11116,#11117,#11118,#11119,#11120,#11121,#11122,#11123,#11124,#11125,#11126,#11127,#11128,#11129,#11130,#11131,#11132,#11133,#11134,#11135,#11136,#11137,#11138,#11139,#11140,#11141,#11142,#11143,#11144,#11145,#11146,#11147,#11148,#11149,#11150,#11151,#11152,#11153,#11154,#11155,#11156,#11157,#11158,#11159,#11160,#11161,#11162,#11163,#11164,#11165,#11166,#11167,#11168,#11169,#11170,#11171,#11172,#11173,#11174,#11175,#11176,#11177,#11178,#11179,#11180,#11181,#11182,#11183,#11184,#11185,#11186,#11187,#11188,#11189,#11190,#11191,#11192,#11193,#11194,#11195,#11196,#11197,#11198,#11199,#11200,#11201,#11202,#11203,#11204,#11205,#11206,#11207,#11208,#11209,#11210,#11211,#11212,#11213,#11214,#11215,#11216,#11217,#11218,#11219,#11220,#11221,#11222,#11223,#11224,#11225,#11226,#11227,#11228,#11229,#11230,#11231,#11232,#11233,#11234,#11235,#11236,#11237,#11238,#11239,#11240,#11241,#11242,#11243,#11244,#11245,#11246,#11247,#11248,#11249,#11250,#11251,#11252,#11253,#11254,#11255,#11256,#11257,#11258,#11259,#11260,#11261,#11262,#11263,#11264,#11265,#11266,#11267,#11268,#11269,#11270,#11271,#11272,#11273,#11274,#11275,#11276,#11277,#11278,#11279,#11280,#11281,#11282,#11283,#11284,#11285,#11286,#11287,#11288,#11289,#11290,#11291,#11292,#11293,#11294,#11295,#11296,#11297,#11298,#11299,#11300,#11301,#11302,#11303,#11304,#11305,#11306,#11307,#11308,#11309,#11310,#11311,#11312,#11313,#11314,#11315,#11316,#11317,#11318,#11319,#11320,#11321,#11322,#11323,#11324,#11325,#11326,#11327,#11328,#11329,#11330,#11331,#11332,#11333,#11334,#11335,#11336,#11337,#11338,#11339,#11340,#11341,#11342,#11343,#11344,#11345,#11346,#11347,#11348,#11349,#11350,#11351,#11352,#11353,#11354,#11355,#11356,#11357,#11358,#11359,#11360,#11361,#11362,#11363,#11364,#11365,#11366,#11367,#11368,#11369,#11370,#11371,#11372,#11373,#11374,#11375,#11376,#11377,#11378,#11379,#11380,#11381,#11382,#11383,#11384,#11385,#11386,#11387,#11388,#11389,#11390,#11391,#11392,#11393,#11394,#11395,#11396,#11397,#11398,#11399,#11400,#11401,#11402,#11403,#11404,#11405,#11406,#11407,#11408,#11409,#11410,#11411,#11412,#11413,#11414,#11415,#11416,#11417,#11418,#11419,#11420,#11421,#11422,#11423,#11424,#11425,#11426,#11427,#11428,#11429,#11430,#11431,#11432,#11433,#11434,#11435,#11436,#11437,#11438,#11439,#11440,#11441,#11442,#11443,#11444,#11445,#11446,#11447,#11448,#11449,#11450,#11451,#11452,#11453,#11454,#11455,#11456,#11457,#11458,#11459,#11460,#11461,#11462,#11463,#11464,#11465,#11466,#11467,#11468,#11469,#11470,#11471,#11472,#11473,#11474,#11475,#11476,#11477,#11478,#11479,#11480,#11481,#11482,#11483,#11484,#11485,#11486,#11487,#11488,#11489,#11490,#11491,#11492,#11493,#11494,#11495,#11496,#11497,#11498,#11499,#11500,#11501,#11502,#11503,#11504,#11505,#11506,#11507,#11508,#11509,#11510,#11511,#11512,#11513,#11514,#11515,#11516,#11517,#11518,#11519,#11520,#11521,#11522,#11523,#11524,#11525,#11526,#11527,#11528,#11529,#11530,#11531,#11532,#11533,#11534,#11535,#11536,#11537,#11538,#11539,#11540,#11541,#11542,#11543,#11544,#11545,#11546,#11547,#11548,#11549,#11550,#11551,#11552,#11553,#11554,#11555,#11556,#11557,#11558,#11559,#11560,#11561,#11562,#11563,#11564,#11565,#11566,#11567,#11568,#11569,#11570,#11571,#11572,#11573,#11574,#11575,#11576,#11577,#11578,#11579,#11580,#11581,#11582,#11583,#11584,#11585,#11586,#11587,#11588,#11589,#11590,#11591,#11592,#11593,#11594,#11595,#11596,#11597,#11598,#11599,#11600,#11601,#11602,#11603,#11604,#11605,#11606,#11607,#11608,#11609,#11610,#11611,#11612,#11613,#11614,#11615,#11616,#11617,#11618,#11619,#11620,#11621,#11622,#11623,#11624,#11625,#11626,#11627,#11628,#11629,#11630,#11631,#11632,#11633,#11634,#11635,#11636,#11637,#11638,#11639,#11640,#11641,#11642,#11643,#11644,#11645,#11646,#11647,#11648,#11649,#11650,#11651,#11652,#11653,#11654,#11655,#11656,#11657,#11658,#11659,#11660,#11661,#11662,#11663,#11664,#11665,#11666,#11667,#11668,#11669,#11670,#11671,#11672,#11673,#11674,#11675,#11676,#11677,#11678,#11679,#11680,#11681,#11682,#11683,#11684,#11685,#11686,#11687,#11688,#11689,#11690,#11691,#11692,#11693,#11694,#11695,#11696,#11697,#11698,#11699,#11700,#11701,#11702,#11703,#11704,#11705,#11706,#11707,#11708,#11709,#11710,#11711,#11712,#11713,#11714,#11715,#11716,#11717,#11718,#11719,#11720,#11721,#11722,#11723,#11724,#11725,#11726,#11727,#11728,#11729,#11730,#11731,#11732,#11733,#11734,#11735,#11736,#11737,#11738,#11739,#11740,#11741,#11742,#11743,#11744,#11745,#11746,#11747,#11748,#11749,#11750,#11751,#11752,#11753,#11754,#11755,#11756,#11757,#11758,#11759,#11760,#11761,#11762,#11763,#11764,#11765,#11766,#11767,#11768,#11769,#11770,#11771,#11772,#11773,#11774,#11775,#11776,#11777,#11778,#11779,#11780,#11781,#11782,#11783,#11784,#11785,#11786,#11787,#11788,#11789,#11790,#11791,#11792,#11793,#11794,#11795,#11796,#11797,#11798,#11799,#11800,#11801,#11802,#11803,#11804,#11805,#11806,#11807,#11808,#11809,#11810,#11811,#11812,#11813,#11814,#11815,#11816,#11817,#11818,#11819,#11820,#11821,#11822,#11823,#11824,#11825,#11826,#11827,#11828,#11829,#11830,#11831,#11832,#11833,#11834,#11835,#11836,#11837,#11838,#11839,#11840,#11841,#11842,#11843,#11844,#11845,#11846,#11847,#11848,#11849,#11850,#11851,#11852,#11853,#11854,#11855,#11856,#11857,#11858,#11859,#11860,#11861,#11862,#11863,#11864,#11865,#11866,#11867,#11868,#11869,#11870,#11871,#11872,#11873,#11874,#11875,#11876,#11877,#11878,#11879,#11880,#11881,#11882,#11883,#11884,#11885,#11886,#11887,#11888,#11889,#11890,#11891,#11892,#11893,#11894,#11895,#11896,#11897,#11898,#11899,#11900,#11901,#11902,#11903,#11904,#11905,#11906,#11907,#11908,#11909,#11910,#11911,#11912,#11913,#11914,#11915,#11916,#11917,#11918,#11919,#11920,#11921,#11922,#11923,#11924,#11925,#11926,#11927,#11928,#11929,#11930,#11931,#11932,#11933,#11934,#11935,#11936,#11937,#11938,#11939,#11940,#11941,#11942,#11943,#11944,#11945,#11946,#11947,#11948,#11949,#11950,#11951,#11952,#11953,#11954,#11955,#11956,#11957,#11958,#11959,#11960,#11961,#11962,#11963,#11964,#11965,#11966,#11967,#11968,#11969,#11970,#11971,#11972,#11973,#11974,#11975,#11976,#11977,#11978,#11979,#11980,#11981,#11982,#11983,#11984,#11985,#11986,#11987,#11988,#11989,#11990,#11991,#11992,#11993,#11994,#11995,#11996,#11997,#11998,#11999,#12000,#12001,#12002,#12003,#12004,#12005,#12006,#12007,#12008,#12009,#12010,#12011,#12012,#12013,#12014,#12015,#12016,#12017,#12018,#12019,#12020,#12021,#12022,#12023,#12024,#12025,#12026,#12027,#12028,#12029,#12030,#12031,#12032,#12033,#12034,#12035,#12036,#12037,#12038,#12039,#12040,#12041,#12042,#12043,#12044,#12045,#12046,#12047,#12048,#12049,#12050,#12051,#12052,#12053,#12054,#12055,#12056,#12057,#12058,#12059,#12060,#12061,#12062,#12063,#12064,#12065,#12066,#12067,#12068,#12069,#12070,#12071,#12072,#12073,#12074,#12075,#12076,#12077,#12078,#12079,#12080,#12081,#12082,#12083,#12084,#12085,#12086,#12087,#12088,#12089,#12090,#12091,#12092,#12093,#12094,#12095,#12096,#12097,#12098,#12099,#12100,#12101,#12102,#12103,#12104,#12105,#12106,#12107,#12108,#12109,#12110,#12111,#12112,#12113,#12114,#12115,#12116,#12117,#12118,#12119,#12120,#12121,#12122,#12123,#12124,#12125,#12126,#12127,#12128,#12129,#12130,#12131,#12132,#12133,#12134,#12135,#12136,#12137,#12138,#12139,#12140,#12141,#12142,#12143,#12144,#12145,#12146,#12147,#12148,#12149,#12150,#12151,#12152,#12153,#12154,#12155,#12156,#12157,#12158,#12159,#12160,#12161,#12162,#12163,#12164,#12165,#12166,#12167,#12168,#12169,#12170,#12171,#12172,#12173,#12174,#12175,#12176,#12177,#12178,#12179,#12180,#12181,#12182,#12183,#12184,#12185,#12186,#12187,#12188,#12189,#12190,#12191,#12192,#12193,#12194,#12195,#12196,#12197,#12198,#12199,#12200,#12201,#12202,#12203,#12204,#12205,#12206,#12207,#12208,#12209,#12210,#12211,#12212,#12213,#12214,#12215,#12216,#12217,#12218,#12219,#12220,#12221,#12222,#12223,#12224,#12225,#12226,#12227,#12228,#12229,#12230,#12231,#12232,#12233,#12234,#12235,#12236,#12237,#12238,#12239,#12240,#12241,#12242,#12243,#12244,#12245,#12246,#12247,#12248,#12249,#12250,#12251,#12252,#12253,#12254,#12255,#12256,#12257,#12258,#12259,#12260,#12261,#12262,#12263,#12264,#12265,#12266,#12267,#12268,#12269,#12270,#12271,#12272,#12273,#12274,#12275,#12276,#12277,#12278,#12279,#12280,#12281,#12282,#12283,#12284,#12285,#12286,#12287,#12288,#12289,#12290,#12291,#12292,#12293,#12294,#12295,#12296,#12297,#12298,#12299,#12300,#12301,#12302,#12303,#12304,#12305,#12306,#12307,#12308,#12309,#12310,#12311,#12312,#12313,#12314,#12315,#12316,#12317,#12318,#12319,#12320,#12321,#12322,#12323,#12324,#12325,#12326,#12327,#12328,#12329,#12330,#12331,#12332,#12333,#12334,#12335,#12336,#12337,#12338,#12339,#12340,#12341,#12342,#12343,#12344,#12345,#12346,#12347,#12348,#12349,#12350,#12351,#12352,#12353,#12354,#12355,#12356,#12357,#12358,#12359,#12360,#12361,#12362,#12363,#12364,#12365,#12366,#12367,#12368,#12369,#12370,#12371,#12372,#12373,#12374,#12375,#12376,#12377,#12378,#12379,#12380,#12381,#12382,#12383,#12384,#12385,#12386,#12387,#12388,#12389,#12390,#12391,#12392,#12393,#12394,#12395,#12396,#12397,#12398,#12399,#12400,#12401,#12402,#12403,#12404,#12405,#12406,#12407,#12408,#12409,#12410,#12411,#12412,#12413,#12414,#12415,#12416,#12417,#12418,#12419,#12420,#12421,#12422,#12423,#12424,#12425,#12426,#12427,#12428,#12429,#12430,#12431,#12432,#12433,#12434,#12435,#12436,#12437,#12438,#12439),$);
#12441=IFCSHAPEREPRESENTATION(#24,'Body','Tessellation',(#12440));
#12442=IFCPRODUCTDEFINITIONSHAPE($,$,(#12441));
#12443=IFCSURFACESTYLE('Style',.BOTH.,(#12444));
#12444=IFCSURFACESTYLESHADING(#12445,0.);
#12445=IFCCOLOURRGB($,0.46,0.82,0.1);
#12446=IFCSTYLEDITEM(#12440,(#12443),'Style');
#12447=IFCBUILDINGELEMENTPROXY('2_pS32MW51n91couCAT5dl',$,'_Nullpunktobjekt_5x5x10',$,$,#12467,#12461,$,$);
#12448=IFCCARTESIANPOINTLIST3D(((-2.5,-2.5,5.),(2.5,-2.5,5.),(2.5,2.5,5.),(-2.5,2.5,5.),(-2.5,-2.5,-5.),(2.5,-2.5,-5.),(2.5,2.5,-5.),(-2.5,2.5,-5.),(0.,0.,0.)));
#12449=IFCINDEXEDPOLYGONALFACE((1,2,9));
#12450=IFCINDEXEDPOLYGONALFACE((2,3,9));
#12451=IFCINDEXEDPOLYGONALFACE((3,4,9));
#12452=IFCINDEXEDPOLYGONALFACE((4,1,9));
#12453=IFCINDEXEDPOLYGONALFACE((6,5,9));
#12454=IFCINDEXEDPOLYGONALFACE((7,6,9));
#12455=IFCINDEXEDPOLYGONALFACE((8,7,9));
#12456=IFCINDEXEDPOLYGONALFACE((5,8,9));
#12457=IFCINDEXEDPOLYGONALFACE((1,2,3,4));
#12458=IFCINDEXEDPOLYGONALFACE((8,7,6,5));
#12459=IFCPOLYGONALFACESET(#12448,$,(#12449,#12450,#12451,#12452,#12453,#12454,#12455,#12456,#12457,#12458),$);
#12460=IFCSHAPEREPRESENTATION(#24,'Body','Tessellation',(#12459));
#12461=IFCPRODUCTDEFINITIONSHAPE($,$,(#12460));
#12462=IFCRELCONTAINEDINSPATIALSTRUCTURE('2Ix3dE7Mb3pgBCzgmeSzp6',$,$,$,(#12447),#2);
#12463=IFCCARTESIANPOINT((564022.6875,5934985.,0.));
#12464=IFCDIRECTION((0.,0.,1.));
#12465=IFCDIRECTION((1.,0.,0.));
#12466=IFCAXIS2PLACEMENT3D(#12463,#12464,#12465);
#12467=IFCLOCALPLACEMENT($,#12466);
#12468=IFCSURFACESTYLE('Style',.BOTH.,(#12469));
#12469=IFCSURFACESTYLESHADING(#12470,0.);
#12470=IFCCOLOURRGB($,0.94,0.48,0.48);
#12471=IFCSTYLEDITEM(#12459,(#12468),'Style');
#12472=IFCPROPERTYSET('3MSZAmev57HeRraxV5bpKL',$,'Pset_Georeferenzierung',$,(#12474,#12475,#12476,#12477));
#12473=IFCRELDEFINESBYPROPERTIES('17F__auDH7UxPihiNGwOcW',$,$,$,(#12447),#12472);
#12474=IFCPROPERTYSINGLEVALUE('_Hoehenstatus',$,IFCLABEL('HS170'),$);
#12475=IFCPROPERTYSINGLEVALUE('_Hoehensystem',$,IFCLABEL('DHHN2016'),$);
#12476=IFCPROPERTYSINGLEVALUE('_Koordinatensystem',$,IFCLABEL('ETRS89-UTM32N'),$);
#12477=IFCPROPERTYSINGLEVALUE('_Lagestatus',$,IFCLABEL('LS310'),$);
#12478=IFCPROPERTYSET('14Z12deMjCuRF2IuQ2wzS5',$,'Pset_Objektinformation',$,(#12480,#12481,#12482));
#12479=IFCRELDEFINESBYPROPERTIES('2JFgUy6KH7Ah2LZzrbmclj',$,$,$,(#12447),#12478);
#12480=IFCPROPERTYSINGLEVALUE('_IDEbene1',$,IFCLABEL('Nullpunktobjekt'),$);
#12481=IFCPROPERTYSINGLEVALUE('_IDEbene2',$,IFCLABEL('Nullpunktobjekt'),$);
#12482=IFCPROPERTYSINGLEVALUE('_IDEbene3',$,IFCLABEL('Nullpunktobjekt'),$);
#12483=IFCPROPERTYSET('39AM4O_cf3a8GShpop3rUD',$,'Pset_Modellinformation',$,(#12485,#12486,#12487,#12488,#12489,#12490,#12491,#12492));
#12484=IFCRELDEFINESBYPROPERTIES('33yuKRO3b5Ivg3sBUaThLV',$,$,$,(#12447),#12483);
#12485=IFCPROPERTYSINGLEVALUE('_ArtFachmodell',$,IFCLABEL('Ingenieurbau/Bauwerk'),$);
#12486=IFCPROPERTYSINGLEVALUE('_ArtTeilmodell',$,IFCLABEL('Bruecke'),$);
#12487=IFCPROPERTYSINGLEVALUE('_Auftraggeber',$,IFCLABEL('Musterfirma'),$);
#12488=IFCPROPERTYSINGLEVALUE('_Ersteller',$,IFCLABEL('Ahmed Salem'),$);
#12489=IFCPROPERTYSINGLEVALUE('_Erstelldatum',$,IFCLABEL('2024-08-12'),$);
#12490=IFCPROPERTYSINGLEVALUE('_GemObjektkatalog',$,IFCLABEL('Allgemein/Master_V004'),$);
#12491=IFCPROPERTYSINGLEVALUE('_Projektname',$,IFCLABEL('Musterprojekt'),$);
#12492=IFCPROPERTYSINGLEVALUE('_Projektnummer',$,IFCLABEL('12345'),$);
#12493=IFCPROPERTYSET('2zog8WvT12lQiiCQBF5gUE',$,'Pset_Hyperlink',$,(#12495,#12496));
#12494=IFCRELDEFINESBYPROPERTIES('2ul9iwgjv2Lfl0LvAQxpmE',$,$,$,(#12447),#12493);
#12495=IFCPROPERTYSINGLEVALUE('_Hyperlink_001',$,IFCLABEL('www.bim.hamburg.de'),$);
#12496=IFCPROPERTYSINGLEVALUE('_Hyperlink_001_bemerkung',$,IFCLABEL('LinkZurHomepageVonBIM.Hamburg'),$);
ENDSEC;
END-ISO-10303-21;
